園代碼,園名,學年度,資料表,指標,資料類別,數值,前一年數值,YoY變化額,YoY變化率,歷史均值,歷史標準差,移動平均_近3年,Zscore
N01,安溪,109,收支餘絀表,人事費,收支,6718238.0,,,,6718238.0,,6718238.0,
N01,安溪,110,收支餘絀表,人事費,收支,6763467.0,6718238.0,45229.0,0.00673227116991092,6740852.5,31981.732606286358,6740852.5,0.7071067811865476
N01,安溪,111,收支餘絀表,人事費,收支,11539967.0,6763467.0,4776500.0,0.7062206409819106,8340557.333333333,2770862.334541421,8340557.333333333,1.1546620800257732
N01,安溪,112,收支餘絀表,人事費,收支,11797585.0,11539967.0,257618.0,0.022323980649164767,9204814.25,2847141.043809547,10033673.0,0.9106576422117841
N01,安溪,113,收支餘絀表,人事費,收支,11978248.0,11797585.0,180663.0,0.015313557817129522,9759501.0,2760080.804186084,11771933.333333334,0.8038703057660238
N01,安溪,109,收支餘絀表,修繕購置費,收支,42647.0,,,,42647.0,,42647.0,
N01,安溪,110,收支餘絀表,修繕購置費,收支,125696.0,42647.0,83049.0,1.947358548080756,84171.5,58724.51107076158,84171.5,0.7071067811865476
N01,安溪,111,收支餘絀表,修繕購置費,收支,58005.0,125696.0,-67691.0,-0.5385294679226069,75449.33333333333,44187.24560699992,75449.33333333333,-0.3947820936494373
N01,安溪,112,收支餘絀表,修繕購置費,收支,28074.0,58005.0,-29931.0,-0.5160072407551073,63605.5,43159.94286758653,70591.66666666667,-0.8232517848554533
N01,安溪,113,收支餘絀表,修繕購置費,收支,128643.0,28074.0,100569.0,3.5822825390040607,76613.0,47360.96264329938,71574.0,1.098584089007346
N01,安溪,109,收支餘絀表,其他支出,收支,523036.0,,,,523036.0,,523036.0,
N01,安溪,110,收支餘絀表,其他支出,收支,1086035.0,523036.0,562999.0,1.0764058305738038,804535.5,398100.41070124507,804535.5,0.7071067811865476
N01,安溪,111,收支餘絀表,其他支出,收支,801623.0,1086035.0,-284412.0,-0.26188106276501216,803564.6666666666,281504.52225911635,803564.6666666666,-0.006897461721340955
N01,安溪,112,收支餘絀表,其他支出,收支,1344392.0,801623.0,542769.0,0.6770876085142268,938771.5,354899.1619530821,1077350.0,1.1429176044479454
N01,安溪,113,收支餘絀表,其他支出,收支,1765262.0,1344392.0,420870.0,0.3130560134246559,1104069.6,480710.27728175314,1303759.0,1.3754488540141256
N01,安溪,109,收支餘絀表,其他收入,收支,523036.0,,,,523036.0,,523036.0,
N01,安溪,110,收支餘絀表,其他收入,收支,1086345.0,523036.0,563309.0,1.076998524002172,804690.5,398319.6138034129,804690.5,0.7071067811865476
N01,安溪,111,收支餘絀表,其他收入,收支,801623.0,1086345.0,-284722.0,-0.26209169278636163,803668.0,281660.0679702396,803668.0,-0.0072605251242646015
N01,安溪,112,收支餘絀表,其他收入,收支,1344392.0,801623.0,542769.0,0.6770876085142268,938849.0,354942.070818136,1077453.3333333333,1.1425610919134765
N01,安溪,113,收支餘絀表,其他收入,收支,1765262.0,1344392.0,420870.0,0.3130560134246559,1104131.6,480707.38973028073,1303759.0,1.3753281395797814
N01,安溪,109,收支餘絀表,利息收入,收支,26512.0,,,,26512.0,,26512.0,
N01,安溪,110,收支餘絀表,利息收入,收支,43296.0,26512.0,16784.0,0.6330718165359083,34904.0,11868.080215435013,34904.0,0.7071067811865476
N01,安溪,111,收支餘絀表,利息收入,收支,69934.0,43296.0,26638.0,0.6152531411677753,46580.666666666664,21896.559029521817,46580.666666666664,1.0665298278988693
N01,安溪,112,收支餘絀表,利息收入,收支,82077.0,69934.0,12143.0,0.1736351417050362,55454.75,25192.001738316336,65102.333333333336,1.0567739029450882
N01,安溪,113,收支餘絀表,利息收入,收支,211286.0,82077.0,129209.0,1.5742412612546755,86621.0,73025.0190619626,121099.0,1.7071546382510392
N01,安溪,110,收支餘絀表,呆帳損失,收支,46686.0,,,,46686.0,,46686.0,
N01,安溪,112,收支餘絀表,呆帳損失,收支,1828.0,,,,24257.0,31719.39599046615,24257.0,-0.7071067811865475
N01,安溪,109,收支餘絀表,延後托育支出,收支,47632.0,,,,47632.0,,47632.0,
N01,安溪,110,收支餘絀表,延後托育支出,收支,147216.0,47632.0,99584.0,2.090695330870003,97424.0,70416.52169768115,97424.0,0.7071067811865475
N01,安溪,111,收支餘絀表,延後托育支出,收支,202057.0,147216.0,54841.0,0.3725206499293555,132301.66666666666,78285.3636405512,132301.66666666666,0.8910392708095008
N01,安溪,109,收支餘絀表,延後托育收入淨額,收支,94320.0,,,,94320.0,,94320.0,
N01,安溪,110,收支餘絀表,延後托育收入淨額,收支,162900.0,94320.0,68580.0,0.7270992366412213,128610.0,48493.38305377343,128610.0,0.7071067811865475
N01,安溪,111,收支餘絀表,延後托育收入淨額,收支,294043.0,162900.0,131143.0,0.8050521792510743,183754.33333333334,101481.50864237944,183754.33333333334,1.0867858405152766
N01,安溪,112,收支餘絀表,延長照顧服務支出,收支,176808.0,,,,176808.0,,176808.0,
N01,安溪,113,收支餘絀表,延長照顧服務支出,收支,162217.0,176808.0,-14591.0,-0.08252454640061535,169512.5,10317.395044292914,169512.5,-0.7071067811865476
N01,安溪,112,收支餘絀表,延長照顧服務收入淨額,收支,337868.0,,,,337868.0,,337868.0,
N01,安溪,113,收支餘絀表,延長照顧服務收入淨額,收支,257480.0,337868.0,-80388.0,-0.2379272378562042,297674.0,56842.89992602418,297674.0,-0.7071067811865475
N01,安溪,109,收支餘絀表,所得稅費用,收支,,,,,,,,
N01,安溪,110,收支餘絀表,所得稅費用,收支,,,,,,,,
N01,安溪,111,收支餘絀表,所得稅費用,收支,,,,,,,,
N01,安溪,112,收支餘絀表,所得稅費用,收支,,,,,,,,
N01,安溪,113,收支餘絀表,所得稅費用,收支,,,,,,,,
N01,安溪,109,收支餘絀表,支出合計,收支,10276283.0,,,,10276283.0,,10276283.0,
N01,安溪,110,收支餘絀表,支出合計,收支,11066312.0,10276283.0,790029.0,0.07687886758276315,10671297.5,558634.8632340269,10671297.5,0.7071067811865476
N01,安溪,111,收支餘絀表,支出合計,收支,16743535.0,11066312.0,5677223.0,0.5130185196296653,12695376.666666666,3527991.7621803395,12695376.666666666,1.1474398485645911
N01,安溪,112,收支餘絀表,支出合計,收支,18744221.0,16743535.0,2000686.0,0.11949005989475937,14207587.75,4176714.8204738917,15518022.666666666,1.0861726129257903
N01,安溪,113,收支餘絀表,支出合計,收支,22144749.0,18744221.0,3400528.0,0.1814174085975619,15795020.0,5067880.795793741,19210835.0,1.252935744911398
N01,安溪,109,收支餘絀表,收入合計,收支,10061074.0,,,,10061074.0,,10061074.0,
N01,安溪,110,收支餘絀表,收入合計,收支,11284869.0,10061074.0,1223795.0,0.12163661652821557,10672971.5,865353.7432821909,10672971.5,0.7071067811865476
N01,安溪,111,收支餘絀表,收入合計,收支,17393407.0,11284869.0,6108538.0,0.5413034036992366,12913116.666666666,3927998.1738445777,12913116.666666666,1.1406039756246102
N01,安溪,112,收支餘絀表,收入合計,收支,18995020.0,17393407.0,1601613.0,0.09208161460259051,14433592.5,4419671.949532794,15891098.666666666,1.0320737720097508
N01,安溪,113,收支餘絀表,收入合計,收支,20155978.0,18995020.0,1160958.0,0.06111907226209817,15578069.6,4604265.8772313865,18848135.0,0.994275422416041
N01,安溪,109,收支餘絀表,教保費收入,收支,10346071.0,,,,10346071.0,,10346071.0,
N01,安溪,110,收支餘絀表,教保費收入,收支,10069260.0,10346071.0,-276811.0,-0.02675518078312047,10207665.5,195734.9352070294,10207665.5,-0.7071067811865476
N01,安溪,111,收支餘絀表,教保費收入,收支,16337854.0,10069260.0,6268594.0,0.6225476350794398,12251061.666666666,3541971.1693172115,12251061.666666666,1.153818633176833
N01,安溪,112,收支餘絀表,教保費收入,收支,17324859.0,16337854.0,987005.0,0.0604121569454593,13519511.0,3847019.801671332,14577324.333333334,0.989167770424985
N01,安溪,113,收支餘絀表,教保費收入,收支,17990000.0,17324859.0,665141.0,0.038392289368704244,14413608.8,3885450.475255437,17217571.0,0.9204572861695992
N01,安溪,109,收支餘絀表,教保費收入減項,收支,-928865.0,,,,-928865.0,,-928865.0,
N01,安溪,110,收支餘絀表,教保費收入減項,收支,-76932.0,-928865.0,851933.0,0.9171763388651741,-502898.5,602407.601416599,-502898.5,0.7071067811865475
N01,安溪,111,收支餘絀表,教保費收入減項,收支,-110047.0,-76932.0,-33115.0,-0.43044506837206886,-371948.0,482588.3955017982,-371948.0,0.5427005755653819
N01,安溪,112,收支餘絀表,教保費收入減項,收支,-94176.0,-110047.0,15871.0,0.14422019682499296,-302505.0,417792.24579289,-93718.33333333333,0.4986425719908498
N01,安溪,113,收支餘絀表,教保費收入減項,收支,-68050.0,-94176.0,26126.0,0.2774167516139993,-255614.0,376704.9241627988,-90757.66666666667,0.49790695042505295
N01,安溪,109,收支餘絀表,本期稅前餘絀,收支,-215209.0,,,,-215209.0,,-215209.0,
N01,安溪,110,收支餘絀表,本期稅前餘絀,收支,218557.0,-215209.0,433766.0,2.0155569702010605,1674.0,306718.880048164,1674.0,0.7071067811865475
N01,安溪,111,收支餘絀表,本期稅前餘絀,收支,649872.0,218557.0,431315.0,1.9734668759179528,217740.0,432541.07869311096,217740.0,0.9990542431383698
N01,安溪,112,收支餘絀表,本期稅前餘絀,收支,250799.0,649872.0,-399073.0,-0.6140793879410099,226004.75,353554.91917793575,373076.0,0.07012842603816706
N01,安溪,113,收支餘絀表,本期稅前餘絀,收支,-1988771.0,250799.0,-2239570.0,-8.929740549204741,-216950.4,1036724.2329635206,-362700.0,-1.7090567999314292
N01,安溪,109,收支餘絀表,本期稅後餘絀,收支,,,,,,,,
N01,安溪,110,收支餘絀表,本期稅後餘絀,收支,218557.0,,,,218557.0,,218557.0,
N01,安溪,111,收支餘絀表,本期稅後餘絀,收支,649872.0,218557.0,431315.0,1.9734668759179528,434214.5,304985.7613274757,434214.5,0.7071067811865476
N01,安溪,112,收支餘絀表,本期稅後餘絀,收支,250799.0,649872.0,-399073.0,-0.6140793879410099,373076.0,240253.83629195185,373076.0,-0.5089492092497176
N01,安溪,113,收支餘絀表,本期稅後餘絀,收支,,250799.0,,,373076.0,240253.83629195185,450335.5,
N01,安溪,109,收支餘絀表,材料費,收支,943915.0,,,,943915.0,,943915.0,
N01,安溪,110,收支餘絀表,材料費,收支,1245534.0,943915.0,301619.0,0.31954042472044625,1094724.5,213276.84023470528,1094724.5,0.7071067811865476
N01,安溪,111,收支餘絀表,材料費,收支,2084531.0,1245534.0,838997.0,0.6736042532761048,1424660.0,591029.4474651834,1424660.0,1.1164773647574842
N01,安溪,112,收支餘絀表,材料費,收支,2216621.0,2084531.0,132090.0,0.0633667717102792,1622650.25,624241.7492934262,1848895.3333333333,0.951507570059693
N01,安溪,113,收支餘絀表,材料費,收支,1890864.0,2216621.0,-325757.0,-0.14696107273187434,1676293.0,553756.3040801432,2064005.3333333333,0.3874827219464862
N01,安溪,109,收支餘絀表,業務發展費,收支,1592844.0,,,,1592844.0,,1592844.0,
N01,安溪,110,收支餘絀表,業務發展費,收支,1099000.0,1592844.0,-493844.0,-0.31003915009881694,1345922.0,349200.44124828937,1345922.0,-0.7071067811865476
N01,安溪,111,收支餘絀表,業務發展費,收支,1300000.0,1099000.0,201000.0,0.18289353958143767,1330614.6666666667,248341.33253514877,1330614.6666666667,-0.12327656598336777
N01,安溪,112,收支餘絀表,業務發展費,收支,2388000.0,1300000.0,1088000.0,0.8369230769230769,1594961.0,566243.3641265329,1595666.6666666667,1.4005267880239338
N01,安溪,113,收支餘絀表,業務發展費,收支,5420000.0,2388000.0,3032000.0,1.269681742043551,2359968.8,1779510.6998462246,3036000.0,1.7195913462416557
N01,安溪,109,收支餘絀表,業務費,收支,250735.0,,,,250735.0,,250735.0,
N01,安溪,110,收支餘絀表,業務費,收支,300404.0,250735.0,49669.0,0.19809360480188246,275569.5,35121.28671475463,275569.5,0.7071067811865476
N01,安溪,111,收支餘絀表,業務費,收支,401715.0,300404.0,101311.0,0.33724917111623015,317618.0,76947.91385736199,317618.0,1.0929081216664334
N01,安溪,112,收支餘絀表,業務費,收支,394450.0,401715.0,-7265.0,-0.01808496073086641,336826.0,73641.76817993079,365523.0,0.7824907172137125
N01,安溪,113,收支餘絀表,業務費,收支,382209.0,394450.0,-12241.0,-0.031033084041069844,345902.6,66927.24298295875,392791.3333333333,0.542475655380642
N01,安溪,109,收支餘絀表,維護費,收支,17192.0,,,,17192.0,,17192.0,
N01,安溪,110,收支餘絀表,維護費,收支,105476.0,17192.0,88284.0,5.135179153094462,61334.0,62426.21507027316,61334.0,0.7071067811865476
N01,安溪,111,收支餘絀表,維護費,收支,40666.0,105476.0,-64810.0,-0.6144525768895294,54444.666666666664,45726.413650463925,54444.666666666664,-0.301328391331798
N01,安溪,112,收支餘絀表,維護費,收支,51581.0,40666.0,10915.0,0.2684060394432696,53728.75,37362.90607340387,65907.66666666667,-0.05748348363964221
N01,安溪,113,收支餘絀表,維護費,收支,106064.0,51581.0,54483.0,1.0562610263469108,64195.8,39934.76857576615,66103.66666666667,1.048414739666405
N01,安溪,109,收支餘絀表,行政管理費,收支,124680.0,,,,124680.0,,124680.0,
N01,安溪,110,收支餘絀表,行政管理費,收支,124680.0,124680.0,0.0,0.0,124680.0,0.0,124680.0,
N01,安溪,111,收支餘絀表,行政管理費,收支,293292.0,124680.0,168612.0,1.3523580365736285,180884.0,97348.18358860118,180884.0,1.1547005383792515
N01,安溪,112,收支餘絀表,行政管理費,收支,325932.0,293292.0,32640.0,0.111288408821243,217146.0,107598.83739148857,247968.0,1.0110332289575958
N01,安溪,113,收支餘絀表,行政管理費,收支,290580.0,325932.0,-35352.0,-0.10846434225543979,231832.8,98801.02644810933,303268.0,0.5946011100487327
N01,安溪,109,收支餘絀表,雜支,收支,15364.0,,,,15364.0,,15364.0,
N01,安溪,110,收支餘絀表,雜支,收支,22118.0,15364.0,6754.0,0.43959906274407706,18741.0,4775.799200133942,18741.0,0.7071067811865476
N01,安溪,111,收支餘絀表,雜支,收支,21679.0,22118.0,-439.0,-0.01984808753051813,19720.333333333332,3779.075327819404,19720.333333333332,0.5182925707376292
N01,安溪,112,收支餘絀表,雜支,收支,18950.0,21679.0,-2729.0,-0.12588219013792148,19527.75,3109.5487748760806,20915.666666666668,-0.1857986614225159
N01,安溪,113,收支餘絀表,雜支,收支,20662.0,18950.0,1712.0,0.09034300791556728,19754.6,2740.305603395359,20430.333333333332,0.33113095082376687
N01,安溪,110,現金流量表,其他應付款,非收支,-160097.0,,,,-160097.0,,-160097.0,
N01,安溪,111,現金流量表,其他應付款,非收支,526555.0,-160097.0,686652.0,4.28897480902203,183229.0,485536.28551530524,183229.0,0.7071067811865475
N01,安溪,112,現金流量表,其他應付款,非收支,112818.0,526555.0,-413737.0,-0.7857431797248151,159758.66666666666,345724.3293671033,159758.66666666666,-0.13577484336320245
N01,安溪,113,現金流量表,其他應付款,非收支,-137000.0,112818.0,-249818.0,-2.2143452285982734,85569.0,318904.3239562612,167457.66666666666,-0.6979177868736771
N01,安溪,110,現金流量表,其他應收款,非收支,456.0,,,,456.0,,456.0,
N01,安溪,111,現金流量表,其他應收款,非收支,,456.0,,,456.0,,456.0,
N01,安溪,112,現金流量表,其他流動負債,非收支,1542.0,,,,1542.0,,1542.0,
N01,安溪,113,現金流量表,其他流動負債,非收支,1533.0,1542.0,-9.0,-0.005836575875486381,1537.5,6.363961030678928,1537.5,-0.7071067811865476
N01,安溪,110,現金流量表,其他流動資產,非收支,-2716.0,,,,-2716.0,,-2716.0,
N01,安溪,111,現金流量表,其他流動資產,非收支,-10225.0,-2716.0,-7509.0,-2.7647275405007363,-6470.5,5309.664819929785,-6470.5,-0.7071067811865476
N01,安溪,112,現金流量表,其他流動資產,非收支,35254.0,-10225.0,45479.0,4.4478239608801955,7437.666666666667,24380.47518678283,7437.666666666667,1.140926627566847
N01,安溪,113,現金流量表,其他流動資產,非收支,,35254.0,,,7437.666666666667,24380.47518678283,12514.5,
N01,安溪,110,現金流量表,應付票據,非收支,17087.0,,,,17087.0,,17087.0,
N01,安溪,111,現金流量表,應付票據,非收支,766.0,17087.0,-16321.0,-0.9551705975302862,8926.5,11540.689775745643,8926.5,-0.7071067811865475
N01,安溪,112,現金流量表,應付票據,非收支,-17853.0,766.0,-18619.0,-24.306788511749346,0.0,17482.59039730669,0.0,-1.021187340907465
N01,安溪,113,現金流量表,應付票據,非收支,17684.0,-17853.0,35537.0,1.9905338038424916,4421.0,16791.116957089744,199.0,0.789881937806403
N01,安溪,110,現金流量表,應收帳款淨額,非收支,36720.0,,,,36720.0,,36720.0,
N01,安溪,111,現金流量表,應收帳款淨額,非收支,-51242.0,36720.0,-87962.0,-2.395479302832244,-7261.0,62198.52668673109,-7261.0,-0.7071067811865476
N01,安溪,112,現金流量表,應收帳款淨額,非收支,34121.0,-51242.0,85363.0,1.6658795519300573,6533.0,50051.49017761609,6533.0,0.5511923801289305
N01,安溪,113,現金流量表,應收帳款淨額,非收支,-2979.0,34121.0,-37100.0,-1.0873069370768735,4155.0,41142.68645417636,-6700.0,-0.1733965527007008
N01,安溪,113,現金流量表,投資活動之淨現金流人,非收支,,,,,,,,
N01,安溪,110,現金流量表,投資活動之淨現金流入,非收支,,,,,,,,
N01,安溪,111,現金流量表,投資活動之淨現金流入,非收支,,,,,,,,
N01,安溪,112,現金流量表,投資活動之淨現金流入,非收支,,,,,,,,
N01,安溪,110,現金流量表,投資活動之現金流量：,非收支,,,,,,,,
N01,安溪,111,現金流量表,投資活動之現金流量：,非收支,,,,,,,,
N01,安溪,112,現金流量表,投資活動之現金流量：,非收支,,,,,,,,
N01,安溪,113,現金流量表,投資活動之現金流量：,非收支,,,,,,,,
N01,安溪,110,現金流量表,期初現金及約當現金餘額,非收支,5348001.0,,,,5348001.0,,5348001.0,
N01,安溪,111,現金流量表,期初現金及約當現金餘額,非收支,5803751.0,5348001.0,455750.0,0.08521875743852703,5575876.0,322263.91552576906,5575876.0,0.7071067811865475
N01,安溪,112,現金流量表,期初現金及約當現金餘額,非收支,8824150.0,5803751.0,3020399.0,0.5204218788848798,6658634.0,1889185.4528650702,6658634.0,1.1462696776093935
N01,安溪,113,現金流量表,期初現金及約當現金餘額,非收支,9654314.0,8824150.0,830164.0,0.09407863646923499,7407554.0,2150086.614335494,8094071.666666667,1.0449625540757035
N01,安溪,110,現金流量表,期末現金及約當現金餘額,非收支,5803751.0,,,,5803751.0,,5803751.0,
N01,安溪,111,現金流量表,期末現金及約當現金餘額,非收支,8824150.0,5803751.0,3020399.0,0.5204218788848798,7313950.5,2135744.614789067,7313950.5,0.7071067811865476
N01,安溪,112,現金流量表,期末現金及約當現金餘額,非收支,9654314.0,8824150.0,830164.0,0.09407863646923499,8094071.666666667,2026442.6056131797,8094071.666666667,0.7699415364696305
N01,安溪,113,現金流量表,期末現金及約當現金餘額,非收支,8868744.0,9654314.0,-785570.0,-0.0813698415029799,8287739.75,1699316.2532533244,9115736.0,0.34190472131816135
N01,安溪,110,現金流量表,本期現金及約當現金增加數,非收支,455750.0,,,,455750.0,,455750.0,
N01,安溪,111,現金流量表,本期現金及約當現金增加數,非收支,3020399.0,455750.0,2564649.0,5.627315414152496,1738074.5,1813480.699263298,1738074.5,0.7071067811865475
N01,安溪,112,現金流量表,本期現金及約當現金增加數,非收支,830164.0,3020399.0,-2190235.0,-0.725147571562565,1435437.6666666667,1385324.2515636308,1435437.6666666667,-0.4369184080791827
N01,安溪,113,現金流量表,本期現金及約當現金（減少）增加數,非收支,-785570.0,,,,-785570.0,,-785570.0,
N01,安溪,110,現金流量表,本期稅前餘絀,非收支,218557.0,,,,218557.0,,218557.0,
N01,安溪,111,現金流量表,本期稅前餘絀,非收支,649872.0,218557.0,431315.0,1.9734668759179528,434214.5,304985.7613274757,434214.5,0.7071067811865476
N01,安溪,112,現金流量表,本期稅前餘絀,非收支,250799.0,649872.0,-399073.0,-0.6140793879410099,373076.0,240253.83629195185,373076.0,-0.5089492092497176
N01,安溪,113,現金流量表,本期稅前餘絀,非收支,,250799.0,,,373076.0,240253.83629195185,450335.5,
N01,安溪,113,現金流量表,業務發展準備淨變動,非收支,2200000.0,,,,2200000.0,,2200000.0,
N01,安溪,110,現金流量表,營業活動之淨現金流入,非收支,455750.0,,,,455750.0,,455750.0,
N01,安溪,111,現金流量表,營業活動之淨現金流入,非收支,3020399.0,455750.0,2564649.0,5.627315414152496,1738074.5,1813480.699263298,1738074.5,0.7071067811865475
N01,安溪,112,現金流量表,營業活動之淨現金流入,非收支,830164.0,3020399.0,-2190235.0,-0.725147571562565,1435437.6666666667,1385324.2515636308,1435437.6666666667,-0.4369184080791827
N01,安溪,113,現金流量表,營業活動之淨現金流（出）入,非收支,-785570.0,,,,-785570.0,,-785570.0,
N01,安溪,110,現金流量表,營業活動之現金流量：,非收支,,,,,,,,
N01,安溪,111,現金流量表,營業活動之現金流量：,非收支,,,,,,,,
N01,安溪,112,現金流量表,營業活動之現金流量：,非收支,,,,,,,,
N01,安溪,113,現金流量表,營業活動之現金流量：,非收支,,,,,,,,
N01,安溪,113,現金流量表,籌資活動之淨現金流人,非收支,,,,,,,,
N01,安溪,110,現金流量表,籌資活動之淨現金流入,非收支,,,,,,,,
N01,安溪,111,現金流量表,籌資活動之淨現金流入,非收支,,,,,,,,
N01,安溪,112,現金流量表,籌資活動之淨現金流入,非收支,,,,,,,,
N01,安溪,110,現金流量表,籌資活動之現金流量：,非收支,,,,,,,,
N01,安溪,111,現金流量表,籌資活動之現金流量：,非收支,,,,,,,,
N01,安溪,112,現金流量表,籌資活動之現金流量：,非收支,,,,,,,,
N01,安溪,113,現金流量表,籌資活動之現金流量：,非收支,,,,,,,,
N01,安溪,110,現金流量表,調整項目：,非收支,,,,,,,,
N01,安溪,111,現金流量表,調整項目：,非收支,,,,,,,,
N01,安溪,112,現金流量表,調整項目：,非收支,,,,,,,,
N01,安溪,113,現金流量表,調整項目：,非收支,,,,,,,,
N01,安溪,111,現金流量表,資產/負債淨變動數,非收支,,,,,,,,
N01,安溪,110,現金流量表,資產／負債淨變動數,非收支,,,,,,,,
N01,安溪,112,現金流量表,資產／負債淨變動數,非收支,,,,,,,,
N01,安溪,113,現金流量表,資產／負債淨變動數,非收支,,,,,,,,
N01,安溪,110,現金流量表,預付款項,非收支,-95007.0,,,,-95007.0,,-95007.0,
N01,安溪,111,現金流量表,預付款項,非收支,184567.0,-95007.0,279574.0,2.942667382403402,44780.0,197688.67124344784,44780.0,0.7071067811865476
N01,安溪,112,現金流量表,預付款項,非收支,4952.0,184567.0,-179615.0,-0.9731696348751402,31504.0,141665.66943688228,31504.0,-0.1874272017034443
N01,安溪,113,現金流量表,預付款項,非收支,6867.0,4952.0,1915.0,0.3867124394184168,25344.75,116323.62918563306,65462.0,-0.15884777778479212
N01,安溪,110,現金流量表,預收款項,非收支,440750.0,,,,440750.0,,440750.0,
N01,安溪,111,現金流量表,預收款項,非收支,1720106.0,440750.0,1279356.0,2.9026795235394216,1080428.0,904641.3031516967,1080428.0,0.7071067811865476
N01,安溪,112,現金流量表,預收款項,非收支,408531.0,1720106.0,-1311575.0,-0.7624966135807909,856462.3333333334,748110.8228199438,856462.3333333334,-0.5987499708196871
N01,安溪,113,現金流量表,預收款項,非收支,-882904.0,408531.0,-1291435.0,-3.161167695964321,421620.75,1062761.5031277009,415244.3333333333,-1.2274858904474724
N01,安溪,110,資產負債表,代管財產,非收支,1119608.0,,,,1119608.0,,1119608.0,
N01,安溪,111,資產負債表,代管財產,非收支,2577702.0,1119608.0,1458094.0,1.3023254567670113,1848655.0,1031028.1550074178,1848655.0,0.7071067811865476
N01,安溪,112,資產負債表,代管財產,非收支,3030018.0,2577702.0,452316.0,0.17547257208164482,2242442.6666666665,998356.5031917874,2242442.6666666665,0.7888718416872352
N01,安溪,113,資產負債表,代管財產,非收支,2572979.0,3030018.0,-457039.0,-0.15083705773365041,2325076.75,831739.565743739,2726899.6666666665,0.29805273214137235
N01,安溪,110,資產負債表,其他應付款,非收支,1423915.0,,,,1423915.0,,1423915.0,
N01,安溪,111,資產負債表,其他應付款,非收支,1950470.0,1423915.0,526555.0,0.3697938430313607,1687192.5,372330.6111676825,1687192.5,0.7071067811865476
N01,安溪,112,資產負債表,其他應付款,非收支,2063288.0,1950470.0,112818.0,0.057841443344424676,1812557.6666666667,341268.68746829574,1812557.6666666667,0.7347006700010424
N01,安溪,113,資產負債表,其他應付款,非收支,1926288.0,2063288.0,-137000.0,-0.06639887403018871,1840990.25,284387.98359093274,1980015.3333333333,0.29993443788642404
N01,安溪,110,資產負債表,其他應收款,非收支,,,,,,,,
N01,安溪,112,資產負債表,其他流動負債,非收支,1542.0,,,,1542.0,,1542.0,
N01,安溪,113,資產負債表,其他流動負債,非收支,3075.0,1542.0,1533.0,0.9941634241245136,2308.5,1083.9946955589774,2308.5,0.7071067811865476
N01,安溪,110,資產負債表,其他流動資產,非收支,25029.0,,,,25029.0,,25029.0,
N01,安溪,111,資產負債表,其他流動資產,非收支,35254.0,25029.0,10225.0,0.40852610971273323,30141.5,7230.166837632449,30141.5,0.7071067811865475
N01,安溪,112,資產負債表,其他流動資產,非收支,,35254.0,,,30141.5,7230.166837632449,30141.5,
N01,安溪,110,資產負債表,存出保證金,非收支,3600.0,,,,3600.0,,3600.0,
N01,安溪,111,資產負債表,存出保證金,非收支,3600.0,3600.0,0.0,0.0,3600.0,0.0,3600.0,
N01,安溪,112,資產負債表,存出保證金,非收支,3600.0,3600.0,0.0,0.0,3600.0,0.0,3600.0,
N01,安溪,113,資產負債表,存出保證金,非收支,3600.0,3600.0,0.0,0.0,3600.0,0.0,3600.0,
N01,安溪,110,資產負債表,應付代管財產,非收支,1119608.0,,,,1119608.0,,1119608.0,
N01,安溪,111,資產負債表,應付代管財產,非收支,2577702.0,1119608.0,1458094.0,1.3023254567670113,1848655.0,1031028.1550074178,1848655.0,0.7071067811865476
N01,安溪,112,資產負債表,應付代管財產,非收支,3030018.0,2577702.0,452316.0,0.17547257208164482,2242442.6666666665,998356.5031917874,2242442.6666666665,0.7888718416872352
N01,安溪,113,資產負債表,應付代管財產,非收支,2572979.0,3030018.0,-457039.0,-0.15083705773365041,2325076.75,831739.565743739,2726899.6666666665,0.29805273214137235
N01,安溪,110,資產負債表,應付票據,非收支,17087.0,,,,17087.0,,17087.0,
N01,安溪,111,資產負債表,應付票據,非收支,17853.0,17087.0,766.0,0.04482940246971382,17470.0,541.6437943888955,17470.0,0.7071067811865475
N01,安溪,112,資產負債表,應付票據,非收支,,17853.0,,,17470.0,541.6437943888955,17470.0,
N01,安溪,113,資產負債表,應付票據,非收支,17684.0,,,,17541.333333333332,402.43550207869765,17768.5,0.35450815330594
N01,安溪,110,資產負債表,應付購置財產,非收支,168381.0,,,,168381.0,,168381.0,
N01,安溪,111,資產負債表,應付購置財產,非收支,172779.0,168381.0,4398.0,0.02611933650471253,170580.0,3109.855623658436,170580.0,0.7071067811865476
N01,安溪,112,資產負債表,應付購置財產,非收支,172779.0,172779.0,0.0,0.0,171313.0,2539.186483895974,171313.0,0.5773502691896257
N01,安溪,113,資產負債表,應付購置財產,非收支,170274.0,172779.0,-2505.0,-0.014498289722709357,171053.25,2137.332975930517,171944.0,-0.3645898925321839
N01,安溪,110,資產負債表,應收帳款淨額,非收支,17797.0,,,,17797.0,,17797.0,
N01,安溪,111,資產負債表,應收帳款淨額,非收支,69039.0,17797.0,51242.0,2.879249311681744,43418.0,36233.56568156107,43418.0,0.7071067811865475
N01,安溪,112,資產負債表,應收帳款淨額,非收支,34918.0,69039.0,-34121.0,-0.49422790017236634,40584.666666666664,26086.75860150765,40584.666666666664,-0.21722387028717194
N01,安溪,113,資產負債表,應收帳款淨額,非收支,37897.0,34918.0,2979.0,0.08531416461423907,39912.75,21342.099340271096,47284.666666666664,-0.09444947134120102
N01,安溪,110,資產負債表,本期餘絀,非收支,218557.0,,,,218557.0,,218557.0,
N01,安溪,111,資產負債表,本期餘絀,非收支,649872.0,218557.0,431315.0,1.9734668759179528,434214.5,304985.7613274757,434214.5,0.7071067811865476
N01,安溪,112,資產負債表,本期餘絀,非收支,250799.0,649872.0,-399073.0,-0.6140793879410099,373076.0,240253.83629195185,373076.0,-0.5089492092497176
N01,安溪,113,資產負債表,本期餘絀,非收支,-1988771.0,250799.0,-2239570.0,-8.929740549204741,-217385.75,1197105.5022097747,-362700.0,-1.479723588881802
N01,安溪,111,資產負債表,業務發展準備,非收支,8091844.0,,,,8091844.0,,8091844.0,
N01,安溪,112,資產負債表,業務發展準備,非收支,10479844.0,8091844.0,2388000.0,0.29511196706214304,9285844.0,1688570.9934734756,9285844.0,0.7071067811865475
N01,安溪,113,資產負債表,業務發展準備,非收支,15899844.0,10479844.0,5420000.0,0.5171832710486912,11490510.666666666,4000912.5625703614,11490510.666666666,1.1020819036596454
N01,安溪,110,資產負債表,業務發展準備備,非收支,6791844.0,,,,6791844.0,,6791844.0,
N01,安溪,110,資產負債表,業務發展準備金,非收支,6791844.0,,,,6791844.0,,6791844.0,
N01,安溪,111,資產負債表,業務發展準備金,非收支,8091844.0,6791844.0,1300000.0,0.19140604525074487,7441844.0,919238.8155425118,7441844.0,0.7071067811865476
N01,安溪,112,資產負債表,業務發展準備金,非收支,10479844.0,8091844.0,2388000.0,0.29511196706214304,8454510.666666666,1870556.4234562225,8454510.666666666,1.08274378037265
N01,安溪,113,資產負債表,業務發展準備金,非收支,13699844.0,10479844.0,3220000.0,0.30725648206213757,9765844.0,3034968.643440434,10757177.333333334,1.2962242652828289
N01,安溪,110,資產負債表,流動負債合計,非收支,4519817.0,,,,4519817.0,,4519817.0,
N01,安溪,111,資產負債表,流動負債合計,非收支,6767244.0,4519817.0,2247427.0,0.4972384943903702,5643530.5,1589170.8719217388,5643530.5,0.7071067811865476
N01,安溪,112,資產負債表,流動負債合計,非收支,7272282.0,6767244.0,505038.0,0.07462979020706213,6186447.666666667,1465267.6136686886,6186447.666666667,0.7410484768817465
N01,安溪,113,資產負債表,流動負債合計,非收支,6271595.0,7272282.0,-1000687.0,-0.13760288723677108,6207734.5,1197143.2538357025,6770373.666666667,0.053344075402327995
N01,安溪,110,資產負債表,流動資產合計,非收支,6087164.0,,,,6087164.0,,6087164.0,
N01,安溪,111,資產負債表,流動資產合計,非收支,8984463.0,6087164.0,2897299.0,0.4759686119841687,7535813.5,2048699.770025003,7535813.5,0.7071067811865475
N01,安溪,112,資產負債表,流動資產合計,非收支,9740300.0,8984463.0,755837.0,0.08412712034097085,8270642.333333333,1928342.7124721203,8270642.333333333,0.7621351003435366
N01,安溪,113,資產負債表,流動資產合計,非收支,8950842.0,9740300.0,-789458.0,-0.08105068632382986,8440692.25,1610798.448326042,9225201.666666666,0.31670613448265533
N01,安溪,110,資產負債表,現金及銀行存款,非收支,5803751.0,,,,5803751.0,,5803751.0,
N01,安溪,111,資產負債表,現金及銀行存款,非收支,8824150.0,5803751.0,3020399.0,0.5204218788848798,7313950.5,2135744.614789067,7313950.5,0.7071067811865476
N01,安溪,112,資產負債表,現金及銀行存款,非收支,9654314.0,8824150.0,830164.0,0.09407863646923499,8094071.666666667,2026442.6056131797,8094071.666666667,0.7699415364696305
N01,安溪,113,資產負債表,現金及銀行存款,非收支,8868744.0,9654314.0,-785570.0,-0.0813698415029799,8287739.75,1699316.2532533244,9115736.0,0.34190472131816135
N01,安溪,110,資產負債表,累積餘絀,非收支,1352390.0,,,,1352390.0,,1352390.0,
N01,安溪,111,資產負債表,累積餘絀,非收支,1570947.0,1352390.0,218557.0,0.16160796811570627,1461668.5,154543.13677578827,1461668.5,0.7071067811865475
N01,安溪,112,資產負債表,累積餘絀,非收支,2220819.0,1570947.0,649872.0,0.41368168372325737,1714718.6666666667,451713.35060227447,1714718.6666666667,1.120401539291553
N01,安溪,113,資產負債表,累積餘絀,非收支,2471618.0,2220819.0,250799.0,0.11293086019166802,1903943.5,528444.9996057615,2087794.6666666667,1.0742357301583043
N01,安溪,110,資產負債表,負債及餘絀總計,非收支,14735315.0,,,,14735315.0,,14735315.0,
N01,安溪,111,資產負債表,負債及餘絀總計,非收支,20469369.0,14735315.0,5734054.0,0.38913684573421065,17602342.0,4054588.4670898477,17602342.0,0.7071067811865475
N01,安溪,112,資產負債表,負債及餘絀總計,非收支,24140447.0,20469369.0,3671078.0,0.17934495196212447,19781710.333333332,4740124.767950453,19781710.333333332,0.9195404931400802
N01,安溪,113,資產負債表,負債及餘絀總計,非收支,26187977.0,24140447.0,2047530.0,0.08481740209698685,21383277.0,5023868.200394593,23599264.333333332,0.9563746118225437
N01,安溪,110,資產負債表,負債總額,非收支,13164368.0,,,,13164368.0,,13164368.0,
N01,安溪,111,資產負債表,負債總額,非收支,18248550.0,13164368.0,5084182.0,0.38620783010623827,15706459.0,3595059.5689865835,15706459.0,0.7071067811865476
N01,安溪,112,資產負債表,負債總額,非收支,21668829.0,18248550.0,3420279.0,0.1874274394403939,17693915.666666668,4279273.145981024,17693915.666666668,0.9288758155263965
N01,安溪,113,資產負債表,負債總額,非收支,25705130.0,21668829.0,4036301.0,0.1862722254165188,19696719.25,5315355.856283526,21874169.666666668,1.1303872990737172
N01,安溪,110,資產負債表,資產總計,非收支,14735315.0,,,,14735315.0,,14735315.0,
N01,安溪,111,資產負債表,資產總計,非收支,20469369.0,14735315.0,5734054.0,0.38913684573421065,17602342.0,4054588.4670898477,17602342.0,0.7071067811865475
N01,安溪,112,資產負債表,資產總計,非收支,24140447.0,20469369.0,3671078.0,0.17934495196212447,19781710.333333332,4740124.767950453,19781710.333333332,0.9195404931400802
N01,安溪,113,資產負債表,資產總計,非收支,26187977.0,24140447.0,2047530.0,0.08481740209698685,21383277.0,5023868.200394593,23599264.333333332,0.9563746118225437
N01,安溪,110,資產負債表,資遣費準備,非收支,564718.0,,,,564718.0,,564718.0,
N01,安溪,112,資產負債表,資遣費準備,非收支,713906.0,,,,639312.0,105491.84647165865,639312.0,0.7071067811865476
N01,安溪,112,資產負債表,資遣費準備,非收支,713906.0,,,,664176.6666666666,86133.73195986189,664176.6666666666,0.5773502691896262
N01,安溪,113,資產負債表,資遣費準備,非收支,790438.0,713906.0,76532.0,0.10720178847075106,695742.0,94506.58316399623,739416.6666666666,1.0020042713392259
N01,安溪,113,資產負債表,資遣費準備,非收支,790438.0,713906.0,76532.0,0.10720178847075106,714681.2,92152.52128509563,764927.3333333334,0.8220806001132455
N01,安溪,110,資產負債表,資遣費準備金,非收支,564718.0,,,,564718.0,,564718.0,
N01,安溪,113,資產負債表,資遣費準備金,非收支,790438.0,,,,677578.0,159608.1426494275,677578.0,0.7071067811865476
N01,安溪,111,資產負債表,資遺費準備,非收支,638981.0,,,,638981.0,,638981.0,
N01,安溪,111,資產負債表,資遺費準備金,非收支,638981.0,,,,638981.0,,638981.0,
N01,安溪,110,資產負債表,購置財產,非收支,168381.0,,,,168381.0,,168381.0,
N01,安溪,111,資產負債表,購置財產,非收支,172779.0,168381.0,4398.0,0.02611933650471253,170580.0,3109.855623658436,170580.0,0.7071067811865476
N01,安溪,112,資產負債表,購置財產,非收支,172779.0,172779.0,0.0,0.0,171313.0,2539.186483895974,171313.0,0.5773502691896257
N01,安溪,113,資產負債表,購置財產,非收支,170274.0,172779.0,-2505.0,-0.014498289722709357,171053.25,2137.332975930517,171944.0,-0.3645898925321839
N01,安溪,110,資產負債表,非流動負債合計,非收支,8644551.0,,,,8644551.0,,8644551.0,
N01,安溪,111,資產負債表,非流動負債合計,非收支,11481306.0,8644551.0,2836755.0,0.32815527376725523,10062928.5,2005888.6970648447,10062928.5,0.7071067811865475
N01,安溪,112,資產負債表,非流動負債合計,非收支,14396547.0,11481306.0,2915241.0,0.253911967854528,11507468.0,2876087.243754438,11507468.0,1.0045171634740129
N01,安溪,113,資產負債表,非流動負債合計,非收支,19433535.0,14396547.0,5036988.0,0.3498747303780552,13488984.75,4606540.97393915,15103796.0,1.2904585639486217
N01,安溪,110,資產負債表,非流動資產合計,非收支,8648151.0,,,,8648151.0,,8648151.0,
N01,安溪,111,資產負債表,非流動資產合計,非收支,11484906.0,8648151.0,2836755.0,0.3280186712743568,10066528.5,2005888.6970648447,10066528.5,0.7071067811865475
N01,安溪,112,資產負債表,非流動資產合計,非收支,14400147.0,11484906.0,2915241.0,0.25383237790540036,11511068.0,2876087.243754438,11511068.0,1.0045171634740129
N01,安溪,113,資產負債表,非流動資產合計,非收支,17237135.0,14400147.0,2836988.0,0.19701104440114395,12942584.75,3702910.4829282938,14374062.666666666,1.1597769564777143
N01,安溪,110,資產負債表,預付款項,非收支,240587.0,,,,240587.0,,240587.0,
N01,安溪,111,資產負債表,預付款項,非收支,56020.0,240587.0,-184567.0,-0.7671528386820567,148303.5,130508.57728325752,148303.5,-0.7071067811865476
N01,安溪,112,資產負債表,預付款項,非收支,51068.0,56020.0,-4952.0,-0.08839700107104606,115891.66666666667,108017.70777207473,115891.66666666667,-0.6001207394943925
N01,安溪,113,資產負債表,預付款項,非收支,44201.0,51068.0,-6867.0,-0.13446776846557532,97969.0,95202.09057578516,50429.666666666664,-0.5647775135483842
N01,安溪,110,資產負債表,預收款項,非收支,3078815.0,,,,3078815.0,,3078815.0,
N01,安溪,111,資產負債表,預收款項,非收支,4798921.0,3078815.0,1720106.0,0.5586909249175414,3938868.0,1216298.6169596675,3938868.0,0.7071067811865475
N01,安溪,112,資產負債表,預收款項,非收支,5207452.0,4798921.0,408531.0,0.08512976146096174,4361729.333333333,1129657.5961300547,4361729.333333333,0.7486539899912301
N01,安溪,113,資產負債表,預收款項,非收支,4324548.0,5207452.0,-882904.0,-0.1695462579395835,4352434.0,922548.8980084832,4776973.666666667,-0.030227124069193322
N01,安溪,110,資產負債表,餘絀總額,非收支,1570947.0,,,,1570947.0,,1570947.0,
N01,安溪,111,資產負債表,餘絀總額,非收支,2220819.0,1570947.0,649872.0,0.41368168372325737,1895883.0,459528.898103264,1895883.0,0.7071067811865476
N01,安溪,112,資產負債表,餘絀總額,非收支,2471618.0,2220819.0,250799.0,0.11293086019166802,2087794.6666666667,464837.2484045715,2087794.6666666667,0.8257155265648425
N01,安溪,113,資產負債表,餘絀總額,非收支,482847.0,2471618.0,-1988771.0,-0.80464335508157,1686557.75,887701.1686678407,1725094.6666666667,-1.3559864428323216
N01,安溪,110,附表三,事務機器耗材-執行率,非收支,84.0,,,,84.0,,84.0,
N01,安溪,111,附表三,事務機器耗材-執行率,非收支,83.0,84.0,-1.0,-0.011904761904761904,83.5,0.7071067811865476,83.5,-0.7071067811865475
N01,安溪,112,附表三,事務機器耗材-執行率,非收支,82.0,83.0,-1.0,-0.012048192771084338,83.0,1.0,83.0,-1.0
N01,安溪,113,附表三,事務機器耗材-執行率,非收支,62.0,82.0,-20.0,-0.24390243902439024,77.75,10.53169818531972,75.66666666666667,-1.4954853170739497
N01,安溪,110,附表三,事務機器耗材-決算數,非收支,50284.0,,,,50284.0,,50284.0,
N01,安溪,111,附表三,事務機器耗材-決算數,非收支,54177.0,50284.0,3893.0,0.07742025296316919,52230.5,2752.7666991592296,52230.5,0.7071067811865475
N01,安溪,112,附表三,事務機器耗材-決算數,非收支,53091.0,54177.0,-1086.0,-0.02004540672240988,52517.333333333336,2008.9007773738683,52517.333333333336,0.2855624693503225
N01,安溪,113,附表三,事務機器耗材-決算數,非收支,40460.0,53091.0,-12631.0,-0.23791226384886327,49503.0,6247.821753752797,49242.666666666664,-1.447384441556493
N01,安溪,112,附表三,五日未上課退費-執行率,非收支,,,,,,,,
N01,安溪,113,附表三,五日未上課退費-執行率,非收支,,,,,,,,
N01,安溪,112,附表三,五日未上課退費-決算數,非收支,-30378.0,,,,-30378.0,,-30378.0,
N01,安溪,113,附表三,五日未上課退費-決算數,非收支,-46044.0,-30378.0,-15666.0,-0.5157021528737903,-38211.0,11077.534834068454,-38211.0,-0.7071067811865475
N01,安溪,112,附表三,人事費-執行率,非收支,88.0,,,,88.0,,88.0,
N01,安溪,113,附表三,人事費-執行率,非收支,87.0,88.0,-1.0,-0.011363636363636364,87.5,0.7071067811865476,87.5,-0.7071067811865475
N01,安溪,112,附表三,人事費-決算數,非收支,11797585.0,,,,11797585.0,,11797585.0,
N01,安溪,113,附表三,人事費-決算數,非收支,11978248.0,11797585.0,180663.0,0.015313557817129522,11887916.5,127748.03240950523,11887916.5,0.7071067811865476
N01,安溪,112,附表三,代課費及代班費-執行率,非收支,75.0,,,,75.0,,75.0,
N01,安溪,113,附表三,代課費及代班費-執行率,非收支,59.0,75.0,-16.0,-0.21333333333333335,67.0,11.313708498984761,67.0,-0.7071067811865475
N01,安溪,112,附表三,代課費及代班費-決算數,非收支,198190.0,,,,198190.0,,198190.0,
N01,安溪,113,附表三,代課費及代班費-決算數,非收支,156896.0,198190.0,-41294.0,-0.20835561834603158,177543.0,29199.267422317294,177543.0,-0.7071067811865475
N01,安溪,110,附表三,保全-執行率,非收支,40.0,,,,40.0,,40.0,
N01,安溪,111,附表三,保全-執行率,非收支,50.0,40.0,10.0,0.25,45.0,7.0710678118654755,45.0,0.7071067811865475
N01,安溪,112,附表三,保全-執行率,非收支,40.0,50.0,-10.0,-0.2,43.333333333333336,5.773502691896258,43.333333333333336,-0.5773502691896261
N01,安溪,113,附表三,保全-執行率,非收支,40.0,40.0,0.0,0.0,42.5,5.000000000000001,43.333333333333336,-0.4999999999999999
N01,安溪,110,附表三,保全-決算數,非收支,24000.0,,,,24000.0,,24000.0,
N01,安溪,111,附表三,保全-決算數,非收支,29925.0,24000.0,5925.0,0.246875,26962.5,4189.607678530294,26962.5,0.7071067811865476
N01,安溪,112,附表三,保全-決算數,非收支,24000.0,29925.0,-5925.0,-0.19799498746867167,25975.0,3420.8003449485327,25975.0,-0.5773502691896257
N01,安溪,113,附表三,保全-決算數,非收支,24000.0,24000.0,0.0,0.0,25481.25,2962.5,25975.0,-0.5
N01,安溪,112,附表三,保險費-執行率,非收支,100.0,,,,100.0,,100.0,
N01,安溪,113,附表三,保險費-執行率,非收支,100.0,100.0,0.0,0.0,100.0,0.0,100.0,
N01,安溪,112,附表三,保險費-決算數,非收支,17987.0,,,,17987.0,,17987.0,
N01,安溪,113,附表三,保險費-決算數,非收支,17924.0,17987.0,-63.0,-0.003502529604714516,17955.5,44.54772721475249,17955.5,-0.7071067811865476
N01,安溪,112,附表三,修繕費-執行率,非收支,32.0,,,,32.0,,32.0,
N01,安溪,113,附表三,修繕費-執行率,非收支,86.0,32.0,54.0,1.6875,59.0,38.18376618407357,59.0,0.7071067811865475
N01,安溪,112,附表三,修繕費-決算數,非收支,34700.0,,,,34700.0,,34700.0,
N01,安溪,113,附表三,修繕費-決算數,非收支,94839.0,34700.0,60139.0,1.7331123919308358,64769.5,42524.69471377778,64769.5,0.7071067811865475
N01,安溪,110,附表三,修繕購置費-執行率,非收支,100.0,,,,100.0,,100.0,
N01,安溪,111,附表三,修繕購置費-執行率,非收支,30.0,100.0,-70.0,-0.7,65.0,49.49747468305833,65.0,-0.7071067811865475
N01,安溪,112,附表三,修繕購置費-執行率,非收支,15.0,30.0,-15.0,-0.5,48.333333333333336,45.368858629387326,48.333333333333336,-0.7347183583706451
N01,安溪,113,附表三,修繕購置費-執行率,非收支,77.0,15.0,62.0,4.133333333333334,55.5,39.719852299154724,40.666666666666664,0.541291035980452
N01,安溪,110,附表三,修繕購置費-決算數,非收支,125696.0,,,,125696.0,,125696.0,
N01,安溪,111,附表三,修繕購置費-決算數,非收支,58005.0,125696.0,-67691.0,-0.5385294679226069,91850.5,47864.76512529859,91850.5,-0.7071067811865476
N01,安溪,112,附表三,修繕購置費-決算數,非收支,28074.0,58005.0,-29931.0,-0.5160072407551073,70591.66666666667,50013.31676996971,70591.66666666667,-0.8501269144420398
N01,安溪,113,附表三,修繕購置費-決算數,非收支,128643.0,28074.0,100569.0,3.5822825390040607,85104.5,50100.3382723111,71574.0,0.8690260685138403
N01,安溪,112,附表三,健康檢查-執行率,非收支,100.0,,,,100.0,,100.0,
N01,安溪,113,附表三,健康檢查-執行率,非收支,,100.0,,,100.0,,100.0,
N01,安溪,112,附表三,健康檢查-決算數,非收支,2000.0,,,,2000.0,,2000.0,
N01,安溪,113,附表三,健康檢查-決算數,非收支,,2000.0,,,2000.0,,2000.0,
N01,安溪,110,附表三,其他支出-執行率,非收支,,,,,,,,
N01,安溪,111,附表三,其他支出-執行率,非收支,,,,,,,,
N01,安溪,112,附表三,其他支出-執行率,非收支,,,,,,,,
N01,安溪,113,附表三,其他支出-執行率,非收支,,,,,,,,
N01,安溪,110,附表三,其他支出-決算數,非收支,1086035.0,,,,1086035.0,,1086035.0,
N01,安溪,111,附表三,其他支出-決算數,非收支,801623.0,1086035.0,-284412.0,-0.26188106276501216,943829.0,201109.65385082836,943829.0,-0.7071067811865476
N01,安溪,112,附表三,其他支出-決算數,非收支,1344392.0,801623.0,542769.0,0.6770876085142268,1077350.0,271488.70834530116,1077350.0,0.983621019185647
N01,安溪,113,附表三,其他支出-決算數,非收支,1765262.0,1344392.0,420870.0,0.3130560134246559,1249328.0,409198.1701352048,1303759.0,1.2608414153697907
N01,安溪,112,附表三,其他收入-執行率,非收支,,,,,,,,
N01,安溪,113,附表三,其他收入-執行率,非收支,,,,,,,,
N01,安溪,112,附表三,其他收入-決算數,非收支,1344392.0,,,,1344392.0,,1344392.0,
N01,安溪,113,附表三,其他收入-決算數,非收支,1765262.0,1344392.0,420870.0,0.3130560134246559,1554827.0,297600.03099798225,1554827.0,0.7071067811865476
N01,安溪,112,附表三,利息收入-執行率,非收支,,,,,,,,
N01,安溪,113,附表三,利息收入-執行率,非收支,,,,,,,,
N01,安溪,112,附表三,利息收入-決算數,非收支,82077.0,,,,82077.0,,82077.0,
N01,安溪,113,附表三,利息收入-決算數,非收支,211286.0,82077.0,129209.0,1.5742412612546755,146681.5,91364.56009033261,146681.5,0.7071067811865476
N01,安溪,112,附表三,加班費-執行率,非收支,9.0,,,,9.0,,9.0,
N01,安溪,113,附表三,加班費-執行率,非收支,9.0,9.0,0.0,0.0,9.0,0.0,9.0,
N01,安溪,112,附表三,加班費-決算數,非收支,85581.0,,,,85581.0,,85581.0,
N01,安溪,113,附表三,加班費-決算數,非收支,89809.0,85581.0,4228.0,0.049403489092205044,87695.0,2989.647470856723,87695.0,0.7071067811865475
N01,安溪,112,附表三,勞、健保費-執行率,非收支,82.0,,,,82.0,,82.0,
N01,安溪,113,附表三,勞、健保費-執行率,非收支,81.0,82.0,-1.0,-0.012195121951219513,81.5,0.7071067811865476,81.5,-0.7071067811865475
N01,安溪,112,附表三,勞、健保費-決算數,非收支,1136332.0,,,,1136332.0,,1136332.0,
N01,安溪,113,附表三,勞、健保費-決算數,非收支,1137506.0,1136332.0,1174.0,0.001033148762861558,1136919.0,830.1433611130068,1136919.0,0.7071067811865476
N01,安溪,112,附表三,勞退金提撥-執行率,非收支,100.0,,,,100.0,,100.0,
N01,安溪,113,附表三,勞退金提撥-執行率,非收支,102.0,100.0,2.0,0.02,101.0,1.4142135623730951,101.0,0.7071067811865475
N01,安溪,112,附表三,勞退金提撥-決算數,非收支,541789.0,,,,541789.0,,541789.0,
N01,安溪,113,附表三,勞退金提撥-決算數,非收支,561189.0,541789.0,19400.0,0.03580729767492511,551489.0,13717.871555019023,551489.0,0.7071067811865475
N01,安溪,110,附表三,呆帳損失-執行率,非收支,,,,,,,,
N01,安溪,111,附表三,呆帳損失-執行率,非收支,,,,,,,,
N01,安溪,112,附表三,呆帳損失-執行率,非收支,,,,,,,,
N01,安溪,113,附表三,呆帳損失-執行率,非收支,,,,,,,,
N01,安溪,110,附表三,呆帳損失-決算數,非收支,46686.0,,,,46686.0,,46686.0,
N01,安溪,111,附表三,呆帳損失-決算數,非收支,,46686.0,,,46686.0,,46686.0,
N01,安溪,112,附表三,呆帳損失-決算數,非收支,1828.0,,,,24257.0,31719.39599046615,24257.0,-0.7071067811865475
N01,安溪,113,附表三,呆帳損失-決算數,非收支,,1828.0,,,24257.0,31719.39599046615,1828.0,
N01,安溪,110,附表三,園務特支-執行率,非收支,100.0,,,,100.0,,100.0,
N01,安溪,111,附表三,園務特支-執行率,非收支,100.0,100.0,0.0,0.0,100.0,0.0,100.0,
N01,安溪,112,附表三,園務特支-執行率,非收支,97.0,100.0,-3.0,-0.03,99.0,1.7320508075688772,99.0,-1.1547005383792517
N01,安溪,113,附表三,園務特支-執行率,非收支,101.0,97.0,4.0,0.041237113402061855,99.5,1.7320508075688772,99.33333333333333,0.8660254037844387
N01,安溪,110,附表三,園務特支-決算數,非收支,39000.0,,,,39000.0,,39000.0,
N01,安溪,111,附表三,園務特支-決算數,非收支,42000.0,39000.0,3000.0,0.07692307692307693,40500.0,2121.3203435596424,40500.0,0.7071067811865476
N01,安溪,112,附表三,園務特支-決算數,非收支,40640.0,42000.0,-1360.0,-0.03238095238095238,40546.666666666664,1502.1761991635115,40546.666666666664,0.06213208103370865
N01,安溪,113,附表三,園務特支-決算數,非收支,42244.0,40640.0,1604.0,0.039468503937007876,40971.0,1491.5061738613983,41628.0,0.8534996517676476
N01,安溪,110,附表三,園舍消毒、清潔-執行率,非收支,41.0,,,,41.0,,41.0,
N01,安溪,111,附表三,園舍消毒、清潔-執行率,非收支,69.0,41.0,28.0,0.6829268292682927,55.0,19.79898987322333,55.0,0.7071067811865476
N01,安溪,112,附表三,園舍消毒、清潔-執行率,非收支,65.0,69.0,-4.0,-0.057971014492753624,58.333333333333336,15.14375558880073,58.333333333333336,0.44022545316281175
N01,安溪,113,附表三,園舍消毒、清潔-執行率,非收支,42.0,65.0,-23.0,-0.35384615384615387,54.25,14.818344486930156,58.666666666666664,-0.8266780415858568
N01,安溪,110,附表三,園舍消毒、清潔-決算數,非收支,10223.0,,,,10223.0,,10223.0,
N01,安溪,111,附表三,園舍消毒、清潔-決算數,非收支,17337.0,10223.0,7114.0,0.6958818350777658,13780.0,5030.357641361099,13780.0,0.7071067811865476
N01,安溪,112,附表三,園舍消毒、清潔-決算數,非收支,16228.0,17337.0,-1109.0,-0.06396723769971736,14596.0,3827.507935981322,14596.0,0.42638709763552113
N01,安溪,113,附表三,園舍消毒、清潔-決算數,非收支,10572.0,16228.0,-5656.0,-0.3485333990633473,13590.0,3716.8116264705513,14712.333333333334,-0.8119862676134232
N01,安溪,113,附表三,園長及教保服務人員薪資(含職務加給)-執行率,非收支,94.0,,,,94.0,,94.0,
N01,安溪,113,附表三,園長及教保服務人員薪資(含職務加給)-決算數,非收支,6593558.0,,,,6593558.0,,6593558.0,
N01,安溪,112,附表三,園長及教保服務人員薪資（含職務加給）-執行率,非收支,95.0,,,,95.0,,95.0,
N01,安溪,112,附表三,園長及教保服務人員薪資（含職務加給）-決算數,非收支,6524563.0,,,,6524563.0,,6524563.0,
N01,安溪,113,附表三,學前特教師(含職務加給)、社工師、護理師薪資-執行率,非收支,101.0,,,,101.0,,101.0,
N01,安溪,113,附表三,學前特教師(含職務加給)、社工師、護理師薪資-決算數,非收支,676239.0,,,,676239.0,,676239.0,
N01,安溪,112,附表三,學前特教師（含職務加給）、社工師、護理師薪資-執行率,非收支,100.0,,,,100.0,,100.0,
N01,安溪,112,附表三,學前特教師（含職務加給）、社工師、護理師薪資-決算數,非收支,650268.0,,,,650268.0,,650268.0,
N01,安溪,110,附表三,差旅費-執行率,非收支,,,,,,,,
N01,安溪,111,附表三,差旅費-執行率,非收支,,,,,,,,
N01,安溪,112,附表三,差旅費-執行率,非收支,,,,,,,,
N01,安溪,113,附表三,差旅費-執行率,非收支,,,,,,,,
N01,安溪,110,附表三,差旅費-決算數,非收支,,,,,,,,
N01,安溪,111,附表三,差旅費-決算數,非收支,,,,,,,,
N01,安溪,112,附表三,差旅費-決算數,非收支,,,,,,,,
N01,安溪,113,附表三,差旅費-決算數,非收支,,,,,,,,
N01,安溪,110,附表三,延後托育支出-執行率,非收支,,,,,,,,
N01,安溪,111,附表三,延後托育支出-執行率,非收支,,,,,,,,
N01,安溪,110,附表三,延後托育支出-決算數,非收支,147216.0,,,,147216.0,,147216.0,
N01,安溪,111,附表三,延後托育支出-決算數,非收支,202057.0,147216.0,54841.0,0.3725206499293555,174636.5,38778.44298705145,174636.5,0.7071067811865476
N01,安溪,112,附表三,延長照顧服務支出-執行率,非收支,,,,,,,,
N01,安溪,113,附表三,延長照顧服務支出-執行率,非收支,,,,,,,,
N01,安溪,112,附表三,延長照顧服務支出-決算數,非收支,176808.0,,,,176808.0,,176808.0,
N01,安溪,113,附表三,延長照顧服務支出-決算數,非收支,162217.0,176808.0,-14591.0,-0.08252454640061535,169512.5,10317.395044292914,169512.5,-0.7071067811865476
N01,安溪,112,附表三,延長照顧服務收入-執行率,非收支,,,,,,,,
N01,安溪,113,附表三,延長照顧服務收入-執行率,非收支,,,,,,,,
N01,安溪,112,附表三,延長照顧服務收入-決算數,非收支,344697.0,,,,344697.0,,344697.0,
N01,安溪,113,附表三,延長照顧服務收入-決算數,非收支,268720.0,344697.0,-75977.0,-0.22041677183149258,306708.5,53723.85191421032,306708.5,-0.7071067811865476
N01,安溪,112,附表三,延長照顧服務收入淨額-執行率,非收支,,,,,,,,
N01,安溪,112,附表三,延長照顧服務收入淨額-執行率,非收支,,,,,,,,
N01,安溪,113,附表三,延長照顧服務收入淨額-執行率,非收支,,,,,,,,
N01,安溪,113,附表三,延長照顧服務收入淨額-執行率,非收支,,,,,,,,
N01,安溪,113,附表三,延長照顧服務收入淨額-執行率,非收支,,,,,,,,
N01,安溪,113,附表三,延長照顧服務收入淨額-執行率,非收支,,,,,,,,
N01,安溪,112,附表三,延長照顧服務收入淨額-決算數,非收支,337868.0,,,,337868.0,,337868.0,
N01,安溪,112,附表三,延長照顧服務收入淨額-決算數,非收支,337868.0,,,,337868.0,0.0,337868.0,
N01,安溪,113,附表三,延長照顧服務收入淨額-決算數,非收支,257480.0,337868.0,-80388.0,-0.2379272378562042,311072.0,46412.03343961564,311072.0,-1.1547005383792515
N01,安溪,113,附表三,延長照顧服務收入淨額-決算數,非收支,257480.0,337868.0,-80388.0,-0.2379272378562042,297674.0,46412.03343961564,284276.0,-0.8660254037844386
N01,安溪,113,附表三,延長照顧服務收入淨額-決算數,非收支,257480.0,337868.0,-80388.0,-0.2379272378562042,289635.2,44030.32095272529,257480.0,-0.7302967433402218
N01,安溪,113,附表三,延長照顧服務收入淨額-決算數,非收支,257480.0,337868.0,-80388.0,-0.2379272378562042,284276.0,41512.18469798958,257480.0,-0.6454972243679028
N01,安溪,112,附表三,延長照顧服務收入退費-執行率,非收支,,,,,,,,
N01,安溪,113,附表三,延長照顧服務收入退費-執行率,非收支,,,,,,,,
N01,安溪,112,附表三,延長照顧服務收入退費-決算數,非收支,-6829.0,,,,-6829.0,,-6829.0,
N01,安溪,113,附表三,延長照顧服務收入退費-決算數,非收支,-11240.0,-6829.0,-4411.0,-0.6459218040708742,-9034.5,3119.048011813861,-9034.5,-0.7071067811865475
N01,安溪,110,附表三,所得稅費用-執行率,非收支,,,,,,,,
N01,安溪,111,附表三,所得稅費用-執行率,非收支,,,,,,,,
N01,安溪,112,附表三,所得稅費用-執行率,非收支,,,,,,,,
N01,安溪,113,附表三,所得稅費用-執行率,非收支,,,,,,,,
N01,安溪,110,附表三,所得稅費用-決算數,非收支,,,,,,,,
N01,安溪,111,附表三,所得稅費用-決算數,非收支,,,,,,,,
N01,安溪,112,附表三,所得稅費用-決算數,非收支,,,,,,,,
N01,安溪,113,附表三,所得稅費用-決算數,非收支,,,,,,,,
N01,安溪,110,附表三,攝影照片-執行率,非收支,,,,,,,,
N01,安溪,111,附表三,攝影照片-執行率,非收支,,,,,,,,
N01,安溪,112,附表三,攝影照片-執行率,非收支,,,,,,,,
N01,安溪,113,附表三,攝影照片-執行率,非收支,,,,,,,,
N01,安溪,110,附表三,攝影照片-決算數,非收支,,,,,,,,
N01,安溪,111,附表三,攝影照片-決算數,非收支,,,,,,,,
N01,安溪,112,附表三,攝影照片-決算數,非收支,,,,,,,,
N01,安溪,113,附表三,攝影照片-決算數,非收支,,,,,,,,
N01,安溪,112,附表三,支出-執行率,非收支,108.0,,,,108.0,,108.0,
N01,安溪,113,附表三,支出-執行率,非收支,128.0,108.0,20.0,0.18518518518518517,118.0,14.142135623730951,118.0,0.7071067811865475
N01,安溪,112,附表三,支出-決算數,非收支,18744221.0,,,,18744221.0,,18744221.0,
N01,安溪,113,附表三,支出-決算數,非收支,22144749.0,18744221.0,3400528.0,0.1814174085975619,20444485.0,2404536.408414728,20444485.0,0.7071067811865476
N01,安溪,112,附表三,收入-執行率,非收支,107.0,,,,107.0,,107.0,
N01,安溪,113,附表三,收入-執行率,非收支,111.0,107.0,4.0,0.037383177570093455,109.0,2.8284271247461903,109.0,0.7071067811865475
N01,安溪,112,附表三,收入-決算數,非收支,18995020.0,,,,18995020.0,,18995020.0,
N01,安溪,113,附表三,收入-決算數,非收支,20155978.0,18995020.0,1160958.0,0.06111907226209817,19575499.0,820921.2744727718,19575499.0,0.7071067811865476
N01,安溪,112,附表三,政府學費差額補助退費-執行率,非收支,,,,,,,,
N01,安溪,113,附表三,政府學費差額補助退費-執行率,非收支,,,,,,,,
N01,安溪,112,附表三,政府學費差額補助退費-決算數,非收支,-20254.0,,,,-20254.0,,-20254.0,
N01,安溪,113,附表三,政府學費差額補助退費-決算數,非收支,-5973.0,-20254.0,14281.0,0.7050952898192949,-13113.5,10098.191942125086,-13113.5,0.7071067811865475
N01,安溪,110,附表三,教保材料費-執行率,非收支,82.0,,,,82.0,,82.0,
N01,安溪,111,附表三,教保材料費-執行率,非收支,103.0,82.0,21.0,0.25609756097560976,92.5,14.849242404917497,92.5,0.7071067811865476
N01,安溪,112,附表三,教保材料費-執行率,非收支,62.0,103.0,-41.0,-0.39805825242718446,82.33333333333333,20.502032419575706,82.33333333333333,-0.9917715920651213
N01,安溪,113,附表三,教保材料費-執行率,非收支,63.0,62.0,1.0,0.016129032258064516,77.5,19.330459556530634,76.0,-0.750111499294454
N01,安溪,110,附表三,教保材料費-決算數,非收支,177602.0,,,,177602.0,,177602.0,
N01,安溪,111,附表三,教保材料費-決算數,非收支,334691.0,177602.0,157089.0,0.8845001745475839,256146.5,111078.69714981357,256146.5,0.7071067811865475
N01,安溪,112,附表三,教保材料費-決算數,非收支,201041.0,334691.0,-133650.0,-0.399323555159834,237778.0,84743.40007929821,237778.0,-0.4335086858165183
N01,安溪,113,附表三,教保材料費-決算數,非收支,181092.0,201041.0,-19949.0,-0.0992285155764247,223606.5,74772.68810869381,238941.33333333334,-0.5685832765327163
N01,安溪,113,附表三,教保費收入(家長繳費)-執行率,非收支,71.0,,,,71.0,,71.0,
N01,安溪,113,附表三,教保費收入(家長繳費)-決算數,非收支,2040000.0,,,,2040000.0,,2040000.0,
N01,安溪,113,附表三,教保費收入(政府學費差額補助)-執行率,非收支,104.0,,,,104.0,,104.0,
N01,安溪,113,附表三,教保費收入(政府學費差額補助)-決算數,非收支,15950000.0,,,,15950000.0,,15950000.0,
N01,安溪,112,附表三,教保費收入-執行率,非收支,97.0,,,,97.0,,97.0,
N01,安溪,113,附表三,教保費收入-執行率,非收支,99.0,97.0,2.0,0.020618556701030927,98.0,1.4142135623730951,98.0,0.7071067811865475
N01,安溪,112,附表三,教保費收入-決算數,非收支,17324859.0,,,,17324859.0,,17324859.0,
N01,安溪,113,附表三,教保費收入-決算數,非收支,17990000.0,17324859.0,665141.0,0.038392289368704244,17657429.5,470325.7115452014,17657429.5,0.7071067811865475
N01,安溪,112,附表三,教保費收入淨額-執行率,非收支,97.0,,,,97.0,,97.0,
N01,安溪,113,附表三,教保費收入淨額-執行率,非收支,98.0,97.0,1.0,0.010309278350515464,97.5,0.7071067811865476,97.5,0.7071067811865475
N01,安溪,112,附表三,教保費收入淨額-決算數,非收支,17230683.0,,,,17230683.0,,17230683.0,
N01,安溪,113,附表三,教保費收入淨額-決算數,非收支,17921950.0,17230683.0,691267.0,0.04011837487811713,17576316.5,488799.58331048116,17576316.5,0.7071067811865475
N01,安溪,112,附表三,教保費收入減項-執行率,非收支,,,,,,,,
N01,安溪,113,附表三,教保費收入減項-執行率,非收支,,,,,,,,
N01,安溪,112,附表三,教保費收入減項-決算數,非收支,-94176.0,,,,-94176.0,,-94176.0,
N01,安溪,113,附表三,教保費收入減項-決算數,非收支,-68050.0,-94176.0,26126.0,0.2774167516139993,-81113.0,18473.871765279742,-81113.0,0.7071067811865475
N01,安溪,112,附表三,教保費收入（家長繳費）-執行率,非收支,67.0,,,,67.0,,67.0,
N01,安溪,112,附表三,教保費收入（家長繳費）-決算數,非收支,2202863.0,,,,2202863.0,,2202863.0,
N01,安溪,112,附表三,教保費收入（政府學費差額補助）-執行率,非收支,104.0,,,,104.0,,104.0,
N01,安溪,112,附表三,教保費收入（政府學費差額補助）-決算數,非收支,15121996.0,,,,15121996.0,,15121996.0,
N01,安溪,110,附表三,文宣費(一般文宣)-執行率,非收支,,,,,,,,
N01,安溪,111,附表三,文宣費(一般文宣)-執行率,非收支,,,,,,,,
N01,安溪,113,附表三,文宣費(一般文宣)-執行率,非收支,,,,,,,,
N01,安溪,110,附表三,文宣費(一般文宣)-決算數,非收支,,,,,,,,
N01,安溪,111,附表三,文宣費(一般文宣)-決算數,非收支,,,,,,,,
N01,安溪,113,附表三,文宣費(一般文宣)-決算數,非收支,,,,,,,,
N01,安溪,113,附表三,文宣費(園刊)-執行率,非收支,,,,,,,,
N01,安溪,113,附表三,文宣費(園刊)-決算數,非收支,,,,,,,,
N01,安溪,110,附表三,文宣費(圖刊)-執行率,非收支,,,,,,,,
N01,安溪,111,附表三,文宣費(圖刊)-執行率,非收支,,,,,,,,
N01,安溪,110,附表三,文宣費(圖刊)-決算數,非收支,,,,,,,,
N01,安溪,111,附表三,文宣費(圖刊)-決算數,非收支,,,,,,,,
N01,安溪,112,附表三,文宣費（一般文宣）-執行率,非收支,,,,,,,,
N01,安溪,112,附表三,文宣費（一般文宣）-決算數,非收支,,,,,,,,
N01,安溪,112,附表三,文宣費（園刊）-執行率,非收支,,,,,,,,
N01,安溪,112,附表三,文宣費（園刊）-決算數,非收支,,,,,,,,
N01,安溪,110,附表三,日常消耗用品-執行率,非收支,70.0,,,,70.0,,70.0,
N01,安溪,111,附表三,日常消耗用品-執行率,非收支,86.0,70.0,16.0,0.22857142857142856,78.0,11.313708498984761,78.0,0.7071067811865475
N01,安溪,112,附表三,日常消耗用品-執行率,非收支,71.0,86.0,-15.0,-0.1744186046511628,75.66666666666667,8.962886439832502,75.66666666666667,-0.5206656023139218
N01,安溪,113,附表三,日常消耗用品-執行率,非收支,66.0,71.0,-5.0,-0.07042253521126761,73.25,8.770214744615247,74.33333333333333,-0.8266616281489992
N01,安溪,110,附表三,日常消耗用品-決算數,非收支,37967.0,,,,37967.0,,37967.0,
N01,安溪,111,附表三,日常消耗用品-決算數,非收支,69960.0,37967.0,31993.0,0.842652830089288,53963.5,22622.467250501213,53963.5,0.7071067811865476
N01,安溪,112,附表三,日常消耗用品-決算數,非收支,58145.0,69960.0,-11815.0,-0.16888221841052029,55357.333333333336,16177.648974227784,55357.333333333336,0.17231593237729584
N01,安溪,113,附表三,日常消耗用品-決算數,非收支,47419.0,58145.0,-10726.0,-0.18446985983317568,53372.75,13792.45572465856,58508.0,-0.4316671460728861
N01,安溪,112,附表三,會計、總務、廚工、清潔薪資-執行率,非收支,98.0,,,,98.0,,98.0,
N01,安溪,113,附表三,會計、總務、廚工、清潔薪資-執行率,非收支,100.0,98.0,2.0,0.02040816326530612,99.0,1.4142135623730951,99.0,0.7071067811865475
N01,安溪,112,附表三,會計、總務、廚工、清潔薪資-決算數,非收支,2547950.0,,,,2547950.0,,2547950.0,
N01,安溪,113,附表三,會計、總務、廚工、清潔薪資-決算數,非收支,2650595.0,2547950.0,102645.0,0.04028532742008281,2599272.5,72580.97555489317,2599272.5,0.7071067811865475
N01,安溪,110,附表三,本期稅前餘絀-執行率,非收支,-335.0,,,,-335.0,,-335.0,
N01,安溪,111,附表三,本期稅前餘絀-執行率,非收支,,-335.0,,,-335.0,,-335.0,
N01,安溪,112,附表三,本期稅前餘絀-執行率,非收支,58.0,,,,-138.5,277.8929650063132,-138.5,0.7071067811865475
N01,安溪,113,附表三,本期稅前餘絀-執行率,非收支,-205.0,58.0,-263.0,-4.5344827586206895,-160.66666666666666,200.21571699877444,-73.5,-0.2214278379234569
N01,安溪,110,附表三,本期稅前餘絀-決算數,非收支,218557.0,,,,218557.0,,218557.0,
N01,安溪,111,附表三,本期稅前餘絀-決算數,非收支,649872.0,218557.0,431315.0,1.9734668759179528,434214.5,304985.7613274757,434214.5,0.7071067811865476
N01,安溪,112,附表三,本期稅前餘絀-決算數,非收支,250799.0,649872.0,-399073.0,-0.6140793879410099,373076.0,240253.83629195185,373076.0,-0.5089492092497176
N01,安溪,113,附表三,本期稅前餘絀-決算數,非收支,-1988771.0,250799.0,-2239570.0,-8.929740549204741,-217385.75,1197105.5022097747,-362700.0,-1.479723588881802
N01,安溪,110,附表三,本期稅後餘絀-執行率,非收支,-335.0,,,,-335.0,,-335.0,
N01,安溪,111,附表三,本期稅後餘絀-執行率,非收支,,-335.0,,,-335.0,,-335.0,
N01,安溪,112,附表三,本期稅後餘絀-執行率,非收支,58.0,,,,-138.5,277.8929650063132,-138.5,0.7071067811865475
N01,安溪,113,附表三,本期稅後餘絀-執行率,非收支,-205.0,58.0,-263.0,-4.5344827586206895,-160.66666666666666,200.21571699877444,-73.5,-0.2214278379234569
N01,安溪,110,附表三,本期稅後餘絀-決算數,非收支,218557.0,,,,218557.0,,218557.0,
N01,安溪,111,附表三,本期稅後餘絀-決算數,非收支,649872.0,218557.0,431315.0,1.9734668759179528,434214.5,304985.7613274757,434214.5,0.7071067811865476
N01,安溪,112,附表三,本期稅後餘絀-決算數,非收支,250799.0,649872.0,-399073.0,-0.6140793879410099,373076.0,240253.83629195185,373076.0,-0.5089492092497176
N01,安溪,113,附表三,本期稅後餘絀-決算數,非收支,,250799.0,,,373076.0,240253.83629195185,450335.5,
N01,安溪,110,附表三,材料費-執行率,非收支,89.0,,,,89.0,,89.0,
N01,安溪,111,附表三,材料費-執行率,非收支,102.0,89.0,13.0,0.14606741573033707,95.5,9.192388155425117,95.5,0.7071067811865476
N01,安溪,112,附表三,材料費-執行率,非收支,93.0,102.0,-9.0,-0.08823529411764706,94.66666666666667,6.658328118479393,94.66666666666667,-0.25031308716088013
N01,安溪,113,附表三,材料費-執行率,非收支,90.0,93.0,-3.0,-0.03225806451612903,93.5,5.916079783099617,95.0,-0.5916079783099615
N01,安溪,110,附表三,材料費-決算數,非收支,1245534.0,,,,1245534.0,,1245534.0,
N01,安溪,111,附表三,材料費-決算數,非收支,2084531.0,1245534.0,838997.0,0.6736042532761048,1665032.5,593260.4680951699,1665032.5,0.7071067811865475
N01,安溪,112,附表三,材料費-決算數,非收支,2216621.0,2084531.0,132090.0,0.0633667717102792,1848895.3333333333,526683.6013645511,1848895.3333333333,0.6981908411690617
N01,安溪,113,附表三,材料費-決算數,非收支,1890864.0,2216621.0,-325757.0,-0.14696107273187434,1859387.5,430547.03909832356,2064005.3333333333,0.07310815576834509
N01,安溪,110,附表三,業務發展費-執行率,非收支,,,,,,,,
N01,安溪,111,附表三,業務發展費-執行率,非收支,,,,,,,,
N01,安溪,112,附表三,業務發展費-執行率,非收支,,,,,,,,
N01,安溪,113,附表三,業務發展費-執行率,非收支,,,,,,,,
N01,安溪,110,附表三,業務發展費-決算數,非收支,1099000.0,,,,1099000.0,,1099000.0,
N01,安溪,111,附表三,業務發展費-決算數,非收支,1300000.0,1099000.0,201000.0,0.18289353958143767,1199500.0,142128.46301849606,1199500.0,0.7071067811865475
N01,安溪,112,附表三,業務發展費-決算數,非收支,2388000.0,1300000.0,1088000.0,0.8369230769230769,1595666.6666666667,693501.5020411515,1595666.6666666667,1.1425113442455344
N01,安溪,113,附表三,業務發展費-決算數,非收支,5420000.0,2388000.0,3032000.0,1.269681742043551,2551750.0,1994244.4475707249,3036000.0,1.4382640019351385
N01,安溪,111,附表三,業務費-執行率,非收支,45.0,,,,45.0,,45.0,
N01,安溪,112,附表三,業務費-執行率,非收支,45.0,45.0,0.0,0.0,45.0,0.0,45.0,
N01,安溪,113,附表三,業務費-執行率,非收支,47.0,45.0,2.0,0.044444444444444446,45.666666666666664,1.1547005383792526,45.666666666666664,1.1547005383792526
N01,安溪,111,附表三,業務費-決算數,非收支,401715.0,,,,401715.0,,401715.0,
N01,安溪,112,附表三,業務費-決算數,非收支,394450.0,401715.0,-7265.0,-0.01808496073086641,398082.5,5137.1307653202675,398082.5,-0.7071067811865476
N01,安溪,113,附表三,業務費-決算數,非收支,382209.0,394450.0,-12241.0,-0.031033084041069844,392791.3333333333,9858.214358256428,392791.3333333333,-1.0734533606961412
N01,安溪,110,附表三,水費-執行率,非收支,25.0,,,,25.0,,25.0,
N01,安溪,111,附表三,水費-執行率,非收支,38.0,25.0,13.0,0.52,31.5,9.192388155425117,31.5,0.7071067811865476
N01,安溪,112,附表三,水費-執行率,非收支,33.0,38.0,-5.0,-0.13157894736842105,32.0,6.557438524302,32.0,0.15249857033260467
N01,安溪,113,附表三,水費-執行率,非收支,35.0,33.0,2.0,0.06060606060606061,32.75,5.560275772537426,35.333333333333336,0.4046561882978719
N01,安溪,110,附表三,水費-決算數,非收支,6410.0,,,,6410.0,,6410.0,
N01,安溪,111,附表三,水費-決算數,非收支,14267.0,6410.0,7857.0,1.2257410296411857,10338.5,5555.737979782704,10338.5,0.7071067811865475
N01,安溪,112,附表三,水費-決算數,非收支,12458.0,14267.0,-1809.0,-0.12679610289479218,11045.0,4114.67362010646,11045.0,0.3434051228499239
N01,安溪,113,附表三,水費-決算數,非收支,11291.0,12458.0,-1167.0,-0.09367474715042542,11106.5,3361.8677844317435,12672.0,0.0548802070249131
N01,安溪,110,附表三,水電修繕-執行率,非收支,111.0,,,,111.0,,111.0,
N01,安溪,111,附表三,水電修繕-執行率,非收支,21.0,111.0,-90.0,-0.8108108108108109,66.0,63.63961030678928,66.0,-0.7071067811865475
N01,安溪,110,附表三,水電修繕-決算數,非收支,94557.0,,,,94557.0,,94557.0,
N01,安溪,111,附表三,水電修繕-決算數,非收支,22590.0,94557.0,-71967.0,-0.7610964814873569,58573.5,50888.35372165227,58573.5,-0.7071067811865475
N01,安溪,111,附表三,活動費-執行率,非收支,53.0,,,,53.0,,53.0,
N01,安溪,112,附表三,活動費-執行率,非收支,47.0,53.0,-6.0,-0.11320754716981132,50.0,4.242640687119285,50.0,-0.7071067811865476
N01,安溪,113,附表三,活動費-執行率,非收支,49.0,47.0,2.0,0.0425531914893617,49.666666666666664,3.055050463303893,49.666666666666664,-0.2182178902359916
N01,安溪,111,附表三,活動費-決算數,非收支,60407.0,,,,60407.0,,60407.0,
N01,安溪,112,附表三,活動費-決算數,非收支,54090.0,60407.0,-6317.0,-0.10457397321502475,57248.5,4466.793536755421,57248.5,-0.7071067811865475
N01,安溪,113,附表三,活動費-決算數,非收支,56435.0,54090.0,2345.0,0.04335366980957663,56977.333333333336,3193.2297651959425,56977.333333333336,-0.16983849369199938
N01,安溪,110,附表三,火險-執行率,非收支,9.0,,,,9.0,,9.0,
N01,安溪,111,附表三,火險-執行率,非收支,9.0,9.0,0.0,0.0,9.0,0.0,9.0,
N01,安溪,112,附表三,火險-執行率,非收支,8.0,9.0,-1.0,-0.1111111111111111,8.666666666666666,0.5773502691896255,8.666666666666666,-1.154700538379251
N01,安溪,113,附表三,火險-執行率,非收支,8.0,8.0,0.0,0.0,8.5,0.5773502691896255,8.333333333333334,-0.866025403784439
N01,安溪,110,附表三,火險-決算數,非收支,696.0,,,,696.0,,696.0,
N01,安溪,111,附表三,火險-決算數,非收支,739.0,696.0,43.0,0.0617816091954023,717.5,30.405591591021544,717.5,0.7071067811865475
N01,安溪,112,附表三,火險-決算數,非收支,653.0,739.0,-86.0,-0.11637347767253045,696.0,43.0,696.0,-1.0
N01,安溪,113,附表三,火險-決算數,非收支,653.0,653.0,0.0,0.0,685.25,41.16936563352254,681.6666666666666,-0.7833494518006403
N01,安溪,110,附表三,瓦斯費-執行率,非收支,46.0,,,,46.0,,46.0,
N01,安溪,111,附表三,瓦斯費-執行率,非收支,66.0,46.0,20.0,0.43478260869565216,56.0,14.142135623730951,56.0,0.7071067811865475
N01,安溪,112,附表三,瓦斯費-執行率,非收支,59.0,66.0,-7.0,-0.10606060606060606,57.0,10.14889156509222,57.0,0.19706585563285864
N01,安溪,113,附表三,瓦斯費-執行率,非收支,70.0,59.0,11.0,0.1864406779661017,60.25,10.53169818531972,65.0,0.9257766248553021
N01,安溪,110,附表三,瓦斯費-決算數,非收支,14850.0,,,,14850.0,,14850.0,
N01,安溪,111,附表三,瓦斯費-決算數,非收支,23590.0,14850.0,8740.0,0.5885521885521886,19220.0,6180.113267570426,19220.0,0.7071067811865475
N01,安溪,112,附表三,瓦斯費-決算數,非收支,21150.0,23590.0,-2440.0,-0.10343365832980077,19863.333333333332,4509.826308554836,19863.333333333332,0.28530293156211983
N01,安溪,113,附表三,瓦斯費-決算數,非收支,23915.0,21150.0,2765.0,0.13073286052009456,20876.25,4202.739929696658,22885.0,0.7230402191979861
N01,安溪,110,附表三,研習、進修-執行率,非收支,,,,,,,,
N01,安溪,111,附表三,研習、進修-執行率,非收支,8.0,,,,8.0,,8.0,
N01,安溪,112,附表三,研習、進修-執行率,非收支,6.0,8.0,-2.0,-0.25,7.0,1.4142135623730951,7.0,-0.7071067811865475
N01,安溪,113,附表三,研習、進修-執行率,非收支,44.0,6.0,38.0,6.333333333333333,19.333333333333332,21.385353243127252,19.333333333333332,1.153437419818817
N01,安溪,110,附表三,研習、進修-決算數,非收支,,,,,,,,
N01,安溪,111,附表三,研習、進修-決算數,非收支,2800.0,,,,2800.0,,2800.0,
N01,安溪,112,附表三,研習、進修-決算數,非收支,2000.0,2800.0,-800.0,-0.2857142857142857,2400.0,565.685424949238,2400.0,-0.7071067811865475
N01,安溪,113,附表三,研習、進修-決算數,非收支,16000.0,2000.0,14000.0,7.0,6933.333333333333,7862.145593496303,6933.333333333333,1.1532051345076546
N01,安溪,110,附表三,維護費-執行率,非收支,89.0,,,,89.0,,89.0,
N01,安溪,111,附表三,維護費-執行率,非收支,28.0,89.0,-61.0,-0.6853932584269663,58.5,43.1335136523794,58.5,-0.7071067811865476
N01,安溪,112,附表三,維護費-執行率,非收支,36.0,28.0,8.0,0.2857142857142857,51.0,33.15116890850155,51.0,-0.45247273305507124
N01,安溪,113,附表三,維護費-執行率,非收支,74.0,36.0,38.0,1.0555555555555556,56.75,29.409465596414137,46.0,0.5865458501259972
N01,安溪,110,附表三,維護費-決算數,非收支,105476.0,,,,105476.0,,105476.0,
N01,安溪,111,附表三,維護費-決算數,非收支,40666.0,105476.0,-64810.0,-0.6144525768895294,73071.0,45827.590488700145,73071.0,-0.7071067811865476
N01,安溪,112,附表三,維護費-決算數,非收支,51581.0,40666.0,10915.0,0.2684060394432696,65907.66666666667,34699.04981888313,65907.66666666667,-0.4128835441156702
N01,安溪,113,附表三,維護費-決算數,非收支,106064.0,51581.0,54483.0,1.0562610263469108,75946.75,34724.8539557764,66103.66666666667,0.8673110630891527
N01,安溪,112,附表三,腸病毒退費-執行率,非收支,,,,,,,,
N01,安溪,113,附表三,腸病毒退費-執行率,非收支,,,,,,,,
N01,安溪,112,附表三,腸病毒退費-決算數,非收支,-30842.0,,,,-30842.0,,-30842.0,
N01,安溪,113,附表三,腸病毒退費-決算數,非收支,-16033.0,-30842.0,14809.0,0.48015692886323846,-23437.5,10471.544322591582,-23437.5,0.7071067811865476
N01,安溪,112,附表三,自強活動-執行率,非收支,100.0,,,,100.0,,100.0,
N01,安溪,113,附表三,自強活動-執行率,非收支,100.0,100.0,0.0,0.0,100.0,0.0,100.0,
N01,安溪,112,附表三,自強活動-決算數,非收支,18000.0,,,,18000.0,,18000.0,
N01,安溪,113,附表三,自強活動-決算數,非收支,18000.0,18000.0,0.0,0.0,18000.0,0.0,18000.0,
N01,安溪,110,附表三,藥品費-執行率,非收支,48.0,,,,48.0,,48.0,
N01,安溪,111,附表三,藥品費-執行率,非收支,51.0,48.0,3.0,0.0625,49.5,2.1213203435596424,49.5,0.7071067811865476
N01,安溪,112,附表三,藥品費-執行率,非收支,73.0,51.0,22.0,0.43137254901960786,57.333333333333336,13.650396819628845,57.333333333333336,1.1477077826879352
N01,安溪,113,附表三,藥品費-執行率,非收支,39.0,73.0,-34.0,-0.4657534246575342,52.75,14.430869689661812,54.333333333333336,-0.952818526928451
N01,安溪,110,附表三,藥品費-決算數,非收支,3035.0,,,,3035.0,,3035.0,
N01,安溪,111,附表三,藥品費-決算數,非收支,4868.0,3035.0,1833.0,0.6039538714991762,3951.5,1296.1267299149415,3951.5,0.7071067811865476
N01,安溪,112,附表三,藥品費-決算數,非收支,6961.0,4868.0,2093.0,0.4299506984387839,4954.666666666667,1964.434354549251,4954.666666666667,1.0213287752207407
N01,安溪,113,附表三,藥品費-決算數,非收支,3255.0,6961.0,-3706.0,-0.5323947708662549,4529.75,1815.1817861213424,5028.0,-0.7022712599622707
N01,安溪,110,附表三,行政管理費-執行率,非收支,100.0,,,,100.0,,100.0,
N01,安溪,111,附表三,行政管理費-執行率,非收支,100.0,100.0,0.0,0.0,100.0,0.0,100.0,
N01,安溪,112,附表三,行政管理費-執行率,非收支,100.0,100.0,0.0,0.0,100.0,0.0,100.0,
N01,安溪,113,附表三,行政管理費-執行率,非收支,100.0,100.0,0.0,0.0,100.0,0.0,100.0,
N01,安溪,110,附表三,行政管理費-決算數,非收支,124680.0,,,,124680.0,,124680.0,
N01,安溪,111,附表三,行政管理費-決算數,非收支,293292.0,124680.0,168612.0,1.3523580365736285,208986.0,119226.68858942615,208986.0,0.7071067811865476
N01,安溪,112,附表三,行政管理費-決算數,非收支,325932.0,293292.0,32640.0,0.111288408821243,247968.0,108010.60414607447,247968.0,0.7218180160770216
N01,安溪,113,附表三,行政管理費-決算數,非收支,290580.0,325932.0,-35352.0,-0.10846434225543979,258621.0,90727.46391253312,303268.0,0.3522527647285551
N01,安溪,111,附表三,資產費-執行率,非收支,100.0,,,,100.0,,100.0,
N01,安溪,111,附表三,資產費-決算數,非收支,74263.0,,,,74263.0,,74263.0,
N01,安溪,112,附表三,資遣費-執行率,非收支,100.0,,,,100.0,,100.0,
N01,安溪,113,附表三,資遣費-執行率,非收支,100.0,100.0,0.0,0.0,100.0,0.0,100.0,
N01,安溪,112,附表三,資遣費-決算數,非收支,74925.0,,,,74925.0,,74925.0,
N01,安溪,113,附表三,資遣費-決算數,非收支,76532.0,74925.0,1607.0,0.021448114781448115,75728.5,1136.3205973667818,75728.5,0.7071067811865476
N01,安溪,112,附表三,轉學/轉出退費-執行率,非收支,,,,,,,,
N01,安溪,113,附表三,轉學/轉出退費-執行率,非收支,,,,,,,,
N01,安溪,112,附表三,轉學/轉出退費-決算數,非收支,-12702.0,,,,-12702.0,,-12702.0,
N01,安溪,113,附表三,轉學/轉出退費-決算數,非收支,,-12702.0,,,-12702.0,,-12702.0,
N01,安溪,110,附表三,辦公文具-執行率,非收支,67.0,,,,67.0,,67.0,
N01,安溪,111,附表三,辦公文具-執行率,非收支,10.0,67.0,-57.0,-0.8507462686567164,38.5,40.30508652763321,38.5,-0.7071067811865476
N01,安溪,112,附表三,辦公文具-執行率,非收支,33.0,10.0,23.0,2.3,36.666666666666664,28.676354952004157,36.666666666666664,-0.12786376346657702
N01,安溪,113,附表三,辦公文具-執行率,非收支,12.0,33.0,-21.0,-0.6363636363636364,30.5,26.463811768778385,18.333333333333332,-0.6990678501509758
N01,安溪,110,附表三,辦公文具-決算數,非收支,12026.0,,,,12026.0,,12026.0,
N01,安溪,111,附表三,辦公文具-決算數,非收支,3085.0,12026.0,-8941.0,-0.743472476301347,7555.5,6322.241730588921,7555.5,-0.7071067811865476
N01,安溪,112,附表三,辦公文具-決算數,非收支,9907.0,3085.0,6822.0,2.2113452188006484,8339.333333333334,4672.103844450949,8339.333333333334,0.33553763333590747
N01,安溪,113,附表三,辦公文具-決算數,非收支,2881.0,9907.0,-7026.0,-0.7091955183203795,6974.75,4690.492538103008,5291.0,-0.872776145947276
N01,安溪,110,附表三,郵資-執行率,非收支,34.0,,,,34.0,,34.0,
N01,安溪,111,附表三,郵資-執行率,非收支,36.0,34.0,2.0,0.058823529411764705,35.0,1.4142135623730951,35.0,0.7071067811865475
N01,安溪,112,附表三,郵資-執行率,非收支,33.0,36.0,-3.0,-0.08333333333333333,34.333333333333336,1.5275252316519474,34.333333333333336,-0.8728715609439707
N01,安溪,113,附表三,郵資-執行率,非收支,22.0,33.0,-11.0,-0.3333333333333333,31.25,6.2915286960589585,30.333333333333332,-1.4702309163421985
N01,安溪,110,附表三,郵資-決算數,非收支,2415.0,,,,2415.0,,2415.0,
N01,安溪,111,附表三,郵資-決算數,非收支,3046.0,2415.0,631.0,0.26128364389233955,2730.5,446.1843789287115,2730.5,0.7071067811865475
N01,安溪,112,附表三,郵資-決算數,非收支,2782.0,3046.0,-264.0,-0.08667104399212082,2747.6666666666665,316.8979856883495,2747.6666666666665,0.10834191091103462
N01,安溪,113,附表三,郵資-決算數,非收支,1809.0,2782.0,-973.0,-0.34974838245866285,2513.0,535.932209643471,2545.6666666666665,-1.313598972654277
N01,安溪,110,附表三,雜支-執行率,非收支,54.0,,,,54.0,,54.0,
N01,安溪,111,附表三,雜支-執行率,非收支,41.0,54.0,-13.0,-0.24074074074074073,47.5,9.192388155425117,47.5,-0.7071067811865476
N01,安溪,112,附表三,雜支-執行率,非收支,36.0,41.0,-5.0,-0.12195121951219512,43.666666666666664,9.291573243177568,43.666666666666664,-0.8251204038343013
N01,安溪,113,附表三,雜支-執行率,非收支,43.0,36.0,7.0,0.19444444444444445,43.5,7.593857166596345,40.0,-0.06584269219592206
N01,安溪,110,附表三,雜支-決算數,非收支,22118.0,,,,22118.0,,22118.0,
N01,安溪,111,附表三,雜支-決算數,非收支,21679.0,22118.0,-439.0,-0.01984808753051813,21898.5,310.41987694089437,21898.5,-0.7071067811865475
N01,安溪,112,附表三,雜支-決算數,非收支,18950.0,21679.0,-2729.0,-0.12588219013792148,20915.666666666668,1716.4103044823914,20915.666666666668,-1.145219567566884
N01,安溪,113,附表三,雜支-決算數,非收支,20662.0,18950.0,1712.0,0.09034300791556728,20852.25,1407.170772626171,20430.333333333332,-0.13520036352442194
N01,安溪,113,附表三,電話費(含 ADSL)-執行率,非收支,64.0,,,,64.0,,64.0,
N01,安溪,113,附表三,電話費(含 ADSL)-決算數,非收支,34787.0,,,,34787.0,,34787.0,
N01,安溪,110,附表三,電話費(含網路)-執行率,非收支,75.0,,,,75.0,,75.0,
N01,安溪,111,附表三,電話費(含網路)-執行率,非收支,66.0,75.0,-9.0,-0.12,70.5,6.363961030678928,70.5,-0.7071067811865476
N01,安溪,110,附表三,電話費(含網路)-決算數,非收支,33835.0,,,,33835.0,,33835.0,
N01,安溪,111,附表三,電話費(含網路)-決算數,非收支,35601.0,33835.0,1766.0,0.05219447317866115,34718.0,1248.750575575443,34718.0,0.7071067811865475
N01,安溪,112,附表三,電話費（含ADSL）-執行率,非收支,68.0,,,,68.0,,68.0,
N01,安溪,112,附表三,電話費（含ADSL）-決算數,非收支,36500.0,,,,36500.0,,36500.0,
N01,安溪,110,附表三,電費-執行率,非收支,40.0,,,,40.0,,40.0,
N01,安溪,111,附表三,電費-執行率,非收支,41.0,40.0,1.0,0.025,40.5,0.7071067811865476,40.5,0.7071067811865475
N01,安溪,112,附表三,電費-執行率,非收支,43.0,41.0,2.0,0.04878048780487805,41.333333333333336,1.5275252316519456,41.333333333333336,1.0910894511799611
N01,安溪,113,附表三,電費-執行率,非收支,49.0,43.0,6.0,0.13953488372093023,43.25,4.031128874149275,44.333333333333336,1.4263994477758974
N01,安溪,110,附表三,電費-決算數,非收支,80699.0,,,,80699.0,,80699.0,
N01,安溪,111,附表三,電費-決算數,非收支,132817.0,80699.0,52118.0,0.6458320425284081,106758.0,36852.99122188048,106758.0,0.7071067811865476
N01,安溪,112,附表三,電費-決算數,非收支,137832.0,132817.0,5015.0,0.037758720645700475,117116.0,31637.572172971806,117116.0,0.6547910783652932
N01,安溪,113,附表三,電費-決算數,非收支,128387.0,137832.0,-9445.0,-0.06852545127401474,119933.75,26439.544415830365,133012.0,0.319719956858966
N01,安溪,110,附表三,餐點費-執行率,非收支,91.0,,,,91.0,,91.0,
N01,安溪,111,附表三,餐點費-執行率,非收支,103.0,91.0,12.0,0.13186813186813187,97.0,8.48528137423857,97.0,0.7071067811865476
N01,安溪,112,附表三,餐點費-執行率,非收支,100.0,103.0,-3.0,-0.02912621359223301,98.0,6.244997998398398,98.0,0.32025630761017426
N01,安溪,113,附表三,餐點費-執行率,非收支,96.0,100.0,-4.0,-0.04,97.5,5.196152422706632,99.66666666666667,-0.28867513459481287
N01,安溪,110,附表三,餐點費-決算數,非收支,1026930.0,,,,1026930.0,,1026930.0,
N01,安溪,111,附表三,餐點費-決算數,非收支,1675012.0,1026930.0,648082.0,0.6310868316243561,1350971.0,458263.1769649401,1350971.0,0.7071067811865476
N01,安溪,112,附表三,餐點費-決算數,非收支,1950474.0,1675012.0,275462.0,0.164453747197035,1550805.3333333333,474134.8458163915,1550805.3333333333,0.8429430365500666
N01,安溪,113,附表三,餐點費-決算數,非收支,1659098.0,1950474.0,-291376.0,-0.14938727714391475,1577878.5,390897.76168669306,1761528.0,0.2077768356859969
N01,安溪,112,附表二,事務機器耗材-差異率,非收支,-18.0,,,,-18.0,,-18.0,
N01,安溪,113,附表二,事務機器耗材-差異率,非收支,-38.0,-18.0,-20.0,-1.1111111111111112,-28.0,14.142135623730951,-28.0,-0.7071067811865475
N01,安溪,112,附表二,事務機器耗材-決算數,非收支,53091.0,,,,53091.0,,53091.0,
N01,安溪,113,附表二,事務機器耗材-決算數,非收支,40460.0,53091.0,-12631.0,-0.23791226384886327,46775.5,8931.465753167282,46775.5,-0.7071067811865475
N01,安溪,110,附表二,五日未上課退費-差異率,非收支,,,,,,,,
N01,安溪,111,附表二,五日未上課退費-差異率,非收支,,,,,,,,
N01,安溪,110,附表二,五日未上課退費-決算數,非收支,-75432.0,,,,-75432.0,,-75432.0,
N01,安溪,111,附表二,五日未上課退費-決算數,非收支,-67461.0,-75432.0,7971.0,0.10567133312122176,-71446.5,5636.348152837971,-71446.5,0.7071067811865475
N01,安溪,110,附表二,人事費-差異率,非收支,88.0,,,,88.0,,88.0,
N01,安溪,111,附表二,人事費-差異率,非收支,87.0,88.0,-1.0,-0.011363636363636364,87.5,0.7071067811865476,87.5,-0.7071067811865475
N01,安溪,112,附表二,人事費-差異率,非收支,-12.0,87.0,-99.0,-1.1379310344827587,54.333333333333336,57.448527686384914,54.333333333333336,-1.154656803311847
N01,安溪,112,附表二,人事費-差異率,非收支,-6.0,87.0,-93.0,-1.0689655172413792,39.25,55.769615383289135,23.0,-0.811373714683332
N01,安溪,113,附表二,人事費-差異率,非收支,-13.0,-12.0,-1.0,-0.08333333333333333,28.8,53.653518057998774,-10.333333333333334,-0.7790728644264245
N01,安溪,113,附表二,人事費-差異率,非收支,-13.0,-6.0,-7.0,-1.1666666666666667,21.833333333333332,50.93296247683485,-10.666666666666666,-0.6839055032225173
N01,安溪,113,附表二,人事費-差異率,非收支,-6.0,-12.0,6.0,0.5,17.857142857142858,47.67049601667881,-10.666666666666666,-0.5004592955944027
N01,安溪,113,附表二,人事費-差異率,非收支,-6.0,-6.0,0.0,0.0,14.875,44.933085169584594,-8.333333333333334,-0.4645797171775416
N01,安溪,110,附表二,人事費-決算數,非收支,6763467.0,,,,6763467.0,,6763467.0,
N01,安溪,111,附表二,人事費-決算數,非收支,11539967.0,6763467.0,4776500.0,0.7062206409819106,9151717.0,3377495.5403375444,9151717.0,0.7071067811865475
N01,安溪,112,附表二,人事費-決算數,非收支,11797585.0,11539967.0,257618.0,0.022323980649164767,10033673.0,2835009.2099159043,10033673.0,0.6221891603845349
N01,安溪,112,附表二,人事費-決算數,非收支,11637079.0,11539967.0,97112.0,0.008415275364305634,10434524.5,2449676.001790373,11658210.333333334,0.4909034905518524
N01,安溪,113,附表二,人事費-決算數,非收支,11978248.0,11797585.0,180663.0,0.015313557817129522,10743269.2,2230986.5159164905,11804304.0,0.553557267688223
N01,安溪,113,附表二,人事費-決算數,非收支,11978248.0,11637079.0,341169.0,0.02931740860399762,10949099.0,2058163.2847685337,11864525.0,0.5000327270514597
N01,安溪,113,附表二,人事費-決算數,非收支,11811907.0,11797585.0,14322.0,0.0012139772673814176,11072357.285714285,1906929.0296062161,11922801.0,0.38782235877883336
N01,安溪,113,附表二,人事費-決算數,非收支,11811907.0,11637079.0,174828.0,0.01502335766561351,11164801.0,1784730.3518275726,11867354.0,0.36257914218658316
N01,安溪,110,附表二,代課費及廚工代班費-差異率,非收支,19.0,,,,19.0,,19.0,
N01,安溪,111,附表二,代課費及廚工代班費-差異率,非收支,47.0,19.0,28.0,1.4736842105263157,33.0,19.79898987322333,33.0,0.7071067811865476
N01,安溪,110,附表二,代課費及廚工代班費-決算數,非收支,45732.0,,,,45732.0,,45732.0,
N01,安溪,111,附表二,代課費及廚工代班費-決算數,非收支,114387.0,45732.0,68655.0,1.501246392023091,80059.5,48546.41606236242,80059.5,0.7071067811865476
N01,安溪,112,附表二,保全-差異率,非收支,-60.0,,,,-60.0,,-60.0,
N01,安溪,113,附表二,保全-差異率,非收支,-60.0,-60.0,0.0,0.0,-60.0,0.0,-60.0,
N01,安溪,112,附表二,保全-決算數,非收支,24000.0,,,,24000.0,,24000.0,
N01,安溪,113,附表二,保全-決算數,非收支,24000.0,24000.0,0.0,0.0,24000.0,0.0,24000.0,
N01,安溪,110,附表二,保險費-差異率,非收支,100.0,,,,100.0,,100.0,
N01,安溪,111,附表二,保險費-差異率,非收支,98.0,100.0,-2.0,-0.02,99.0,1.4142135623730951,99.0,-0.7071067811865475
N01,安溪,110,附表二,保險費-決算數,非收支,11952.0,,,,11952.0,,11952.0,
N01,安溪,111,附表二,保險費-決算數,非收支,17658.0,11952.0,5706.0,0.47740963855421686,14805.0,4034.7512934504402,14805.0,0.7071067811865475
N01,安溪,112,附表二,修繕購置費-差異率,非收支,-85.0,,,,-85.0,,-85.0,
N01,安溪,113,附表二,修繕購置費-差異率,非收支,-23.0,-85.0,62.0,0.7294117647058823,-54.0,43.840620433565945,-54.0,0.7071067811865476
N01,安溪,112,附表二,修繕購置費-決算數,非收支,28074.0,,,,28074.0,,28074.0,
N01,安溪,113,附表二,修繕購置費-決算數,非收支,128643.0,28074.0,100569.0,3.5822825390040607,78358.5,71113.02187714989,78358.5,0.7071067811865476
N01,安溪,110,附表二,健康檢查-差異率,非收支,75.0,,,,75.0,,75.0,
N01,安溪,111,附表二,健康檢查-差異率,非收支,17.0,75.0,-58.0,-0.7733333333333333,46.0,41.012193308819754,46.0,-0.7071067811865476
N01,安溪,110,附表二,健康檢查-決算數,非收支,750.0,,,,750.0,,750.0,
N01,安溪,111,附表二,健康檢查-決算數,非收支,3000.0,750.0,2250.0,3.0,1875.0,1590.9902576697318,1875.0,0.7071067811865476
N01,安溪,110,附表二,其他收入-差異率,非收支,,,,,,,,
N01,安溪,111,附表二,其他收入-差異率,非收支,,,,,,,,
N01,安溪,110,附表二,其他收入-決算數,非收支,1086345.0,,,,1086345.0,,1086345.0,
N01,安溪,111,附表二,其他收入-決算數,非收支,801623.0,1086345.0,-284722.0,-0.26209169278636163,943984.0,201328.8569529962,943984.0,-0.7071067811865475
N01,安溪,110,附表二,利息收入-差異率,非收支,,,,,,,,
N01,安溪,111,附表二,利息收入-差異率,非收支,,,,,,,,
N01,安溪,110,附表二,利息收入-決算數,非收支,43296.0,,,,43296.0,,43296.0,
N01,安溪,111,附表二,利息收入-決算數,非收支,69934.0,43296.0,26638.0,0.6152531411677753,56615.0,18835.910437247254,56615.0,0.7071067811865475
N01,安溪,110,附表二,加班費-差異率,非收支,25.0,,,,25.0,,25.0,
N01,安溪,111,附表二,加班費-差異率,非收支,11.0,25.0,-14.0,-0.56,18.0,9.899494936611665,18.0,-0.7071067811865476
N01,安溪,112,附表二,加班費-差異率,非收支,-91.0,11.0,-102.0,-9.272727272727273,-18.333333333333332,63.319296690134934,-18.333333333333332,-1.1476227700739456
N01,安溪,113,附表二,加班費-差異率,非收支,-91.0,-91.0,0.0,0.0,-36.5,63.190189111918315,-57.0,-0.8624756590532302
N01,安溪,110,附表二,加班費-決算數,非收支,75163.0,,,,75163.0,,75163.0,
N01,安溪,111,附表二,加班費-決算數,非收支,105124.0,75163.0,29961.0,0.39861367960299615,90143.5,21185.62627113015,90143.5,0.7071067811865476
N01,安溪,112,附表二,加班費-決算數,非收支,85581.0,105124.0,-19543.0,-0.18590426543891023,88622.66666666667,15210.331434039606,88622.66666666667,-0.19997372705894131
N01,安溪,113,附表二,加班費-決算數,非收支,89809.0,85581.0,4228.0,0.049403489092205044,88919.25,12433.340993071814,93504.66666666667,0.07156161811180053
N01,安溪,110,附表二,勞、健保費-差異率,非收支,95.0,,,,95.0,,95.0,
N01,安溪,111,附表二,勞、健保費-差異率,非收支,88.0,95.0,-7.0,-0.07368421052631578,91.5,4.949747468305833,91.5,-0.7071067811865476
N01,安溪,110,附表二,勞、健保費-決算數,非收支,647732.0,,,,647732.0,,647732.0,
N01,安溪,111,附表二,勞、健保費-決算數,非收支,1108610.0,647732.0,460878.0,0.7115257544787041,878171.0,325889.95909969363,878171.0,0.7071067811865476
N01,安溪,110,附表二,勞退金提撥-差異率,非收支,93.0,,,,93.0,,93.0,
N01,安溪,111,附表二,勞退金提撥-差異率,非收支,99.0,93.0,6.0,0.06451612903225806,96.0,4.242640687119285,96.0,0.7071067811865476
N01,安溪,110,附表二,勞退金提撥-決算數,非收支,306592.0,,,,306592.0,,306592.0,
N01,安溪,111,附表二,勞退金提撥-決算數,非收支,527200.0,306592.0,220608.0,0.7195491076088091,416896.0,155993.41278400188,416896.0,0.7071067811865476
N01,安溪,112,附表二,合計-差異率,非收支,-15.0,,,,-15.0,,-15.0,
N01,安溪,113,附表二,合計-差異率,非收支,-14.0,-15.0,1.0,0.06666666666666667,-14.5,0.7071067811865476,-14.5,0.7071067811865475
N01,安溪,112,附表二,合計-決算數,非收支,14833193.0,,,,14833193.0,,14833193.0,
N01,安溪,113,附表二,合計-決算數,非收支,14797270.0,14833193.0,-35923.0,-0.002421798192742453,14815231.5,25401.39690056435,14815231.5,-0.7071067811865475
N01,安溪,112,附表二,園務特支-差異率,非收支,-3.0,,,,-3.0,,-3.0,
N01,安溪,113,附表二,園務特支-差異率,非收支,1.0,-3.0,4.0,1.3333333333333333,-1.0,2.8284271247461903,-1.0,0.7071067811865475
N01,安溪,112,附表二,園務特支-決算數,非收支,40640.0,,,,40640.0,,40640.0,
N01,安溪,113,附表二,園務特支-決算數,非收支,42244.0,40640.0,1604.0,0.039468503937007876,41442.0,1134.1992770232223,41442.0,0.7071067811865475
N01,安溪,111,附表二,園長及教保服務人員薪資(含職務加給)-差異率,非收支,96.0,,,,96.0,,96.0,
N01,安溪,111,附表二,園長及教保服務人員薪資(含職務加給)-決算數,非收支,6542351.0,,,,6542351.0,,6542351.0,
N01,安溪,110,附表二,園長及教保服務人員薪資（含職務加給）-差異率,非收支,93.0,,,,93.0,,93.0,
N01,安溪,110,附表二,園長及教保服務人員薪資（含職務加給）-決算數,非收支,4015475.0,,,,4015475.0,,4015475.0,
N01,安溪,110,附表二,學前特教師、社工人員、護理人員薪資-差異率,非收支,99.0,,,,99.0,,99.0,
N01,安溪,111,附表二,學前特教師、社工人員、護理人員薪資-差異率,非收支,100.0,99.0,1.0,0.010101010101010102,99.5,0.7071067811865476,99.5,0.7071067811865475
N01,安溪,110,附表二,學前特教師、社工人員、護理人員薪資-決算數,非收支,510562.0,,,,510562.0,,510562.0,
N01,安溪,111,附表二,學前特教師、社工人員、護理人員薪資-決算數,非收支,637700.0,510562.0,127138.0,0.24901579044268865,574131.0,89900.14194649528,574131.0,0.7071067811865476
N01,安溪,112,附表二,差旅費-差異率,非收支,,,,,,,,
N01,安溪,113,附表二,差旅費-差異率,非收支,,,,,,,,
N01,安溪,112,附表二,差旅費-決算數,非收支,,,,,,,,
N01,安溪,113,附表二,差旅費-決算數,非收支,,,,,,,,
N01,安溪,110,附表二,延後托育收入-差異率,非收支,,,,,,,,
N01,安溪,111,附表二,延後托育收入-差異率,非收支,,,,,,,,
N01,安溪,110,附表二,延後托育收入-決算數,非收支,173520.0,,,,173520.0,,173520.0,
N01,安溪,111,附表二,延後托育收入-決算數,非收支,300939.0,173520.0,127419.0,0.7343188105117565,237229.5,90098.8389520087,237229.5,0.7071067811865476
N01,安溪,110,附表二,延後托育收入淨額-差異率,非收支,,,,,,,,
N01,安溪,110,附表二,延後托育收入淨額-差異率,非收支,,,,,,,,
N01,安溪,111,附表二,延後托育收入淨額-差異率,非收支,,,,,,,,
N01,安溪,111,附表二,延後托育收入淨額-差異率,非收支,,,,,,,,
N01,安溪,111,附表二,延後托育收入淨額-差異率,非收支,,,,,,,,
N01,安溪,111,附表二,延後托育收入淨額-差異率,非收支,,,,,,,,
N01,安溪,110,附表二,延後托育收入淨額-決算數,非收支,162900.0,,,,162900.0,,162900.0,
N01,安溪,110,附表二,延後托育收入淨額-決算數,非收支,162900.0,,,,162900.0,0.0,162900.0,
N01,安溪,111,附表二,延後托育收入淨額-決算數,非收支,294043.0,162900.0,131143.0,0.8050521792510743,206614.33333333334,75715.44635233509,206614.33333333334,1.1547005383792515
N01,安溪,111,附表二,延後托育收入淨額-決算數,非收支,294043.0,162900.0,131143.0,0.8050521792510743,228471.5,75715.44635233509,250328.66666666666,0.8660254037844387
N01,安溪,111,附表二,延後托育收入淨額-決算數,非收支,294043.0,162900.0,131143.0,0.8050521792510743,241585.8,71829.9793589,294043.0,0.7302967433402217
N01,安溪,111,附表二,延後托育收入淨額-決算數,非收支,294043.0,162900.0,131143.0,0.8050521792510743,250328.66666666666,67721.9539962239,294043.0,0.6454972243679029
N01,安溪,110,附表二,延後托育收入退費-差異率,非收支,,,,,,,,
N01,安溪,111,附表二,延後托育收入退費-差異率,非收支,,,,,,,,
N01,安溪,110,附表二,延後托育收入退費-決算數,非收支,-10620.0,,,,-10620.0,,-10620.0,
N01,安溪,111,附表二,延後托育收入退費-決算數,非收支,-6896.0,-10620.0,3724.0,0.35065913370998114,-8758.0,2633.265653138703,-8758.0,0.7071067811865476
N01,安溪,112,附表二,攝影照片-差異率,非收支,,,,,,,,
N01,安溪,113,附表二,攝影照片-差異率,非收支,,,,,,,,
N01,安溪,112,附表二,攝影照片-決算數,非收支,,,,,,,,
N01,安溪,113,附表二,攝影照片-決算數,非收支,,,,,,,,
N01,安溪,110,附表二,支出-差異率,非收支,109.0,,,,109.0,,109.0,
N01,安溪,111,附表二,支出-差異率,非收支,100.0,109.0,-9.0,-0.08256880733944955,104.5,6.363961030678928,104.5,-0.7071067811865476
N01,安溪,110,附表二,支出-決算數,非收支,11066312.0,,,,11066312.0,,11066312.0,
N01,安溪,111,附表二,支出-決算數,非收支,16743535.0,11066312.0,5677223.0,0.5130185196296653,13904923.5,4014402.8816082347,13904923.5,0.7071067811865476
N01,安溪,110,附表二,收入-差異率,非收支,112.0,,,,112.0,,112.0,
N01,安溪,111,附表二,收入-差異率,非收支,104.0,112.0,-8.0,-0.07142857142857142,108.0,5.656854249492381,108.0,-0.7071067811865475
N01,安溪,110,附表二,收入-決算數,非收支,11284869.0,,,,11284869.0,,11284869.0,
N01,安溪,111,附表二,收入-決算數,非收支,17393407.0,11284869.0,6108538.0,0.5413034036992366,14339138.0,4319388.642935711,14339138.0,0.7071067811865475
N01,安溪,110,附表二,政府學費差額補助退費-差異率,非收支,,,,,,,,
N01,安溪,111,附表二,政府學費差額補助退費-差異率,非收支,,,,,,,,
N01,安溪,110,附表二,政府學費差額補助退費-決算數,非收支,,,,,,,,
N01,安溪,111,附表二,政府學費差額補助退費-決算數,非收支,-18511.0,,,,-18511.0,,-18511.0,
N01,安溪,112,附表二,教保材料費-差異率,非收支,-38.0,,,,-38.0,,-38.0,
N01,安溪,113,附表二,教保材料費-差異率,非收支,-37.0,-38.0,1.0,0.02631578947368421,-37.5,0.7071067811865476,-37.5,0.7071067811865475
N01,安溪,112,附表二,教保材料費-決算數,非收支,201041.0,,,,201041.0,,201041.0,
N01,安溪,113,附表二,教保材料費-決算數,非收支,181092.0,201041.0,-19949.0,-0.0992285155764247,191066.5,14106.073177890437,191066.5,-0.7071067811865475
N01,安溪,110,附表二,教保費收入-差異率,非收支,100.0,,,,100.0,,100.0,
N01,安溪,111,附表二,教保費收入-差異率,非收支,97.0,100.0,-3.0,-0.03,98.5,2.1213203435596424,98.5,-0.7071067811865476
N01,安溪,110,附表二,教保費收入-決算數,非收支,10069260.0,,,,10069260.0,,10069260.0,
N01,安溪,111,附表二,教保費收入-決算數,非收支,16337854.0,10069260.0,6268594.0,0.6225476350794398,13203557.0,4432565.325905304,13203557.0,0.7071067811865476
N01,安溪,110,附表二,教保費收入淨額-差異率,非收支,99.0,,,,99.0,,99.0,
N01,安溪,111,附表二,教保費收入淨額-差異率,非收支,97.0,99.0,-2.0,-0.020202020202020204,98.0,1.4142135623730951,98.0,-0.7071067811865475
N01,安溪,110,附表二,教保費收入淨額-決算數,非收支,9992328.0,,,,9992328.0,,9992328.0,
N01,安溪,111,附表二,教保費收入淨額-決算數,非收支,16227807.0,9992328.0,6235479.0,0.6240266532483721,13110067.5,4409149.484846313,13110067.5,0.7071067811865475
N01,安溪,110,附表二,教保費收入減項-差異率,非收支,,,,,,,,
N01,安溪,111,附表二,教保費收入減項-差異率,非收支,,,,,,,,
N01,安溪,110,附表二,教保費收入減項-決算數,非收支,-76932.0,,,,-76932.0,,-76932.0,
N01,安溪,111,附表二,教保費收入減項-決算數,非收支,-110047.0,-76932.0,-33115.0,-0.43044506837206886,-93489.5,23415.841058992522,-93489.5,-0.7071067811865475
N01,安溪,110,附表二,教保費收入（家長繳費）-差異率,非收支,72.0,,,,72.0,,72.0,
N01,安溪,111,附表二,教保費收入（家長繳費）-差異率,非收支,66.0,72.0,-6.0,-0.08333333333333333,69.0,4.242640687119285,69.0,-0.7071067811865476
N01,安溪,110,附表二,教保費收入（家長繳費）-決算數,非收支,1940500.0,,,,1940500.0,,1940500.0,
N01,安溪,111,附表二,教保費收入（家長繳費）-決算數,非收支,2152116.0,1940500.0,211616.0,0.10905230610667353,2046308.0,149635.10860757245,2046308.0,0.7071067811865475
N01,安溪,110,附表二,教保費收入（政府學費差額補助）-差異率,非收支,110.0,,,,110.0,,110.0,
N01,安溪,111,附表二,教保費收入（政府學費差額補助）-差異率,非收支,105.0,110.0,-5.0,-0.045454545454545456,107.5,3.5355339059327378,107.5,-0.7071067811865475
N01,安溪,110,附表二,教保費收入（政府學費差額補助）-決算數,非收支,8128760.0,,,,8128760.0,,8128760.0,
N01,安溪,111,附表二,教保費收入（政府學費差額補助）-決算數,非收支,14185738.0,8128760.0,6056978.0,0.7451293924288576,11157249.0,4282930.217297732,11157249.0,0.7071067811865476
N01,安溪,112,附表二,文宣費（一般文宣）-差異率,非收支,,,,,,,,
N01,安溪,113,附表二,文宣費（一般文宣）-差異率,非收支,,,,,,,,
N01,安溪,112,附表二,文宣費（一般文宣）-決算數,非收支,,,,,,,,
N01,安溪,113,附表二,文宣費（一般文宣）-決算數,非收支,,,,,,,,
N01,安溪,112,附表二,文宣費（園刊）-差異率,非收支,,,,,,,,
N01,安溪,113,附表二,文宣費（園刊）-差異率,非收支,,,,,,,,
N01,安溪,112,附表二,文宣費（園刊）-決算數,非收支,,,,,,,,
N01,安溪,113,附表二,文宣費（園刊）-決算數,非收支,,,,,,,,
N01,安溪,112,附表二,日常消耗用品-差異率,非收支,-29.0,,,,-29.0,,-29.0,
N01,安溪,113,附表二,日常消耗用品-差異率,非收支,-34.0,-29.0,-5.0,-0.1724137931034483,-31.5,3.5355339059327378,-31.5,-0.7071067811865475
N01,安溪,112,附表二,日常消耗用品-決算數,非收支,58145.0,,,,58145.0,,58145.0,
N01,安溪,113,附表二,日常消耗用品-決算數,非收支,47419.0,58145.0,-10726.0,-0.18446985983317568,52782.0,7584.427335006909,52782.0,-0.7071067811865475
N01,安溪,110,附表二,會計、總務、廚工、清潔薪資-差異率,非收支,92.0,,,,92.0,,92.0,
N01,安溪,111,附表二,會計、總務、廚工、清潔薪資-差異率,非收支,92.0,92.0,0.0,0.0,92.0,0.0,92.0,
N01,安溪,110,附表二,會計、總務、廚工、清潔薪資-決算數,非收支,1092831.0,,,,1092831.0,,1092831.0,
N01,安溪,111,附表二,會計、總務、廚工、清潔薪資-決算數,非收支,2391674.0,1092831.0,1298843.0,1.1885122219263546,1742252.5,918420.692996679,1742252.5,0.7071067811865475
N01,安溪,112,附表二,材料費-差異率,非收支,-7.0,,,,-7.0,,-7.0,
N01,安溪,113,附表二,材料費-差異率,非收支,-10.0,-7.0,-3.0,-0.42857142857142855,-8.5,2.1213203435596424,-8.5,-0.7071067811865476
N01,安溪,112,附表二,材料費-決算數,非收支,2216621.0,,,,2216621.0,,2216621.0,
N01,安溪,113,附表二,材料費-決算數,非收支,1890864.0,2216621.0,-325757.0,-0.14696107273187434,2053742.5,230344.98371898616,2053742.5,-0.7071067811865476
N01,安溪,110,附表二,業務費-差異率,非收支,44.0,,,,44.0,,44.0,
N01,安溪,112,附表二,業務費-差異率,非收支,-55.0,,,,-5.5,70.0035713374682,-5.5,-0.7071067811865476
N01,安溪,113,附表二,業務費-差異率,非收支,-53.0,-55.0,2.0,0.03636363636363636,-21.333333333333332,56.58916268450464,-21.333333333333332,-0.5595888888339692
N01,安溪,110,附表二,業務費-決算數,非收支,300404.0,,,,300404.0,,300404.0,
N01,安溪,112,附表二,業務費-決算數,非收支,394450.0,,,,347427.0,66500.56434347005,347427.0,0.7071067811865476
N01,安溪,113,附表二,業務費-決算數,非收支,382209.0,394450.0,-12241.0,-0.031033084041069844,359021.0,51131.44861041979,359021.0,0.45349781064631617
N01,安溪,112,附表二,水費-差異率,非收支,-67.0,,,,-67.0,,-67.0,
N01,安溪,113,附表二,水費-差異率,非收支,-65.0,-67.0,2.0,0.029850746268656716,-66.0,1.4142135623730951,-66.0,0.7071067811865475
N01,安溪,112,附表二,水費-決算數,非收支,12458.0,,,,12458.0,,12458.0,
N01,安溪,113,附表二,水費-決算數,非收支,11291.0,12458.0,-1167.0,-0.09367474715042542,11874.5,825.1936136447009,11874.5,-0.7071067811865476
N01,安溪,110,附表二,活動費-差異率,非收支,39.0,,,,39.0,,39.0,
N01,安溪,112,附表二,活動費-差異率,非收支,-53.0,,,,-7.0,65.05382386916237,-7.0,-0.7071067811865476
N01,安溪,113,附表二,活動費-差異率,非收支,-51.0,-53.0,2.0,0.03773584905660377,-21.666666666666668,52.54839039716948,-21.666666666666668,-0.5582156391780436
N01,安溪,110,附表二,活動費-決算數,非收支,36885.0,,,,36885.0,,36885.0,
N01,安溪,112,附表二,活動費-決算數,非收支,54090.0,,,,45487.5,12165.77217031455,45487.5,0.7071067811865475
N01,安溪,113,附表二,活動費-決算數,非收支,56435.0,54090.0,2345.0,0.04335366980957663,49136.666666666664,10674.842309530073,49136.666666666664,0.6836947208876027
N01,安溪,112,附表二,瓦斯費-差異率,非收支,-41.0,,,,-41.0,,-41.0,
N01,安溪,113,附表二,瓦斯費-差異率,非收支,-30.0,-41.0,11.0,0.2682926829268293,-35.5,7.7781745930520225,-35.5,0.7071067811865476
N01,安溪,112,附表二,瓦斯費-決算數,非收支,21150.0,,,,21150.0,,21150.0,
N01,安溪,113,附表二,瓦斯費-決算數,非收支,23915.0,21150.0,2765.0,0.13073286052009456,22532.5,1955.150249980804,22532.5,0.7071067811865476
N01,安溪,112,附表二,研習、進修-差異率,非收支,-94.0,,,,-94.0,,-94.0,
N01,安溪,113,附表二,研習、進修-差異率,非收支,-56.0,-94.0,38.0,0.40425531914893614,-75.0,26.870057685088806,-75.0,0.7071067811865475
N01,安溪,112,附表二,研習、進修-決算數,非收支,2000.0,,,,2000.0,,2000.0,
N01,安溪,113,附表二,研習、進修-決算數,非收支,16000.0,2000.0,14000.0,7.0,9000.0,9899.494936611665,9000.0,0.7071067811865476
N01,安溪,112,附表二,維護費-差異率,非收支,-64.0,,,,-64.0,,-64.0,
N01,安溪,113,附表二,維護費-差異率,非收支,-26.0,-64.0,38.0,0.59375,-45.0,26.870057685088806,-45.0,0.7071067811865475
N01,安溪,112,附表二,維護費-決算數,非收支,51581.0,,,,51581.0,,51581.0,
N01,安溪,113,附表二,維護費-決算數,非收支,106064.0,51581.0,54483.0,1.0562610263469108,78822.5,38525.29875938667,78822.5,0.7071067811865475
N01,安溪,110,附表二,自強活動-差異率,非收支,100.0,,,,100.0,,100.0,
N01,安溪,111,附表二,自強活動-差異率,非收支,100.0,100.0,0.0,0.0,100.0,0.0,100.0,
N01,安溪,110,附表二,自強活動-決算數,非收支,12000.0,,,,12000.0,,12000.0,
N01,安溪,111,附表二,自強活動-決算數,非收支,18000.0,12000.0,6000.0,0.5,15000.0,4242.640687119285,15000.0,0.7071067811865476
N01,安溪,112,附表二,藥品費-差異率,非收支,-27.0,,,,-27.0,,-27.0,
N01,安溪,113,附表二,藥品費-差異率,非收支,-61.0,-27.0,-34.0,-1.2592592592592593,-44.0,24.041630560342615,-44.0,-0.7071067811865476
N01,安溪,112,附表二,藥品費-決算數,非收支,6961.0,,,,6961.0,,6961.0,
N01,安溪,113,附表二,藥品費-決算數,非收支,3255.0,6961.0,-3706.0,-0.5323947708662549,5108.0,2620.537731077345,5108.0,-0.7071067811865476
N01,安溪,112,附表二,行政管理費-差異率,非收支,,,,,,,,
N01,安溪,113,附表二,行政管理費-差異率,非收支,,,,,,,,
N01,安溪,112,附表二,行政管理費-決算數,非收支,325932.0,,,,325932.0,,325932.0,
N01,安溪,113,附表二,行政管理費-決算數,非收支,290580.0,325932.0,-35352.0,-0.10846434225543979,308256.0,24997.63892850683,308256.0,-0.7071067811865475
N01,安溪,110,附表二,資遣費-差異率,非收支,100.0,,,,100.0,,100.0,
N01,安溪,112,附表二,資遣費-差異率,非收支,,,,,100.0,,100.0,
N01,安溪,113,附表二,資遣費-差異率,非收支,,,,,100.0,,100.0,
N01,安溪,110,附表二,資遣費-決算數,非收支,44678.0,,,,44678.0,,44678.0,
N01,安溪,112,附表二,資遣費-決算數,非收支,74925.0,,,,59801.5,21387.858810549504,59801.5,0.7071067811865475
N01,安溪,113,附表二,資遣費-決算數,非收支,76532.0,74925.0,1607.0,0.021448114781448115,65378.333333333336,17945.01218537712,65378.333333333336,0.621546898461037
N01,安溪,110,附表二,轉學/轉出退費-差異率,非收支,,,,,,,,
N01,安溪,111,附表二,轉學/轉出退費-差異率,非收支,,,,,,,,
N01,安溪,110,附表二,轉學/轉出退費-決算數,非收支,-1500.0,,,,-1500.0,,-1500.0,
N01,安溪,111,附表二,轉學/轉出退費-決算數,非收支,-24075.0,-1500.0,-22575.0,-15.05,-12787.5,15962.93558528631,-12787.5,-0.7071067811865476
N01,安溪,112,附表二,辦公文具-差異率,非收支,-67.0,,,,-67.0,,-67.0,
N01,安溪,113,附表二,辦公文具-差異率,非收支,-88.0,-67.0,-21.0,-0.31343283582089554,-77.5,14.849242404917497,-77.5,-0.7071067811865476
N01,安溪,112,附表二,辦公文具-決算數,非收支,9907.0,,,,9907.0,,9907.0,
N01,安溪,113,附表二,辦公文具-決算數,非收支,2881.0,9907.0,-7026.0,-0.7091955183203795,6394.0,4968.132244616683,6394.0,-0.7071067811865475
N01,安溪,112,附表二,郵資-差異率,非收支,-67.0,,,,-67.0,,-67.0,
N01,安溪,113,附表二,郵資-差異率,非收支,-78.0,-67.0,-11.0,-0.16417910447761194,-72.5,7.7781745930520225,-72.5,-0.7071067811865476
N01,安溪,112,附表二,郵資-決算數,非收支,2782.0,,,,2782.0,,2782.0,
N01,安溪,113,附表二,郵資-決算數,非收支,1809.0,2782.0,-973.0,-0.34974838245866285,2295.5,688.0148980945107,2295.5,-0.7071067811865476
N01,安溪,112,附表二,雜支-差異率,非收支,-64.0,,,,-64.0,,-64.0,
N01,安溪,113,附表二,雜支-差異率,非收支,-57.0,-64.0,7.0,0.109375,-60.5,4.949747468305833,-60.5,0.7071067811865476
N01,安溪,112,附表二,雜支-決算數,非收支,18950.0,,,,18950.0,,18950.0,
N01,安溪,113,附表二,雜支-決算數,非收支,20662.0,18950.0,1712.0,0.09034300791556728,19806.0,1210.5668093913694,19806.0,0.7071067811865476
N01,安溪,112,附表二,電話費（含 ADSL）-差異率,非收支,-32.0,,,,-32.0,,-32.0,
N01,安溪,113,附表二,電話費（含 ADSL）-差異率,非收支,-36.0,-32.0,-4.0,-0.125,-34.0,2.8284271247461903,-34.0,-0.7071067811865475
N01,安溪,112,附表二,電話費（含 ADSL）-決算數,非收支,36500.0,,,,36500.0,,36500.0,
N01,安溪,113,附表二,電話費（含 ADSL）-決算數,非收支,34787.0,36500.0,-1713.0,-0.04693150684931507,35643.5,1211.2739161725558,35643.5,-0.7071067811865476
N01,安溪,112,附表二,電費-差異率,非收支,-57.0,,,,-57.0,,-57.0,
N01,安溪,113,附表二,電費-差異率,非收支,-51.0,-57.0,6.0,0.10526315789473684,-54.0,4.242640687119285,-54.0,0.7071067811865476
N01,安溪,112,附表二,電費-決算數,非收支,137832.0,,,,137832.0,,137832.0,
N01,安溪,113,附表二,電費-決算數,非收支,128387.0,137832.0,-9445.0,-0.06852545127401474,133109.5,6678.623548306941,133109.5,-0.7071067811865476
N01,安溪,112,附表二,餐點費-差異率,非收支,,,,,,,,
N01,安溪,113,附表二,餐點費-差異率,非收支,-4.0,,,,-4.0,,-4.0,
N01,安溪,112,附表二,餐點費-決算數,非收支,1950474.0,,,,1950474.0,,1950474.0,
N01,安溪,113,附表二,餐點費-決算數,非收支,1659098.0,1950474.0,-291376.0,-0.14938727714391475,1804786.0,206033.94547501148,1804786.0,-0.7071067811865475
N01,安溪,110,附表四,帳面價值總額,非收支,633610.0,,,,633610.0,,633610.0,
N01,安溪,111,附表四,帳面價值總額,非收支,1529156.0,633610.0,895546.0,1.4134025662473761,1081383.0,633246.6494644879,1081383.0,0.7071067811865475
N01,安溪,112,附表四,帳面價值總額,非收支,3182796.0,1529156.0,1653640.0,1.081406998370343,1781854.0,1293243.799541293,1781854.0,1.0832775695479129
N01,安溪,113,附表四,帳面價值總額,非收支,2782608.0,3182796.0,-400188.0,-0.12573473134941732,2032042.5,1168487.6944853407,2498186.6666666665,0.6423392420324853
N01,安溪,110,附表四,財產筆數,非收支,41.0,,,,41.0,,41.0,
N01,安溪,111,附表四,財產筆數,非收支,77.0,41.0,36.0,0.8780487804878049,59.0,25.45584412271571,59.0,0.7071067811865476
N01,安溪,112,附表四,財產筆數,非收支,157.0,77.0,80.0,1.0389610389610389,91.66666666666667,59.37451754189952,91.66666666666667,1.1003598182878502
N01,安溪,113,附表四,財產筆數,非收支,161.0,157.0,4.0,0.025477707006369428,109.0,59.598657703005365,131.66666666666666,0.8725028717782315
N02,山北,109,收支餘絀表,人事費,收支,7131318.0,,,,7131318.0,,7131318.0,
N02,山北,110,收支餘絀表,人事費,收支,6971731.0,7131318.0,-159587.0,-0.022378331747371243,7051524.5,112845.04988921755,7051524.5,-0.7071067811865476
N02,山北,111,收支餘絀表,人事費,收支,7286602.0,6971731.0,314871.0,0.04516396286661089,7129883.666666667,157440.4002927244,7129883.666666667,0.9954137123759286
N02,山北,112,收支餘絀表,人事費,收支,9157815.0,7286602.0,1871213.0,0.2568018673175782,7636866.5,1022081.8751980357,7805382.666666667,1.4880887108044112
N02,山北,113,收支餘絀表,人事費,收支,9040242.0,9157815.0,-117573.0,-0.012838542818346952,7917541.6,1085071.923195094,8494886.333333334,1.0346783250036604
N02,山北,109,收支餘絀表,修繕購置費,收支,112946.0,,,,112946.0,,112946.0,
N02,山北,110,收支餘絀表,修繕購置費,收支,50201.0,112946.0,-62745.0,-0.5555309616985108,81573.5,44367.41498554993,81573.5,-0.7071067811865475
N02,山北,111,收支餘絀表,修繕購置費,收支,24821.0,50201.0,-25380.0,-0.5055676181749368,62656.0,45363.52251534266,62656.0,-0.834040169327759
N02,山北,112,收支餘絀表,修繕購置費,收支,107677.0,24821.0,82856.0,3.338141090205874,73911.25,43343.073959399786,60899.666666666664,0.7790345011438037
N02,山北,113,收支餘絀表,修繕購置費,收支,288508.0,107677.0,180831.0,1.6793837123991195,116830.6,103050.0828107382,140335.33333333334,1.6659608155318297
N02,山北,109,收支餘絀表,公共事務管理費,收支,20255.0,,,,20255.0,,20255.0,
N02,山北,110,收支餘絀表,公共事務管理費,收支,14400.0,20255.0,-5855.0,-0.28906442853616393,17327.5,4140.110203847235,17327.5,-0.7071067811865476
N02,山北,111,收支餘絀表,公共事務管理費,收支,23499.0,14400.0,9099.0,0.631875,19384.666666666668,4611.513887362081,19384.666666666668,0.8921871285281653
N02,山北,112,收支餘絀表,公共事務管理費,收支,20538.0,23499.0,-2961.0,-0.1260053619302949,19673.0,3809.188627516364,19479.0,0.22708247991488684
N02,山北,113,收支餘絀表,公共事務管理費,收支,21756.0,20538.0,1218.0,0.05930470347648262,20089.6,3427.8588506529845,21931.0,0.4861343691799221
N02,山北,109,收支餘絀表,其他支出,收支,895990.0,,,,895990.0,,895990.0,
N02,山北,110,收支餘絀表,其他支出,收支,1874209.0,895990.0,978219.0,1.0917744617685465,1385099.5,691705.2883855234,1385099.5,0.7071067811865475
N02,山北,111,收支餘絀表,其他支出,收支,2293328.0,1874209.0,419119.0,0.22362447304436164,1687842.3333333333,717068.8756279506,1687842.3333333333,0.8443898309439684
N02,山北,112,收支餘絀表,其他支出,收支,935839.0,2293328.0,-1357489.0,-0.5919297196039991,1499841.5,695822.6078527486,1701125.3333333333,-0.8105550087549833
N02,山北,113,收支餘絀表,其他支出,收支,1652090.0,935839.0,716251.0,0.765357075308894,1530291.2,606434.4542897444,1627085.6666666667,0.20084412938353036
N02,山北,109,收支餘絀表,其他收入,收支,895990.0,,,,895990.0,,895990.0,
N02,山北,110,收支餘絀表,其他收入,收支,1874209.0,895990.0,978219.0,1.0917744617685465,1385099.5,691705.2883855234,1385099.5,0.7071067811865475
N02,山北,111,收支餘絀表,其他收入,收支,2293328.0,1874209.0,419119.0,0.22362447304436164,1687842.3333333333,717068.8756279506,1687842.3333333333,0.8443898309439684
N02,山北,112,收支餘絀表,其他收入,收支,935839.0,2293328.0,-1357489.0,-0.5919297196039991,1499841.5,695822.6078527486,1701125.3333333333,-0.8105550087549833
N02,山北,113,收支餘絀表,其他收入,收支,1652090.0,935839.0,716251.0,0.765357075308894,1530291.2,606434.4542897444,1627085.6666666667,0.20084412938353036
N02,山北,109,收支餘絀表,利息收入,收支,18888.0,,,,18888.0,,18888.0,
N02,山北,110,收支餘絀表,利息收入,收支,25283.0,18888.0,6395.0,0.3385747564591275,22085.5,4521.947865687971,22085.5,0.7071067811865476
N02,山北,111,收支餘絀表,利息收入,收支,37036.0,25283.0,11753.0,0.4648578095953803,27069.0,9204.880390314695,27069.0,1.0827951670602045
N02,山北,112,收支餘絀表,利息收入,收支,68971.0,37036.0,31935.0,0.862269143536019,37544.5,22258.278227811483,43763.333333333336,1.4119016609619393
N02,山北,113,收支餘絀表,利息收入,收支,92442.0,68971.0,23471.0,0.34030244595554654,48524.0,31214.10440009452,66149.66666666667,1.4069921544783137
N02,山北,109,收支餘絀表,延後托育支出,收支,302349.0,,,,302349.0,,302349.0,
N02,山北,110,收支餘絀表,延後托育支出,收支,333635.0,302349.0,31286.0,0.10347644609375259,317992.0,22122.542756202325,317992.0,0.7071067811865476
N02,山北,111,收支餘絀表,延後托育支出,收支,237151.0,333635.0,-96484.0,-0.2891902827940714,291045.0,49225.25648485745,291045.0,-1.094844473112674
N02,山北,109,收支餘絀表,延後托育收入淨額,收支,436450.0,,,,436450.0,,436450.0,
N02,山北,110,收支餘絀表,延後托育收入淨額,收支,333797.0,436450.0,-102653.0,-0.23519990835147211,385123.5,72586.63240914266,385123.5,-0.7071067811865475
N02,山北,111,收支餘絀表,延後托育收入淨額,收支,237300.0,333797.0,-96497.0,-0.2890888773715761,335849.0,99590.8562720494,335849.0,-0.9895386352618217
N02,山北,112,收支餘絀表,延長照顧服務支出,收支,143778.0,,,,143778.0,,143778.0,
N02,山北,113,收支餘絀表,延長照顧服務支出,收支,106755.0,143778.0,-37023.0,-0.25750114760255394,125266.5,26179.214359869547,125266.5,-0.7071067811865476
N02,山北,112,收支餘絀表,延長照顧服務收入淨額,收支,155084.0,,,,155084.0,,155084.0,
N02,山北,113,收支餘絀表,延長照顧服務收入淨額,收支,106755.0,155084.0,-48329.0,-0.31163111604033944,130919.5,34173.763627964654,130919.5,-0.7071067811865476
N02,山北,109,收支餘絀表,所得稅費用,收支,12592.0,,,,12592.0,,12592.0,
N02,山北,110,收支餘絀表,所得稅費用,收支,25077.0,12592.0,12485.0,0.991502541296061,18834.5,8828.228163114045,18834.5,0.7071067811865476
N02,山北,111,收支餘絀表,所得稅費用,收支,,25077.0,,,18834.5,8828.228163114045,18834.5,
N02,山北,112,收支餘絀表,所得稅費用,收支,,,,,18834.5,8828.228163114045,25077.0,
N02,山北,113,收支餘絀表,所得稅費用,收支,,,,,18834.5,8828.228163114045,,
N02,山北,110,收支餘絀表,支出,收支,,,,,,,,
N02,山北,109,收支餘絀表,支出合計,收支,11123655.0,,,,11123655.0,,11123655.0,
N02,山北,110,收支餘絀表,支出合計,收支,11291786.0,11123655.0,168131.0,0.015114726229822842,11207720.5,118886.57022767542,11207720.5,0.7071067811865476
N02,山北,111,收支餘絀表,支出合計,收支,12287391.0,11291786.0,995605.0,0.08817072870491878,11567610.666666666,628991.1004778475,11567610.666666666,1.1443410451857163
N02,山北,112,收支餘絀表,支出合計,收支,14199695.0,12287391.0,1912304.0,0.15563141109451145,12225631.75,1412699.6097654956,12592957.333333334,1.3973694310906544
N02,山北,113,收支餘絀表,支出合計,收支,15191842.0,14199695.0,992147.0,0.06987100779277301,12818873.8,1804569.4195609933,13892976.0,1.3149775089158295
N02,山北,110,收支餘絀表,收入,收支,,,,,,,,
N02,山北,109,收支餘絀表,收入合計,收支,10905158.0,,,,10905158.0,,10905158.0,
N02,山北,110,收支餘絀表,收入合計,收支,12382097.0,10905158.0,1476939.0,0.13543490153925325,11643627.5,1044353.5822988783,11643627.5,0.7071067811865475
N02,山北,111,收支餘絀表,收入合計,收支,12701252.0,12382097.0,319155.0,0.02577552089924671,11996169.0,958224.2587708788,11996169.0,0.7358225316737599
N02,山北,112,收支餘絀表,收入合計,收支,13850855.0,12701252.0,1149603.0,0.09051099844330307,12459840.5,1213298.8885872269,12978068.0,1.146473068659699
N02,山北,113,收支餘絀表,收入合計,收支,15866725.0,13850855.0,2015870.0,0.14554119583231503,13141217.4,1850795.2463882384,14139610.666666666,1.472614329066779
N02,山北,109,收支餘絀表,教保費收入,收支,10266444.0,,,,10266444.0,,10266444.0,
N02,山北,110,收支餘絀表,教保費收入,收支,10232397.0,10266444.0,-34047.0,-0.0033163381595419017,10249420.5,24074.864579058383,10249420.5,-0.7071067811865476
N02,山北,111,收支餘絀表,教保費收入,收支,10232832.0,10232397.0,435.0,4.2512033104266773e-05,10243891.0,19532.681920309868,10243891.0,-0.5661792909503622
N02,山北,112,收支餘絀表,教保費收入,收支,12764928.0,10232832.0,2532096.0,0.24744821374962472,10874150.25,1260619.3871602365,11076719.0,1.4998799552490656
N02,山北,113,收支餘絀表,教保費收入,收支,14066000.0,12764928.0,1301072.0,0.10192552594107855,11512520.2,1797067.582139915,12354586.666666666,1.4209147309637424
N02,山北,109,收支餘絀表,教保費收入減項,收支,-712614.0,,,,-712614.0,,-712614.0,
N02,山北,110,收支餘絀表,教保費收入減項,收支,-83589.0,-712614.0,629025.0,0.8827008731234581,-398101.5,444787.8430358681,-398101.5,0.7071067811865475
N02,山北,111,收支餘絀表,教保費收入減項,收支,-99244.0,-83589.0,-15655.0,-0.18728540836712965,-298482.3333333333,358733.9512205854,-298482.3333333333,0.5553930221977281
N02,山北,112,收支餘絀表,教保費收入減項,收支,-73967.0,-99244.0,25277.0,0.2546954979646125,-242353.5,313680.01035715785,-85600.0,0.5368097884473868
N02,山北,113,收支餘絀表,教保費收入減項,收支,-50562.0,-73967.0,23405.0,0.3164248921816486,-203995.2,284873.93276272225,-74591.0,0.538600350379541
N02,山北,109,收支餘絀表,本期稅前餘絀,收支,-218497.0,,,,-218497.0,,-218497.0,
N02,山北,110,收支餘絀表,本期稅前餘絀,收支,1090311.0,-218497.0,1308808.0,5.990050206638993,435907.0,925467.0120712029,435907.0,0.7071067811865476
N02,山北,111,收支餘絀表,本期稅前餘絀,收支,413861.0,1090311.0,-676450.0,-0.6204193115542262,428558.3333333333,654527.7716960016,428558.3333333333,-0.022454865887890172
N02,山北,112,收支餘絀表,本期稅前餘絀,收支,-348840.0,413861.0,-762701.0,-1.84289169552096,234208.75,660826.3348123948,385110.6666666667,-0.8823025343950988
N02,山北,113,收支餘絀表,本期稅前餘絀,收支,674883.0,-348840.0,1023723.0,2.9346491228070177,322343.6,605274.6009116854,246634.66666666666,0.5824453883724727
N02,山北,109,收支餘絀表,本期稅後餘絀,收支,,,,,,,,
N02,山北,110,收支餘絀表,本期稅後餘絀,收支,1065234.0,,,,1065234.0,,1065234.0,
N02,山北,111,收支餘絀表,本期稅後餘絀,收支,413861.0,1065234.0,-651373.0,-0.6114834862574796,739547.5,460590.26538182504,739547.5,-0.7071067811865475
N02,山北,112,收支餘絀表,本期稅後餘絀,收支,,413861.0,,,739547.5,460590.26538182504,739547.5,
N02,山北,113,收支餘絀表,本期稅後餘絀,收支,674883.0,,,,717992.6666666666,327819.35391665535,544372.0,-0.131504336615912
N02,山北,109,收支餘絀表,材料費,收支,905342.0,,,,905342.0,,905342.0,
N02,山北,110,收支餘絀表,材料費,收支,1085568.0,905342.0,180226.0,0.19906952289852894,995455.0,127439.02674612672,995455.0,0.7071067811865475
N02,山北,111,收支餘絀表,材料費,收支,1115609.0,1085568.0,30041.0,0.027673070687418935,1035506.3333333334,113721.94455923329,1035506.3333333334,0.7043729948263793
N02,山北,112,收支餘絀表,材料費,收支,1219134.0,1115609.0,103525.0,0.09279684907525845,1081413.25,130581.64919920154,1140103.6666666667,1.0546715472241264
N02,山北,113,收支餘絀表,材料費,收支,1120241.0,1219134.0,-98893.0,-0.08111741613309119,1089178.8,114412.38641292295,1151661.3333333333,0.27149333191857505
N02,山北,109,收支餘絀表,業務發展費,收支,1199000.0,,,,1199000.0,,1199000.0,
N02,山北,110,收支餘絀表,業務發展費,收支,294400.0,1199000.0,-904600.0,-0.7544620517097581,746700.0,639648.7942613509,746700.0,-0.7071067811865476
N02,山北,111,收支餘絀表,業務發展費,收支,620000.0,294400.0,325600.0,1.1059782608695652,704466.6666666666,458177.0982200369,704466.6666666666,-0.18435375097273413
N02,山北,112,收支餘絀表,業務發展費,收支,1833375.0,620000.0,1213375.0,1.9570564516129032,986693.75,677170.0981458918,915925.0,1.2503228543585043
N02,山北,113,收支餘絀表,業務發展費,收支,2204787.0,1833375.0,371412.0,0.20258375946001228,1230312.4,800418.4777391761,1552720.6666666667,1.2174564019966838
N02,山北,109,收支餘絀表,業務費,收支,363294.0,,,,363294.0,,363294.0,
N02,山北,110,收支餘絀表,業務費,收支,445333.0,363294.0,82039.0,0.22581985939762286,404313.5,58010.333221763176,404313.5,0.7071067811865475
N02,山北,111,收支餘絀表,業務費,收支,505083.0,445333.0,59750.0,0.1341692621027411,437903.3333333333,71185.8840665292,437903.3333333333,0.9437217441014238
N02,山北,112,收支餘絀表,業務費,收支,463878.0,505083.0,-41205.0,-0.08158065110090816,444397.0,59556.33932672491,471431.3333333333,0.32710203851058767
N02,山北,113,收支餘絀表,業務費,收支,485428.0,463878.0,21550.0,0.046456180288782824,452603.2,54744.19382637761,484796.3333333333,0.5996033132592024
N02,山北,109,收支餘絀表,維護費,收支,54041.0,,,,54041.0,,54041.0,
N02,山北,110,收支餘絀表,維護費,收支,93029.0,54041.0,38988.0,0.7214522307137173,73535.0,27568.679184901113,73535.0,0.7071067811865476
N02,山北,111,收支餘絀表,維護費,收支,52748.0,93029.0,-40281.0,-0.43299401261972076,66606.0,22892.120019779733,66606.0,-0.605361145583114
N02,山北,112,收支餘絀表,維護費,收支,81966.0,52748.0,29218.0,0.5539167361795708,70446.0,20207.63484428596,75914.33333333333,0.5700815602008698
N02,山北,113,收支餘絀表,維護費,收支,44629.0,81966.0,-37337.0,-0.4555181416684967,65282.6,20965.802567514558,59781.0,-0.9851089617719523
N02,山北,109,收支餘絀表,行政管理費,收支,125430.0,,,,125430.0,,125430.0,
N02,山北,110,收支餘絀表,行政管理費,收支,125430.0,125430.0,0.0,0.0,125430.0,0.0,125430.0,
N02,山北,111,收支餘絀表,行政管理費,收支,125430.0,125430.0,0.0,0.0,125430.0,0.0,125430.0,
N02,山北,112,收支餘絀表,行政管理費,收支,229600.0,125430.0,104170.0,0.8305030694411225,151472.5,52085.0,160153.33333333334,1.5
N02,山北,113,收支餘絀表,行政管理費,收支,222612.0,229600.0,-6988.0,-0.03043554006968641,165700.4,55197.83610613735,192547.33333333334,1.0310476644513262
N02,山北,109,收支餘絀表,雜支,收支,13690.0,,,,13690.0,,13690.0,
N02,山北,110,收支餘絀表,雜支,收支,3850.0,13690.0,-9840.0,-0.718772826880935,8770.0,6957.930726875627,8770.0,-0.7071067811865476
N02,山北,111,收支餘絀表,雜支,收支,3120.0,3850.0,-730.0,-0.18961038961038962,6886.666666666667,5903.154523924758,6886.666666666667,-0.6380769216527927
N02,山北,112,收支餘絀表,雜支,收支,6095.0,3120.0,2975.0,0.9535256410256411,6688.75,4836.132020185829,4355.0,-0.1227737368462462
N02,山北,113,收支餘絀表,雜支,收支,4794.0,6095.0,-1301.0,-0.21345365053322396,6309.8,4273.07210329992,4669.666666666667,-0.35473307338516696
N02,山北,110,現金流量表,其他應付款,非收支,-268471.0,,,,-268471.0,,-268471.0,
N02,山北,111,現金流量表,其他應付款,非收支,106471.0,-268471.0,374942.0,1.3965828711480943,-81000.0,265124.0307516465,-81000.0,0.7071067811865476
N02,山北,112,現金流量表,其他應付款,非收支,45591.0,106471.0,-60880.0,-0.5717988935954391,-38803.0,201214.15523764724,-38803.0,0.41942377215124405
N02,山北,113,現金流量表,其他應付款,非收支,92289.0,45591.0,46698.0,1.0242811081134435,-6030.0,176883.3013448886,81450.33333333333,0.5558410502995801
N02,山北,110,現金流量表,其他應收款,非收支,-162195.0,,,,-162195.0,,-162195.0,
N02,山北,111,現金流量表,其他應收款,非收支,-34344.0,-162195.0,127851.0,0.7882548783871266,-98269.5,90404.30908148129,-98269.5,0.7071067811865475
N02,山北,112,現金流量表,其他應收款,非收支,198144.0,-34344.0,232488.0,6.769392033542977,535.0,182684.0365521848,535.0,1.081698235540968
N02,山北,113,現金流量表,其他應收款,非收支,,198144.0,,,535.0,182684.0365521848,81900.0,
N02,山北,111,現金流量表,其他流動負債,非收支,90.0,,,,90.0,,90.0,
N02,山北,112,現金流量表,其他流動負債,非收支,-35.0,90.0,-125.0,-1.3888888888888888,27.5,88.38834764831844,27.5,-0.7071067811865475
N02,山北,113,現金流量表,其他流動負債,非收支,-55.0,-35.0,-20.0,-0.5714285714285714,0.0,78.58116822750856,0.0,-0.6999132392733556
N02,山北,110,現金流量表,其他流動資產,非收支,2326.0,,,,2326.0,,2326.0,
N02,山北,111,現金流量表,其他流動資產,非收支,281.0,2326.0,-2045.0,-0.8791917454858126,1303.5,1446.0333675264897,1303.5,-0.7071067811865476
N02,山北,112,現金流量表,其他流動資產,非收支,-9.0,281.0,-290.0,-1.0320284697508897,866.0,1272.6841713481,866.0,-0.6875232832299233
N02,山北,113,現金流量表,其他流動資產,非收支,-4466.0,-9.0,-4457.0,-495.22222222222223,-467.0,2861.358535148412,-1398.0,-1.3975878768343797
N02,山北,110,現金流量表,應付帳款,非收支,-38042.0,,,,-38042.0,,-38042.0,
N02,山北,111,現金流量表,應付帳款,非收支,4860.0,-38042.0,42902.0,1.1277535355659534,-16591.0,30336.295126465262,-16591.0,0.7071067811865476
N02,山北,112,現金流量表,應付帳款,非收支,102.0,4860.0,-4758.0,-0.9790123456790123,-11026.666666666666,23516.607266638897,-11026.666666666666,0.47322585866601613
N02,山北,113,現金流量表,應付帳款,非收支,6258.0,102.0,6156.0,60.35294117647059,-6705.5,21056.522433678358,3740.0,0.6156524678199395
N02,山北,110,現金流量表,應付票據,非收支,-60999.0,,,,-60999.0,,-60999.0,
N02,山北,111,現金流量表,應付票據,非收支,-1299.0,-60999.0,59700.0,0.9787045689273595,-31149.0,42214.274836836885,-31149.0,0.7071067811865476
N02,山北,112,現金流量表,應付票據,非收支,,-1299.0,,,-31149.0,42214.274836836885,-31149.0,
N02,山北,110,現金流量表,應收帳款淨額,非收支,-4599.0,,,,-4599.0,,-4599.0,
N02,山北,111,現金流量表,應收帳款淨額,非收支,-2451.0,-4599.0,2148.0,0.46705805609915196,-3525.0,1518.865365988704,-3525.0,0.7071067811865476
N02,山北,112,現金流量表,應收帳款淨額,非收支,-16681.0,-2451.0,-14230.0,-5.80579355365157,-7910.333333333333,7671.174703611784,-7910.333333333333,-1.143327717792324
N02,山北,113,現金流量表,應收帳款淨額,非收支,23731.0,-16681.0,40412.0,2.4226365325819796,0.0,17015.427548747244,1533.0,1.394675504451088
N02,山北,110,現金流量表,投資活動之淨現金流入,非收支,,,,,,,,
N02,山北,111,現金流量表,投資活動之淨現金流入,非收支,,,,,,,,
N02,山北,112,現金流量表,投資活動之淨現金流入,非收支,,,,,,,,
N02,山北,113,現金流量表,投資活動之淨現金流入,非收支,,,,,,,,
N02,山北,110,現金流量表,投資活動之現金流量：,非收支,,,,,,,,
N02,山北,111,現金流量表,投資活動之現金流量：,非收支,,,,,,,,
N02,山北,112,現金流量表,投資活動之現金流量：,非收支,,,,,,,,
N02,山北,113,現金流量表,投資活動之現金流量：,非收支,,,,,,,,
N02,山北,110,現金流量表,期初現金及約當現金餘額,非收支,4282870.0,,,,4282870.0,,4282870.0,
N02,山北,111,現金流量表,期初現金及約當現金餘額,非收支,4776291.0,4282870.0,493421.0,0.1152080263935165,4529580.5,348901.3350798475,4529580.5,0.7071067811865475
N02,山北,112,現金流量表,期初現金及約當現金餘額,非收支,5870141.0,4776291.0,1093850.0,0.2290166156124072,4976434.0,812342.4291498014,4976434.0,1.1001604347262213
N02,山北,113,現金流量表,期初現金及約當現金餘額,非收支,6143624.0,5870141.0,273483.0,0.04658882980834702,5268231.5,883468.5084878049,5596685.333333333,0.9908587477536372
N02,山北,110,現金流量表,期末現金及約當現金餘額,非收支,4776291.0,,,,4776291.0,,4776291.0,
N02,山北,111,現金流量表,期末現金及約當現金餘額,非收支,5870141.0,4776291.0,1093850.0,0.2290166156124072,5323216.0,773468.752600905,5323216.0,0.7071067811865475
N02,山北,112,現金流量表,期末現金及約當現金餘額,非收支,6143624.0,5870141.0,273483.0,0.04658882980834702,5596685.333333333,723521.5162290154,5596685.333333333,0.75593973972924
N02,山北,113,現金流量表,期末現金及約當現金餘額,非收支,6615258.0,6143624.0,471634.0,0.07676804439855044,5851328.5,779975.3151762775,6209674.333333333,0.97942779102868
N02,山北,110,現金流量表,本期支付所得稅,非收支,-25077.0,,,,-25077.0,,-25077.0,
N02,山北,111,現金流量表,本期支付所得稅,非收支,,-25077.0,,,-25077.0,,-25077.0,
N02,山北,110,現金流量表,本期現金及約當現金增加數,非收支,493421.0,,,,493421.0,,493421.0,
N02,山北,111,現金流量表,本期現金及約當現金增加數,非收支,1093850.0,493421.0,600429.0,1.2168695697994207,793635.5,424567.41752105753,793635.5,0.7071067811865476
N02,山北,112,現金流量表,本期現金及約當現金增加數,非收支,273483.0,1093850.0,-820367.0,-0.7499812588563332,620251.3333333334,424635.0830564207,620251.3333333334,-0.8166266688031961
N02,山北,113,現金流量表,本期現金及約當現金增加數,非收支,471634.0,273483.0,198151.0,0.7245459498396609,583097.0,354586.7272144668,612989.0,-0.31434622743953744
N02,山北,110,現金流量表,本期稅前餘絀,非收支,1090311.0,,,,1090311.0,,1090311.0,
N02,山北,111,現金流量表,本期稅前餘絀,非收支,413861.0,1090311.0,-676450.0,-0.6204193115542262,752086.0,478322.38213364006,752086.0,-0.7071067811865476
N02,山北,112,現金流量表,本期稅前餘絀,非收支,,413861.0,,,752086.0,478322.38213364006,752086.0,
N02,山北,113,現金流量表,本期稅前餘絀,非收支,674883.0,,,,726351.6666666666,341149.4076813462,544372.0,-0.15086840401241858
N02,山北,110,現金流量表,營業活動之淨現金流入,非收支,493421.0,,,,493421.0,,493421.0,
N02,山北,111,現金流量表,營業活動之淨現金流入,非收支,1093850.0,493421.0,600429.0,1.2168695697994207,793635.5,424567.41752105753,793635.5,0.7071067811865476
N02,山北,112,現金流量表,營業活動之淨現金流入,非收支,273483.0,1093850.0,-820367.0,-0.7499812588563332,620251.3333333334,424635.0830564207,620251.3333333334,-0.8166266688031961
N02,山北,113,現金流量表,營業活動之淨現金流入,非收支,471634.0,273483.0,198151.0,0.7245459498396609,583097.0,354586.7272144668,612989.0,-0.31434622743953744
N02,山北,110,現金流量表,營業活動之現金流量：,非收支,,,,,,,,
N02,山北,111,現金流量表,營業活動之現金流量：,非收支,,,,,,,,
N02,山北,112,現金流量表,營業活動之現金流量：,非收支,,,,,,,,
N02,山北,113,現金流量表,營業活動之現金流量：,非收支,,,,,,,,
N02,山北,110,現金流量表,營運產生之現金,非收支,518498.0,,,,518498.0,,518498.0,
N02,山北,111,現金流量表,營運產生之現金,非收支,1093850.0,518498.0,575352.0,1.1096513390601315,806174.0,406835.3007692425,806174.0,0.7071067811865475
N02,山北,110,現金流量表,籌資活動之淨現金流入,非收支,,,,,,,,
N02,山北,111,現金流量表,籌資活動之淨現金流入,非收支,,,,,,,,
N02,山北,112,現金流量表,籌資活動之淨現金流入,非收支,,,,,,,,
N02,山北,113,現金流量表,籌資活動之淨現金流入,非收支,,,,,,,,
N02,山北,110,現金流量表,籌資活動之現金流量：,非收支,,,,,,,,
N02,山北,111,現金流量表,籌資活動之現金流量：,非收支,,,,,,,,
N02,山北,112,現金流量表,籌資活動之現金流量：,非收支,,,,,,,,
N02,山北,113,現金流量表,籌資活動之現金流量：,非收支,,,,,,,,
N02,山北,110,現金流量表,調整項目：,非收支,,,,,,,,
N02,山北,111,現金流量表,調整項目：,非收支,,,,,,,,
N02,山北,112,現金流量表,調整項目：,非收支,,,,,,,,
N02,山北,113,現金流量表,調整項目：,非收支,,,,,,,,
N02,山北,110,現金流量表,資產／負債淨變動數,非收支,,,,,,,,
N02,山北,111,現金流量表,資產／負債淨變動數,非收支,,,,,,,,
N02,山北,112,現金流量表,資產／負債淨變動數,非收支,,,,,,,,
N02,山北,113,現金流量表,資產／負債淨變動數,非收支,,,,,,,,
N02,山北,110,現金流量表,預付款項,非收支,8385.0,,,,8385.0,,8385.0,
N02,山北,111,現金流量表,預付款項,非收支,-34457.0,8385.0,-42842.0,-5.109361955873584,-13036.0,30293.86871959407,-13036.0,-0.7071067811865476
N02,山北,112,現金流量表,預付款項,非收支,35257.0,-34457.0,69714.0,2.0232173433554865,3061.6666666666665,35160.544042055626,3061.6666666666665,0.9156665293581465
N02,山北,113,現金流量表,預付款項,非收支,,35257.0,,,3061.6666666666665,35160.544042055626,400.0,
N02,山北,110,現金流量表,預收款項,非收支,-48218.0,,,,-48218.0,,-48218.0,
N02,山北,111,現金流量表,預收款項,非收支,640838.0,-48218.0,689056.0,14.290430959392758,296310.0,487236.1702172777,296310.0,0.7071067811865475
N02,山北,112,現金流量表,預收款項,非收支,359954.0,640838.0,-280884.0,-0.43830734132495264,317524.6666666667,346481.9317501756,317524.6666666667,0.12245756400344189
N02,山北,113,現金流量表,預收款項,非收支,-321006.0,359954.0,-680960.0,-1.8917972852086655,157892.0,426571.8060944331,226595.33333333334,-1.1226667894079785
N02,山北,110,資產負債表,代管財產,非收支,735827.0,,,,735827.0,,735827.0,
N02,山北,111,資產負債表,代管財產,非收支,594922.0,735827.0,-140905.0,-0.19149202190188727,665374.5,99634.88100309049,665374.5,-0.7071067811865475
N02,山北,112,資產負債表,代管財產,非收支,687929.0,594922.0,93007.0,0.15633478002158266,672892.6666666666,71645.81806590901,672892.6666666666,0.2098703558594449
N02,山北,113,資產負債表,代管財產,非收支,602285.0,687929.0,-85644.0,-0.12449540577588676,655240.75,68326.0039242015,628378.6666666666,-0.7750453262091439
N02,山北,110,資產負債表,其他應付款,非收支,1134952.0,,,,1134952.0,,1134952.0,
N02,山北,111,資產負債表,其他應付款,非收支,1241423.0,1134952.0,106471.0,0.09381101579626275,1188187.5,75286.3660997129,1188187.5,0.7071067811865475
N02,山北,112,資產負債表,其他應付款,非收支,1287014.0,1241423.0,45591.0,0.03672479082472292,1221129.6666666667,78035.74497839647,1221129.6666666667,0.8442840310113369
N02,山北,113,資產負債表,其他應付款,非收支,1379303.0,1287014.0,92289.0,0.07170784466991036,1260673.0,101559.9289779192,1302580.0,1.168078800309048
N02,山北,110,資產負債表,其他應收款,非收支,163800.0,,,,163800.0,,163800.0,
N02,山北,111,資產負債表,其他應收款,非收支,198144.0,163800.0,34344.0,0.20967032967032967,180972.0,24284.87529307079,180972.0,0.7071067811865475
N02,山北,112,資產負債表,其他應收款,非收支,,198144.0,,,180972.0,24284.87529307079,180972.0,
N02,山北,111,資產負債表,其他流動負債,非收支,90.0,,,,90.0,,90.0,
N02,山北,112,資產負債表,其他流動負債,非收支,55.0,90.0,-35.0,-0.3888888888888889,72.5,24.748737341529164,72.5,-0.7071067811865475
N02,山北,113,資產負債表,其他流動負債,非收支,,55.0,,,72.5,24.748737341529164,72.5,
N02,山北,110,資產負債表,其他流動資產,非收支,281.0,,,,281.0,,281.0,
N02,山北,111,資產負債表,其他流動資產,非收支,,281.0,,,281.0,,281.0,
N02,山北,112,資產負債表,其他流動資產,非收支,9.0,,,,145.0,192.33304448274092,145.0,-0.7071067811865476
N02,山北,113,資產負債表,其他流動資產,非收支,4475.0,9.0,4466.0,496.22222222222223,1588.3333333333333,2503.6232410914654,2242.0,1.1529956342026175
N02,山北,110,資產負債表,應付代管財產,非收支,735827.0,,,,735827.0,,735827.0,
N02,山北,111,資產負債表,應付代管財產,非收支,594922.0,735827.0,-140905.0,-0.19149202190188727,665374.5,99634.88100309049,665374.5,-0.7071067811865475
N02,山北,112,資產負債表,應付代管財產,非收支,687929.0,594922.0,93007.0,0.15633478002158266,672892.6666666666,71645.81806590901,672892.6666666666,0.2098703558594449
N02,山北,113,資產負債表,應付代管財產,非收支,602285.0,687929.0,-85644.0,-0.12449540577588676,655240.75,68326.0039242015,628378.6666666666,-0.7750453262091439
N02,山北,110,資產負債表,應付帳款,非收支,1529.0,,,,1529.0,,1529.0,
N02,山北,111,資產負債表,應付帳款,非收支,6389.0,1529.0,4860.0,3.1785480706344016,3959.0,3436.538956566621,3959.0,0.7071067811865476
N02,山北,112,資產負債表,應付帳款,非收支,6491.0,6389.0,102.0,0.015964939740178433,4803.0,2835.82580565168,4803.0,0.5952410746230914
N02,山北,113,資產負債表,應付帳款,非收支,12749.0,6491.0,6258.0,0.9641041441996611,6789.5,4598.478117812458,8543.0,1.295972242841724
N02,山北,110,資產負債表,應付票據,非收支,1299.0,,,,1299.0,,1299.0,
N02,山北,111,資產負債表,應付票據,非收支,,1299.0,,,1299.0,,1299.0,
N02,山北,110,資產負債表,應付購置財產,非收支,88129.0,,,,88129.0,,88129.0,
N02,山北,111,資產負債表,應付購置財產,非收支,88129.0,88129.0,0.0,0.0,88129.0,0.0,88129.0,
N02,山北,112,資產負債表,應付購置財產,非收支,101679.0,88129.0,13550.0,0.1537518864391971,92645.66666666667,7823.096147519427,92645.66666666667,1.1547005383792512
N02,山北,113,資產負債表,應付購置財產,非收支,119004.0,101679.0,17325.0,0.17038916590446404,99235.25,14645.510902093285,102937.33333333333,1.3498163452375327
N02,山北,110,資產負債表,應收帳款淨額,非收支,4599.0,,,,4599.0,,4599.0,
N02,山北,111,資產負債表,應收帳款淨額,非收支,7050.0,4599.0,2451.0,0.532941943900848,5824.5,1733.118720688228,5824.5,0.7071067811865476
N02,山北,112,資產負債表,應收帳款淨額,非收支,23731.0,7050.0,16681.0,2.366099290780142,11793.333333333334,10410.70431495071,11793.333333333334,1.1466723389236115
N02,山北,113,資產負債表,應收帳款淨額,非收支,,23731.0,,,11793.333333333334,10410.70431495071,15390.5,
N02,山北,110,資產負債表,本期餘絀,非收支,1065234.0,,,,1065234.0,,1065234.0,
N02,山北,111,資產負債表,本期餘絀,非收支,413861.0,1065234.0,-651373.0,-0.6114834862574796,739547.5,460590.26538182504,739547.5,-0.7071067811865475
N02,山北,112,資產負債表,本期餘絀,非收支,-348840.0,413861.0,-762701.0,-1.84289169552096,376751.6666666667,707767.0141609691,376751.6666666667,-1.02518435042756
N02,山北,113,資產負債表,本期餘絀,非收支,674883.0,-348840.0,1023723.0,2.9346491228070177,451284.5,596805.3874882498,246634.66666666666,0.37465898379545426
N02,山北,110,資產負債表,業務發展準備,非收支,4456723.0,,,,4456723.0,,4456723.0,
N02,山北,111,資產負債表,業務發展準備,非收支,5076723.0,4456723.0,620000.0,0.1391156686201947,4766723.0,438406.20433565945,4766723.0,0.7071067811865476
N02,山北,112,資產負債表,業務發展準備,非收支,6910098.0,5076723.0,1833375.0,0.36113355012672543,5481181.333333333,1275716.3204287754,5481181.333333333,1.1200896655350463
N02,山北,113,資產負債表,業務發展準備,非收支,9114885.0,6910098.0,2204787.0,0.3190673996229865,6389607.25,2094258.50149695,7033902.0,1.3013091497787905
N02,山北,110,資產負債表,業務發展準備金,非收支,4456723.0,,,,4456723.0,,4456723.0,
N02,山北,111,資產負債表,業務發展準備金,非收支,5076723.0,4456723.0,620000.0,0.1391156686201947,4766723.0,438406.20433565945,4766723.0,0.7071067811865476
N02,山北,112,資產負債表,業務發展準備金,非收支,6910098.0,5076723.0,1833375.0,0.36113355012672543,5481181.333333333,1275716.3204287754,5481181.333333333,1.1200896655350463
N02,山北,113,資產負債表,業務發展準備金,非收支,9114885.0,6910098.0,2204787.0,0.3190673996229865,6389607.25,2094258.50149695,7033902.0,1.3013091497787905
N02,山北,110,資產負債表,流動負債合計,非收支,3172583.0,,,,3172583.0,,3172583.0,
N02,山北,111,資產負債表,流動負債合計,非收支,3923543.0,3172583.0,750960.0,0.23670302715484512,3548063.0,531008.9083998498,3548063.0,0.7071067811865475
N02,山北,112,資產負債表,流動負債合計,非收支,4329155.0,3923543.0,405612.0,0.10337901228557964,3808427.0,586816.3834522687,3808427.0,0.8873780873951277
N02,山北,113,資產負債表,流動負債合計,非收支,4106641.0,4329155.0,-222514.0,-0.0513989450597172,3882980.5,501798.64093179844,4119779.6666666665,0.4457176280602933
N02,山北,110,資產負債表,流動資產合計,非收支,4945771.0,,,,4945771.0,,4945771.0,
N02,山北,111,資產負債表,流動資產合計,非收支,6110592.0,4945771.0,1164821.0,0.235518587496267,5528181.5,823652.8279684954,5528181.5,0.7071067811865476
N02,山北,112,資產負債表,流動資產合計,非收支,6167364.0,6110592.0,56772.0,0.009290752843587005,5741242.333333333,689482.9559984304,5741242.333333333,0.6180307474745425
N02,山北,113,資產負債表,流動資產合計,非收支,6619733.0,6167364.0,452369.0,0.07334884076892494,5960865.0,714045.4891648479,6299229.666666667,0.9227255265916128
N02,山北,110,資產負債表,現金及銀行存款,非收支,4776291.0,,,,4776291.0,,4776291.0,
N02,山北,111,資產負債表,現金及銀行存款,非收支,5870141.0,4776291.0,1093850.0,0.2290166156124072,5323216.0,773468.752600905,5323216.0,0.7071067811865475
N02,山北,112,資產負債表,現金及銀行存款,非收支,6143624.0,5870141.0,273483.0,0.04658882980834702,5596685.333333333,723521.5162290154,5596685.333333333,0.75593973972924
N02,山北,113,資產負債表,現金及銀行存款,非收支,6615258.0,6143624.0,471634.0,0.07676804439855044,5851328.5,779975.3151762775,6209674.333333333,0.97942779102868
N02,山北,110,資產負債表,累積餘絀,非收支,707954.0,,,,707954.0,,707954.0,
N02,山北,111,資產負債表,累積餘絀,非收支,1773188.0,707954.0,1065234.0,1.5046655573667216,1240571.0,753234.1849504708,1240571.0,0.7071067811865475
N02,山北,112,資產負債表,累積餘絀,非收支,2187049.0,1773188.0,413861.0,0.23339939137869195,1556063.6666666667,763077.8052402869,1556063.6666666667,0.8268951462094238
N02,山北,113,資產負債表,累積餘絀,非收支,1838209.0,2187049.0,-348840.0,-0.15950259916444487,1626600.0,638821.8232397303,1932815.3333333333,0.33124885891787953
N02,山北,110,資產負債表,負債及餘絀總計,非收支,10482506.0,,,,10482506.0,,10482506.0,
N02,山北,111,資產負債表,負債及餘絀總計,非收支,12172850.0,10482506.0,1690344.0,0.1612538070572056,11327678.0,1195253.7049379935,11327678.0,0.7071067811865475
N02,山北,112,資產負債表,負債及餘絀總計,非收支,14224642.0,12172850.0,2051792.0,0.1685547755866539,12293332.666666666,1873975.0572911408,12293332.666666666,1.0305950048903376
N02,山北,113,資產負債表,負債及餘絀總計,非收支,16869798.0,14224642.0,2645156.0,0.1859558925982109,13437449.0,2752670.8993932907,14422430.0,1.2469158593410188
N02,山北,110,資產負債表,負債總額,非收支,8709318.0,,,,8709318.0,,8709318.0,
N02,山北,111,資產負債表,負債總額,非收支,9985801.0,8709318.0,1276483.0,0.14656520751682278,9347559.5,902609.7853693478,9347559.5,0.7071067811865475
N02,山北,112,資產負債表,負債總額,非收支,12386433.0,9985801.0,2400632.0,0.24040455042114298,10360517.333333334,1866976.949149703,10360517.333333334,1.0851315907190768
N02,山北,113,資產負債表,負債總額,非收支,14356706.0,12386433.0,1970273.0,0.15906702115128707,11359564.5,2513188.4630225534,12242980.0,1.1925653583477809
N02,山北,110,資產負債表,資產總計,非收支,10482506.0,,,,10482506.0,,10482506.0,
N02,山北,111,資產負債表,資產總計,非收支,12172850.0,10482506.0,1690344.0,0.1612538070572056,11327678.0,1195253.7049379935,11327678.0,0.7071067811865475
N02,山北,112,資產負債表,資產總計,非收支,14224642.0,12172850.0,2051792.0,0.1685547755866539,12293332.666666666,1873975.0572911408,12293332.666666666,1.0305950048903376
N02,山北,113,資產負債表,資產總計,非收支,16869798.0,14224642.0,2645156.0,0.1859558925982109,13437449.0,2752670.8993932907,14422430.0,1.2469158593410188
N02,山北,110,資產負債表,資遣費準備,非收支,256056.0,,,,256056.0,,256056.0,
N02,山北,112,資產負債表,資遣費準備,非收支,357572.0,,,,306814.0,71782.65199893356,306814.0,0.7071067811865475
N02,山北,113,資產負債表,資遣費準備,非收支,413891.0,357572.0,56319.0,0.15750394326177664,342506.3333333333,79988.76508818807,342506.3333333333,0.8924336635021767
N02,山北,110,資產負債表,資遣費準備金,非收支,256056.0,,,,256056.0,,256056.0,
N02,山北,112,資產負債表,資遣費準備金,非收支,357572.0,,,,306814.0,71782.65199893356,306814.0,0.7071067811865475
N02,山北,113,資產負債表,資遣費準備金,非收支,413891.0,357572.0,56319.0,0.15750394326177664,342506.3333333333,79988.76508818807,342506.3333333333,0.8924336635021767
N02,山北,111,資產負債表,資遺費準備,非收支,302484.0,,,,302484.0,,302484.0,
N02,山北,111,資產負債表,資遺費準備金,非收支,302484.0,,,,302484.0,,302484.0,
N02,山北,110,資產負債表,購置財產,非收支,88129.0,,,,88129.0,,88129.0,
N02,山北,111,資產負債表,購置財產,非收支,88129.0,88129.0,0.0,0.0,88129.0,0.0,88129.0,
N02,山北,112,資產負債表,購置財產,非收支,101679.0,88129.0,13550.0,0.1537518864391971,92645.66666666667,7823.096147519427,92645.66666666667,1.1547005383792512
N02,山北,113,資產負債表,購置財產,非收支,119004.0,101679.0,17325.0,0.17038916590446404,99235.25,14645.510902093285,102937.33333333333,1.3498163452375327
N02,山北,110,資產負債表,非流動負債合計,非收支,5536735.0,,,,5536735.0,,5536735.0,
N02,山北,111,資產負債表,非流動負債合計,非收支,6062258.0,5536735.0,525523.0,0.09491568586901847,5799496.5,371600.876969498,5799496.5,0.7071067811865476
N02,山北,112,資產負債表,非流動負債合計,非收支,8057278.0,6062258.0,1995020.0,0.3290886003202107,6552090.333333333,1329750.36747366,6552090.333333333,1.131932506645073
N02,山北,113,資產負債表,非流動負債合計,非收支,10250065.0,8057278.0,2192787.0,0.2721498501106701,7476584.0,2144196.3961722353,8123200.333333333,1.2934827261864388
N02,山北,110,資產負債表,非流動資產合計,非收支,5536735.0,,,,5536735.0,,5536735.0,
N02,山北,111,資產負債表,非流動資產合計,非收支,6062258.0,5536735.0,525523.0,0.09491568586901847,5799496.5,371600.876969498,5799496.5,0.7071067811865476
N02,山北,112,資產負債表,非流動資產合計,非收支,8057278.0,6062258.0,1995020.0,0.3290886003202107,6552090.333333333,1329750.36747366,6552090.333333333,1.131932506645073
N02,山北,113,資產負債表,非流動資產合計,非收支,10250065.0,8057278.0,2192787.0,0.2721498501106701,7476584.0,2144196.3961722353,8123200.333333333,1.2934827261864388
N02,山北,110,資產負債表,預付款項,非收支,800.0,,,,800.0,,800.0,
N02,山北,111,資產負債表,預付款項,非收支,35257.0,800.0,34457.0,43.07125,18028.5,24364.77835934487,18028.5,0.7071067811865475
N02,山北,112,資產負債表,預付款項,非收支,,35257.0,,,18028.5,24364.77835934487,18028.5,
N02,山北,110,資產負債表,預收款項,非收支,2034803.0,,,,2034803.0,,2034803.0,
N02,山北,111,資產負債表,預收款項,非收支,2675641.0,2034803.0,640838.0,0.3149385960213347,2355222.0,453140.89544202475,2355222.0,0.7071067811865476
N02,山北,112,資產負債表,預收款項,非收支,3035595.0,2675641.0,359954.0,0.13453000608078589,2582013.0,506922.8823045967,2582013.0,0.8947751538417522
N02,山北,113,資產負債表,預收款項,非收支,2714589.0,3035595.0,-321006.0,-0.10574730818834528,2615157.0,419175.3467782506,2808608.3333333335,0.23720860676618197
N02,山北,110,資產負債表,餘絀總額,非收支,1773188.0,,,,1773188.0,,1773188.0,
N02,山北,111,資產負債表,餘絀總額,非收支,2187049.0,1773188.0,413861.0,0.23339939137869195,1980118.5,292643.91956864577,1980118.5,0.7071067811865475
N02,山北,112,資產負債表,餘絀總額,非收支,1838209.0,2187049.0,-348840.0,-0.15950259916444487,1932815.3333333333,222560.10550036439,1932815.3333333333,-0.4250821732881429
N02,山北,113,資產負債表,餘絀總額,非收支,2513092.0,1838209.0,674883.0,0.3671416035934978,2077884.5,342348.14566899586,2179450.0,1.2712424632811843
N02,山北,110,附表三,事務機器耗材-執行率,非收支,66.0,,,,66.0,,66.0,
N02,山北,111,附表三,事務機器耗材-執行率,非收支,81.0,66.0,15.0,0.22727272727272727,73.5,10.606601717798213,73.5,0.7071067811865475
N02,山北,112,附表三,事務機器耗材-執行率,非收支,39.0,81.0,-42.0,-0.5185185185185185,62.0,21.283796653792763,62.0,-1.080634267190361
N02,山北,113,附表三,事務機器耗材-執行率,非收支,41.0,39.0,2.0,0.05128205128205128,56.75,20.303940504246953,53.666666666666664,-0.7757114928851171
N02,山北,110,附表三,事務機器耗材-決算數,非收支,39493.0,,,,39493.0,,39493.0,
N02,山北,111,附表三,事務機器耗材-決算數,非收支,48487.0,39493.0,8994.0,0.22773656090952826,43990.0,6359.718389991808,43990.0,0.7071067811865476
N02,山北,112,附表三,事務機器耗材-決算數,非收支,23573.0,48487.0,-24914.0,-0.5138284488625817,37184.333333333336,12616.429975763085,37184.333333333336,-1.0788577560753334
N02,山北,113,附表三,事務機器耗材-決算數,非收支,24424.0,23573.0,851.0,0.03610062359479065,33994.25,12117.042966417179,32161.333333333332,-0.7898172868185986
N02,山北,112,附表三,五日未上課退費-執行率,非收支,,,,,,,,
N02,山北,113,附表三,五日未上課退費-執行率,非收支,,,,,,,,
N02,山北,112,附表三,五日未上課退費-決算數,非收支,-31255.0,,,,-31255.0,,-31255.0,
N02,山北,113,附表三,五日未上課退費-決算數,非收支,-18415.0,-31255.0,12840.0,0.4108142697168453,-24835.0,9079.25107043527,-24835.0,0.7071067811865476
N02,山北,112,附表三,人事費-執行率,非收支,93.0,,,,93.0,,93.0,
N02,山北,113,附表三,人事費-執行率,非收支,90.0,93.0,-3.0,-0.03225806451612903,91.5,2.1213203435596424,91.5,-0.7071067811865476
N02,山北,112,附表三,人事費-決算數,非收支,9157815.0,,,,9157815.0,,9157815.0,
N02,山北,113,附表三,人事費-決算數,非收支,9040242.0,9157815.0,-117573.0,-0.012838542818346952,9099028.5,83136.66558444595,9099028.5,-0.7071067811865476
N02,山北,112,附表三,代課費及代班費-執行率,非收支,45.0,,,,45.0,,45.0,
N02,山北,113,附表三,代課費及代班費-執行率,非收支,59.0,45.0,14.0,0.3111111111111111,52.0,9.899494936611665,52.0,0.7071067811865476
N02,山北,112,附表三,代課費及代班費-決算數,非收支,84363.0,,,,84363.0,,84363.0,
N02,山北,113,附表三,代課費及代班費-決算數,非收支,109831.0,84363.0,25468.0,0.3018858978462122,97097.0,18008.59550325899,97097.0,0.7071067811865476
N02,山北,110,附表三,保全-執行率,非收支,43.0,,,,43.0,,43.0,
N02,山北,111,附表三,保全-執行率,非收支,39.0,43.0,-4.0,-0.09302325581395349,41.0,2.8284271247461903,41.0,-0.7071067811865475
N02,山北,112,附表三,保全-執行率,非收支,47.0,39.0,8.0,0.20512820512820512,43.0,4.0,43.0,1.0
N02,山北,113,附表三,保全-執行率,非收支,81.0,47.0,34.0,0.723404255319149,52.5,19.27865832122834,55.666666666666664,1.4783186425695274
N02,山北,110,附表三,保全-決算數,非收支,34256.0,,,,34256.0,,34256.0,
N02,山北,111,附表三,保全-決算數,非收支,31500.0,34256.0,-2756.0,-0.08045305931807567,32878.0,1948.786288950125,32878.0,-0.7071067811865475
N02,山北,112,附表三,保全-決算數,非收支,37275.0,31500.0,5775.0,0.18333333333333332,34343.666666666664,2888.4979372215826,34343.666666666664,1.0148296440027775
N02,山北,113,附表三,保全-決算數,非收支,64513.0,37275.0,27238.0,0.7307310529845741,41886.0,15267.922211835723,44429.333333333336,1.481996023169381
N02,山北,112,附表三,保險費-執行率,非收支,145.0,,,,145.0,,145.0,
N02,山北,113,附表三,保險費-執行率,非收支,145.0,145.0,0.0,0.0,145.0,0.0,145.0,
N02,山北,112,附表三,保險費-決算數,非收支,18864.0,,,,18864.0,,18864.0,
N02,山北,113,附表三,保險費-決算數,非收支,18861.0,18864.0,-3.0,-0.00015903307888040714,18862.5,2.1213203435596424,18862.5,-0.7071067811865476
N02,山北,112,附表三,修繕費-執行率,非收支,77.0,,,,77.0,,77.0,
N02,山北,113,附表三,修繕費-執行率,非收支,46.0,77.0,-31.0,-0.4025974025974026,61.5,21.920310216782973,61.5,-0.7071067811865476
N02,山北,112,附表三,修繕費-決算數,非收支,65241.0,,,,65241.0,,65241.0,
N02,山北,113,附表三,修繕費-決算數,非收支,39184.0,65241.0,-26057.0,-0.39939608528379394,52212.5,18425.081397377868,52212.5,-0.7071067811865476
N02,山北,110,附表三,修繕購置費-執行率,非收支,40.0,,,,40.0,,40.0,
N02,山北,111,附表三,修繕購置費-執行率,非收支,20.0,40.0,-20.0,-0.5,30.0,14.142135623730951,30.0,-0.7071067811865475
N02,山北,112,附表三,修繕購置費-執行率,非收支,85.0,20.0,65.0,3.25,48.333333333333336,33.291640592396966,48.333333333333336,1.1013775835078694
N02,山北,113,附表三,修繕購置費-執行率,非收支,240.0,85.0,155.0,1.8235294117647058,96.25,99.61383772682723,115.0,1.443072601963275
N02,山北,110,附表三,修繕購置費-決算數,非收支,50201.0,,,,50201.0,,50201.0,
N02,山北,111,附表三,修繕購置費-決算數,非收支,24821.0,50201.0,-25380.0,-0.5055676181749368,37511.0,17946.370106514576,37511.0,-0.7071067811865476
N02,山北,112,附表三,修繕購置費-決算數,非收支,107677.0,24821.0,82856.0,3.338141090205874,60899.666666666664,42451.446210150876,60899.666666666664,1.1019019965013128
N02,山北,113,附表三,修繕購置費-決算數,非收支,288508.0,107677.0,180831.0,1.6793837123991195,117801.75,118965.56311632089,140335.33333333334,1.4349215481213555
N02,山北,112,附表三,健康檢查-執行率,非收支,119.0,,,,119.0,,119.0,
N02,山北,113,附表三,健康檢查-執行率,非收支,62.0,119.0,-57.0,-0.4789915966386555,90.5,40.30508652763321,90.5,-0.7071067811865476
N02,山北,112,附表三,健康檢查-決算數,非收支,1191.0,,,,1191.0,,1191.0,
N02,山北,113,附表三,健康檢查-決算數,非收支,8000.0,1191.0,6809.0,5.717044500419815,4595.5,4814.690073099202,4595.5,0.7071067811865476
N02,山北,110,附表三,公共事務管理費-執行率,非收支,31.0,,,,31.0,,31.0,
N02,山北,111,附表三,公共事務管理費-執行率,非收支,51.0,31.0,20.0,0.6451612903225806,41.0,14.142135623730951,41.0,0.7071067811865475
N02,山北,112,附表三,公共事務管理費-執行率,非收支,14.0,51.0,-37.0,-0.7254901960784313,32.0,18.520259177452136,32.0,-0.9719086448808699
N02,山北,113,附表三,公共事務管理費-執行率,非收支,16.0,14.0,2.0,0.14285714285714285,28.0,17.107503227141788,27.0,-0.701446601568456
N02,山北,110,附表三,公共事務管理費-決算數,非收支,14400.0,,,,14400.0,,14400.0,
N02,山北,111,附表三,公共事務管理費-決算數,非收支,23499.0,14400.0,9099.0,0.631875,18949.5,6433.9646020163955,18949.5,0.7071067811865476
N02,山北,112,附表三,公共事務管理費-決算數,非收支,20538.0,23499.0,-2961.0,-0.1260053619302949,19479.0,4641.019392331818,19479.0,0.22818262766790973
N02,山北,113,附表三,公共事務管理費-決算數,非收支,21756.0,20538.0,1218.0,0.05930470347648262,20048.25,3956.710281281661,21931.0,0.4316085532162906
N02,山北,110,附表三,其他支出-執行率,非收支,,,,,,,,
N02,山北,111,附表三,其他支出-執行率,非收支,,,,,,,,
N02,山北,112,附表三,其他支出-執行率,非收支,,,,,,,,
N02,山北,113,附表三,其他支出-執行率,非收支,,,,,,,,
N02,山北,110,附表三,其他支出-決算數,非收支,1874209.0,,,,1874209.0,,1874209.0,
N02,山北,111,附表三,其他支出-決算數,非收支,2293328.0,1874209.0,419119.0,0.22362447304436164,2083768.5,296361.8870241246,2083768.5,0.7071067811865475
N02,山北,112,附表三,其他支出-決算數,非收支,935839.0,2293328.0,-1357489.0,-0.5919297196039991,1701125.3333333333,695098.9591636095,1701125.3333333333,-1.1009746500759805
N02,山北,113,附表三,其他支出-決算數,非收支,1652090.0,935839.0,716251.0,0.765357075308894,1688866.5,568075.2514696739,1627085.6666666667,-0.06473878223854164
N02,山北,112,附表三,其他收入-執行率,非收支,,,,,,,,
N02,山北,113,附表三,其他收入-執行率,非收支,,,,,,,,
N02,山北,112,附表三,其他收入-決算數,非收支,935839.0,,,,935839.0,,935839.0,
N02,山北,113,附表三,其他收入-決算數,非收支,1652090.0,935839.0,716251.0,0.765357075308894,1293964.5,506465.93913164584,1293964.5,0.7071067811865476
N02,山北,112,附表三,利息收入-執行率,非收支,,,,,,,,
N02,山北,113,附表三,利息收入-執行率,非收支,,,,,,,,
N02,山北,112,附表三,利息收入-決算數,非收支,68971.0,,,,68971.0,,68971.0,
N02,山北,113,附表三,利息收入-決算數,非收支,92442.0,68971.0,23471.0,0.34030244595554654,80706.5,16596.503261229456,80706.5,0.7071067811865476
N02,山北,112,附表三,加班費-執行率,非收支,57.0,,,,57.0,,57.0,
N02,山北,113,附表三,加班費-執行率,非收支,61.0,57.0,4.0,0.07017543859649122,59.0,2.8284271247461903,59.0,0.7071067811865475
N02,山北,112,附表三,加班費-決算數,非收支,421905.0,,,,421905.0,,421905.0,
N02,山北,113,附表三,加班費-決算數,非收支,459742.0,421905.0,37837.0,0.08968132636493997,440823.5,26754.7992797554,440823.5,0.7071067811865475
N02,山北,112,附表三,勞、健保費-執行率,非收支,86.0,,,,86.0,,86.0,
N02,山北,113,附表三,勞、健保費-執行率,非收支,83.0,86.0,-3.0,-0.03488372093023256,84.5,2.1213203435596424,84.5,-0.7071067811865476
N02,山北,112,附表三,勞、健保費-決算數,非收支,872368.0,,,,872368.0,,872368.0,
N02,山北,113,附表三,勞、健保費-決算數,非收支,864201.0,872368.0,-8167.0,-0.009361874805128111,868284.5,5774.941081950534,868284.5,-0.7071067811865475
N02,山北,112,附表三,勞退金提撥-執行率,非收支,108.0,,,,108.0,,108.0,
N02,山北,113,附表三,勞退金提撥-執行率,非收支,104.0,108.0,-4.0,-0.037037037037037035,106.0,2.8284271247461903,106.0,-0.7071067811865475
N02,山北,112,附表三,勞退金提撥-決算數,非收支,429119.0,,,,429119.0,,429119.0,
N02,山北,113,附表三,勞退金提撥-決算數,非收支,421619.0,429119.0,-7500.0,-0.01747766936444203,425369.0,5303.300858899106,425369.0,-0.7071067811865476
N02,山北,110,附表三,園務特支-執行率,非收支,120.0,,,,120.0,,120.0,
N02,山北,112,附表三,園務特支-執行率,非收支,83.0,,,,101.5,26.16295090390226,101.5,-0.7071067811865475
N02,山北,113,附表三,園務特支-執行率,非收支,54.0,83.0,-29.0,-0.3493975903614458,85.66666666666667,33.08070938376826,85.66666666666667,-0.9572547643795264
N02,山北,110,附表三,園務特支-決算數,非收支,46776.0,,,,46776.0,,46776.0,
N02,山北,112,附表三,園務特支-決算數,非收支,32520.0,,,,39648.0,10080.514272595421,39648.0,-0.7071067811865476
N02,山北,113,附表三,園務特支-決算數,非收支,21010.0,32520.0,-11510.0,-0.3539360393603936,33435.333333333336,12907.364771065137,33435.333333333336,-0.9626545428690149
N02,山北,110,附表三,園舍消毒、清潔-執行率,非收支,62.0,,,,62.0,,62.0,
N02,山北,111,附表三,園舍消毒、清潔-執行率,非收支,76.0,62.0,14.0,0.22580645161290322,69.0,9.899494936611665,69.0,0.7071067811865476
N02,山北,112,附表三,園舍消毒、清潔-執行率,非收支,64.0,76.0,-12.0,-0.15789473684210525,67.33333333333333,7.571877794400364,67.33333333333333,-0.4402254531628113
N02,山北,113,附表三,園舍消毒、清潔-執行率,非收支,19.0,64.0,-45.0,-0.703125,55.25,24.944939366532843,53.0,-1.453200565748197
N02,山北,110,附表三,園舍消毒、清潔-決算數,非收支,15500.0,,,,15500.0,,15500.0,
N02,山北,111,附表三,園舍消毒、清潔-決算數,非收支,18900.0,15500.0,3400.0,0.21935483870967742,17200.0,2404.1630560342614,17200.0,0.7071067811865476
N02,山北,112,附表三,園舍消毒、清潔-決算數,非收支,16005.0,18900.0,-2895.0,-0.15317460317460319,16801.666666666668,1834.6684532452543,16801.666666666668,-0.434229228315058
N02,山北,113,附表三,園舍消毒、清潔-決算數,非收支,4725.0,16005.0,-11280.0,-0.7047797563261481,13782.5,6221.372437010986,13210.0,-1.455868474633808
N02,山北,113,附表三,園長及教保服務人員薪資(含職務加給)-執行率,非收支,93.0,,,,93.0,,93.0,
N02,山北,113,附表三,園長及教保服務人員薪資(含職務加給)-決算數,非收支,5766041.0,,,,5766041.0,,5766041.0,
N02,山北,112,附表三,園長及教保服務人員薪資（含職務加給）-執行率,非收支,98.0,,,,98.0,,98.0,
N02,山北,112,附表三,園長及教保服務人員薪資（含職務加給）-決算數,非收支,5941920.0,,,,5941920.0,,5941920.0,
N02,山北,111,附表三,圖務特支-執行率,非收支,117.0,,,,117.0,,117.0,
N02,山北,111,附表三,圖務特支-決算數,非收支,45608.0,,,,45608.0,,45608.0,
N02,山北,110,附表三,差旅費-執行率,非收支,,,,,,,,
N02,山北,111,附表三,差旅費-執行率,非收支,,,,,,,,
N02,山北,112,附表三,差旅費-執行率,非收支,,,,,,,,
N02,山北,113,附表三,差旅費-執行率,非收支,,,,,,,,
N02,山北,110,附表三,差旅費-決算數,非收支,,,,,,,,
N02,山北,111,附表三,差旅費-決算數,非收支,,,,,,,,
N02,山北,112,附表三,差旅費-決算數,非收支,,,,,,,,
N02,山北,113,附表三,差旅費-決算數,非收支,,,,,,,,
N02,山北,110,附表三,延後托育支出-執行率,非收支,,,,,,,,
N02,山北,111,附表三,延後托育支出-執行率,非收支,,,,,,,,
N02,山北,110,附表三,延後托育支出-決算數,非收支,333635.0,,,,333635.0,,333635.0,
N02,山北,111,附表三,延後托育支出-決算數,非收支,237151.0,333635.0,-96484.0,-0.2891902827940714,285393.0,68224.49067600285,285393.0,-0.7071067811865475
N02,山北,112,附表三,延長照顧服務支出-執行率,非收支,,,,,,,,
N02,山北,113,附表三,延長照顧服務支出-執行率,非收支,,,,,,,,
N02,山北,112,附表三,延長照顧服務支出-決算數,非收支,143778.0,,,,143778.0,,143778.0,
N02,山北,113,附表三,延長照顧服務支出-決算數,非收支,106755.0,143778.0,-37023.0,-0.25750114760255394,125266.5,26179.214359869547,125266.5,-0.7071067811865476
N02,山北,112,附表三,延長照顧服務收入-執行率,非收支,,,,,,,,
N02,山北,113,附表三,延長照顧服務收入-執行率,非收支,,,,,,,,
N02,山北,112,附表三,延長照顧服務收入-決算數,非收支,155084.0,,,,155084.0,,155084.0,
N02,山北,113,附表三,延長照顧服務收入-決算數,非收支,106755.0,155084.0,-48329.0,-0.31163111604033944,130919.5,34173.763627964654,130919.5,-0.7071067811865476
N02,山北,112,附表三,延長照顧服務收入淨額-執行率,非收支,,,,,,,,
N02,山北,112,附表三,延長照顧服務收入淨額-執行率,非收支,,,,,,,,
N02,山北,113,附表三,延長照顧服務收入淨額-執行率,非收支,,,,,,,,
N02,山北,113,附表三,延長照顧服務收入淨額-執行率,非收支,,,,,,,,
N02,山北,113,附表三,延長照顧服務收入淨額-執行率,非收支,,,,,,,,
N02,山北,113,附表三,延長照顧服務收入淨額-執行率,非收支,,,,,,,,
N02,山北,112,附表三,延長照顧服務收入淨額-決算數,非收支,155084.0,,,,155084.0,,155084.0,
N02,山北,112,附表三,延長照顧服務收入淨額-決算數,非收支,155084.0,,,,155084.0,0.0,155084.0,
N02,山北,113,附表三,延長照顧服務收入淨額-決算數,非收支,106755.0,155084.0,-48329.0,-0.31163111604033944,138974.33333333334,27902.761159665428,138974.33333333334,-1.1547005383792517
N02,山北,113,附表三,延長照顧服務收入淨額-決算數,非收支,106755.0,155084.0,-48329.0,-0.31163111604033944,130919.5,27902.761159665428,122864.66666666667,-0.8660254037844385
N02,山北,113,附表三,延長照顧服務收入淨額-決算數,非收支,106755.0,155084.0,-48329.0,-0.31163111604033944,126086.6,26470.88348166718,106755.0,-0.7302967433402215
N02,山北,113,附表三,延長照顧服務收入淨額-決算數,非收支,106755.0,155084.0,-48329.0,-0.31163111604033944,122864.66666666667,24956.988285181105,106755.0,-0.6454972243679029
N02,山北,110,附表三,所得稅費用-執行率,非收支,,,,,,,,
N02,山北,111,附表三,所得稅費用-執行率,非收支,,,,,,,,
N02,山北,112,附表三,所得稅費用-執行率,非收支,,,,,,,,
N02,山北,113,附表三,所得稅費用-執行率,非收支,,,,,,,,
N02,山北,110,附表三,所得稅費用-決算數,非收支,25077.0,,,,25077.0,,25077.0,
N02,山北,111,附表三,所得稅費用-決算數,非收支,,25077.0,,,25077.0,,25077.0,
N02,山北,112,附表三,所得稅費用-決算數,非收支,,,,,25077.0,,25077.0,
N02,山北,113,附表三,所得稅費用-決算數,非收支,,,,,25077.0,,,
N02,山北,110,附表三,攝影照片-執行率,非收支,58.0,,,,58.0,,58.0,
N02,山北,111,附表三,攝影照片-執行率,非收支,76.0,58.0,18.0,0.3103448275862069,67.0,12.727922061357855,67.0,0.7071067811865476
N02,山北,112,附表三,攝影照片-執行率,非收支,45.0,76.0,-31.0,-0.40789473684210525,59.666666666666664,15.56705923844749,59.666666666666664,-0.9421603940738507
N02,山北,113,附表三,攝影照片-執行率,非收支,56.0,45.0,11.0,0.24444444444444444,58.75,12.84198842339716,59.0,-0.2141412925579112
N02,山北,110,附表三,攝影照片-決算數,非收支,5175.0,,,,5175.0,,5175.0,
N02,山北,111,附表三,攝影照片-決算數,非收支,6865.0,5175.0,1690.0,0.32657004830917874,6020.0,1195.0104602052654,6020.0,0.7071067811865475
N02,山北,112,附表三,攝影照片-決算數,非收支,4050.0,6865.0,-2815.0,-0.41005098324836126,5363.333333333333,1416.9186050487633,5363.333333333333,-0.9268939857615425
N02,山北,113,附表三,攝影照片-決算數,非收支,5018.0,4050.0,968.0,0.23901234567901233,5277.0,1169.7233291110622,5311.0,-0.22141988071386803
N02,山北,112,附表三,支出-執行率,非收支,111.0,,,,111.0,,111.0,
N02,山北,113,附表三,支出-執行率,非收支,117.0,111.0,6.0,0.05405405405405406,114.0,4.242640687119285,114.0,0.7071067811865476
N02,山北,112,附表三,支出-決算數,非收支,14199695.0,,,,14199695.0,,14199695.0,
N02,山北,113,附表三,支出-決算數,非收支,15191842.0,14199695.0,992147.0,0.06987100779277301,14695768.5,701553.8716338896,14695768.5,0.7071067811865475
N02,山北,112,附表三,收入-執行率,非收支,105.0,,,,105.0,,105.0,
N02,山北,113,附表三,收入-執行率,非收支,113.0,105.0,8.0,0.0761904761904762,109.0,5.656854249492381,109.0,0.7071067811865475
N02,山北,112,附表三,收入-決算數,非收支,13850855.0,,,,13850855.0,,13850855.0,
N02,山北,113,附表三,收入-決算數,非收支,15866725.0,13850855.0,2015870.0,0.14554119583231503,14858790.0,1425435.3469905255,14858790.0,0.7071067811865476
N02,山北,112,附表三,政府學費差額補助退費-執行率,非收支,,,,,,,,
N02,山北,113,附表三,政府學費差額補助退費-執行率,非收支,,,,,,,,
N02,山北,112,附表三,政府學費差額補助退費-決算數,非收支,-3666.0,,,,-3666.0,,-3666.0,
N02,山北,113,附表三,政府學費差額補助退費-決算數,非收支,-8408.0,-3666.0,-4742.0,-1.2935079105291871,-6037.0,3353.1003563866084,-6037.0,-0.7071067811865476
N02,山北,110,附表三,教保材料費-執行率,非收支,37.0,,,,37.0,,37.0,
N02,山北,111,附表三,教保材料費-執行率,非收支,46.0,37.0,9.0,0.24324324324324326,41.5,6.363961030678928,41.5,0.7071067811865476
N02,山北,112,附表三,教保材料費-執行率,非收支,51.0,46.0,5.0,0.10869565217391304,44.666666666666664,7.0945988845975885,44.666666666666664,0.8926978728963854
N02,山北,113,附表三,教保材料費-執行率,非收支,52.0,51.0,1.0,0.0196078431372549,46.5,6.855654600401045,49.666666666666664,0.80225745323842
N02,山北,110,附表三,教保材料費-決算數,非收支,80817.0,,,,80817.0,,80817.0,
N02,山北,111,附表三,教保材料費-決算數,非收支,98846.0,80817.0,18029.0,0.22308425207567714,89831.5,12748.428158012266,89831.5,0.7071067811865475
N02,山北,112,附表三,教保材料費-決算數,非收支,109184.0,98846.0,10338.0,0.10458693320923457,96282.33333333333,14356.216853103515,96282.33333333333,0.8986815118968895
N02,山北,113,附表三,教保材料費-決算數,非收支,107757.0,109184.0,-1427.0,-0.013069680539273154,99151.0,13050.57988494509,105262.33333333333,0.659434299155375
N02,山北,113,附表三,教保費收入(家長繳費)-執行率,非收支,60.0,,,,60.0,,60.0,
N02,山北,113,附表三,教保費收入(家長繳費)-決算數,非收支,1236000.0,,,,1236000.0,,1236000.0,
N02,山北,113,附表三,教保費收入(政府學費差額補助)-執行率,非收支,107.0,,,,107.0,,107.0,
N02,山北,113,附表三,教保費收入(政府學費差額補助)-決算數,非收支,12830000.0,,,,12830000.0,,12830000.0,
N02,山北,112,附表三,教保費收入-執行率,非收支,97.0,,,,97.0,,97.0,
N02,山北,113,附表三,教保費收入-執行率,非收支,100.0,97.0,3.0,0.030927835051546393,98.5,2.1213203435596424,98.5,0.7071067811865476
N02,山北,112,附表三,教保費收入-決算數,非收支,12764928.0,,,,12764928.0,,12764928.0,
N02,山北,113,附表三,教保費收入-決算數,非收支,14066000.0,12764928.0,1301072.0,0.10192552594107855,13415464.0,919996.8340119438,13415464.0,0.7071067811865475
N02,山北,112,附表三,教保費收入淨額-執行率,非收支,97.0,,,,97.0,,97.0,
N02,山北,113,附表三,教保費收入淨額-執行率,非收支,100.0,97.0,3.0,0.030927835051546393,98.5,2.1213203435596424,98.5,0.7071067811865476
N02,山北,112,附表三,教保費收入淨額-決算數,非收支,12690961.0,,,,12690961.0,,12690961.0,
N02,山北,113,附表三,教保費收入淨額-決算數,非收支,14015438.0,12690961.0,1324477.0,0.1043638066494728,13353199.5,936546.6682256149,13353199.5,0.7071067811865475
N02,山北,112,附表三,教保費收入減項-執行率,非收支,,,,,,,,
N02,山北,113,附表三,教保費收入減項-執行率,非收支,,,,,,,,
N02,山北,112,附表三,教保費收入減項-決算數,非收支,-73967.0,,,,-73967.0,,-73967.0,
N02,山北,113,附表三,教保費收入減項-決算數,非收支,-50562.0,-73967.0,23405.0,0.3164248921816486,-62264.5,16549.834213671144,-62264.5,0.7071067811865476
N02,山北,112,附表三,教保費收入（家長繳費）-執行率,非收支,70.0,,,,70.0,,70.0,
N02,山北,112,附表三,教保費收入（家長繳費）-決算數,非收支,1510652.0,,,,1510652.0,,1510652.0,
N02,山北,112,附表三,教保費收入（政府學費差額補助）-執行率,非收支,102.0,,,,102.0,,102.0,
N02,山北,112,附表三,教保費收入（政府學費差額補助）-決算數,非收支,11254276.0,,,,11254276.0,,11254276.0,
N02,山北,110,附表三,文宣費(一般文宣)-執行率,非收支,17.0,,,,17.0,,17.0,
N02,山北,111,附表三,文宣費(一般文宣)-執行率,非收支,,17.0,,,17.0,,17.0,
N02,山北,113,附表三,文宣費(一般文宣)-執行率,非收支,10.0,,,,13.5,4.949747468305833,13.5,-0.7071067811865476
N02,山北,110,附表三,文宣費(一般文宣)-決算數,非收支,1670.0,,,,1670.0,,1670.0,
N02,山北,111,附表三,文宣費(一般文宣)-決算數,非收支,,1670.0,,,1670.0,,1670.0,
N02,山北,113,附表三,文宣費(一般文宣)-決算數,非收支,988.0,,,,1329.0,482.2468247692254,1329.0,-0.7071067811865476
N02,山北,111,附表三,文宣費(園刊)-執行率,非收支,,,,,,,,
N02,山北,113,附表三,文宣費(園刊)-執行率,非收支,,,,,,,,
N02,山北,111,附表三,文宣費(園刊)-決算數,非收支,,,,,,,,
N02,山北,113,附表三,文宣費(園刊)-決算數,非收支,,,,,,,,
N02,山北,110,附表三,文宣費(期刊)-執行率,非收支,45.0,,,,45.0,,45.0,
N02,山北,110,附表三,文宣費(期刊)-決算數,非收支,10000.0,,,,10000.0,,10000.0,
N02,山北,112,附表三,文宣費（一般文宣）-執行率,非收支,8.0,,,,8.0,,8.0,
N02,山北,112,附表三,文宣費（一般文宣）-決算數,非收支,800.0,,,,800.0,,800.0,
N02,山北,112,附表三,文宣費（園刊）-執行率,非收支,,,,,,,,
N02,山北,112,附表三,文宣費（園刊）-決算數,非收支,,,,,,,,
N02,山北,110,附表三,日常消耗用品-執行率,非收支,79.0,,,,79.0,,79.0,
N02,山北,111,附表三,日常消耗用品-執行率,非收支,52.0,79.0,-27.0,-0.34177215189873417,65.5,19.091883092036785,65.5,-0.7071067811865475
N02,山北,112,附表三,日常消耗用品-執行率,非收支,57.0,52.0,5.0,0.09615384615384616,62.666666666666664,14.364307617610162,62.666666666666664,-0.39449633198606243
N02,山北,113,附表三,日常消耗用品-執行率,非收支,52.0,57.0,-5.0,-0.08771929824561403,60.0,12.884098726725124,53.666666666666664,-0.6209204205650664
N02,山北,110,附表三,日常消耗用品-決算數,非收支,42841.0,,,,42841.0,,42841.0,
N02,山北,111,附表三,日常消耗用品-決算數,非收支,28339.0,42841.0,-14502.0,-0.33850750449335915,35590.0,10254.462540767312,35590.0,-0.7071067811865476
N02,山北,112,附表三,日常消耗用品-決算數,非收支,31019.0,28339.0,2680.0,0.09456932142983168,34066.333333333336,7716.325636812727,34066.333333333336,-0.3949202608551464
N02,山北,113,附表三,日常消耗用品-決算數,非收支,26614.0,31019.0,-4405.0,-0.1420097359682775,32203.25,7319.752198674488,28657.333333333332,-0.7635845925237934
N02,山北,112,附表三,會計、總務、廚工、清潔薪資-執行率,非收支,98.0,,,,98.0,,98.0,
N02,山北,113,附表三,會計、總務、廚工、清潔薪資-執行率,非收支,96.0,98.0,-2.0,-0.02040816326530612,97.0,1.4142135623730951,97.0,-0.7071067811865475
N02,山北,112,附表三,會計、總務、廚工、清潔薪資-決算數,非收支,1322997.0,,,,1322997.0,,1322997.0,
N02,山北,113,附表三,會計、總務、廚工、清潔薪資-決算數,非收支,1323473.0,1322997.0,476.0,0.0003597891756368306,1323235.0,336.5828278447966,1323235.0,0.7071067811865476
N02,山北,110,附表三,本期稅前餘絀-執行率,非收支,-1228.0,,,,-1228.0,,-1228.0,
N02,山北,111,附表三,本期稅前餘絀-執行率,非收支,-139.0,-1228.0,1089.0,0.8868078175895765,-683.5,770.0392847121502,-683.5,0.7071067811865476
N02,山北,112,附表三,本期稅前餘絀-執行率,非收支,-106.0,-139.0,33.0,0.23741007194244604,-491.0,638.4739618809838,-491.0,0.6030003147908588
N02,山北,113,附表三,本期稅前餘絀-執行率,非收支,60.0,-106.0,166.0,1.5660377358490567,-353.25,589.632300675599,-61.666666666666664,0.7008605185409608
N02,山北,110,附表三,本期稅前餘絀-決算數,非收支,1090311.0,,,,1090311.0,,1090311.0,
N02,山北,111,附表三,本期稅前餘絀-決算數,非收支,413861.0,1090311.0,-676450.0,-0.6204193115542262,752086.0,478322.38213364006,752086.0,-0.7071067811865476
N02,山北,112,附表三,本期稅前餘絀-決算數,非收支,-348840.0,413861.0,-762701.0,-1.84289169552096,385110.6666666667,720006.1363976931,385110.6666666667,-1.019367238088748
N02,山北,113,附表三,本期稅前餘絀-決算數,非收支,674883.0,-348840.0,1023723.0,2.9346491228070177,457553.75,605473.2795576119,246634.66666666666,0.3589411082827491
N02,山北,110,附表三,本期稅後餘絀-執行率,非收支,-1200.0,,,,-1200.0,,-1200.0,
N02,山北,111,附表三,本期稅後餘絀-執行率,非收支,-139.0,-1200.0,1061.0,0.8841666666666667,-669.5,750.240294838927,-669.5,0.7071067811865475
N02,山北,112,附表三,本期稅後餘絀-執行率,非收支,-106.0,-139.0,33.0,0.23741007194244604,-481.6666666666667,622.3136936733221,-481.6666666666667,0.6036612571534855
N02,山北,113,附表三,本期稅後餘絀-執行率,非收支,60.0,-106.0,166.0,1.5660377358490567,-346.25,575.7895304130958,-61.666666666666664,0.7055529469397247
N02,山北,110,附表三,本期稅後餘絀-決算數,非收支,1065234.0,,,,1065234.0,,1065234.0,
N02,山北,111,附表三,本期稅後餘絀-決算數,非收支,413861.0,1065234.0,-651373.0,-0.6114834862574796,739547.5,460590.26538182504,739547.5,-0.7071067811865475
N02,山北,112,附表三,本期稅後餘絀-決算數,非收支,,413861.0,,,739547.5,460590.26538182504,739547.5,
N02,山北,113,附表三,本期稅後餘絀-決算數,非收支,674883.0,,,,717992.6666666666,327819.35391665535,544372.0,-0.131504336615912
N02,山北,110,附表三,材料費-執行率,非收支,77.0,,,,77.0,,77.0,
N02,山北,111,附表三,材料費-執行率,非收支,80.0,77.0,3.0,0.03896103896103896,78.5,2.1213203435596424,78.5,0.7071067811865476
N02,山北,112,附表三,材料費-執行率,非收支,78.0,80.0,-2.0,-0.025,78.33333333333333,1.5275252316519463,78.33333333333333,-0.21821789023598934
N02,山北,113,附表三,材料費-執行率,非收支,75.0,78.0,-3.0,-0.038461538461538464,77.5,2.0816659994661317,77.66666666666667,-1.2009611535381541
N02,山北,110,附表三,材料費-決算數,非收支,1085568.0,,,,1085568.0,,1085568.0,
N02,山北,111,附表三,材料費-決算數,非收支,1115609.0,1085568.0,30041.0,0.027673070687418935,1100588.5,21242.194813625076,1100588.5,0.7071067811865475
N02,山北,112,附表三,材料費-決算數,非收支,1219134.0,1115609.0,103525.0,0.09279684907525845,1140103.6666666667,70071.11109675177,1140103.6666666667,1.1278590006116913
N02,山北,113,附表三,材料費-決算數,非收支,1120241.0,1219134.0,-98893.0,-0.08111741613309119,1135138.0,58068.3946336846,1151661.3333333333,-0.2565423083240961
N02,山北,110,附表三,業務發展費-執行率,非收支,,,,,,,,
N02,山北,111,附表三,業務發展費-執行率,非收支,,,,,,,,
N02,山北,112,附表三,業務發展費-執行率,非收支,,,,,,,,
N02,山北,113,附表三,業務發展費-執行率,非收支,,,,,,,,
N02,山北,110,附表三,業務發展費-決算數,非收支,294400.0,,,,294400.0,,294400.0,
N02,山北,111,附表三,業務發展費-決算數,非收支,620000.0,294400.0,325600.0,1.1059782608695652,457200.0,230233.96795433987,457200.0,0.7071067811865476
N02,山北,112,附表三,業務發展費-決算數,非收支,1833375.0,620000.0,1213375.0,1.9570564516129032,915925.0,811042.3644144614,915925.0,1.1311986158236758
N02,山北,113,附表三,業務發展費-決算數,非收支,2204787.0,1833375.0,371412.0,0.20258375946001228,1238140.5,924022.6142674575,1552720.6666666667,1.0461286174974556
N02,山北,111,附表三,業務費-執行率,非收支,73.0,,,,73.0,,73.0,
N02,山北,112,附表三,業務費-執行率,非收支,64.0,73.0,-9.0,-0.1232876712328767,68.5,6.363961030678928,68.5,-0.7071067811865476
N02,山北,113,附表三,業務費-執行率,非收支,67.0,64.0,3.0,0.046875,68.0,4.58257569495584,68.0,-0.2182178902359924
N02,山北,111,附表三,業務費-決算數,非收支,505083.0,,,,505083.0,,505083.0,
N02,山北,112,附表三,業務費-決算數,非收支,463878.0,505083.0,-41205.0,-0.08158065110090816,484480.5,29136.33491879169,484480.5,-0.7071067811865476
N02,山北,113,附表三,業務費-決算數,非收支,485428.0,463878.0,21550.0,0.046456180288782824,484796.3333333333,20609.761239115152,484796.3333333333,0.030648907541337714
N02,山北,110,附表三,水費-執行率,非收支,43.0,,,,43.0,,43.0,
N02,山北,111,附表三,水費-執行率,非收支,48.0,43.0,5.0,0.11627906976744186,45.5,3.5355339059327378,45.5,0.7071067811865475
N02,山北,112,附表三,水費-執行率,非收支,41.0,48.0,-7.0,-0.14583333333333334,44.0,3.605551275463989,44.0,-0.8320502943378437
N02,山北,113,附表三,水費-執行率,非收支,45.0,41.0,4.0,0.0975609756097561,44.25,2.9860788111948193,44.666666666666664,0.25116550748367644
N02,山北,110,附表三,水費-決算數,非收支,11079.0,,,,11079.0,,11079.0,
N02,山北,111,附表三,水費-決算數,非收支,12482.0,11079.0,1403.0,0.12663597797635165,11780.5,992.0708140047262,11780.5,0.7071067811865475
N02,山北,112,附表三,水費-決算數,非收支,10743.0,12482.0,-1739.0,-0.13932062169524115,11434.666666666666,922.4447589603038,11434.666666666666,-0.7498190649879675
N02,山北,113,附表三,水費-決算數,非收支,11706.0,10743.0,963.0,0.08963976542865121,11502.5,765.2940611294458,11643.666666666666,0.26591085745480386
N02,山北,110,附表三,水電修繕-執行率,非收支,90.0,,,,90.0,,90.0,
N02,山北,111,附表三,水電修繕-執行率,非收支,39.0,90.0,-51.0,-0.5666666666666667,64.5,36.062445840513924,64.5,-0.7071067811865476
N02,山北,110,附表三,水電修繕-決算數,非收支,76729.0,,,,76729.0,,76729.0,
N02,山北,111,附表三,水電修繕-決算數,非收支,33128.0,76729.0,-43601.0,-0.5682466863897614,54928.5,30830.56276651466,54928.5,-0.7071067811865475
N02,山北,111,附表三,活動費-執行率,非收支,97.0,,,,97.0,,97.0,
N02,山北,112,附表三,活動費-執行率,非收支,91.0,97.0,-6.0,-0.061855670103092786,94.0,4.242640687119285,94.0,-0.7071067811865476
N02,山北,113,附表三,活動費-執行率,非收支,86.0,91.0,-5.0,-0.054945054945054944,91.33333333333333,5.5075705472861,91.33333333333333,-0.9683640522700833
N02,山北,111,附表三,活動費-決算數,非收支,92402.0,,,,92402.0,,92402.0,
N02,山北,112,附表三,活動費-決算數,非收支,86400.0,92402.0,-6002.0,-0.06495530399774897,89401.0,4244.054900681658,89401.0,-0.7071067811865476
N02,山北,113,附表三,活動費-決算數,非收支,82043.0,86400.0,-4357.0,-0.05042824074074074,86948.33333333333,5201.223157424926,86948.33333333333,-0.9431114922132874
N02,山北,110,附表三,火險-執行率,非收支,10.0,,,,10.0,,10.0,
N02,山北,111,附表三,火險-執行率,非收支,9.0,10.0,-1.0,-0.1,9.5,0.7071067811865476,9.5,-0.7071067811865475
N02,山北,112,附表三,火險-執行率,非收支,9.0,9.0,0.0,0.0,9.333333333333334,0.5773502691896258,9.333333333333334,-0.5773502691896267
N02,山北,113,附表三,火險-執行率,非收支,9.0,9.0,0.0,0.0,9.25,0.5000000000000001,9.0,-0.4999999999999999
N02,山北,110,附表三,火險-決算數,非收支,800.0,,,,800.0,,800.0,
N02,山北,111,附表三,火險-決算數,非收支,720.0,800.0,-80.0,-0.1,760.0,56.568542494923804,760.0,-0.7071067811865475
N02,山北,112,附表三,火險-決算數,非收支,720.0,720.0,0.0,0.0,746.6666666666666,46.18802153517005,746.6666666666666,-0.5773502691896251
N02,山北,113,附表三,火險-決算數,非收支,720.0,720.0,0.0,0.0,740.0,39.99999999999999,720.0,-0.5000000000000001
N02,山北,110,附表三,瓦斯費-執行率,非收支,37.0,,,,37.0,,37.0,
N02,山北,111,附表三,瓦斯費-執行率,非收支,36.0,37.0,-1.0,-0.02702702702702703,36.5,0.7071067811865476,36.5,-0.7071067811865475
N02,山北,112,附表三,瓦斯費-執行率,非收支,43.0,36.0,7.0,0.19444444444444445,38.666666666666664,3.7859388972001833,38.666666666666664,1.1445861782233113
N02,山北,113,附表三,瓦斯費-執行率,非收支,38.0,43.0,-5.0,-0.11627906976744186,38.5,3.1091263510296057,39.0,-0.1608168802256692
N02,山北,110,附表三,瓦斯費-決算數,非收支,11895.0,,,,11895.0,,11895.0,
N02,山北,111,附表三,瓦斯費-決算數,非收支,11547.0,11895.0,-348.0,-0.029255989911727617,11721.0,246.07315985291854,11721.0,-0.7071067811865476
N02,山北,112,附表三,瓦斯費-決算數,非收支,13620.0,11547.0,2073.0,0.1795271499090673,12354.0,1110.1094540629765,12354.0,1.140428086047252
N02,山北,113,附表三,瓦斯費-決算數,非收支,12051.0,13620.0,-1569.0,-0.11519823788546256,12278.25,918.9745643922904,12406.0,-0.24728649606344477
N02,山北,110,附表三,研習、進修-執行率,非收支,25.0,,,,25.0,,25.0,
N02,山北,111,附表三,研習、進修-執行率,非收支,10.0,25.0,-15.0,-0.6,17.5,10.606601717798213,17.5,-0.7071067811865475
N02,山北,112,附表三,研習、進修-執行率,非收支,26.0,10.0,16.0,1.6,20.333333333333332,8.962886439832502,20.333333333333332,0.6322368028097616
N02,山北,113,附表三,研習、進修-執行率,非收支,42.0,26.0,16.0,0.6153846153846154,25.75,13.073510112692254,26.0,1.2429714636640614
N02,山北,110,附表三,研習、進修-決算數,非收支,6500.0,,,,6500.0,,6500.0,
N02,山北,111,附表三,研習、進修-決算數,非收支,2500.0,6500.0,-4000.0,-0.6153846153846154,4500.0,2828.42712474619,4500.0,-0.7071067811865475
N02,山北,112,附表三,研習、進修-決算數,非收支,6800.0,2500.0,4300.0,1.72,5266.666666666667,2400.694344004112,5266.666666666667,0.6387041054030603
N02,山北,113,附表三,研習、進修-決算數,非收支,10800.0,6800.0,4000.0,0.5882352941176471,6650.0,3390.6734827562896,6700.0,1.2239456323663616
N02,山北,110,附表三,維護費-執行率,非收支,79.0,,,,79.0,,79.0,
N02,山北,111,附表三,維護費-執行率,非收支,45.0,79.0,-34.0,-0.43037974683544306,62.0,24.041630560342615,62.0,-0.7071067811865476
N02,山北,112,附表三,維護費-執行率,非收支,69.0,45.0,24.0,0.5333333333333333,64.33333333333333,17.47378989610821,64.33333333333333,0.2670666578007807
N02,山北,113,附表三,維護費-執行率,非收支,38.0,69.0,-31.0,-0.4492753623188406,57.75,19.414341777836988,50.666666666666664,-1.0172891888895348
N02,山北,110,附表三,維護費-決算數,非收支,93029.0,,,,93029.0,,93029.0,
N02,山北,111,附表三,維護費-決算數,非收支,52748.0,93029.0,-40281.0,-0.43299401261972076,72888.5,28482.96825297532,72888.5,-0.7071067811865476
N02,山北,112,附表三,維護費-決算數,非收支,81966.0,52748.0,29218.0,0.5539167361795708,75914.33333333333,20811.21674322127,75914.33333333333,0.2907887002156109
N02,山北,113,附表三,維護費-決算數,非收支,44629.0,81966.0,-37337.0,-0.4555181416684967,68093.0,23096.12193998522,59781.0,-1.0159281311802346
N02,山北,113,附表三,腸病毒退費-執行率,非收支,,,,,,,,
N02,山北,113,附表三,腸病毒退費-決算數,非收支,-23739.0,,,,-23739.0,,-23739.0,
N02,山北,112,附表三,自強活動-執行率,非收支,77.0,,,,77.0,,77.0,
N02,山北,113,附表三,自強活動-執行率,非收支,94.0,77.0,17.0,0.22077922077922077,85.5,12.020815280171307,85.5,0.7071067811865476
N02,山北,112,附表三,自強活動-決算數,非收支,10000.0,,,,10000.0,,10000.0,
N02,山北,113,附表三,自強活動-決算數,非收支,12155.0,10000.0,2155.0,0.2155,11077.5,1523.8151134570098,11077.5,0.7071067811865476
N02,山北,110,附表三,藥品費-執行率,非收支,90.0,,,,90.0,,90.0,
N02,山北,111,附表三,藥品費-執行率,非收支,53.0,90.0,-37.0,-0.4111111111111111,71.5,26.16295090390226,71.5,-0.7071067811865475
N02,山北,112,附表三,藥品費-執行率,非收支,47.0,53.0,-6.0,-0.11320754716981132,63.333333333333336,23.288051299611425,63.333333333333336,-0.70136110244681
N02,山北,113,附表三,藥品費-執行率,非收支,77.0,47.0,30.0,0.6382978723404256,66.75,20.20519735117675,59.0,0.5072952182475486
N02,山北,110,附表三,藥品費-決算數,非收支,5641.0,,,,5641.0,,5641.0,
N02,山北,111,附表三,藥品費-決算數,非收支,3312.0,5641.0,-2329.0,-0.4128700585002659,4476.5,1646.8516933834692,4476.5,-0.7071067811865476
N02,山北,112,附表三,藥品費-決算數,非收支,2930.0,3312.0,-382.0,-0.11533816425120773,3961.0,1467.4062150611194,3961.0,-0.7026002680226194
N02,山北,113,附表三,藥品費-決算數,非收支,4638.0,2930.0,1708.0,0.5829351535836177,4130.25,1245.031291440768,3626.6666666666665,0.407821075253799
N02,山北,110,附表三,行政管理費-執行率,非收支,100.0,,,,100.0,,100.0,
N02,山北,111,附表三,行政管理費-執行率,非收支,100.0,100.0,0.0,0.0,100.0,0.0,100.0,
N02,山北,112,附表三,行政管理費-執行率,非收支,100.0,100.0,0.0,0.0,100.0,0.0,100.0,
N02,山北,113,附表三,行政管理費-執行率,非收支,100.0,100.0,0.0,0.0,100.0,0.0,100.0,
N02,山北,110,附表三,行政管理費-決算數,非收支,125430.0,,,,125430.0,,125430.0,
N02,山北,111,附表三,行政管理費-決算數,非收支,125430.0,125430.0,0.0,0.0,125430.0,0.0,125430.0,
N02,山北,112,附表三,行政管理費-決算數,非收支,229600.0,125430.0,104170.0,0.8305030694411225,160153.33333333334,60142.57754148331,160153.33333333334,1.1547005383792515
N02,山北,113,附表三,行政管理費-決算數,非收支,222612.0,229600.0,-6988.0,-0.03043554006968641,175768.0,58195.28345149631,192547.33333333334,0.8049449581088955
N02,山北,111,附表三,資遣費-執行率,非收支,100.0,,,,100.0,,100.0,
N02,山北,112,附表三,資遣費-執行率,非收支,100.0,100.0,0.0,0.0,100.0,0.0,100.0,
N02,山北,113,附表三,資遣費-執行率,非收支,100.0,100.0,0.0,0.0,100.0,0.0,100.0,
N02,山北,111,附表三,資遣費-決算數,非收支,46428.0,,,,46428.0,,46428.0,
N02,山北,112,附表三,資遣費-決算數,非收支,55088.0,46428.0,8660.0,0.1865253726199707,50758.0,6123.544725075501,50758.0,0.7071067811865476
N02,山北,113,附表三,資遣費-決算數,非收支,56319.0,55088.0,1231.0,0.02234606447865234,52611.666666666664,5390.467543111018,52611.666666666664,0.6877572870411368
N02,山北,112,附表三,轉學/轉出退費-執行率,非收支,,,,,,,,
N02,山北,112,附表三,轉學/轉出退費-決算數,非收支,-39046.0,,,,-39046.0,,-39046.0,
N02,山北,110,附表三,辦公文具-執行率,非收支,35.0,,,,35.0,,35.0,
N02,山北,111,附表三,辦公文具-執行率,非收支,57.0,35.0,22.0,0.6285714285714286,46.0,15.556349186104045,46.0,0.7071067811865476
N02,山北,112,附表三,辦公文具-執行率,非收支,35.0,57.0,-22.0,-0.38596491228070173,42.333333333333336,12.701705922171767,42.333333333333336,-0.577350269189626
N02,山北,113,附表三,辦公文具-執行率,非收支,24.0,35.0,-11.0,-0.3142857142857143,37.75,13.841363131329707,38.666666666666664,-0.9933992677987828
N02,山北,110,附表三,辦公文具-決算數,非收支,6245.0,,,,6245.0,,6245.0,
N02,山北,111,附表三,辦公文具-決算數,非收支,10185.0,6245.0,3940.0,0.6309047237790232,8215.0,2786.0007178749975,8215.0,0.7071067811865475
N02,山北,112,附表三,辦公文具-決算數,非收支,6344.0,10185.0,-3841.0,-0.3771232204221895,7591.333333333333,2246.726581792572,7591.333333333333,-0.5551780725975728
N02,山北,113,附表三,辦公文具-決算數,非收支,4390.0,6344.0,-1954.0,-0.30800756620428754,6791.0,2434.6089350584966,6973.0,-0.9861953455544641
N02,山北,110,附表三,郵資-執行率,非收支,66.0,,,,66.0,,66.0,
N02,山北,111,附表三,郵資-執行率,非收支,93.0,66.0,27.0,0.4090909090909091,79.5,19.091883092036785,79.5,0.7071067811865475
N02,山北,112,附表三,郵資-執行率,非收支,21.0,93.0,-72.0,-0.7741935483870968,60.0,36.373066958946424,60.0,-1.0722219284950192
N02,山北,113,附表三,郵資-執行率,非收支,68.0,21.0,47.0,2.238095238095238,62.0,29.966648127543394,60.666666666666664,0.20022259327979997
N02,山北,110,附表三,郵資-決算數,非收支,4750.0,,,,4750.0,,4750.0,
N02,山北,111,附表三,郵資-決算數,非收支,6702.0,4750.0,1952.0,0.4109473684210526,5726.0,1380.2724368761408,5726.0,0.7071067811865476
N02,山北,112,附表三,郵資-決算數,非收支,1524.0,6702.0,-5178.0,-0.7726051924798567,4325.333333333333,2614.9908858987123,4325.333333333333,-1.0712593104777033
N02,山北,113,附表三,郵資-決算數,非收支,4865.0,1524.0,3341.0,2.192257217847769,4460.25,2152.114057541251,4363.666666666667,0.18807088712687425
N02,山北,110,附表三,雜支-執行率,非收支,9.0,,,,9.0,,9.0,
N02,山北,111,附表三,雜支-執行率,非收支,8.0,9.0,-1.0,-0.1111111111111111,8.5,0.7071067811865476,8.5,-0.7071067811865475
N02,山北,112,附表三,雜支-執行率,非收支,14.0,8.0,6.0,0.75,10.333333333333334,3.214550253664318,10.333333333333334,1.1406468642034677
N02,山北,113,附表三,雜支-執行率,非收支,11.0,14.0,-3.0,-0.21428571428571427,10.5,2.6457513110645903,11.0,0.18898223650461363
N02,山北,110,附表三,雜支-決算數,非收支,3850.0,,,,3850.0,,3850.0,
N02,山北,111,附表三,雜支-決算數,非收支,3120.0,3850.0,-730.0,-0.18961038961038962,3485.0,516.1879502661797,3485.0,-0.7071067811865476
N02,山北,112,附表三,雜支-決算數,非收支,6095.0,3120.0,2975.0,0.9535256410256411,4355.0,1550.4596092771976,4355.0,1.1222478738489443
N02,山北,113,附表三,雜支-決算數,非收支,4794.0,6095.0,-1301.0,-0.21345365053322396,4464.75,1284.8334198123378,4669.666666666667,0.2562589008994568
N02,山北,113,附表三,電話費(含ADSL)-執行率,非收支,67.0,,,,67.0,,67.0,
N02,山北,113,附表三,電話費(含ADSL)-決算數,非收支,30230.0,,,,30230.0,,30230.0,
N02,山北,110,附表三,電話費(含網路)-執行率,非收支,66.0,,,,66.0,,66.0,
N02,山北,111,附表三,電話費(含網路)-執行率,非收支,66.0,66.0,0.0,0.0,66.0,0.0,66.0,
N02,山北,110,附表三,電話費(含網路)-決算數,非收支,29553.0,,,,29553.0,,29553.0,
N02,山北,111,附表三,電話費(含網路)-決算數,非收支,29859.0,29553.0,306.0,0.010354278753426049,29706.0,216.37467504308356,29706.0,0.7071067811865475
N02,山北,112,附表三,電話費（含 ADSL）-執行率,非收支,66.0,,,,66.0,,66.0,
N02,山北,112,附表三,電話費（含 ADSL）-決算數,非收支,29727.0,,,,29727.0,,29727.0,
N02,山北,110,附表三,電費-執行率,非收支,77.0,,,,77.0,,77.0,
N02,山北,111,附表三,電費-執行率,非收支,101.0,77.0,24.0,0.3116883116883117,89.0,16.97056274847714,89.0,0.7071067811865476
N02,山北,112,附表三,電費-執行率,非收支,92.0,101.0,-9.0,-0.0891089108910891,90.0,12.12435565298214,90.0,0.1649572197684645
N02,山北,113,附表三,電費-執行率,非收支,93.0,92.0,1.0,0.010869565217391304,90.75,10.012492197250394,95.33333333333333,0.22471927624751503
N02,山北,110,附表三,電費-決算數,非收支,156603.0,,,,156603.0,,156603.0,
N02,山北,111,附表三,電費-決算數,非收支,206946.0,156603.0,50343.0,0.3214689373766786,181774.5,35597.876685274365,181774.5,0.7071067811865475
N02,山北,112,附表三,電費-決算數,非收支,210502.0,206946.0,3556.0,0.01718322654218975,191350.33333333334,30144.554472297867,191350.33333333334,0.6353275741483121
N02,山北,113,附表三,電費-決算數,非收支,213390.0,210502.0,2888.0,0.01371958461202269,196860.25,26967.25488903162,210279.33333333334,0.6129563453165245
N02,山北,110,附表三,餐點費-執行率,非收支,85.0,,,,85.0,,85.0,
N02,山北,111,附表三,餐點費-執行率,非收支,88.0,85.0,3.0,0.03529411764705882,86.5,2.1213203435596424,86.5,0.7071067811865476
N02,山北,112,附表三,餐點費-執行率,非收支,83.0,88.0,-5.0,-0.056818181818181816,85.33333333333333,2.516611478423582,85.33333333333333,-0.9271726499455293
N02,山北,113,附表三,餐點費-執行率,非收支,79.0,83.0,-4.0,-0.04819277108433735,83.75,3.774917217635373,83.33333333333333,-1.2583057392117922
N02,山北,110,附表三,餐點費-決算數,非收支,956269.0,,,,956269.0,,956269.0,
N02,山北,111,附表三,餐點費-決算數,非收支,985112.0,956269.0,28843.0,0.030162015081530408,970690.5,20395.08088976359,970690.5,0.7071067811865475
N02,山北,112,附表三,餐點費-決算數,非收支,1076001.0,985112.0,90889.0,0.09226260567326355,1005794.0,62487.97323485536,1005794.0,1.1235281985564387
N02,山北,113,附表三,餐點費-決算數,非收支,981232.0,1076001.0,-94769.0,-0.08807519695613666,999653.5,52478.44789689065,1014115.0,-0.3510298177300224
N02,山北,112,附表二,事務機器耗材-差異率,非收支,61.0,,,,61.0,,61.0,
N02,山北,113,附表二,事務機器耗材-差異率,非收支,-59.0,61.0,-120.0,-1.9672131147540983,1.0,84.8528137423857,1.0,-0.7071067811865475
N02,山北,112,附表二,事務機器耗材-決算數,非收支,23573.0,,,,23573.0,,23573.0,
N02,山北,113,附表二,事務機器耗材-決算數,非收支,24424.0,23573.0,851.0,0.03610062359479065,23998.5,601.7478707897519,23998.5,0.7071067811865476
N02,山北,110,附表二,五日未上課退費-差異率,非收支,,,,,,,,
N02,山北,111,附表二,五日未上課退費-差異率,非收支,,,,,,,,
N02,山北,110,附表二,五日未上課退費-決算數,非收支,-83589.0,,,,-83589.0,,-83589.0,
N02,山北,111,附表二,五日未上課退費-決算數,非收支,-84053.0,-83589.0,-464.0,-0.005550969625189917,-83821.0,328.09754647055803,-83821.0,-0.7071067811865476
N02,山北,110,附表二,人事費-差異率,非收支,90.0,,,,90.0,,90.0,
N02,山北,111,附表二,人事費-差異率,非收支,91.0,90.0,1.0,0.011111111111111112,90.5,0.7071067811865476,90.5,0.7071067811865475
N02,山北,112,附表二,人事費-差異率,非收支,7.0,91.0,-84.0,-0.9230769230769231,62.666666666666664,48.21134029803915,62.666666666666664,-1.1546384382292467
N02,山北,112,附表二,人事費-差異率,非收支,4.0,91.0,-87.0,-0.9560439560439561,48.0,49.09175083453431,34.0,-0.8962809280993815
N02,山北,113,附表二,人事費-差異率,非收支,-10.0,7.0,-17.0,-2.4285714285714284,36.4,49.80261037335292,0.3333333333333333,-0.9316780717346996
N02,山北,113,附表二,人事費-差異率,非收支,-10.0,4.0,-14.0,-3.5,28.666666666666668,48.40523387678926,-5.333333333333333,-0.7988116897666242
N02,山北,113,附表二,人事費-差異率,非收支,-8.0,7.0,-15.0,-2.142857142857143,23.428571428571427,46.31003182485462,-9.333333333333334,-0.678655794222618
N02,山北,113,附表二,人事費-差異率,非收支,-8.0,4.0,-12.0,-3.0,19.5,44.29124389441197,-8.666666666666666,-0.6208902162594163
N02,山北,110,附表二,人事費-決算數,非收支,6971731.0,,,,6971731.0,,6971731.0,
N02,山北,111,附表二,人事費-決算數,非收支,7286602.0,6971731.0,314871.0,0.04516396286661089,7129166.5,222647.4192989894,7129166.5,0.7071067811865476
N02,山北,112,附表二,人事費-決算數,非收支,9157815.0,7286602.0,1871213.0,0.2568018673175782,7805382.666666667,1181774.4492263882,7805382.666666667,1.144408168765758
N02,山北,112,附表二,人事費-決算數,非收支,8680822.0,7286602.0,1394220.0,0.19134021591957404,8024242.5,1059556.0733075903,8375079.666666667,0.6196741414075159
N02,山北,113,附表二,人事費-決算數,非收支,9040242.0,9157815.0,-117573.0,-0.012838542818346952,8227442.4,1023936.180219402,8959626.333333334,0.7937990821125576
N02,山北,113,附表二,人事費-決算數,非收支,9040242.0,8680822.0,359420.0,0.04140391313172877,8362909.0,974096.2166147652,8920435.333333334,0.695345068019981
N02,山北,113,附表二,人事費-決算數,非收支,8524181.0,9157815.0,-633634.0,-0.06919052197494709,8385947.857142857,891310.863422601,8868221.666666666,0.15508970947165676
N02,山北,113,附表二,人事費-決算數,非收支,8524181.0,8680822.0,-156641.0,-0.01804448933522655,8403227.0,826639.5123019809,8696201.333333334,0.1463201289074289
N02,山北,110,附表二,代課費及廚工代班費-差異率,非收支,69.0,,,,69.0,,69.0,
N02,山北,111,附表二,代課費及廚工代班費-差異率,非收支,95.0,69.0,26.0,0.37681159420289856,82.0,18.384776310850235,82.0,0.7071067811865476
N02,山北,110,附表二,代課費及廚工代班費-決算數,非收支,154504.0,,,,154504.0,,154504.0,
N02,山北,111,附表二,代課費及廚工代班費-決算數,非收支,212350.0,154504.0,57846.0,0.3743980738362761,183427.0,40903.298864517026,183427.0,0.7071067811865476
N02,山北,112,附表二,保全-差異率,非收支,53.0,,,,53.0,,53.0,
N02,山北,113,附表二,保全-差異率,非收支,-19.0,53.0,-72.0,-1.3584905660377358,17.0,50.91168824543142,17.0,-0.7071067811865476
N02,山北,112,附表二,保全-決算數,非收支,37275.0,,,,37275.0,,37275.0,
N02,山北,113,附表二,保全-決算數,非收支,64513.0,37275.0,27238.0,0.7307310529845741,50894.0,19260.17450595918,50894.0,0.7071067811865476
N02,山北,110,附表二,保險費-差異率,非收支,100.0,,,,100.0,,100.0,
N02,山北,111,附表二,保險費-差異率,非收支,164.0,100.0,64.0,0.64,132.0,45.254833995939045,132.0,0.7071067811865475
N02,山北,110,附表二,保險費-決算數,非收支,12978.0,,,,12978.0,,12978.0,
N02,山北,111,附表二,保險費-決算數,非收支,21300.0,12978.0,8322.0,0.6412390198797966,17139.0,5884.542633034448,17139.0,0.7071067811865476
N02,山北,112,附表二,修繕購置費-差異率,非收支,15.0,,,,15.0,,15.0,
N02,山北,113,附表二,修繕購置費-差異率,非收支,140.0,15.0,125.0,8.333333333333334,77.5,88.38834764831844,77.5,0.7071067811865475
N02,山北,112,附表二,修繕購置費-決算數,非收支,107677.0,,,,107677.0,,107677.0,
N02,山北,113,附表二,修繕購置費-決算數,非收支,288508.0,107677.0,180831.0,1.6793837123991195,198092.5,127866.82634874458,198092.5,0.7071067811865475
N02,山北,110,附表二,健康檢查-差異率,非收支,,,,,,,,
N02,山北,111,附表二,健康檢查-差異率,非收支,9.0,,,,9.0,,9.0,
N02,山北,110,附表二,健康檢查-決算數,非收支,,,,,,,,
N02,山北,111,附表二,健康檢查-決算數,非收支,1130.0,,,,1130.0,,1130.0,
N02,山北,112,附表二,公共事務管理費-差異率,非收支,86.0,,,,86.0,,86.0,
N02,山北,113,附表二,公共事務管理費-差異率,非收支,-84.0,86.0,-170.0,-1.9767441860465116,1.0,120.20815280171308,1.0,-0.7071067811865475
N02,山北,112,附表二,公共事務管理費-決算數,非收支,20538.0,,,,20538.0,,20538.0,
N02,山北,113,附表二,公共事務管理費-決算數,非收支,21756.0,20538.0,1218.0,0.05930470347648262,21147.0,861.2560594852149,21147.0,0.7071067811865475
N02,山北,110,附表二,其他收入-差異率,非收支,,,,,,,,
N02,山北,111,附表二,其他收入-差異率,非收支,,,,,,,,
N02,山北,110,附表二,其他收入-決算數,非收支,1874209.0,,,,1874209.0,,1874209.0,
N02,山北,111,附表二,其他收入-決算數,非收支,2293328.0,1874209.0,419119.0,0.22362447304436164,2083768.5,296361.8870241246,2083768.5,0.7071067811865475
N02,山北,110,附表二,利息收入-差異率,非收支,,,,,,,,
N02,山北,111,附表二,利息收入-差異率,非收支,,,,,,,,
N02,山北,110,附表二,利息收入-決算數,非收支,25283.0,,,,25283.0,,25283.0,
N02,山北,111,附表二,利息收入-決算數,非收支,37036.0,25283.0,11753.0,0.4648578095953803,31159.5,8310.625999285494,31159.5,0.7071067811865475
N02,山北,110,附表二,加班費-差異率,非收支,92.0,,,,92.0,,92.0,
N02,山北,111,附表二,加班費-差異率,非收支,98.0,92.0,6.0,0.06521739130434782,95.0,4.242640687119285,95.0,0.7071067811865476
N02,山北,112,附表二,加班費-差異率,非收支,43.0,98.0,-55.0,-0.5612244897959183,77.66666666666667,30.171730698343,77.66666666666667,-1.1489783934923736
N02,山北,113,附表二,加班費-差異率,非收支,-39.0,43.0,-82.0,-1.9069767441860466,48.5,63.32192879774483,34.0,-1.3818277753269614
N02,山北,110,附表二,加班費-決算數,非收支,306288.0,,,,306288.0,,306288.0,
N02,山北,111,附表二,加班費-決算數,非收支,333557.0,306288.0,27269.0,0.08903058559264483,319922.5,19282.094816175966,319922.5,0.7071067811865475
N02,山北,112,附表二,加班費-決算數,非收支,421905.0,333557.0,88348.0,0.2648662747296564,353916.6666666667,60437.651280748265,353916.6666666667,1.1249334130724276
N02,山北,113,附表二,加班費-決算數,非收支,459742.0,421905.0,37837.0,0.08968132636493997,380373.0,72352.54030555296,405068.0,1.096975996486312
N02,山北,110,附表二,勞、健保費-差異率,非收支,97.0,,,,97.0,,97.0,
N02,山北,111,附表二,勞、健保費-差異率,非收支,96.0,97.0,-1.0,-0.010309278350515464,96.5,0.7071067811865476,96.5,-0.7071067811865475
N02,山北,110,附表二,勞、健保費-決算數,非收支,675231.0,,,,675231.0,,675231.0,
N02,山北,111,附表二,勞、健保費-決算數,非收支,687987.0,675231.0,12756.0,0.018891312750747524,681609.0,9019.8541008156,681609.0,0.7071067811865475
N02,山北,110,附表二,勞退金提撥-差異率,非收支,97.0,,,,97.0,,97.0,
N02,山北,111,附表二,勞退金提撥-差異率,非收支,98.0,97.0,1.0,0.010309278350515464,97.5,0.7071067811865476,97.5,0.7071067811865475
N02,山北,110,附表二,勞退金提撥-決算數,非收支,324044.0,,,,324044.0,,324044.0,
N02,山北,111,附表二,勞退金提撥-決算數,非收支,335647.0,324044.0,11603.0,0.035806865734282996,329845.5,8204.55998210751,329845.5,0.7071067811865476
N02,山北,112,附表二,合 計-差異率,非收支,12.0,,,,12.0,,12.0,
N02,山北,113,附表二,合 計-差異率,非收支,-13.0,12.0,-25.0,-2.0833333333333335,-0.5,17.67766952966369,-0.5,-0.7071067811865475
N02,山北,112,附表二,合 計-決算數,非收支,11286703.0,,,,11286703.0,,11286703.0,
N02,山北,113,附表二,合 計-決算數,非收支,11228210.0,11286703.0,-58493.0,-0.0051824700268980235,11257456.5,41360.79695194472,11257456.5,-0.7071067811865476
N02,山北,112,附表二,園務特支-差異率,非收支,17.0,,,,17.0,,17.0,
N02,山北,113,附表二,園務特支-差異率,非收支,-46.0,17.0,-63.0,-3.7058823529411766,-14.5,44.54772721475249,-14.5,-0.7071067811865476
N02,山北,112,附表二,園務特支-決算數,非收支,32520.0,,,,32520.0,,32520.0,
N02,山北,113,附表二,園務特支-決算數,非收支,21010.0,32520.0,-11510.0,-0.3539360393603936,26765.0,8138.799051457162,26765.0,-0.7071067811865476
N02,山北,110,附表二,園長及教保服務人員薪資(含職務加給)-差異率,非收支,89.0,,,,89.0,,89.0,
N02,山北,110,附表二,園長及教保服務人員薪資(含職務加給)-決算數,非收支,4026084.0,,,,4026084.0,,4026084.0,
N02,山北,111,附表二,園長及教保服務人員薪資（含職務加給）-差異率,非收支,88.0,,,,88.0,,88.0,
N02,山北,111,附表二,園長及教保服務人員薪資（含職務加給）-決算數,非收支,4100131.0,,,,4100131.0,,4100131.0,
N02,山北,110,附表二,學前特教師、社工人員、護理人員薪資-差異率,非收支,100.0,,,,100.0,,100.0,
N02,山北,111,附表二,學前特教師、社工人員、護理人員薪資-差異率,非收支,101.0,100.0,1.0,0.01,100.5,0.7071067811865476,100.5,0.7071067811865475
N02,山北,110,附表二,學前特教師、社工人員、護理人員薪資-決算數,非收支,463241.0,,,,463241.0,,463241.0,
N02,山北,111,附表二,學前特教師、社工人員、護理人員薪資-決算數,非收支,471716.0,463241.0,8475.0,0.018295012747144575,467478.5,5992.72997055599,467478.5,0.7071067811865476
N02,山北,112,附表二,差旅費-差異率,非收支,,,,,,,,
N02,山北,113,附表二,差旅費-差異率,非收支,,,,,,,,
N02,山北,112,附表二,差旅費-決算數,非收支,,,,,,,,
N02,山北,113,附表二,差旅費-決算數,非收支,,,,,,,,
N02,山北,110,附表二,延後托育收入-差異率,非收支,,,,,,,,
N02,山北,111,附表二,延後托育收入-差異率,非收支,,,,,,,,
N02,山北,110,附表二,延後托育收入-決算數,非收支,333797.0,,,,333797.0,,333797.0,
N02,山北,111,附表二,延後托育收入-決算數,非收支,237300.0,333797.0,-96497.0,-0.2890888773715761,285548.5,68233.68306415828,285548.5,-0.7071067811865475
N02,山北,110,附表二,延後托育收入淨額-差異率,非收支,,,,,,,,
N02,山北,110,附表二,延後托育收入淨額-差異率,非收支,,,,,,,,
N02,山北,111,附表二,延後托育收入淨額-差異率,非收支,,,,,,,,
N02,山北,111,附表二,延後托育收入淨額-差異率,非收支,,,,,,,,
N02,山北,111,附表二,延後托育收入淨額-差異率,非收支,,,,,,,,
N02,山北,111,附表二,延後托育收入淨額-差異率,非收支,,,,,,,,
N02,山北,110,附表二,延後托育收入淨額-決算數,非收支,333797.0,,,,333797.0,,333797.0,
N02,山北,110,附表二,延後托育收入淨額-決算數,非收支,333797.0,,,,333797.0,0.0,333797.0,
N02,山北,111,附表二,延後托育收入淨額-決算數,非收支,237300.0,333797.0,-96497.0,-0.2890888773715761,301631.3333333333,55712.56892599131,301631.3333333333,-1.1547005383792512
N02,山北,111,附表二,延後托育收入淨額-決算數,非收支,237300.0,333797.0,-96497.0,-0.2890888773715761,285548.5,55712.56892599131,269465.6666666667,-0.8660254037844387
N02,山北,111,附表二,延後托育收入淨額-決算數,非收支,237300.0,333797.0,-96497.0,-0.2890888773715761,275898.8,52853.58363157601,237300.0,-0.7302967433402213
N02,山北,111,附表二,延後托育收入淨額-決算數,非收支,237300.0,333797.0,-96497.0,-0.2890888773715761,269465.6666666667,49830.836527863605,237300.0,-0.6454972243679034
N02,山北,110,附表二,延後托育收入退費-差異率,非收支,,,,,,,,
N02,山北,111,附表二,延後托育收入退費-差異率,非收支,,,,,,,,
N02,山北,110,附表二,延後托育收入退費-決算數,非收支,,,,,,,,
N02,山北,111,附表二,延後托育收入退費-決算數,非收支,,,,,,,,
N02,山北,112,附表二,攝影照片-差異率,非收支,55.0,,,,55.0,,55.0,
N02,山北,113,附表二,攝影照片-差異率,非收支,-44.0,55.0,-99.0,-1.8,5.5,70.0035713374682,5.5,-0.7071067811865476
N02,山北,112,附表二,攝影照片-決算數,非收支,4050.0,,,,4050.0,,4050.0,
N02,山北,113,附表二,攝影照片-決算數,非收支,5018.0,4050.0,968.0,0.23901234567901233,4534.0,684.479364188578,4534.0,0.7071067811865476
N02,山北,110,附表二,支出-差異率,非收支,109.0,,,,109.0,,109.0,
N02,山北,111,附表二,支出-差異率,非收支,117.0,109.0,8.0,0.07339449541284404,113.0,5.656854249492381,113.0,0.7071067811865475
N02,山北,110,附表二,支出-決算數,非收支,11291786.0,,,,11291786.0,,11291786.0,
N02,山北,111,附表二,支出-決算數,非收支,12287391.0,11291786.0,995605.0,0.08817072870491878,11789588.5,703999.0468832327,11789588.5,0.7071067811865475
N02,山北,110,附表二,收入-差異率,非收支,,,,,,,,
N02,山北,111,附表二,收入-差異率,非收支,124.0,,,,124.0,,124.0,
N02,山北,110,附表二,收入-決算數,非收支,,,,,,,,
N02,山北,111,附表二,收入-決算數,非收支,12701252.0,,,,12701252.0,,12701252.0,
N02,山北,110,附表二,政府學費差額補助退費-差異率,非收支,,,,,,,,
N02,山北,111,附表二,政府學費差額補助退費-差異率,非收支,,,,,,,,
N02,山北,110,附表二,政府學費差額補助退費-決算數,非收支,,,,,,,,
N02,山北,111,附表二,政府學費差額補助退費-決算數,非收支,,,,,,,,
N02,山北,112,附表二,教保材料費-差異率,非收支,49.0,,,,49.0,,49.0,
N02,山北,113,附表二,教保材料費-差異率,非收支,-48.0,49.0,-97.0,-1.9795918367346939,0.5,68.58935777509511,0.5,-0.7071067811865476
N02,山北,112,附表二,教保材料費-決算數,非收支,109184.0,,,,109184.0,,109184.0,
N02,山北,113,附表二,教保材料費-決算數,非收支,107757.0,109184.0,-1427.0,-0.013069680539273154,108470.5,1009.0413767532033,108470.5,-0.7071067811865476
N02,山北,110,附表二,教保費收入(家長繳費)-差異率,非收支,79.0,,,,79.0,,79.0,
N02,山北,110,附表二,教保費收入(家長繳費)-決算數,非收支,2135565.0,,,,2135565.0,,2135565.0,
N02,山北,110,附表二,教保費收入(政府學費差額補助)-差異率,非收支,107.0,,,,107.0,,107.0,
N02,山北,110,附表二,教保費收入(政府學費差額補助)-決算數,非收支,8096832.0,,,,8096832.0,,8096832.0,
N02,山北,110,附表二,教保費收入-差異率,非收支,100.0,,,,100.0,,100.0,
N02,山北,111,附表二,教保費收入-差異率,非收支,100.0,100.0,0.0,0.0,100.0,0.0,100.0,
N02,山北,110,附表二,教保費收入-決算數,非收支,10232397.0,,,,10232397.0,,10232397.0,
N02,山北,111,附表二,教保費收入-決算數,非收支,10232832.0,10232397.0,435.0,4.2512033104266773e-05,10232614.5,307.59144981614816,10232614.5,0.7071067811865476
N02,山北,110,附表二,教保費收入淨額-差異率,非收支,99.0,,,,99.0,,99.0,
N02,山北,111,附表二,教保費收入淨額-差異率,非收支,99.0,99.0,0.0,0.0,99.0,0.0,99.0,
N02,山北,110,附表二,教保費收入淨額-決算數,非收支,10148808.0,,,,10148808.0,,10148808.0,
N02,山北,111,附表二,教保費收入淨額-決算數,非收支,10133588.0,10148808.0,-15220.0,-0.0014996835096298994,10141198.0,10762.165209659253,10141198.0,-0.7071067811865476
N02,山北,110,附表二,教保費收入減項-差異率,非收支,,,,,,,,
N02,山北,111,附表二,教保費收入減項-差異率,非收支,,,,,,,,
N02,山北,110,附表二,教保費收入減項-決算數,非收支,-83589.0,,,,-83589.0,,-83589.0,
N02,山北,111,附表二,教保費收入減項-決算數,非收支,-99244.0,-83589.0,-15655.0,-0.18728540836712965,-91416.5,11069.7566594754,-91416.5,-0.7071067811865476
N02,山北,111,附表二,教保費收入（家長繳費）-差異率,非收支,68.0,,,,68.0,,68.0,
N02,山北,111,附表二,教保費收入（家長繳費）-決算數,非收支,1470000.0,,,,1470000.0,,1470000.0,
N02,山北,111,附表二,教保費收入（政府學費差額補助）-差異率,非收支,109.0,,,,109.0,,109.0,
N02,山北,111,附表二,教保費收入（政府學費差額補助）-決算數,非收支,8762832.0,,,,8762832.0,,8762832.0,
N02,山北,112,附表二,文宣費（一般文宣）-差異率,非收支,92.0,,,,92.0,,92.0,
N02,山北,113,附表二,文宣費（一般文宣）-差異率,非收支,-90.0,92.0,-182.0,-1.9782608695652173,1.0,128.69343417595164,1.0,-0.7071067811865476
N02,山北,112,附表二,文宣費（一般文宣）-決算數,非收支,800.0,,,,800.0,,800.0,
N02,山北,113,附表二,文宣費（一般文宣）-決算數,非收支,988.0,800.0,188.0,0.235,894.0,132.93607486307093,894.0,0.7071067811865476
N02,山北,112,附表二,文宣費（園刊）-差異率,非收支,,,,,,,,
N02,山北,113,附表二,文宣費（園刊）-差異率,非收支,,,,,,,,
N02,山北,112,附表二,文宣費（園刊）-決算數,非收支,,,,,,,,
N02,山北,113,附表二,文宣費（園刊）-決算數,非收支,,,,,,,,
N02,山北,112,附表二,日常消耗用品-差異率,非收支,43.0,,,,43.0,,43.0,
N02,山北,113,附表二,日常消耗用品-差異率,非收支,-48.0,43.0,-91.0,-2.116279069767442,-2.5,64.34671708797582,-2.5,-0.7071067811865476
N02,山北,112,附表二,日常消耗用品-決算數,非收支,31019.0,,,,31019.0,,31019.0,
N02,山北,113,附表二,日常消耗用品-決算數,非收支,26614.0,31019.0,-4405.0,-0.1420097359682775,28816.5,3114.8053711267416,28816.5,-0.7071067811865476
N02,山北,110,附表二,會計、總務、廚工、清潔薪資-差異率,非收支,84.0,,,,84.0,,84.0,
N02,山北,111,附表二,會計、總務、廚工、清潔薪資-差異率,非收支,93.0,84.0,9.0,0.10714285714285714,88.5,6.363961030678928,88.5,0.7071067811865476
N02,山北,110,附表二,會計、總務、廚工、清潔薪資-決算數,非收支,951683.0,,,,951683.0,,951683.0,
N02,山北,111,附表二,會計、總務、廚工、清潔薪資-決算數,非收支,1063356.0,951683.0,111673.0,0.11734264455706364,1007519.5,78964.73557544532,1007519.5,0.7071067811865476
N02,山北,112,附表二,材料費-差異率,非收支,22.0,,,,22.0,,22.0,
N02,山北,113,附表二,材料費-差異率,非收支,-25.0,22.0,-47.0,-2.1363636363636362,-1.5,33.23401871576773,-1.5,-0.7071067811865476
N02,山北,112,附表二,材料費-決算數,非收支,1219134.0,,,,1219134.0,,1219134.0,
N02,山北,113,附表二,材料費-決算數,非收支,1120241.0,1219134.0,-98893.0,-0.08111741613309119,1169687.5,69927.91091188125,1169687.5,-0.7071067811865475
N02,山北,110,附表二,業務費-差異率,非收支,65.0,,,,65.0,,65.0,
N02,山北,112,附表二,業務費-差異率,非收支,36.0,,,,50.5,20.506096654409877,50.5,-0.7071067811865476
N02,山北,113,附表二,業務費-差異率,非收支,-33.0,36.0,-69.0,-1.9166666666666667,22.666666666666668,50.34216258101487,22.666666666666668,-1.1057662963342736
N02,山北,110,附表二,業務費-決算數,非收支,445333.0,,,,445333.0,,445333.0,
N02,山北,112,附表二,業務費-決算數,非收支,463878.0,,,,454605.5,13113.295257104524,454605.5,0.7071067811865475
N02,山北,113,附表二,業務費-決算數,非收支,485428.0,463878.0,21550.0,0.046456180288782824,464879.6666666667,20066.25920128944,464879.6666666667,1.0240241156664067
N02,山北,112,附表二,水費-差異率,非收支,59.0,,,,59.0,,59.0,
N02,山北,113,附表二,水費-差異率,非收支,-55.0,59.0,-114.0,-1.9322033898305084,2.0,80.61017305526642,2.0,-0.7071067811865476
N02,山北,112,附表二,水費-決算數,非收支,10743.0,,,,10743.0,,10743.0,
N02,山北,113,附表二,水費-決算數,非收支,11706.0,10743.0,963.0,0.08963976542865121,11224.5,680.9438302826453,11224.5,0.7071067811865475
N02,山北,110,附表二,活動費-差異率,非收支,86.0,,,,86.0,,86.0,
N02,山北,112,附表二,活動費-差異率,非收支,9.0,,,,47.5,54.44722215136416,47.5,-0.7071067811865476
N02,山北,113,附表二,活動費-差異率,非收支,-14.0,9.0,-23.0,-2.5555555555555554,27.0,52.373657500693994,27.0,-0.7828362951252109
N02,山北,110,附表二,活動費-決算數,非收支,81338.0,,,,81338.0,,81338.0,
N02,山北,112,附表二,活動費-決算數,非收支,86400.0,,,,83869.0,3579.3745263663036,83869.0,0.7071067811865476
N02,山北,113,附表二,活動費-決算數,非收支,82043.0,86400.0,-4357.0,-0.05042824074074074,83260.33333333333,2741.7852456626374,83260.33333333333,-0.44399295504966585
N02,山北,112,附表二,瓦斯費-差異率,非收支,57.0,,,,57.0,,57.0,
N02,山北,113,附表二,瓦斯費-差異率,非收支,-62.0,57.0,-119.0,-2.087719298245614,-2.5,84.14570696119915,-2.5,-0.7071067811865476
N02,山北,112,附表二,瓦斯費-決算數,非收支,13620.0,,,,13620.0,,13620.0,
N02,山北,113,附表二,瓦斯費-決算數,非收支,12051.0,13620.0,-1569.0,-0.11519823788546256,12835.5,1109.450539681693,12835.5,-0.7071067811865476
N02,山北,112,附表二,研習、進修-差異率,非收支,74.0,,,,74.0,,74.0,
N02,山北,113,附表二,研習、進修-差異率,非收支,-58.0,74.0,-132.0,-1.7837837837837838,8.0,93.33809511662427,8.0,-0.7071067811865476
N02,山北,112,附表二,研習、進修-決算數,非收支,6800.0,,,,6800.0,,6800.0,
N02,山北,113,附表二,研習、進修-決算數,非收支,10800.0,6800.0,4000.0,0.5882352941176471,8800.0,2828.42712474619,8800.0,0.7071067811865475
N02,山北,112,附表二,維護費-差異率,非收支,31.0,,,,31.0,,31.0,
N02,山北,113,附表二,維護費-差異率,非收支,-62.0,31.0,-93.0,-3.0,-15.5,65.76093065034893,-15.5,-0.7071067811865475
N02,山北,112,附表二,維護費-決算數,非收支,81966.0,,,,81966.0,,81966.0,
N02,山北,113,附表二,維護費-決算數,非收支,44629.0,81966.0,-37337.0,-0.4555181416684967,63297.5,26401.245889162125,63297.5,-0.7071067811865476
N02,山北,110,附表二,腸病毒退費-差異率,非收支,,,,,,,,
N02,山北,111,附表二,腸病毒退費-差異率,非收支,,,,,,,,
N02,山北,110,附表二,腸病毒退費-決算數,非收支,,,,,,,,
N02,山北,111,附表二,腸病毒退費-決算數,非收支,-15191.0,,,,-15191.0,,-15191.0,
N02,山北,110,附表二,自強活動-差異率,非收支,95.0,,,,95.0,,95.0,
N02,山北,111,附表二,自強活動-差異率,非收支,100.0,95.0,5.0,0.05263157894736842,97.5,3.5355339059327378,97.5,0.7071067811865475
N02,山北,110,附表二,自強活動-決算數,非收支,12382.0,,,,12382.0,,12382.0,
N02,山北,111,附表二,自強活動-決算數,非收支,13000.0,12382.0,618.0,0.049911161363269264,12691.0,436.9919907732864,12691.0,0.7071067811865475
N02,山北,112,附表二,藥品費-差異率,非收支,53.0,,,,53.0,,53.0,
N02,山北,113,附表二,藥品費-差異率,非收支,-23.0,53.0,-76.0,-1.4339622641509433,15.0,53.74011537017761,15.0,-0.7071067811865475
N02,山北,112,附表二,藥品費-決算數,非收支,2930.0,,,,2930.0,,2930.0,
N02,山北,113,附表二,藥品費-決算數,非收支,4638.0,2930.0,1708.0,0.5829351535836177,3784.0,1207.7383822666231,3784.0,0.7071067811865476
N02,山北,112,附表二,行政管理費-差異率,非收支,,,,,,,,
N02,山北,113,附表二,行政管理費-差異率,非收支,,,,,,,,
N02,山北,112,附表二,行政管理費-決算數,非收支,229600.0,,,,229600.0,,229600.0,
N02,山北,113,附表二,行政管理費-決算數,非收支,222612.0,229600.0,-6988.0,-0.03043554006968641,226106.0,4941.262186931594,226106.0,-0.7071067811865475
N02,山北,110,附表二,資遣費-差異率,非收支,100.0,,,,100.0,,100.0,
N02,山北,112,附表二,資遣費-差異率,非收支,,,,,100.0,,100.0,
N02,山北,113,附表二,資遣費-差異率,非收支,,,,,100.0,,100.0,
N02,山北,110,附表二,資遣費-決算數,非收支,45296.0,,,,45296.0,,45296.0,
N02,山北,112,附表二,資遣費-決算數,非收支,55088.0,,,,50192.0,6923.989601378674,50192.0,0.7071067811865475
N02,山北,113,附表二,資遣費-決算數,非收支,56319.0,55088.0,1231.0,0.02234606447865234,52234.333333333336,6040.214593318132,52234.333333333336,0.6762452895606137
N02,山北,112,附表二,辦公文具-差異率,非收支,65.0,,,,65.0,,65.0,
N02,山北,113,附表二,辦公文具-差異率,非收支,-76.0,65.0,-141.0,-2.169230769230769,-5.5,99.7020561473032,-5.5,-0.7071067811865476
N02,山北,112,附表二,辦公文具-決算數,非收支,6344.0,,,,6344.0,,6344.0,
N02,山北,113,附表二,辦公文具-決算數,非收支,4390.0,6344.0,-1954.0,-0.30800756620428754,5367.0,1381.6866504385139,5367.0,-0.7071067811865475
N02,山北,112,附表二,郵資-差異率,非收支,79.0,,,,79.0,,79.0,
N02,山北,113,附表二,郵資-差異率,非收支,-32.0,79.0,-111.0,-1.4050632911392404,23.5,78.48885271170677,23.5,-0.7071067811865476
N02,山北,112,附表二,郵資-決算數,非收支,1524.0,,,,1524.0,,1524.0,
N02,山北,113,附表二,郵資-決算數,非收支,4865.0,1524.0,3341.0,2.192257217847769,3194.5,2362.4437559442554,3194.5,0.7071067811865475
N02,山北,112,附表二,雜支-差異率,非收支,86.0,,,,86.0,,86.0,
N02,山北,113,附表二,雜支-差異率,非收支,-89.0,86.0,-175.0,-2.0348837209302326,-1.5,123.74368670764582,-1.5,-0.7071067811865475
N02,山北,112,附表二,雜支-決算數,非收支,6095.0,,,,6095.0,,6095.0,
N02,山北,113,附表二,雜支-決算數,非收支,4794.0,6095.0,-1301.0,-0.21345365053322396,5444.5,919.9459223236984,5444.5,-0.7071067811865475
N02,山北,112,附表二,電話費（含 ADSL）-差異率,非收支,34.0,,,,34.0,,34.0,
N02,山北,113,附表二,電話費（含 ADSL）-差異率,非收支,-33.0,34.0,-67.0,-1.9705882352941178,0.5,47.37615433949868,0.5,-0.7071067811865476
N02,山北,112,附表二,電話費（含 ADSL）-決算數,非收支,29727.0,,,,29727.0,,29727.0,
N02,山北,113,附表二,電話費（含 ADSL）-決算數,非收支,30230.0,29727.0,503.0,0.01692064453190702,29978.5,355.6747109368334,29978.5,0.7071067811865476
N02,山北,112,附表二,電費-差異率,非收支,8.0,,,,8.0,,8.0,
N02,山北,113,附表二,電費-差異率,非收支,-7.0,8.0,-15.0,-1.875,0.5,10.606601717798213,0.5,-0.7071067811865475
N02,山北,112,附表二,電費-決算數,非收支,210502.0,,,,210502.0,,210502.0,
N02,山北,113,附表二,電費-決算數,非收支,213390.0,210502.0,2888.0,0.01371958461202269,211946.0,2042.1243840667491,211946.0,0.7071067811865476
N02,山北,112,附表二,餐點費-差異率,非收支,17.0,,,,17.0,,17.0,
N02,山北,113,附表二,餐點費-差異率,非收支,-21.0,17.0,-38.0,-2.235294117647059,-2.0,26.870057685088806,-2.0,-0.7071067811865475
N02,山北,112,附表二,餐點費-決算數,非收支,1076001.0,,,,1076001.0,,1076001.0,
N02,山北,113,附表二,餐點費-決算數,非收支,981232.0,1076001.0,-94769.0,-0.08807519695613666,1028616.5,67011.80254626792,1028616.5,-0.7071067811865476
N02,山北,110,附表四,帳面價值總額,非收支,108308.0,,,,108308.0,,108308.0,
N02,山北,111,附表四,帳面價值總額,非收支,386251.0,108308.0,277943.0,2.5662277948074013,247279.5,196535.38008333257,247279.5,0.7071067811865476
N02,山北,112,附表四,帳面價值總額,非收支,789608.0,386251.0,403357.0,1.0442872639811935,428055.6666666667,342568.45318320446,428055.6666666667,1.0554163116122557
N02,山北,113,附表四,帳面價值總額,非收支,721289.0,789608.0,-68319.0,-0.08652267960810935,501364.0,315803.5418135775,632382.6666666666,0.696398142772649
N02,山北,110,附表四,財產筆數,非收支,9.0,,,,9.0,,9.0,
N02,山北,111,附表四,財產筆數,非收支,15.0,9.0,6.0,0.6666666666666666,12.0,4.242640687119285,12.0,0.7071067811865476
N02,山北,112,附表四,財產筆數,非收支,49.0,15.0,34.0,2.2666666666666666,24.333333333333332,21.571586249817916,24.333333333333332,1.143479500348514
N02,山北,113,附表四,財產筆數,非收支,49.0,49.0,0.0,0.0,30.5,21.501937897160182,37.666666666666664,0.860387565459546
N03,龍埔成長,109,收支餘絀表,人事費,收支,7162121.0,,,,7162121.0,,7162121.0,
N03,龍埔成長,110,收支餘絀表,人事費,收支,7235004.0,7162121.0,72883.0,0.010176175465340505,7198562.5,51536.063533219145,7198562.5,0.7071067811865475
N03,龍埔成長,111,收支餘絀表,人事費,收支,6737493.0,7235004.0,-497511.0,-0.06876444021316366,7044872.666666667,268681.36804090714,7044872.666666667,-1.144030451042917
N03,龍埔成長,112,收支餘絀表,人事費,收支,5280926.0,6737493.0,-1456567.0,-0.21618827655924838,6603886.0,908847.2987247823,6417807.666666667,-1.4556460715196773
N03,龍埔成長,113,收支餘絀表,人事費,收支,8710840.0,5280926.0,3429914.0,0.6494910172950729,7025276.8,1227743.2919477508,6909753.0,1.3728954668739766
N03,龍埔成長,109,收支餘絀表,修繕購置費,收支,125380.0,,,,125380.0,,125380.0,
N03,龍埔成長,110,收支餘絀表,修繕購置費,收支,126641.0,125380.0,1261.0,0.010057425426702824,126010.5,891.6616510762365,126010.5,0.7071067811865475
N03,龍埔成長,111,收支餘絀表,修繕購置費,收支,125945.0,126641.0,-696.0,-0.005495850474964664,125988.66666666667,631.633068587557,125988.66666666667,-0.06913296475169974
N03,龍埔成長,112,收支餘絀表,修繕購置費,收支,105781.0,125945.0,-20164.0,-0.1601016316646155,120936.75,10116.98678378762,119455.66666666667,-1.4980497972268731
N03,龍埔成長,113,收支餘絀表,修繕購置費,收支,91690.0,105781.0,-14091.0,-0.13320917745152722,115087.4,15742.920418397598,107805.33333333333,-1.4862172569110599
N03,龍埔成長,109,收支餘絀表,其他支出,收支,768008.0,,,,768008.0,,768008.0,
N03,龍埔成長,110,收支餘絀表,其他支出,收支,1675731.0,768008.0,907723.0,1.1819186779304383,1221869.5,641857.0887389965,1221869.5,0.7071067811865475
N03,龍埔成長,111,收支餘絀表,其他支出,收支,1853498.0,1675731.0,177767.0,0.10608325560606088,1432412.3333333333,582215.6947269057,1432412.3333333333,0.723246849029347
N03,龍埔成長,112,收支餘絀表,其他支出,收支,3721263.0,1853498.0,1867765.0,1.0076973376825873,2004625.0,1239230.7104406885,2416830.6666666665,1.385244882601028
N03,龍埔成長,113,收支餘絀表,其他支出,收支,948203.0,3721263.0,-2773060.0,-0.745193231437821,1793340.6,1172593.3027658397,2174321.3333333335,-0.720742305116823
N03,龍埔成長,109,收支餘絀表,其他收入,收支,768008.0,,,,768008.0,,768008.0,
N03,龍埔成長,110,收支餘絀表,其他收入,收支,1675731.0,768008.0,907723.0,1.1819186779304383,1221869.5,641857.0887389965,1221869.5,0.7071067811865475
N03,龍埔成長,111,收支餘絀表,其他收入,收支,1853498.0,1675731.0,177767.0,0.10608325560606088,1432412.3333333333,582215.6947269057,1432412.3333333333,0.723246849029347
N03,龍埔成長,112,收支餘絀表,其他收入,收支,3721263.0,1853498.0,1867765.0,1.0076973376825873,2004625.0,1239230.7104406885,2416830.6666666665,1.385244882601028
N03,龍埔成長,113,收支餘絀表,其他收入,收支,948203.0,3721263.0,-2773060.0,-0.745193231437821,1793340.6,1172593.3027658397,2174321.3333333335,-0.720742305116823
N03,龍埔成長,109,收支餘絀表,利息收入,收支,5526.0,,,,5526.0,,5526.0,
N03,龍埔成長,110,收支餘絀表,利息收入,收支,1917.0,5526.0,-3609.0,-0.6530944625407166,3721.5,2551.94837330225,3721.5,-0.7071067811865476
N03,龍埔成長,111,收支餘絀表,利息收入,收支,29028.0,1917.0,27111.0,14.142410015649451,12157.0,14721.725476315607,12157.0,1.1459933842090833
N03,龍埔成長,112,收支餘絀表,利息收入,收支,57597.0,29028.0,28569.0,0.9841876808598594,23517.0,25703.784429534884,29514.0,1.325874798453431
N03,龍埔成長,113,收支餘絀表,利息收入,收支,85197.0,57597.0,27600.0,0.47919162456377934,35853.0,35445.70327275225,57274.0,1.392101029010521
N03,龍埔成長,109,收支餘絀表,延後托育支出,收支,184928.0,,,,184928.0,,184928.0,
N03,龍埔成長,110,收支餘絀表,延後托育支出,收支,289925.0,184928.0,104997.0,0.5677723222010729,237426.5,74244.09070424394,237426.5,0.7071067811865475
N03,龍埔成長,111,收支餘絀表,延後托育支出,收支,293111.0,289925.0,3186.0,0.010989048891954815,255988.0,61560.37970155805,255988.0,0.6030339673012193
N03,龍埔成長,109,收支餘絀表,延後托育收入淨額,收支,247320.0,,,,247320.0,,247320.0,
N03,龍埔成長,110,收支餘絀表,延後托育收入淨額,收支,289925.0,247320.0,42605.0,0.1722666990134239,268622.5,30126.284412452856,268622.5,0.7071067811865476
N03,龍埔成長,111,收支餘絀表,延後托育收入淨額,收支,342390.0,289925.0,52465.0,0.18096059325687677,293211.6666666667,47620.14130946413,293211.6666666667,1.032721280975273
N03,龍埔成長,112,收支餘絀表,延長照顧服務支出,收支,331321.0,,,,331321.0,,331321.0,
N03,龍埔成長,113,收支餘絀表,延長照顧服務支出,收支,185752.0,331321.0,-145569.0,-0.4393594127749222,258536.5,102932.82703054453,258536.5,-0.7071067811865476
N03,龍埔成長,112,收支餘絀表,延長照顧服務收入淨額,收支,345159.0,,,,345159.0,,345159.0,
N03,龍埔成長,113,收支餘絀表,延長照顧服務收入淨額,收支,186132.0,345159.0,-159027.0,-0.4607354871233258,265645.5,112449.07009175309,265645.5,-0.7071067811865476
N03,龍埔成長,109,收支餘絀表,所得稅費用,收支,,,,,,,,
N03,龍埔成長,110,收支餘絀表,所得稅費用,收支,,,,,,,,
N03,龍埔成長,111,收支餘絀表,所得稅費用,收支,,,,,,,,
N03,龍埔成長,112,收支餘絀表,所得稅費用,收支,,,,,,,,
N03,龍埔成長,113,收支餘絀表,所得稅費用,收支,,,,,,,,
N03,龍埔成長,109,收支餘絀表,支出合計,收支,10229117.0,,,,10229117.0,,10229117.0,
N03,龍埔成長,110,收支餘絀表,支出合計,收支,11188278.0,10229117.0,959161.0,0.09376772208197443,10708697.5,678229.2473496702,10708697.5,0.7071067811865475
N03,龍埔成長,111,收支餘絀表,支出合計,收支,11864854.0,11188278.0,676576.0,0.06047186171098001,11094083.0,821926.6432054627,11094083.0,0.9377613031182942
N03,龍埔成長,112,收支餘絀表,支出合計,收支,13893372.0,11864854.0,2028518.0,0.1709686440305123,11793905.25,1552217.8748232855,12315501.333333334,1.3525593178979574
N03,龍埔成長,113,收支餘絀表,支出合計,收支,13604475.0,13893372.0,-288897.0,-0.0207938720707975,12156019.2,1569288.9511220362,13120900.333333334,0.9230013369840907
N03,龍埔成長,109,收支餘絀表,收入合計,收支,10498307.0,,,,10498307.0,,10498307.0,
N03,龍埔成長,110,收支餘絀表,收入合計,收支,11955951.0,10498307.0,1457644.0,0.1388456252993935,11227129.0,1030709.9569558839,11227129.0,0.7071067811865476
N03,龍埔成長,111,收支餘絀表,收入合計,收支,12215954.0,11955951.0,260003.0,0.02174674352546276,11556737.333333334,925800.4471225606,11556737.333333334,0.7120504950235746
N03,龍埔成長,112,收支餘絀表,收入合計,收支,14144106.0,12215954.0,1928152.0,0.1578388392752625,12203579.5,1498340.2371425298,12772003.666666666,1.2951173918286807
N03,龍埔成長,113,收支餘絀表,收入合計,收支,12844402.0,14144106.0,-1299704.0,-0.0918901484476997,12331744.0,1328871.060329594,13068154.0,0.3857846071784028
N03,龍埔成長,109,收支餘絀表,教保費收入,收支,10123372.0,,,,10123372.0,,10123372.0,
N03,龍埔成長,110,收支餘絀表,教保費收入,收支,10094201.0,10123372.0,-29171.0,-0.00288154974449225,10108786.5,20627.011913992777,10108786.5,-0.7071067811865476
N03,龍埔成長,111,收支餘絀表,教保費收入,收支,10081365.0,10094201.0,-12836.0,-0.0012716212011232985,10099646.0,21526.33343140443,10099646.0,-0.8492389128066806
N03,龍埔成長,112,收支餘絀表,教保費收入,收支,10090612.0,10081365.0,9247.0,0.0009172369019473058,10097387.5,18147.322382838374,10088726.0,-0.3733608659758797
N03,龍埔成長,113,收支餘絀表,教保費收入,收支,11931000.0,10090612.0,1840388.0,0.18238616250431589,10464110.0,820167.028118968,10700992.333333334,1.7885259339969743
N03,龍埔成長,109,收支餘絀表,教保費收入減項,收支,-645919.0,,,,-645919.0,,-645919.0,
N03,龍埔成長,110,收支餘絀表,教保費收入減項,收支,-105823.0,-645919.0,540096.0,0.8361667639440858,-375871.0,381905.54409172956,-375871.0,0.7071067811865476
N03,龍埔成長,111,收支餘絀表,教保費收入減項,收支,-90327.0,-105823.0,15496.0,0.14643319505211533,-280689.6666666667,316392.76374363137,-280689.6666666667,0.6016656778563839
N03,龍埔成長,112,收支餘絀表,教保費收入減項,收支,-70525.0,-90327.0,19802.0,0.21922570217100093,-228148.5,278888.0613167226,-88891.66666666667,0.5651855416678915
N03,龍埔成長,113,收支餘絀表,教保費收入減項,收支,-306130.0,-70525.0,-235605.0,-3.340730237504431,-243744.8,244028.9653446902,-155660.66666666666,-0.25564670125073513
N03,龍埔成長,109,收支餘絀表,本期稅前餘絀,收支,269190.0,,,,269190.0,,269190.0,
N03,龍埔成長,110,收支餘絀表,本期稅前餘絀,收支,767673.0,269190.0,498483.0,1.8517886994316282,518431.5,352480.7096062138,518431.5,0.7071067811865475
N03,龍埔成長,111,收支餘絀表,本期稅前餘絀,收支,351100.0,767673.0,-416573.0,-0.5426438079755312,462654.3333333333,267309.9367519534,462654.3333333333,-0.4173220595119464
N03,龍埔成長,112,收支餘絀表,本期稅前餘絀,收支,250734.0,351100.0,-100366.0,-0.28586157789803474,409674.25,242618.95730599866,456502.3333333333,-0.655102353768422
N03,龍埔成長,113,收支餘絀表,本期稅前餘絀,收支,-760073.0,250734.0,-1010807.0,-4.0313918335766195,175724.8,563746.1260263347,-52746.333333333336,-1.6599631585872492
N03,龍埔成長,109,收支餘絀表,本期稅後餘絀,收支,269190.0,,,,269190.0,,269190.0,
N03,龍埔成長,110,收支餘絀表,本期稅後餘絀,收支,767673.0,269190.0,498483.0,1.8517886994316282,518431.5,352480.7096062138,518431.5,0.7071067811865475
N03,龍埔成長,111,收支餘絀表,本期稅後餘絀,收支,351100.0,767673.0,-416573.0,-0.5426438079755312,462654.3333333333,267309.9367519534,462654.3333333333,-0.4173220595119464
N03,龍埔成長,112,收支餘絀表,本期稅後餘絀,收支,250734.0,351100.0,-100366.0,-0.28586157789803474,409674.25,242618.95730599866,456502.3333333333,-0.655102353768422
N03,龍埔成長,113,收支餘絀表,本期稅後餘絀,收支,,250734.0,,,409674.25,242618.95730599866,300917.0,
N03,龍埔成長,109,收支餘絀表,材料費,收支,1210642.0,,,,1210642.0,,1210642.0,
N03,龍埔成長,110,收支餘絀表,材料費,收支,1126043.0,1210642.0,-84599.0,-0.0698794523897238,1168342.5,59820.52658160073,1168342.5,-0.7071067811865476
N03,龍埔成長,111,收支餘絀表,材料費,收支,1198211.0,1126043.0,72168.0,0.0640899148611554,1178298.6666666667,45679.57381952389,1178298.6666666667,0.43591329052248146
N03,龍埔成長,112,收支餘絀表,材料費,收支,1350447.0,1198211.0,152236.0,0.1270527478048524,1221335.75,93807.48625198664,1224900.3333333333,1.3763427116379605
N03,龍埔成長,113,收支餘絀表,材料費,收支,1183148.0,1350447.0,-167299.0,-0.12388416576141086,1213698.2,83015.3251375913,1243935.3333333333,-0.3680067499508727
N03,龍埔成長,109,收支餘絀表,業務發展費,收支,138501.0,,,,138501.0,,138501.0,
N03,龍埔成長,110,收支餘絀表,業務發展費,收支,98000.0,138501.0,-40501.0,-0.29242388141601866,118250.5,28638.53174483636,118250.5,-0.7071067811865476
N03,龍埔成長,111,收支餘絀表,業務發展費,收支,1000000.0,98000.0,902000.0,9.204081632653061,412167.0,509480.9217890303,412167.0,1.153788051446241
N03,龍埔成長,112,收支餘絀表,業務發展費,收支,2393000.0,1000000.0,1393000.0,1.393,907375.25,1074230.9108924938,1163666.6666666667,1.3829659293323737
N03,龍埔成長,113,收支餘絀表,業務發展費,收支,1699800.0,2393000.0,-693200.0,-0.28967822816548267,1065860.2,995523.1962743008,1697600.0,0.6367905864699991
N03,龍埔成長,109,收支餘絀表,業務費,收支,409373.0,,,,409373.0,,409373.0,
N03,龍埔成長,110,收支餘絀表,業務費,收支,413394.0,409373.0,4021.0,0.009822338063330997,411383.5,2843.2763671511075,411383.5,0.7071067811865476
N03,龍埔成長,111,收支餘絀表,業務費,收支,419663.0,413394.0,6269.0,0.015164709695834966,414143.3333333333,5185.7641995499,414143.3333333333,1.0643882857507805
N03,龍埔成長,112,收支餘絀表,業務費,收支,480975.0,419663.0,61312.0,0.1460981787767804,430851.25,33683.022690716665,438010.6666666667,1.4881013043349742
N03,龍埔成長,113,收支餘絀表,業務費,收支,498463.0,480975.0,17488.0,0.03635947814335464,444373.6,42014.03647354061,466367.0,1.287412601597187
N03,龍埔成長,109,收支餘絀表,維護費,收支,80008.0,,,,80008.0,,80008.0,
N03,龍埔成長,110,收支餘絀表,維護費,收支,87399.0,80008.0,7391.0,0.09237826217378262,83703.5,5226.226219749773,83703.5,0.7071067811865475
N03,龍埔成長,111,收支餘絀表,維護費,收支,104079.0,87399.0,16680.0,0.19084886554766073,90495.33333333333,12330.600972107295,90495.33333333333,1.101622434899475
N03,龍埔成長,112,收支餘絀表,維護費,收支,105827.0,104079.0,1748.0,0.016794934616973647,94328.25,12654.148763021032,99101.66666666667,0.908694074594932
N03,龍埔成長,113,收支餘絀表,維護費,收支,98854.0,105827.0,-6973.0,-0.06589055723019645,95233.4,11144.150631609393,102920.0,0.32488792728002935
N03,龍埔成長,109,收支餘絀表,行政管理費,收支,117840.0,,,,117840.0,,117840.0,
N03,龍埔成長,110,收支餘絀表,行政管理費,收支,117840.0,117840.0,0.0,0.0,117840.0,0.0,117840.0,
N03,龍埔成長,111,收支餘絀表,行政管理費,收支,117840.0,117840.0,0.0,0.0,117840.0,0.0,117840.0,
N03,龍埔成長,112,收支餘絀表,行政管理費,收支,117840.0,117840.0,0.0,0.0,117840.0,0.0,117840.0,
N03,龍埔成長,113,收支餘絀表,行政管理費,收支,182054.0,117840.0,64214.0,0.5449253224711473,130682.8,28717.3738214343,139244.66666666666,1.7888543819998317
N03,龍埔成長,109,收支餘絀表,雜支,收支,32316.0,,,,32316.0,,32316.0,
N03,龍埔成長,110,收支餘絀表,雜支,收支,18301.0,32316.0,-14015.0,-0.43368609976482236,25308.5,9910.101538329463,25308.5,-0.7071067811865476
N03,龍埔成長,111,收支餘絀表,雜支,收支,15014.0,18301.0,-3287.0,-0.17960767171192832,21877.0,9188.61431337718,21877.0,-0.7469026085912159
N03,龍埔成長,112,收支餘絀表,雜支,收支,5992.0,15014.0,-9022.0,-0.6009058212335154,17905.75,10925.67594781516,13102.333333333334,-1.0904359654179958
N03,龍埔成長,113,收支餘絀表,雜支,收支,5671.0,5992.0,-321.0,-0.05357142857142857,15458.8,10930.032831606683,8892.333333333334,-0.8954959377337224
N03,龍埔成長,110,現金流量表,其他應付款,非收支,153652.0,,,,153652.0,,153652.0,
N03,龍埔成長,111,現金流量表,其他應付款,非收支,-71887.0,153652.0,-225539.0,-1.4678559341889466,40882.5,159480.15632203274,40882.5,-0.7071067811865476
N03,龍埔成長,112,現金流量表,其他應付款,非收支,186432.0,-71887.0,258319.0,3.5934035361052765,89399.0,140636.099373525,89399.0,0.6899579868344005
N03,龍埔成長,113,現金流量表,其他應付款,非收支,272823.0,186432.0,86391.0,0.4633914778578785,135255.0,146958.3815529644,129122.66666666667,0.936101762596099
N03,龍埔成長,110,現金流量表,其他應收款,非收支,-531.0,,,,-531.0,,-531.0,
N03,龍埔成長,111,現金流量表,其他應收款,非收支,-72652.0,-531.0,-72121.0,-135.8210922787194,-36591.5,50997.248165954996,-36591.5,-0.7071067811865475
N03,龍埔成長,112,現金流量表,其他應收款,非收支,73265.0,-72652.0,145917.0,2.0084374827946925,27.333333333333332,72960.10227743197,27.333333333333332,1.003804331142235
N03,龍埔成長,113,現金流量表,其他應收款,非收支,-8186.0,73265.0,-81451.0,-1.1117313860642872,-2026.0,59713.05603188189,-2524.3333333333335,-0.10316001908713336
N03,龍埔成長,110,現金流量表,其他流動負債,非收支,-4.0,,,,-4.0,,-4.0,
N03,龍埔成長,111,現金流量表,其他流動負債,非收支,-278.0,-4.0,-274.0,-68.5,-141.0,193.74725804511402,-141.0,-0.7071067811865476
N03,龍埔成長,112,現金流量表,其他流動負債,非收支,48.0,-278.0,326.0,1.1726618705035972,-78.0,175.1456536714514,-78.0,0.7194012375343225
N03,龍埔成長,113,現金流量表,其他流動負債,非收支,-48.0,48.0,-96.0,-2.0,-70.5,143.79035665393792,-92.66666666666667,0.15647780924663143
N03,龍埔成長,110,現金流量表,其他流動資產,非收支,-2550.0,,,,-2550.0,,-2550.0,
N03,龍埔成長,111,現金流量表,其他流動資產,非收支,,-2550.0,,,-2550.0,,-2550.0,
N03,龍埔成長,112,現金流量表,其他流動資產,非收支,-2002.0,,,,-2276.0,387.49451609022805,-2276.0,0.7071067811865476
N03,龍埔成長,113,現金流量表,其他流動資產,非收支,-271.0,-2002.0,1731.0,0.8646353646353646,-1607.6666666666667,1189.5731727528716,-1136.5,1.1236523294934402
N03,龍埔成長,110,現金流量表,應付帳款,非收支,287547.0,,,,287547.0,,287547.0,
N03,龍埔成長,111,現金流量表,應付帳款,非收支,64623.0,287547.0,-222924.0,-0.7752610877526108,176085.0,157631.0720892299,176085.0,-0.7071067811865476
N03,龍埔成長,112,現金流量表,應付帳款,非收支,-540061.0,64623.0,-604684.0,-9.357101960602263,-62630.333333333336,428227.51960766525,-62630.333333333336,-1.11489954476555
N03,龍埔成長,113,現金流量表,應付帳款,非收支,31596.0,-540061.0,571657.0,1.0585045022691881,-39073.75,352806.16421237594,-147947.33333333334,0.20030758294081136
N03,龍埔成長,110,現金流量表,應付票據,非收支,-252071.0,,,,-252071.0,,-252071.0,
N03,龍埔成長,111,現金流量表,應付票據,非收支,320284.0,-252071.0,572355.0,2.270610264568316,34106.5,404716.1017460264,34106.5,0.7071067811865475
N03,龍埔成長,112,現金流量表,應付票據,非收支,-224494.0,320284.0,-544778.0,-1.7009216820072186,-52093.666666666664,322783.1589571137,-52093.666666666664,-0.5341057256219466
N03,龍埔成長,113,現金流量表,應付票據,非收支,-138180.0,-224494.0,86314.0,0.3844824360561975,-73615.25,267043.11637059035,-14130.0,-0.24177649990573044
N03,龍埔成長,110,現金流量表,應收帳款淨額,非收支,-63151.0,,,,-63151.0,,-63151.0,
N03,龍埔成長,111,現金流量表,應收帳款淨額,非收支,-9215.0,-63151.0,53936.0,0.854079903722823,-36183.0,38138.51135007763,-36183.0,0.7071067811865475
N03,龍埔成長,112,現金流量表,應收帳款淨額,非收支,74339.0,-9215.0,83554.0,9.067173087357569,657.6666666666666,69274.65038044822,657.6666666666666,1.0636117674890329
N03,龍埔成長,113,現金流量表,應收帳款淨額,非收支,6000.0,74339.0,-68339.0,-0.9192886640928718,1993.25,56625.55302084623,23708.0,0.07075869084271809
N03,龍埔成長,110,現金流量表,投資活動之淨現金流入,非收支,,,,,,,,
N03,龍埔成長,111,現金流量表,投資活動之淨現金流入,非收支,,,,,,,,
N03,龍埔成長,112,現金流量表,投資活動之淨現金流入,非收支,,,,,,,,
N03,龍埔成長,113,現金流量表,投資活動之淨現金流入,非收支,,,,,,,,
N03,龍埔成長,110,現金流量表,投資活動之現金流量：,非收支,,,,,,,,
N03,龍埔成長,111,現金流量表,投資活動之現金流量：,非收支,,,,,,,,
N03,龍埔成長,112,現金流量表,投資活動之現金流量：,非收支,,,,,,,,
N03,龍埔成長,113,現金流量表,投資活動之現金流量：,非收支,,,,,,,,
N03,龍埔成長,110,現金流量表,期初現金及約當現金餘額,非收支,4734132.0,,,,4734132.0,,4734132.0,
N03,龍埔成長,111,現金流量表,期初現金及約當現金餘額,非收支,5594770.0,4734132.0,860638.0,0.18179425499753704,5164451.0,608562.9659468279,5164451.0,0.7071067811865475
N03,龍埔成長,112,現金流量表,期初現金及約當現金餘額,非收支,6310506.0,5594770.0,715736.0,0.12792947699369234,5546469.333333333,789296.1819046976,5546469.333333333,0.9679974186913266
N03,龍埔成長,113,現金流量表,期初現金及約當現金餘額,非收支,6426739.0,6310506.0,116233.0,0.018418966719942902,5766536.75,780412.9120917872,6110671.666666667,0.8459653085831456
N03,龍埔成長,110,現金流量表,期末現金及約當現金餘額,非收支,5594770.0,,,,5594770.0,,5594770.0,
N03,龍埔成長,111,現金流量表,期末現金及約當現金餘額,非收支,6310506.0,5594770.0,715736.0,0.12792947699369234,5952638.0,506101.7791393348,5952638.0,0.7071067811865475
N03,龍埔成長,112,現金流量表,期末現金及約當現金餘額,非收支,6426739.0,6310506.0,116233.0,0.018418966719942902,6110671.666666667,450547.9162357021,6110671.666666667,0.7015176897810439
N03,龍埔成長,113,現金流量表,期末現金及約當現金餘額,非收支,6149763.0,6426739.0,-276976.0,-0.04309744024146616,6120444.5,368389.7161544188,6295669.333333333,0.07958555495536822
N03,龍埔成長,110,現金流量表,本期現金及約當現金增加數,非收支,860638.0,,,,860638.0,,860638.0,
N03,龍埔成長,111,現金流量表,本期現金及約當現金增加數,非收支,715736.0,860638.0,-144902.0,-0.16836579374835878,788187.0,102461.18680749311,788187.0,-0.7071067811865475
N03,龍埔成長,112,現金流量表,本期現金及約當現金增加數,非收支,116233.0,715736.0,-599503.0,-0.837603529793108,564202.3333333334,394660.0310473982,564202.3333333334,-1.1350765167287304
N03,龍埔成長,113,現金流量表,本期現金及約當現金（減少）增加數,非收支,-276976.0,,,,-276976.0,,-276976.0,
N03,龍埔成長,111,現金流量表,本期稅前餘絀,非收支,351100.0,,,,351100.0,,351100.0,
N03,龍埔成長,112,現金流量表,本期稅前餘絀,非收支,250734.0,351100.0,-100366.0,-0.28586157789803474,300917.0,70969.47920056903,300917.0,-0.7071067811865476
N03,龍埔成長,113,現金流量表,本期稅前餘絀,非收支,,250734.0,,,300917.0,70969.47920056903,300917.0,
N03,龍埔成長,110,現金流量表,本期稅前餘額,非收支,767673.0,,,,767673.0,,767673.0,
N03,龍埔成長,110,現金流量表,營業活動之淨現金流入,非收支,860638.0,,,,860638.0,,860638.0,
N03,龍埔成長,111,現金流量表,營業活動之淨現金流入,非收支,715736.0,860638.0,-144902.0,-0.16836579374835878,788187.0,102461.18680749311,788187.0,-0.7071067811865475
N03,龍埔成長,112,現金流量表,營業活動之淨現金流入,非收支,116233.0,715736.0,-599503.0,-0.837603529793108,564202.3333333334,394660.0310473982,564202.3333333334,-1.1350765167287304
N03,龍埔成長,113,現金流量表,營業活動之淨現金流（出）入,非收支,-276976.0,,,,-276976.0,,-276976.0,
N03,龍埔成長,110,現金流量表,營業活動之現金流量：,非收支,,,,,,,,
N03,龍埔成長,111,現金流量表,營業活動之現金流量：,非收支,,,,,,,,
N03,龍埔成長,112,現金流量表,營業活動之現金流量：,非收支,,,,,,,,
N03,龍埔成長,113,現金流量表,營業活動之現金流量：,非收支,,,,,,,,
N03,龍埔成長,110,現金流量表,籌資活動之淨現金流入,非收支,,,,,,,,
N03,龍埔成長,111,現金流量表,籌資活動之淨現金流入,非收支,,,,,,,,
N03,龍埔成長,112,現金流量表,籌資活動之淨現金流入,非收支,,,,,,,,
N03,龍埔成長,113,現金流量表,籌資活動之淨現金流入,非收支,,,,,,,,
N03,龍埔成長,110,現金流量表,籌資活動之現金流量：,非收支,,,,,,,,
N03,龍埔成長,111,現金流量表,籌資活動之現金流量：,非收支,,,,,,,,
N03,龍埔成長,112,現金流量表,籌資活動之現金流量：,非收支,,,,,,,,
N03,龍埔成長,113,現金流量表,籌資活動之現金流量：,非收支,,,,,,,,
N03,龍埔成長,110,現金流量表,調整項目：,非收支,,,,,,,,
N03,龍埔成長,111,現金流量表,調整項目：,非收支,,,,,,,,
N03,龍埔成長,112,現金流量表,調整項目：,非收支,,,,,,,,
N03,龍埔成長,113,現金流量表,調整項目：,非收支,,,,,,,,
N03,龍埔成長,110,現金流量表,資產/負債淨變動數,非收支,,,,,,,,
N03,龍埔成長,111,現金流量表,資產/負債淨變動數,非收支,,,,,,,,
N03,龍埔成長,112,現金流量表,資產／負債淨變動數,非收支,,,,,,,,
N03,龍埔成長,113,現金流量表,資產／負債淨變動數,非收支,,,,,,,,
N03,龍埔成長,110,現金流量表,預付款項,非收支,2006.0,,,,2006.0,,2006.0,
N03,龍埔成長,111,現金流量表,預付款項,非收支,-50081.0,2006.0,-52087.0,-25.965603190428713,-24037.5,36831.0709116637,-24037.5,-0.7071067811865476
N03,龍埔成長,112,現金流量表,預付款項,非收支,61563.0,-50081.0,111644.0,2.2292685848924743,4496.0,55863.635390117604,4496.0,1.0215411081194203
N03,龍埔成長,113,現金流量表,預付款項,非收支,,61563.0,,,4496.0,55863.635390117604,5741.0,
N03,龍埔成長,110,現金流量表,預收款項,非收支,-31933.0,,,,-31933.0,,-31933.0,
N03,龍埔成長,111,現金流量表,預收款項,非收支,183842.0,-31933.0,215775.0,6.757116462593555,75954.5,152575.9657105273,75954.5,0.7071067811865476
N03,龍埔成長,112,現金流量表,預收款項,非收支,236409.0,183842.0,52567.0,0.2859357491759228,129439.33333333333,142202.65414658524,129439.33333333333,0.7522339671410091
N03,龍埔成長,113,現金流量表,預收款項,非收支,319363.0,236409.0,82954.0,0.35089188651870273,176920.25,149996.04335087197,246538.0,0.9496433827044141
N03,龍埔成長,110,資產負債表,代管財產,非收支,260214.0,,,,260214.0,,260214.0,
N03,龍埔成長,111,資產負債表,代管財產,非收支,187464.0,260214.0,-72750.0,-0.27957757845465653,223839.0,51442.018331321335,223839.0,-0.7071067811865475
N03,龍埔成長,112,資產負債表,代管財產,非收支,112760.0,187464.0,-74704.0,-0.39849784491955786,186812.66666666666,73729.1577690491,186812.66666666666,-1.0043878013449026
N03,龍埔成長,113,資產負債表,代管財產,非收支,144960.0,112760.0,32200.0,0.2855622561191912,176349.5,63733.06753169817,148394.66666666666,-0.492515129361821
N03,龍埔成長,110,資產負債表,其他應付款,非收支,831812.0,,,,831812.0,,831812.0,
N03,龍埔成長,111,資產負債表,其他應付款,非收支,759925.0,831812.0,-71887.0,-0.08642217231778335,795868.5,50831.78517915734,795868.5,-0.7071067811865476
N03,龍埔成長,112,資產負債表,其他應付款,非收支,946357.0,759925.0,186432.0,0.2453294733032865,846031.3333333334,94025.87269647291,846031.3333333334,1.0670006434349215
N03,龍埔成長,113,資產負債表,其他應付款,非收支,1219180.0,946357.0,272823.0,0.28828761239151823,939318.5,201752.05496599036,975154.0,1.3871556354019623
N03,龍埔成長,110,資產負債表,其他應收款,非收支,652.0,,,,652.0,,652.0,
N03,龍埔成長,111,資產負債表,其他應收款,非收支,73304.0,652.0,72652.0,111.42944785276073,36978.0,51372.72186676505,36978.0,0.7071067811865475
N03,龍埔成長,112,資產負債表,其他應收款,非收支,39.0,73304.0,-73265.0,-0.9994679690057842,24665.0,42123.724704731416,24665.0,-0.5846111703705528
N03,龍埔成長,113,資產負債表,其他應收款,非收支,8225.0,39.0,8186.0,209.89743589743588,20555.0,35362.5110628002,27189.333333333332,-0.3486743341869355
N03,龍埔成長,110,資產負債表,其他流動負債,非收支,278.0,,,,278.0,,278.0,
N03,龍埔成長,111,資產負債表,其他流動負債,非收支,,278.0,,,278.0,,278.0,
N03,龍埔成長,112,資產負債表,其他流動負債,非收支,48.0,,,,163.0,162.63455967290594,163.0,-0.7071067811865475
N03,龍埔成長,113,資產負債表,其他流動負債,非收支,,48.0,,,163.0,162.63455967290594,48.0,
N03,龍埔成長,110,資產負債表,其他流動資產,非收支,3533.0,,,,3533.0,,3533.0,
N03,龍埔成長,111,資產負債表,其他流動資產,非收支,3533.0,3533.0,0.0,0.0,3533.0,0.0,3533.0,
N03,龍埔成長,112,資產負債表,其他流動資產,非收支,5535.0,3533.0,2002.0,0.5666572318143221,4200.333333333333,1155.855238917631,4200.333333333333,1.1547005383792517
N03,龍埔成長,113,資產負債表,其他流動資產,非收支,5806.0,5535.0,271.0,0.04896115627822945,4601.75,1239.035478372862,4958.0,0.9719253572798874
N03,龍埔成長,110,資產負債表,存出保證金,非收支,7200.0,,,,7200.0,,7200.0,
N03,龍埔成長,111,資產負債表,存出保證金,非收支,7200.0,7200.0,0.0,0.0,7200.0,0.0,7200.0,
N03,龍埔成長,112,資產負債表,存出保證金,非收支,7200.0,7200.0,0.0,0.0,7200.0,0.0,7200.0,
N03,龍埔成長,113,資產負債表,存出保證金,非收支,7200.0,7200.0,0.0,0.0,7200.0,0.0,7200.0,
N03,龍埔成長,110,資產負債表,應付代管財產,非收支,260214.0,,,,260214.0,,260214.0,
N03,龍埔成長,111,資產負債表,應付代管財產,非收支,187464.0,260214.0,-72750.0,-0.27957757845465653,223839.0,51442.018331321335,223839.0,-0.7071067811865475
N03,龍埔成長,112,資產負債表,應付代管財產,非收支,112760.0,187464.0,-74704.0,-0.39849784491955786,186812.66666666666,73729.1577690491,186812.66666666666,-1.0043878013449026
N03,龍埔成長,113,資產負債表,應付代管財產,非收支,144960.0,112760.0,32200.0,0.2855622561191912,176349.5,63733.06753169817,148394.66666666666,-0.492515129361821
N03,龍埔成長,110,資產負債表,應付帳款,非收支,510278.0,,,,510278.0,,510278.0,
N03,龍埔成長,111,資產負債表,應付帳款,非收支,574901.0,510278.0,64623.0,0.1266427320009877,542589.5,45695.36152061826,542589.5,0.7071067811865476
N03,龍埔成長,112,資產負債表,應付帳款,非收支,34840.0,574901.0,-540061.0,-0.9393982616137387,373339.6666666667,294924.6535682179,373339.6666666667,-1.14774964578663
N03,龍埔成長,113,資產負債表,應付帳款,非收支,66436.0,34840.0,31596.0,0.9068886337543054,296613.75,285542.465040812,225392.33333333334,-0.8061068954038104
N03,龍埔成長,110,資產負債表,應付票據,非收支,74658.0,,,,74658.0,,74658.0,
N03,龍埔成長,111,資產負債表,應付票據,非收支,394942.0,74658.0,320284.0,4.290015805405985,234800.0,226474.9883055522,234800.0,0.7071067811865475
N03,龍埔成長,112,資產負債表,應付票據,非收支,170448.0,394942.0,-224494.0,-0.5684227051060662,213349.33333333334,164395.41801806196,213349.33333333334,-0.26096428872865435
N03,龍埔成長,113,資產負債表,應付票據,非收支,32268.0,170448.0,-138180.0,-0.8106871303858069,168079.0,161909.9995800136,199219.33333333334,-0.8388055114093441
N03,龍埔成長,110,資產負債表,應付購置財產,非收支,460670.0,,,,460670.0,,460670.0,
N03,龍埔成長,111,資產負債表,應付購置財產,非收支,558564.0,460670.0,97894.0,0.21250352747085766,509617.0,69221.51123747589,509617.0,0.7071067811865475
N03,龍埔成長,112,資產負債表,應付購置財產,非收支,610119.0,558564.0,51555.0,0.09229918147249017,543117.6666666666,75912.40221685344,543117.6666666666,0.8826137940139943
N03,龍埔成長,113,資產負債表,應付購置財產,非收支,610119.0,610119.0,0.0,0.0,559868.0,70456.29761774317,592934.0,0.7132222625808992
N03,龍埔成長,110,資產負債表,應收帳款淨額,非收支,71124.0,,,,71124.0,,71124.0,
N03,龍埔成長,111,資產負債表,應收帳款淨額,非收支,80339.0,71124.0,9215.0,0.1295624543051572,75731.5,6515.988988634035,75731.5,0.7071067811865476
N03,龍埔成長,112,資產負債表,應收帳款淨額,非收支,6000.0,80339.0,-74339.0,-0.9253164714522212,52487.666666666664,40522.29534877477,52487.666666666664,-1.1472120783521278
N03,龍埔成長,113,資產負債表,應收帳款淨額,非收支,,6000.0,,,52487.666666666664,40522.29534877477,43169.5,
N03,龍埔成長,110,資產負債表,本期餘絀,非收支,767673.0,,,,767673.0,,767673.0,
N03,龍埔成長,111,資產負債表,本期餘絀,非收支,351100.0,767673.0,-416573.0,-0.5426438079755312,559386.5,294561.5931592237,559386.5,-0.7071067811865475
N03,龍埔成長,112,資產負債表,本期餘絀,非收支,250734.0,351100.0,-100366.0,-0.28586157789803474,456502.3333333333,274114.4310946312,456502.3333333333,-0.7506658168693676
N03,龍埔成長,113,資產負債表,本期餘絀,非收支,-760073.0,250734.0,-1010807.0,-4.0313918335766195,152358.5,648156.1280342363,-52746.333333333336,-1.4077341253677145
N03,龍埔成長,110,資產負債表,業務發展準備,非收支,2536501.0,,,,2536501.0,,2536501.0,
N03,龍埔成長,111,資產負債表,業務發展準備,非收支,3536501.0,2536501.0,1000000.0,0.39424388163064,3036501.0,707106.7811865475,3036501.0,0.7071067811865476
N03,龍埔成長,112,資產負債表,業務發展準備,非收支,5929501.0,3536501.0,2393000.0,0.6766575210921756,4000834.3333333335,1743506.9065918073,4000834.3333333335,1.1061996137639671
N03,龍埔成長,113,資產負債表,業務發展準備,非收支,7629301.0,5929501.0,1699800.0,0.286668304803389,4907951.0,2306076.063359576,5698434.333333333,1.1800781610106295
N03,龍埔成長,110,資產負債表,業務發展準備金,非收支,2536501.0,,,,2536501.0,,2536501.0,
N03,龍埔成長,111,資產負債表,業務發展準備金,非收支,3536501.0,2536501.0,1000000.0,0.39424388163064,3036501.0,707106.7811865475,3036501.0,0.7071067811865476
N03,龍埔成長,112,資產負債表,業務發展準備金,非收支,5929501.0,3536501.0,2393000.0,0.6766575210921756,4000834.3333333335,1743506.9065918073,4000834.3333333335,1.1061996137639671
N03,龍埔成長,113,資產負債表,業務發展準備金,非收支,7629301.0,5929501.0,1699800.0,0.286668304803389,4907951.0,2306076.063359576,5698434.333333333,1.1800781610106295
N03,龍埔成長,111,資產負債表,流動負債,非收支,,,,,,,,
N03,龍埔成長,110,資產負債表,流動負債合計,非收支,3397476.0,,,,3397476.0,,3397476.0,
N03,龍埔成長,111,資產負債表,流動負債合計,非收支,3894060.0,3397476.0,496584.0,0.14616262189931584,3645768.0,351137.91382874054,3645768.0,0.7071067811865475
N03,龍埔成長,112,資產負債表,流動負債合計,非收支,3552394.0,3894060.0,-341666.0,-0.08774030189570782,3614643.3333333335,254077.05895915386,3614643.3333333335,-0.24500178642000445
N03,龍埔成長,113,資產負債表,流動負債合計,非收支,4037948.0,3552394.0,485554.0,0.13668359984844022,3720469.5,296367.13402748737,3828134.0,1.0712338297624953
N03,龍埔成長,111,資產負債表,流動資產,非收支,,,,,,,,
N03,龍埔成長,110,資產負債表,流動資產合計,非收支,5685118.0,,,,5685118.0,,5685118.0,
N03,龍埔成長,111,資產負債表,流動資產合計,非收支,6532802.0,5685118.0,847684.0,0.14910578812963954,6108960.0,599403.1047033373,6108960.0,0.7071067811865476
N03,龍埔成長,112,資產負債表,流動資產合計,非收支,6441870.0,6532802.0,-90932.0,-0.013919295273299267,6219930.0,465387.00418468926,6219930.0,0.47689341989430134
N03,龍埔成長,113,資產負債表,流動資產合計,非收支,6167351.0,6441870.0,-274519.0,-0.0426147997398271,6206785.25,380895.2352720058,6380674.333333333,-0.10353043658274991
N03,龍埔成長,110,資產負債表,現金及銀行存款,非收支,5594770.0,,,,5594770.0,,5594770.0,
N03,龍埔成長,111,資產負債表,現金及銀行存款,非收支,6310506.0,5594770.0,715736.0,0.12792947699369234,5952638.0,506101.7791393348,5952638.0,0.7071067811865475
N03,龍埔成長,112,資產負債表,現金及銀行存款,非收支,6426739.0,6310506.0,116233.0,0.018418966719942902,6110671.666666667,450547.9162357021,6110671.666666667,0.7015176897810439
N03,龍埔成長,113,資產負債表,現金及銀行存款,非收支,6149763.0,6426739.0,-276976.0,-0.04309744024146616,6120444.5,368389.7161544188,6295669.333333333,0.07958555495536822
N03,龍埔成長,110,資產負債表,累積餘絀,非收支,1527169.0,,,,1527169.0,,1527169.0,
N03,龍埔成長,111,資產負債表,累積餘絀,非收支,2294842.0,1527169.0,767673.0,0.5026771758724804,1911005.5,542826.7840338205,1911005.5,0.7071067811865476
N03,龍埔成長,112,資產負債表,累積餘絀,非收支,2645942.0,2294842.0,351100.0,0.15299528246389077,2155984.3333333335,572166.3613638373,2155984.3333333335,0.8563202938019372
N03,龍埔成長,113,資產負債表,累積餘絀,非收支,2896676.0,2645942.0,250734.0,0.09476171435352702,2341157.25,596159.0388911194,2612486.6666666665,0.9318297866174905
N03,龍埔成長,110,資產負債表,負債及餘絀總計,非收支,9229892.0,,,,9229892.0,,9229892.0,
N03,龍埔成長,111,資產負債表,負債及餘絀總計,非收支,11149432.0,9229892.0,1919540.0,0.2079699307424182,10189662.0,1357319.7507588253,10189662.0,0.7071067811865476
N03,龍埔成長,112,資產負債表,負債及餘絀總計,非收支,13476093.0,11149432.0,2326661.0,0.20867977848557667,11285139.0,2126350.870737706,11285139.0,1.0303821585380597
N03,龍埔成長,113,資產負債表,負債及餘絀總計,非收支,14987068.0,13476093.0,1510975.0,0.11212263079514219,12210621.25,2537777.55734913,13204197.666666666,1.0940465376721886
N03,龍埔成長,110,資產負債表,負債總額,非收支,6935050.0,,,,6935050.0,,6935050.0,
N03,龍埔成長,111,資產負債表,負債總額,非收支,8503490.0,6935050.0,1568440.0,0.22616131102154996,7719270.0,1109054.5598842285,7719270.0,0.7071067811865476
N03,龍埔成長,112,資產負債表,負債總額,非收支,10579417.0,8503490.0,2075927.0,0.2441264704256723,8672652.333333334,1828063.0812245875,8672652.333333334,1.0430518980720063
N03,龍埔成長,113,資產負債表,負債總額,非收支,12850465.0,10579417.0,2271048.0,0.21466664940043484,9717105.5,2567373.3831936093,10644457.333333334,1.2204533709476837
N03,龍埔成長,110,資產負債表,資產總計,非收支,9229892.0,,,,9229892.0,,9229892.0,
N03,龍埔成長,111,資產負債表,資產總計,非收支,11149432.0,9229892.0,1919540.0,0.2079699307424182,10189662.0,1357319.7507588253,10189662.0,0.7071067811865476
N03,龍埔成長,112,資產負債表,資產總計,非收支,13476093.0,11149432.0,2326661.0,0.20867977848557667,11285139.0,2126350.870737706,11285139.0,1.0303821585380597
N03,龍埔成長,113,資產負債表,資產總計,非收支,14987068.0,13476093.0,1510975.0,0.11212263079514219,12210621.25,2537777.55734913,13204197.666666666,1.0940465376721886
N03,龍埔成長,110,資產負債表,資遣費準備,非收支,280189.0,,,,280189.0,,280189.0,
N03,龍埔成長,111,資產負債表,資遣費準備,非收支,326901.0,280189.0,46712.0,0.16671603810285202,303545.0,33030.371962786005,303545.0,0.7071067811865476
N03,龍埔成長,112,資產負債表,資遣費準備,非收支,374643.0,326901.0,47742.0,0.146044215221122,327244.3333333333,47227.93598425972,327244.3333333333,1.0036150358648719
N03,龍埔成長,110,資產負債表,資遣費準備金,非收支,280189.0,,,,280189.0,,280189.0,
N03,龍埔成長,111,資產負債表,資遣費準備金,非收支,326901.0,280189.0,46712.0,0.16671603810285202,303545.0,33030.371962786005,303545.0,0.7071067811865476
N03,龍埔成長,112,資產負債表,資遣費準備金,非收支,374643.0,326901.0,47742.0,0.146044215221122,327244.3333333333,47227.93598425972,327244.3333333333,1.0036150358648719
N03,龍埔成長,113,資產負債表,資遺費準備,非收支,428137.0,,,,428137.0,,428137.0,
N03,龍埔成長,113,資產負債表,資遺費準備金,非收支,428137.0,,,,428137.0,,428137.0,
N03,龍埔成長,110,資產負債表,購置財產,非收支,460670.0,,,,460670.0,,460670.0,
N03,龍埔成長,111,資產負債表,購置財產,非收支,558564.0,460670.0,97894.0,0.21250352747085766,509617.0,69221.51123747589,509617.0,0.7071067811865475
N03,龍埔成長,112,資產負債表,購置財產,非收支,610119.0,558564.0,51555.0,0.09229918147249017,543117.6666666666,75912.40221685344,543117.6666666666,0.8826137940139943
N03,龍埔成長,113,資產負債表,購置財產,非收支,610119.0,610119.0,0.0,0.0,559868.0,70456.29761774317,592934.0,0.7132222625808992
N03,龍埔成長,111,資產負債表,非流動負債,非收支,,,,,,,,
N03,龍埔成長,110,資產負債表,非流動負債合計,非收支,3537574.0,,,,3537574.0,,3537574.0,
N03,龍埔成長,111,資產負債表,非流動負債合計,非收支,4609430.0,3537574.0,1071856.0,0.3029918243406357,4073502.0,757916.646055488,4073502.0,0.7071067811865476
N03,龍埔成長,112,資產負債表,非流動負債合計,非收支,7027023.0,4609430.0,2417593.0,0.524488494238984,5058009.0,1787450.9560631306,5058009.0,1.101576517845705
N03,龍埔成長,113,資產負債表,非流動負債合計,非收支,8812517.0,7027023.0,1785494.0,0.2540896763821607,5996636.0,2377828.8123278907,6816323.333333333,1.1842236015481942
N03,龍埔成長,111,資產負債表,非流動資產,非收支,,,,,,,,
N03,龍埔成長,110,資產負債表,非流動資產合計,非收支,3544774.0,,,,3544774.0,,3544774.0,
N03,龍埔成長,111,資產負債表,非流動資產合計,非收支,4616630.0,3544774.0,1071856.0,0.3023763997366264,4080702.0,757916.646055488,4080702.0,0.7071067811865476
N03,龍埔成長,112,資產負債表,非流動資產合計,非收支,7034223.0,4616630.0,2417593.0,0.5236705129066007,5065209.0,1787450.9560631306,5065209.0,1.101576517845705
N03,龍埔成長,113,資產負債表,非流動資產合計,非收支,8819717.0,7034223.0,1785494.0,0.2538295985214003,6003836.0,2377828.8123278907,6823523.333333333,1.1842236015481942
N03,龍埔成長,110,資產負債表,預付款項,非收支,15039.0,,,,15039.0,,15039.0,
N03,龍埔成長,111,資產負債表,預付款項,非收支,65120.0,15039.0,50081.0,3.330075137974599,40079.5,35412.61470860348,40079.5,0.7071067811865476
N03,龍埔成長,112,資產負債表,預付款項,非收支,3557.0,65120.0,-61563.0,-0.9453777641277641,27905.333333333332,32736.182464260146,27905.333333333332,-0.7437743652582496
N03,龍埔成長,113,資產負債表,預付款項,非收支,3557.0,3557.0,0.0,0.0,21818.25,29370.882898714503,24078.0,-0.6217467163984796
N03,龍埔成長,110,資產負債表,預收款項,非收支,1980450.0,,,,1980450.0,,1980450.0,
N03,龍埔成長,111,資產負債表,預收款項,非收支,2164292.0,1980450.0,183842.0,0.09282839758640712,2072371.0,129995.92486689727,2072371.0,0.7071067811865475
N03,龍埔成長,112,資產負債表,預收款項,非收支,2400701.0,2164292.0,236409.0,0.10923156394793308,2181814.3333333335,210672.73168194623,2181814.3333333335,1.0389890752312496
N03,龍埔成長,113,資產負債表,預收款項,非收支,2720064.0,2400701.0,319363.0,0.13302906109507182,2316376.75,319400.75532093423,2428352.3333333335,1.2638894657414776
N03,龍埔成長,111,資產負債表,餘絀,非收支,,,,,,,,
N03,龍埔成長,110,資產負債表,餘絀總額,非收支,2294842.0,,,,2294842.0,,2294842.0,
N03,龍埔成長,111,資產負債表,餘絀總額,非收支,2645942.0,2294842.0,351100.0,0.15299528246389077,2470392.0,248265.19087459682,2470392.0,0.7071067811865476
N03,龍埔成長,112,資產負債表,餘絀總額,非收支,2896676.0,2645942.0,250734.0,0.09476171435352702,2612486.6666666665,302308.5929730304,2612486.6666666665,0.9400636962995181
N03,龍埔成長,113,資產負債表,餘絀總額,非收支,2136603.0,2896676.0,-760073.0,-0.26239489677133376,2493515.75,342845.8929415907,2559740.3333333335,-1.0410296793632754
N03,龍埔成長,110,附表三,事務機器耗材-執行率,非收支,78.0,,,,78.0,,78.0,
N03,龍埔成長,111,附表三,事務機器耗材-執行率,非收支,76.0,78.0,-2.0,-0.02564102564102564,77.0,1.4142135623730951,77.0,-0.7071067811865475
N03,龍埔成長,112,附表三,事務機器耗材-執行率,非收支,98.0,76.0,22.0,0.2894736842105263,84.0,12.165525060596439,84.0,1.150792911137501
N03,龍埔成長,113,附表三,事務機器耗材-執行率,非收支,95.0,98.0,-3.0,-0.030612244897959183,86.75,11.354147553500733,89.66666666666667,0.7266067277288768
N03,龍埔成長,110,附表三,事務機器耗材-決算數,非收支,46509.0,,,,46509.0,,46509.0,
N03,龍埔成長,111,附表三,事務機器耗材-決算數,非收支,45675.0,46509.0,-834.0,-0.01793201315874347,46092.0,589.7270555095806,46092.0,-0.7071067811865476
N03,龍埔成長,112,附表三,事務機器耗材-決算數,非收支,58800.0,45675.0,13125.0,0.28735632183908044,50328.0,7348.807862503959,50328.0,1.152840046781865
N03,龍埔成長,113,附表三,事務機器耗材-決算數,非收支,56769.0,58800.0,-2031.0,-0.03454081632653061,51938.25,6809.9147021089775,53748.0,0.7093701186160165
N03,龍埔成長,112,附表三,五日未上課退費-執行率,非收支,,,,,,,,
N03,龍埔成長,113,附表三,五日未上課退費-執行率,非收支,,,,,,,,
N03,龍埔成長,112,附表三,五日未上課退費-決算數,非收支,-57022.0,,,,-57022.0,,-57022.0,
N03,龍埔成長,113,附表三,五日未上課退費-決算數,非收支,-30858.0,-57022.0,26164.0,0.458840447546561,-43940.0,18500.74182296483,-43940.0,0.7071067811865476
N03,龍埔成長,112,附表三,人事費-執行率,非收支,63.0,,,,63.0,,63.0,
N03,龍埔成長,113,附表三,人事費-執行率,非收支,91.0,63.0,28.0,0.4444444444444444,77.0,19.79898987322333,77.0,0.7071067811865476
N03,龍埔成長,112,附表三,人事費-決算數,非收支,5280926.0,,,,5280926.0,,5280926.0,
N03,龍埔成長,113,附表三,人事費-決算數,非收支,8710840.0,5280926.0,3429914.0,0.6494910172950729,6995883.0,2425315.448286676,6995883.0,0.7071067811865476
N03,龍埔成長,112,附表三,代課費及代班費-執行率,非收支,17.0,,,,17.0,,17.0,
N03,龍埔成長,113,附表三,代課費及代班費-執行率,非收支,1.0,17.0,-16.0,-0.9411764705882353,9.0,11.313708498984761,9.0,-0.7071067811865475
N03,龍埔成長,112,附表三,代課費及代班費-決算數,非收支,17699.0,,,,17699.0,,17699.0,
N03,龍埔成長,113,附表三,代課費及代班費-決算數,非收支,1800.0,17699.0,-15899.0,-0.8982993389457031,9749.5,11242.290714084918,9749.5,-0.7071067811865476
N03,龍埔成長,110,附表三,保全-執行率,非收支,100.0,,,,100.0,,100.0,
N03,龍埔成長,111,附表三,保全-執行率,非收支,100.0,100.0,0.0,0.0,100.0,0.0,100.0,
N03,龍埔成長,112,附表三,保全-執行率,非收支,100.0,100.0,0.0,0.0,100.0,0.0,100.0,
N03,龍埔成長,113,附表三,保全-執行率,非收支,100.0,100.0,0.0,0.0,100.0,0.0,100.0,
N03,龍埔成長,110,附表三,保全-決算數,非收支,60000.0,,,,60000.0,,60000.0,
N03,龍埔成長,111,附表三,保全-決算數,非收支,60000.0,60000.0,0.0,0.0,60000.0,0.0,60000.0,
N03,龍埔成長,112,附表三,保全-決算數,非收支,60000.0,60000.0,0.0,0.0,60000.0,0.0,60000.0,
N03,龍埔成長,113,附表三,保全-決算數,非收支,60000.0,60000.0,0.0,0.0,60000.0,0.0,60000.0,
N03,龍埔成長,112,附表三,保險費-執行率,非收支,101.0,,,,101.0,,101.0,
N03,龍埔成長,113,附表三,保險費-執行率,非收支,101.0,101.0,0.0,0.0,101.0,0.0,101.0,
N03,龍埔成長,112,附表三,保險費-決算數,非收支,12069.0,,,,12069.0,,12069.0,
N03,龍埔成長,113,附表三,保險費-決算數,非收支,12071.0,12069.0,2.0,0.00016571381224625073,12070.0,1.4142135623730951,12070.0,0.7071067811865475
N03,龍埔成長,111,附表三,修繕費-執行率,非收支,90.0,,,,90.0,,90.0,
N03,龍埔成長,112,附表三,修繕費-執行率,非收支,92.0,90.0,2.0,0.022222222222222223,91.0,1.4142135623730951,91.0,0.7071067811865475
N03,龍埔成長,113,附表三,修繕費-執行率,非收支,83.0,92.0,-9.0,-0.09782608695652174,88.33333333333333,4.725815626252606,88.33333333333333,-1.1285529853737568
N03,龍埔成長,111,附表三,修繕費-決算數,非收支,76343.0,,,,76343.0,,76343.0,
N03,龍埔成長,112,附表三,修繕費-決算數,非收支,77883.0,76343.0,1540.0,0.02017211794139607,77113.0,1088.9444430272831,77113.0,0.7071067811865476
N03,龍埔成長,113,附表三,修繕費-決算數,非收支,70848.0,77883.0,-7035.0,-0.09032779939139478,75024.66666666667,3698.1493119306783,75024.66666666667,-1.1293937357240385
N03,龍埔成長,110,附表三,修繕購置費-執行率,非收支,101.0,,,,101.0,,101.0,
N03,龍埔成長,111,附表三,修繕購置費-執行率,非收支,100.0,101.0,-1.0,-0.009900990099009901,100.5,0.7071067811865476,100.5,-0.7071067811865475
N03,龍埔成長,112,附表三,修繕購置費-執行率,非收支,84.0,100.0,-16.0,-0.16,95.0,9.539392014169456,95.0,-1.1531133203941102
N03,龍埔成長,113,附表三,修繕購置費-執行率,非收支,91.0,84.0,7.0,0.08333333333333333,94.0,8.04155872120988,91.66666666666667,-0.3730620025303552
N03,龍埔成長,110,附表三,修繕購置費-決算數,非收支,126641.0,,,,126641.0,,126641.0,
N03,龍埔成長,111,附表三,修繕購置費-決算數,非收支,125945.0,126641.0,-696.0,-0.005495850474964664,126293.0,492.1463197058371,126293.0,-0.7071067811865476
N03,龍埔成長,112,附表三,修繕購置費-決算數,非收支,105781.0,125945.0,-20164.0,-0.1601016316646155,119455.66666666667,11847.720680929871,119455.66666666667,-1.1542023174700142
N03,龍埔成長,113,附表三,修繕購置費-決算數,非收支,91690.0,105781.0,-14091.0,-0.13320917745152722,112514.25,16920.758008532994,107805.33333333333,-1.230692501452861
N03,龍埔成長,112,附表三,健康檢查-執行率,非收支,91.0,,,,91.0,,91.0,
N03,龍埔成長,113,附表三,健康檢查-執行率,非收支,140.0,91.0,49.0,0.5384615384615384,115.5,34.64823227814083,115.5,0.7071067811865475
N03,龍埔成長,112,附表三,健康檢查-決算數,非收支,3630.0,,,,3630.0,,3630.0,
N03,龍埔成長,113,附表三,健康檢查-決算數,非收支,1400.0,3630.0,-2230.0,-0.6143250688705234,2515.0,1576.848122046001,2515.0,-0.7071067811865476
N03,龍埔成長,110,附表三,其他支出-執行率,非收支,,,,,,,,
N03,龍埔成長,111,附表三,其他支出-執行率,非收支,,,,,,,,
N03,龍埔成長,112,附表三,其他支出-執行率,非收支,,,,,,,,
N03,龍埔成長,113,附表三,其他支出-執行率,非收支,,,,,,,,
N03,龍埔成長,110,附表三,其他支出-決算數,非收支,1675731.0,,,,1675731.0,,1675731.0,
N03,龍埔成長,111,附表三,其他支出-決算數,非收支,1853498.0,1675731.0,177767.0,0.10608325560606088,1764614.5,125700.251171189,1764614.5,0.7071067811865475
N03,龍埔成長,112,附表三,其他支出-決算數,非收支,3721263.0,1853498.0,1867765.0,1.0076973376825873,2416830.6666666665,1133162.8571199877,2416830.6666666665,1.1511428610082042
N03,龍埔成長,113,附表三,其他支出-決算數,非收支,948203.0,3721263.0,-2773060.0,-0.745193231437821,2049673.75,1181209.3434254501,2174321.3333333335,-0.9324941054104668
N03,龍埔成長,112,附表三,其他收入-執行率,非收支,,,,,,,,
N03,龍埔成長,113,附表三,其他收入-執行率,非收支,,,,,,,,
N03,龍埔成長,112,附表三,其他收入-決算數,非收支,3721263.0,,,,3721263.0,,3721263.0,
N03,龍埔成長,113,附表三,其他收入-決算數,非收支,948203.0,3721263.0,-2773060.0,-0.745193231437821,2334733.0,1960849.5306371674,2334733.0,-0.7071067811865476
N03,龍埔成長,112,附表三,利息收入-執行率,非收支,,,,,,,,
N03,龍埔成長,113,附表三,利息收入-執行率,非收支,,,,,,,,
N03,龍埔成長,112,附表三,利息收入-決算數,非收支,57597.0,,,,57597.0,,57597.0,
N03,龍埔成長,113,附表三,利息收入-決算數,非收支,85197.0,57597.0,27600.0,0.47919162456377934,71397.0,19516.14716074871,71397.0,0.7071067811865476
N03,龍埔成長,112,附表三,加班費-執行率,非收支,43.0,,,,43.0,,43.0,
N03,龍埔成長,113,附表三,加班費-執行率,非收支,48.0,43.0,5.0,0.11627906976744186,45.5,3.5355339059327378,45.5,0.7071067811865475
N03,龍埔成長,112,附表三,加班費-決算數,非收支,276835.0,,,,276835.0,,276835.0,
N03,龍埔成長,113,附表三,加班費-決算數,非收支,346009.0,276835.0,69174.0,0.24987447396463597,311422.0,48913.404481798236,311422.0,0.7071067811865476
N03,龍埔成長,112,附表三,勞、健保費-執行率,非收支,76.0,,,,76.0,,76.0,
N03,龍埔成長,113,附表三,勞、健保費-執行率,非收支,86.0,76.0,10.0,0.13157894736842105,81.0,7.0710678118654755,81.0,0.7071067811865475
N03,龍埔成長,112,附表三,勞、健保費-決算數,非收支,552865.0,,,,552865.0,,552865.0,
N03,龍埔成長,113,附表三,勞、健保費-決算數,非收支,841858.0,552865.0,288993.0,0.5227189277671764,697361.5,204348.91001544392,697361.5,0.7071067811865476
N03,龍埔成長,112,附表三,勞退金提撥-執行率,非收支,67.0,,,,67.0,,67.0,
N03,龍埔成長,113,附表三,勞退金提撥-執行率,非收支,101.0,67.0,34.0,0.5074626865671642,84.0,24.041630560342615,84.0,0.7071067811865476
N03,龍埔成長,112,附表三,勞退金提撥-決算數,非收支,233216.0,,,,233216.0,,233216.0,
N03,龍埔成長,113,附表三,勞退金提撥-決算數,非收支,390434.0,233216.0,157218.0,0.6741304198682766,311825.0,111169.91392458662,311825.0,0.7071067811865476
N03,龍埔成長,110,附表三,園務特支-執行率,非收支,98.0,,,,98.0,,98.0,
N03,龍埔成長,111,附表三,園務特支-執行率,非收支,100.0,98.0,2.0,0.02040816326530612,99.0,1.4142135623730951,99.0,0.7071067811865475
N03,龍埔成長,112,附表三,園務特支-執行率,非收支,98.0,100.0,-2.0,-0.02,98.66666666666667,1.1547005383792526,98.66666666666667,-0.5773502691896294
N03,龍埔成長,113,附表三,園務特支-執行率,非收支,99.0,98.0,1.0,0.01020408163265306,98.75,0.9574271077563388,99.0,0.2611164839335466
N03,龍埔成長,110,附表三,園務特支-決算數,非收支,38352.0,,,,38352.0,,38352.0,
N03,龍埔成長,111,附表三,園務特支-決算數,非收支,38997.0,38352.0,645.0,0.016817897371714643,38674.5,456.08387386532314,38674.5,0.7071067811865476
N03,龍埔成長,112,附表三,園務特支-決算數,非收支,38336.0,38997.0,-661.0,-0.01695002179654845,38561.666666666664,377.0945946753055,38561.666666666664,-0.5984351668073441
N03,龍埔成長,113,附表三,園務特支-決算數,非收支,38552.0,38336.0,216.0,0.005634390651085142,38559.25,307.9343815382314,38628.333333333336,-0.023543977011543548
N03,龍埔成長,110,附表三,園舍消毒、清潔-執行率,非收支,100.0,,,,100.0,,100.0,
N03,龍埔成長,111,附表三,園舍消毒、清潔-執行率,非收支,100.0,100.0,0.0,0.0,100.0,0.0,100.0,
N03,龍埔成長,112,附表三,園舍消毒、清潔-執行率,非收支,100.0,100.0,0.0,0.0,100.0,0.0,100.0,
N03,龍埔成長,113,附表三,園舍消毒、清潔-執行率,非收支,100.0,100.0,0.0,0.0,100.0,0.0,100.0,
N03,龍埔成長,110,附表三,園舍消毒、清潔-決算數,非收支,25000.0,,,,25000.0,,25000.0,
N03,龍埔成長,111,附表三,園舍消毒、清潔-決算數,非收支,25000.0,25000.0,0.0,0.0,25000.0,0.0,25000.0,
N03,龍埔成長,112,附表三,園舍消毒、清潔-決算數,非收支,25000.0,25000.0,0.0,0.0,25000.0,0.0,25000.0,
N03,龍埔成長,113,附表三,園舍消毒、清潔-決算數,非收支,25000.0,25000.0,0.0,0.0,25000.0,0.0,25000.0,
N03,龍埔成長,112,附表三,園長及教保服務人員薪資（含職務加給）-執行率,非收支,65.0,,,,65.0,,65.0,
N03,龍埔成長,113,附表三,園長及教保服務人員薪資（含職務加給）-執行率,非收支,98.0,65.0,33.0,0.5076923076923077,81.5,23.33452377915607,81.5,0.7071067811865476
N03,龍埔成長,112,附表三,園長及教保服務人員薪資（含職務加給）-決算數,非收支,3044573.0,,,,3044573.0,,3044573.0,
N03,龍埔成長,113,附表三,園長及教保服務人員薪資（含職務加給）-決算數,非收支,5669753.0,3044573.0,2625180.0,0.8622489918947583,4357163.0,1856282.5798353008,4357163.0,0.7071067811865476
N03,龍埔成長,112,附表三,學前特教師、社工人員、護理人員薪資-執行率,非收支,44.0,,,,44.0,,44.0,
N03,龍埔成長,112,附表三,學前特教師、社工人員、護理人員薪資-決算數,非收支,250029.0,,,,250029.0,,250029.0,
N03,龍埔成長,110,附表三,差旅費-執行率,非收支,,,,,,,,
N03,龍埔成長,111,附表三,差旅費-執行率,非收支,,,,,,,,
N03,龍埔成長,112,附表三,差旅費-執行率,非收支,,,,,,,,
N03,龍埔成長,113,附表三,差旅費-執行率,非收支,,,,,,,,
N03,龍埔成長,110,附表三,差旅費-決算數,非收支,,,,,,,,
N03,龍埔成長,111,附表三,差旅費-決算數,非收支,,,,,,,,
N03,龍埔成長,112,附表三,差旅費-決算數,非收支,,,,,,,,
N03,龍埔成長,113,附表三,差旅費-決算數,非收支,,,,,,,,
N03,龍埔成長,110,附表三,延後托育支出-執行率,非收支,,,,,,,,
N03,龍埔成長,111,附表三,延後托育支出-執行率,非收支,,,,,,,,
N03,龍埔成長,110,附表三,延後托育支出-決算數,非收支,289925.0,,,,289925.0,,289925.0,
N03,龍埔成長,111,附表三,延後托育支出-決算數,非收支,293111.0,289925.0,3186.0,0.010989048891954815,291518.0,2252.84220486034,291518.0,0.7071067811865476
N03,龍埔成長,112,附表三,延長照顧服務支出-執行率,非收支,,,,,,,,
N03,龍埔成長,113,附表三,延長照顧服務支出-執行率,非收支,,,,,,,,
N03,龍埔成長,112,附表三,延長照顧服務支出-決算數,非收支,331321.0,,,,331321.0,,331321.0,
N03,龍埔成長,113,附表三,延長照顧服務支出-決算數,非收支,185752.0,331321.0,-145569.0,-0.4393594127749222,258536.5,102932.82703054453,258536.5,-0.7071067811865476
N03,龍埔成長,112,附表三,延長照顧服務收入-執行率,非收支,,,,,,,,
N03,龍埔成長,113,附表三,延長照顧服務收入-執行率,非收支,,,,,,,,
N03,龍埔成長,112,附表三,延長照顧服務收入-決算數,非收支,370620.0,,,,370620.0,,370620.0,
N03,龍埔成長,113,附表三,延長照顧服務收入-決算數,非收支,192500.0,370620.0,-178120.0,-0.4806000755490799,281560.0,125949.85986494785,281560.0,-0.7071067811865475
N03,龍埔成長,112,附表三,延長照顧服務收入淨額-執行率,非收支,,,,,,,,
N03,龍埔成長,112,附表三,延長照顧服務收入淨額-執行率,非收支,,,,,,,,
N03,龍埔成長,113,附表三,延長照顧服務收入淨額-執行率,非收支,,,,,,,,
N03,龍埔成長,113,附表三,延長照顧服務收入淨額-執行率,非收支,,,,,,,,
N03,龍埔成長,113,附表三,延長照顧服務收入淨額-執行率,非收支,,,,,,,,
N03,龍埔成長,113,附表三,延長照顧服務收入淨額-執行率,非收支,,,,,,,,
N03,龍埔成長,112,附表三,延長照顧服務收入淨額-決算數,非收支,345159.0,,,,345159.0,,345159.0,
N03,龍埔成長,112,附表三,延長照顧服務收入淨額-決算數,非收支,345159.0,,,,345159.0,0.0,345159.0,
N03,龍埔成長,113,附表三,延長照顧服務收入淨額-決算數,非收支,186132.0,345159.0,-159027.0,-0.4607354871233258,292150.0,91814.28125841862,292150.0,-1.1547005383792515
N03,龍埔成長,113,附表三,延長照顧服務收入淨額-決算數,非收支,186132.0,345159.0,-159027.0,-0.4607354871233258,265645.5,91814.28125841862,239141.0,-0.8660254037844386
N03,龍埔成長,113,附表三,延長照顧服務收入淨額-決算數,非收支,186132.0,345159.0,-159027.0,-0.4607354871233258,249742.8,87102.67515237405,186132.0,-0.7302967433402213
N03,龍埔成長,113,附表三,延長照顧服務收入淨額-決算數,非收支,186132.0,345159.0,-159027.0,-0.4607354871233258,239141.0,82121.18967964358,186132.0,-0.6454972243679029
N03,龍埔成長,112,附表三,延長照顧服務收入退費-執行率,非收支,,,,,,,,
N03,龍埔成長,113,附表三,延長照顧服務收入退費-執行率,非收支,,,,,,,,
N03,龍埔成長,112,附表三,延長照顧服務收入退費-決算數,非收支,-25461.0,,,,-25461.0,,-25461.0,
N03,龍埔成長,113,附表三,延長照顧服務收入退費-決算數,非收支,-6368.0,-25461.0,19093.0,0.7498919916735399,-15914.5,13500.789773194752,-15914.5,0.7071067811865475
N03,龍埔成長,110,附表三,所得稅費用-執行率,非收支,,,,,,,,
N03,龍埔成長,111,附表三,所得稅費用-執行率,非收支,,,,,,,,
N03,龍埔成長,112,附表三,所得稅費用-執行率,非收支,,,,,,,,
N03,龍埔成長,113,附表三,所得稅費用-執行率,非收支,,,,,,,,
N03,龍埔成長,110,附表三,所得稅費用-決算數,非收支,,,,,,,,
N03,龍埔成長,111,附表三,所得稅費用-決算數,非收支,,,,,,,,
N03,龍埔成長,112,附表三,所得稅費用-決算數,非收支,,,,,,,,
N03,龍埔成長,113,附表三,所得稅費用-決算數,非收支,,,,,,,,
N03,龍埔成長,110,附表三,攝影照片-執行率,非收支,17.0,,,,17.0,,17.0,
N03,龍埔成長,111,附表三,攝影照片-執行率,非收支,24.0,17.0,7.0,0.4117647058823529,20.5,4.949747468305833,20.5,0.7071067811865476
N03,龍埔成長,112,附表三,攝影照片-執行率,非收支,55.0,24.0,31.0,1.2916666666666667,32.0,20.223748416156685,32.0,1.137276805798542
N03,龍埔成長,113,附表三,攝影照片-執行率,非收支,56.0,55.0,1.0,0.01818181818181818,38.0,20.412414523193153,45.0,0.881816307401944
N03,龍埔成長,110,附表三,攝影照片-決算數,非收支,1500.0,,,,1500.0,,1500.0,
N03,龍埔成長,111,附表三,攝影照片-決算數,非收支,2190.0,1500.0,690.0,0.46,1845.0,487.9036790187178,1845.0,0.7071067811865475
N03,龍埔成長,112,附表三,攝影照片-決算數,非收支,4993.0,2190.0,2803.0,1.2799086757990867,2894.3333333333335,1849.9530624676222,2894.3333333333335,1.1344431970978168
N03,龍埔成長,113,附表三,攝影照片-決算數,非收支,5000.0,4993.0,7.0,0.0014019627478469858,3420.75,1841.1976853848876,4061.0,0.8577297334967432
N03,龍埔成長,112,附表三,支出-執行率,非收支,130.0,,,,130.0,,130.0,
N03,龍埔成長,113,附表三,支出-執行率,非收支,115.0,130.0,-15.0,-0.11538461538461539,122.5,10.606601717798213,122.5,-0.7071067811865475
N03,龍埔成長,112,附表三,支出-決算數,非收支,13893372.0,,,,13893372.0,,13893372.0,
N03,龍埔成長,113,附表三,支出-決算數,非收支,13604475.0,13893372.0,-288897.0,-0.0207938720707975,13748923.5,204281.02776445003,13748923.5,-0.7071067811865475
N03,龍埔成長,112,附表三,收入-執行率,非收支,136.0,,,,136.0,,136.0,
N03,龍埔成長,113,附表三,收入-執行率,非收支,109.0,136.0,-27.0,-0.19852941176470587,122.5,19.091883092036785,122.5,-0.7071067811865475
N03,龍埔成長,112,附表三,收入-決算數,非收支,14144106.0,,,,14144106.0,,14144106.0,
N03,龍埔成長,113,附表三,收入-決算數,非收支,12844402.0,14144106.0,-1299704.0,-0.0918901484476997,13494254.0,919029.5119352805,13494254.0,-0.7071067811865476
N03,龍埔成長,112,附表三,政府學費差額補助退費-執行率,非收支,,,,,,,,
N03,龍埔成長,113,附表三,政府學費差額補助退費-執行率,非收支,,,,,,,,
N03,龍埔成長,112,附表三,政府學費差額補助退費-決算數,非收支,-11503.0,,,,-11503.0,,-11503.0,
N03,龍埔成長,113,附表三,政府學費差額補助退費-決算數,非收支,-266639.0,-11503.0,-255136.0,-22.179953055724592,-139071.0,180408.39572481098,-139071.0,-0.7071067811865476
N03,龍埔成長,110,附表三,教保材料費-執行率,非收支,46.0,,,,46.0,,46.0,
N03,龍埔成長,111,附表三,教保材料費-執行率,非收支,54.0,46.0,8.0,0.17391304347826086,50.0,5.656854249492381,50.0,0.7071067811865475
N03,龍埔成長,112,附表三,教保材料費-執行率,非收支,78.0,54.0,24.0,0.4444444444444444,59.333333333333336,16.65332799572906,59.333333333333336,1.12089707663561
N03,龍埔成長,113,附表三,教保材料費-執行率,非收支,97.0,78.0,19.0,0.24358974358974358,68.75,23.228933107943924,76.33333333333333,1.216155725651427
N03,龍埔成長,110,附表三,教保材料費-決算數,非收支,98732.0,,,,98732.0,,98732.0,
N03,龍埔成長,111,附表三,教保材料費-決算數,非收支,116891.0,98732.0,18159.0,0.18392213264189927,107811.5,12840.352039566516,107811.5,0.7071067811865476
N03,龍埔成長,112,附表三,教保材料費-決算數,非收支,168656.0,116891.0,51765.0,0.4428484656645935,128093.0,36282.985640655315,128093.0,1.1179620222473892
N03,龍埔成長,113,附表三,教保材料費-決算數,非收支,166801.0,168656.0,-1855.0,-0.0109987192865952,137770.0,35386.63609330505,150782.66666666666,0.8203944540942816
N03,龍埔成長,112,附表三,教保費收入-執行率,非收支,97.0,,,,97.0,,97.0,
N03,龍埔成長,113,附表三,教保費收入-執行率,非收支,102.0,97.0,5.0,0.05154639175257732,99.5,3.5355339059327378,99.5,0.7071067811865475
N03,龍埔成長,112,附表三,教保費收入-決算數,非收支,10090612.0,,,,10090612.0,,10090612.0,
N03,龍埔成長,113,附表三,教保費收入-決算數,非收支,11931000.0,10090612.0,1840388.0,0.18238616250431589,11010806.0,1301350.8348143478,11010806.0,0.7071067811865476
N03,龍埔成長,112,附表三,教保費收入淨額-執行率,非收支,96.0,,,,96.0,,96.0,
N03,龍埔成長,113,附表三,教保費收入淨額-執行率,非收支,99.0,96.0,3.0,0.03125,97.5,2.1213203435596424,97.5,0.7071067811865476
N03,龍埔成長,112,附表三,教保費收入淨額-決算數,非收支,10020087.0,,,,10020087.0,,10020087.0,
N03,龍埔成長,113,附表三,教保費收入淨額-決算數,非收支,11624870.0,10020087.0,1604783.0,0.16015659345073552,10822478.5,1134752.9416328913,10822478.5,0.7071067811865476
N03,龍埔成長,112,附表三,教保費收入減項-執行率,非收支,,,,,,,,
N03,龍埔成長,113,附表三,教保費收入減項-執行率,非收支,,,,,,,,
N03,龍埔成長,112,附表三,教保費收入減項-決算數,非收支,-70525.0,,,,-70525.0,,-70525.0,
N03,龍埔成長,113,附表三,教保費收入減項-決算數,非收支,-306130.0,-70525.0,-235605.0,-3.340730237504431,-188327.5,166597.89318145654,-188327.5,-0.7071067811865475
N03,龍埔成長,112,附表三,教保費收入（家長繳費）-執行率,非收支,57.0,,,,57.0,,57.0,
N03,龍埔成長,113,附表三,教保費收入（家長繳費）-執行率,非收支,47.0,57.0,-10.0,-0.17543859649122806,52.0,7.0710678118654755,52.0,-0.7071067811865475
N03,龍埔成長,112,附表三,教保費收入（家長繳費）-決算數,非收支,1225476.0,,,,1225476.0,,1225476.0,
N03,龍埔成長,113,附表三,教保費收入（家長繳費）-決算數,非收支,811000.0,1225476.0,-414476.0,-0.33821633389801187,1018238.0,293078.7902390755,1018238.0,-0.7071067811865475
N03,龍埔成長,112,附表三,教保費收入（政府學費差額補助）-執行率,非收支,107.0,,,,107.0,,107.0,
N03,龍埔成長,113,附表三,教保費收入（政府學費差額補助）-執行率,非收支,111.0,107.0,4.0,0.037383177570093455,109.0,2.8284271247461903,109.0,0.7071067811865475
N03,龍埔成長,112,附表三,教保費收入（政府學費差額補助）-決算數,非收支,8865136.0,,,,8865136.0,,8865136.0,
N03,龍埔成長,113,附表三,教保費收入（政府學費差額補助）-決算數,非收支,11120000.0,8865136.0,2254864.0,0.2543518790913078,9992568.0,1594429.6250534232,9992568.0,0.7071067811865476
N03,龍埔成長,111,附表三,文宣費(一般文宣)-執行率,非收支,25.0,,,,25.0,,25.0,
N03,龍埔成長,111,附表三,文宣費(一般文宣)-決算數,非收支,2450.0,,,,2450.0,,2450.0,
N03,龍埔成長,111,附表三,文宣費(圖刊)-執行率,非收支,43.0,,,,43.0,,43.0,
N03,龍埔成長,111,附表三,文宣費(圖刊)-決算數,非收支,11770.0,,,,11770.0,,11770.0,
N03,龍埔成長,110,附表三,文宣費（一般文宣）-執行率,非收支,44.0,,,,44.0,,44.0,
N03,龍埔成長,112,附表三,文宣費（一般文宣）-執行率,非收支,22.0,,,,33.0,15.556349186104045,33.0,-0.7071067811865476
N03,龍埔成長,113,附表三,文宣費（一般文宣）-執行率,非收支,83.0,22.0,61.0,2.772727272727273,49.666666666666664,30.89228598426043,49.666666666666664,1.079018022502984
N03,龍埔成長,110,附表三,文宣費（一般文宣）-決算數,非收支,4385.0,,,,4385.0,,4385.0,
N03,龍埔成長,112,附表三,文宣費（一般文宣）-決算數,非收支,2195.0,,,,3290.0,1548.563850798539,3290.0,-0.7071067811865476
N03,龍埔成長,113,附表三,文宣費（一般文宣）-決算數,非收支,8317.0,2195.0,6122.0,2.7890660592255125,4965.666666666667,3102.03180727299,4965.666666666667,1.080367172727189
N03,龍埔成長,112,附表三,文宣費（園刊）-執行率,非收支,65.0,,,,65.0,,65.0,
N03,龍埔成長,113,附表三,文宣費（園刊）-執行率,非收支,35.0,65.0,-30.0,-0.46153846153846156,50.0,21.213203435596427,50.0,-0.7071067811865475
N03,龍埔成長,112,附表三,文宣費（園刊）-決算數,非收支,17790.0,,,,17790.0,,17790.0,
N03,龍埔成長,113,附表三,文宣費（園刊）-決算數,非收支,9722.0,17790.0,-8068.0,-0.453513209668353,13756.0,5704.937510613066,13756.0,-0.7071067811865475
N03,龍埔成長,110,附表三,文宣費（圖刊）-執行率,非收支,43.0,,,,43.0,,43.0,
N03,龍埔成長,110,附表三,文宣費（圖刊）-決算數,非收支,11755.0,,,,11755.0,,11755.0,
N03,龍埔成長,110,附表三,日常消耗用品-執行率,非收支,100.0,,,,100.0,,100.0,
N03,龍埔成長,111,附表三,日常消耗用品-執行率,非收支,87.0,100.0,-13.0,-0.13,93.5,9.192388155425117,93.5,-0.7071067811865476
N03,龍埔成長,112,附表三,日常消耗用品-執行率,非收支,107.0,87.0,20.0,0.22988505747126436,98.0,10.14889156509222,98.0,0.8867963503478639
N03,龍埔成長,113,附表三,日常消耗用品-執行率,非收支,99.0,107.0,-8.0,-0.07476635514018691,98.25,8.301606270274847,97.66666666666667,0.09034396182886775
N03,龍埔成長,110,附表三,日常消耗用品-決算數,非收支,53915.0,,,,53915.0,,53915.0,
N03,龍埔成長,111,附表三,日常消耗用品-決算數,非收支,46841.0,53915.0,-7074.0,-0.131206528795326,50378.0,5002.073370113637,50378.0,-0.7071067811865476
N03,龍埔成長,112,附表三,日常消耗用品-決算數,非收支,57773.0,46841.0,10932.0,0.2333852821246344,52843.0,5544.280295944642,52843.0,0.8892046824555467
N03,龍埔成長,113,附表三,日常消耗用品-決算數,非收支,42561.0,57773.0,-15212.0,-0.2633063887975352,50272.5,6850.005620435651,49058.333333333336,-1.1257654996653215
N03,龍埔成長,112,附表三,會計、總務、廚工、清潔薪資-執行率,非收支,68.0,,,,68.0,,68.0,
N03,龍埔成長,113,附表三,會計、總務、廚工、清潔薪資-執行率,非收支,96.0,68.0,28.0,0.4117647058823529,82.0,19.79898987322333,82.0,0.7071067811865476
N03,龍埔成長,112,附表三,會計、總務、廚工、清潔薪資-決算數,非收支,830268.0,,,,830268.0,,830268.0,
N03,龍埔成長,113,附表三,會計、總務、廚工、清潔薪資-決算數,非收支,1382021.0,830268.0,551753.0,0.6645480736340555,1106144.5,390148.28784002113,1106144.5,0.7071067811865476
N03,龍埔成長,110,附表三,本期稅前餘絀-執行率,非收支,955.0,,,,955.0,,955.0,
N03,龍埔成長,111,附表三,本期稅前餘絀-執行率,非收支,-376.0,955.0,-1331.0,-1.393717277486911,289.5,941.1591257592947,289.5,-0.7071067811865476
N03,龍埔成長,113,附表三,本期稅前餘絀-執行率,非收支,1065.0,,,,548.0,802.0953808619022,548.0,0.6445617470636108
N03,龍埔成長,110,附表三,本期稅前餘絀-決算數,非收支,767673.0,,,,767673.0,,767673.0,
N03,龍埔成長,111,附表三,本期稅前餘絀-決算數,非收支,351100.0,767673.0,-416573.0,-0.5426438079755312,559386.5,294561.5931592237,559386.5,-0.7071067811865475
N03,龍埔成長,113,附表三,本期稅前餘絀-決算數,非收支,-760073.0,,,,119566.66666666667,789751.6846847073,119566.66666666667,-1.1138180313193575
N03,龍埔成長,112,附表三,本期稅前餘結-執行率,非收支,-93.0,,,,-93.0,,-93.0,
N03,龍埔成長,112,附表三,本期稅前餘結-決算數,非收支,250734.0,,,,250734.0,,250734.0,
N03,龍埔成長,110,附表三,本期稅後餘絀-執行率,非收支,955.0,,,,955.0,,955.0,
N03,龍埔成長,111,附表三,本期稅後餘絀-執行率,非收支,-376.0,955.0,-1331.0,-1.393717277486911,289.5,941.1591257592947,289.5,-0.7071067811865476
N03,龍埔成長,113,附表三,本期稅後餘絀-執行率,非收支,1065.0,,,,548.0,802.0953808619022,548.0,0.6445617470636108
N03,龍埔成長,110,附表三,本期稅後餘絀-決算數,非收支,767673.0,,,,767673.0,,767673.0,
N03,龍埔成長,111,附表三,本期稅後餘絀-決算數,非收支,351100.0,767673.0,-416573.0,-0.5426438079755312,559386.5,294561.5931592237,559386.5,-0.7071067811865475
N03,龍埔成長,113,附表三,本期稅後餘絀-決算數,非收支,,,,,559386.5,294561.5931592237,559386.5,
N03,龍埔成長,112,附表三,本期稅後餘結-執行率,非收支,-93.0,,,,-93.0,,-93.0,
N03,龍埔成長,112,附表三,本期稅後餘結-決算數,非收支,250734.0,,,,250734.0,,250734.0,
N03,龍埔成長,110,附表三,材料費-執行率,非收支,80.0,,,,80.0,,80.0,
N03,龍埔成長,111,附表三,材料費-執行率,非收支,86.0,80.0,6.0,0.075,83.0,4.242640687119285,83.0,0.7071067811865476
N03,龍埔成長,112,附表三,材料費-執行率,非收支,96.0,86.0,10.0,0.11627906976744186,87.33333333333333,8.082903768654763,87.33333333333333,1.0722219284950196
N03,龍埔成長,113,附表三,材料費-執行率,非收支,94.0,96.0,-2.0,-0.020833333333333332,89.0,7.393691004272948,92.0,0.676252226000574
N03,龍埔成長,110,附表三,材料費-決算數,非收支,1126043.0,,,,1126043.0,,1126043.0,
N03,龍埔成長,111,附表三,材料費-決算數,非收支,1198211.0,1126043.0,72168.0,0.0640899148611554,1162127.0,51030.482184670764,1162127.0,0.7071067811865475
N03,龍埔成長,112,附表三,材料費-決算數,非收支,1350447.0,1198211.0,152236.0,0.1270527478048524,1224900.3333333333,114557.97305003846,1224900.3333333333,1.095922556274878
N03,龍埔成長,113,附表三,材料費-決算數,非收支,1183148.0,1350447.0,-167299.0,-0.12388416576141086,1214462.25,95837.53854440337,1243935.3333333333,-0.3267430536677599
N03,龍埔成長,110,附表三,業務發展費-執行率,非收支,,,,,,,,
N03,龍埔成長,111,附表三,業務發展費-執行率,非收支,,,,,,,,
N03,龍埔成長,112,附表三,業務發展費-執行率,非收支,,,,,,,,
N03,龍埔成長,113,附表三,業務發展費-執行率,非收支,,,,,,,,
N03,龍埔成長,110,附表三,業務發展費-決算數,非收支,98000.0,,,,98000.0,,98000.0,
N03,龍埔成長,111,附表三,業務發展費-決算數,非收支,1000000.0,98000.0,902000.0,9.204081632653061,549000.0,637810.3166302659,549000.0,0.7071067811865475
N03,龍埔成長,112,附表三,業務發展費-決算數,非收支,2393000.0,1000000.0,1393000.0,1.393,1163666.6666666667,1156220.71134076,1163666.6666666667,1.0632341397065888
N03,龍埔成長,113,附表三,業務發展費-決算數,非收支,1699800.0,2393000.0,-693200.0,-0.28967822816548267,1297700.0,981371.8085754587,1697600.0,0.40973257687489617
N03,龍埔成長,112,附表三,業務費-執行率,非收支,85.0,,,,85.0,,85.0,
N03,龍埔成長,113,附表三,業務費-執行率,非收支,89.0,85.0,4.0,0.047058823529411764,87.0,2.8284271247461903,87.0,0.7071067811865475
N03,龍埔成長,112,附表三,業務費-決算數,非收支,480975.0,,,,480975.0,,480975.0,
N03,龍埔成長,113,附表三,業務費-決算數,非收支,498463.0,480975.0,17488.0,0.03635947814335464,489719.0,12365.883389390343,489719.0,0.7071067811865476
N03,龍埔成長,110,附表三,水費-執行率,非收支,100.0,,,,100.0,,100.0,
N03,龍埔成長,111,附表三,水費-執行率,非收支,89.0,100.0,-11.0,-0.11,94.5,7.7781745930520225,94.5,-0.7071067811865476
N03,龍埔成長,112,附表三,水費-執行率,非收支,99.0,89.0,10.0,0.11235955056179775,96.0,6.082762530298219,96.0,0.4931969619160719
N03,龍埔成長,113,附表三,水費-執行率,非收支,157.0,99.0,58.0,0.5858585858585859,111.25,30.901725949640202,115.0,1.4804998295097715
N03,龍埔成長,110,附表三,水費-決算數,非收支,26102.0,,,,26102.0,,26102.0,
N03,龍埔成長,111,附表三,水費-決算數,非收支,23178.0,26102.0,-2924.0,-0.11202206727453835,24640.0,2067.580228189465,24640.0,-0.7071067811865476
N03,龍埔成長,112,附表三,水費-決算數,非收支,25726.0,23178.0,2548.0,0.10993183190956941,25002.0,1590.7784258029149,25002.0,0.45512309461613104
N03,龍埔成長,113,附表三,水費-決算數,非收支,40857.0,25726.0,15131.0,0.5881598382958875,28965.75,8033.200291083664,29920.333333333332,1.4802631042572814
N03,龍埔成長,110,附表三,水電修繕-執行率,非收支,70.0,,,,70.0,,70.0,
N03,龍埔成長,110,附表三,水電修繕-決算數,非收支,59663.0,,,,59663.0,,59663.0,
N03,龍埔成長,112,附表三,活動費-執行率,非收支,97.0,,,,97.0,,97.0,
N03,龍埔成長,113,附表三,活動費-執行率,非收支,99.0,97.0,2.0,0.020618556701030927,98.0,1.4142135623730951,98.0,0.7071067811865475
N03,龍埔成長,112,附表三,活動費-決算數,非收支,91946.0,,,,91946.0,,91946.0,
N03,龍埔成長,113,附表三,活動費-決算數,非收支,94200.0,91946.0,2254.0,0.024514388880429817,93073.0,1593.818684794478,93073.0,0.7071067811865476
N03,龍埔成長,110,附表三,火險-執行率,非收支,34.0,,,,34.0,,34.0,
N03,龍埔成長,111,附表三,火險-執行率,非收支,34.0,34.0,0.0,0.0,34.0,0.0,34.0,
N03,龍埔成長,112,附表三,火險-執行率,非收支,37.0,34.0,3.0,0.08823529411764706,35.0,1.7320508075688772,35.0,1.1547005383792517
N03,龍埔成長,113,附表三,火險-執行率,非收支,38.0,37.0,1.0,0.02702702702702703,35.75,2.0615528128088303,36.333333333333336,1.0914103126634984
N03,龍埔成長,110,附表三,火險-決算數,非收支,2736.0,,,,2736.0,,2736.0,
N03,龍埔成長,111,附表三,火險-決算數,非收支,2736.0,2736.0,0.0,0.0,2736.0,0.0,2736.0,
N03,龍埔成長,112,附表三,火險-決算數,非收支,2944.0,2736.0,208.0,0.07602339181286549,2805.3333333333335,120.08885599144209,2805.3333333333335,1.154700538379251
N03,龍埔成長,113,附表三,火險-決算數,非收支,3006.0,2944.0,62.0,0.021059782608695652,2855.5,140.2889874509043,2895.3333333333335,1.0727855602541088
N03,龍埔成長,110,附表三,瓦斯費-執行率,非收支,65.0,,,,65.0,,65.0,
N03,龍埔成長,111,附表三,瓦斯費-執行率,非收支,54.0,65.0,-11.0,-0.16923076923076924,59.5,7.7781745930520225,59.5,-0.7071067811865476
N03,龍埔成長,112,附表三,瓦斯費-執行率,非收支,58.0,54.0,4.0,0.07407407407407407,59.0,5.5677643628300215,59.0,-0.1796053020267749
N03,龍埔成長,113,附表三,瓦斯費-執行率,非收支,61.0,58.0,3.0,0.05172413793103448,59.5,4.654746681256314,57.666666666666664,0.3222516933177448
N03,龍埔成長,110,附表三,瓦斯費-決算數,非收支,20900.0,,,,20900.0,,20900.0,
N03,龍埔成長,111,附表三,瓦斯費-決算數,非收支,17300.0,20900.0,-3600.0,-0.1722488038277512,19100.0,2545.584412271571,19100.0,-0.7071067811865475
N03,龍埔成長,112,附表三,瓦斯費-決算數,非收支,18676.0,17300.0,1376.0,0.07953757225433526,18958.666666666668,1816.569661018628,18958.666666666668,-0.15560463919020018
N03,龍埔成長,113,附表三,瓦斯費-決算數,非收支,19659.0,18676.0,983.0,0.0526343970871707,19133.75,1523.9970199008483,18545.0,0.34465290492114803
N03,龍埔成長,110,附表三,研習、進修-執行率,非收支,49.0,,,,49.0,,49.0,
N03,龍埔成長,112,附表三,研習、進修-執行率,非收支,100.0,,,,74.5,36.062445840513924,74.5,0.7071067811865476
N03,龍埔成長,113,附表三,研習、進修-執行率,非收支,99.0,100.0,-1.0,-0.01,82.66666666666667,29.160475533388226,82.66666666666667,0.5601188949964808
N03,龍埔成長,110,附表三,研習、進修-決算數,非收支,11800.0,,,,11800.0,,11800.0,
N03,龍埔成長,112,附表三,研習、進修-決算數,非收支,24000.0,,,,17900.0,8626.70273047588,17900.0,0.7071067811865476
N03,龍埔成長,113,附表三,研習、進修-決算數,非收支,23666.0,24000.0,-334.0,-0.013916666666666667,19822.0,6949.2626947036615,19822.0,0.5531522074895343
N03,龍埔成長,110,附表三,維護費-執行率,非收支,74.0,,,,74.0,,74.0,
N03,龍埔成長,111,附表三,維護費-執行率,非收支,88.0,74.0,14.0,0.1891891891891892,81.0,9.899494936611665,81.0,0.7071067811865476
N03,龍埔成長,112,附表三,維護費-執行率,非收支,90.0,88.0,2.0,0.022727272727272728,84.0,8.717797887081348,84.0,0.6882472016116852
N03,龍埔成長,113,附表三,維護費-執行率,非收支,84.0,90.0,-6.0,-0.06666666666666667,84.0,7.118052168020874,87.33333333333333,0.0
N03,龍埔成長,110,附表三,維護費-決算數,非收支,87399.0,,,,87399.0,,87399.0,
N03,龍埔成長,111,附表三,維護費-決算數,非收支,104079.0,87399.0,16680.0,0.19084886554766073,95739.0,11794.541110191612,95739.0,0.7071067811865476
N03,龍埔成長,112,附表三,維護費-決算數,非收支,105827.0,104079.0,1748.0,0.016794934616973647,99101.66666666667,10172.422589203288,99101.66666666667,0.6611338915934736
N03,龍埔成長,113,附表三,維護費-決算數,非收支,98854.0,105827.0,-6973.0,-0.06589055723019645,99039.75,8306.671349985303,102920.0,-0.022361544374851022
N03,龍埔成長,113,附表三,腸病毒退費-執行率,非收支,,,,,,,,
N03,龍埔成長,113,附表三,腸病毒退費-決算數,非收支,-8633.0,,,,-8633.0,,-8633.0,
N03,龍埔成長,112,附表三,自強活動-執行率,非收支,100.0,,,,100.0,,100.0,
N03,龍埔成長,113,附表三,自強活動-執行率,非收支,100.0,100.0,0.0,0.0,100.0,0.0,100.0,
N03,龍埔成長,112,附表三,自強活動-決算數,非收支,12000.0,,,,12000.0,,12000.0,
N03,龍埔成長,113,附表三,自強活動-決算數,非收支,12000.0,12000.0,0.0,0.0,12000.0,0.0,12000.0,
N03,龍埔成長,110,附表三,藥品費-執行率,非收支,72.0,,,,72.0,,72.0,
N03,龍埔成長,111,附表三,藥品費-執行率,非收支,89.0,72.0,17.0,0.2361111111111111,80.5,12.020815280171307,80.5,0.7071067811865476
N03,龍埔成長,112,附表三,藥品費-執行率,非收支,101.0,89.0,12.0,0.1348314606741573,87.33333333333333,14.57166199626293,87.33333333333333,0.9378934722869392
N03,龍埔成長,113,附表三,藥品費-執行率,非收支,95.0,101.0,-6.0,-0.0594059405940594,89.25,12.500000000000002,95.0,0.4599999999999999
N03,龍埔成長,110,附表三,藥品費-決算數,非收支,4522.0,,,,4522.0,,4522.0,
N03,龍埔成長,111,附表三,藥品費-決算數,非收支,5628.0,4522.0,1106.0,0.24458204334365324,5075.0,782.0600999923215,5075.0,0.7071067811865476
N03,龍埔成長,112,附表三,藥品費-決算數,非收支,6381.0,5628.0,753.0,0.1337953091684435,5510.333333333333,935.0691596525539,5510.333333333333,0.9311254228405766
N03,龍埔成長,113,附表三,藥品費-決算數,非收支,4802.0,6381.0,-1579.0,-0.2474533772136029,5333.25,841.6275403446982,5603.666666666667,-0.6312174620407746
N03,龍埔成長,110,附表三,行政管理費-執行率,非收支,100.0,,,,100.0,,100.0,
N03,龍埔成長,111,附表三,行政管理費-執行率,非收支,100.0,100.0,0.0,0.0,100.0,0.0,100.0,
N03,龍埔成長,112,附表三,行政管理費-執行率,非收支,100.0,100.0,0.0,0.0,100.0,0.0,100.0,
N03,龍埔成長,113,附表三,行政管理費-執行率,非收支,100.0,100.0,0.0,0.0,100.0,0.0,100.0,
N03,龍埔成長,110,附表三,行政管理費-決算數,非收支,117840.0,,,,117840.0,,117840.0,
N03,龍埔成長,111,附表三,行政管理費-決算數,非收支,117840.0,117840.0,0.0,0.0,117840.0,0.0,117840.0,
N03,龍埔成長,112,附表三,行政管理費-決算數,非收支,117840.0,117840.0,0.0,0.0,117840.0,0.0,117840.0,
N03,龍埔成長,113,附表三,行政管理費-決算數,非收支,182054.0,117840.0,64214.0,0.5449253224711473,133893.5,32107.0,139244.66666666666,1.5
N03,龍埔成長,112,附表三,資遣費-執行率,非收支,100.0,,,,100.0,,100.0,
N03,龍埔成長,113,附表三,資遣費-執行率,非收支,100.0,100.0,0.0,0.0,100.0,0.0,100.0,
N03,龍埔成長,112,附表三,資遣費-決算數,非收支,47742.0,,,,47742.0,,47742.0,
N03,龍埔成長,113,附表三,資遣費-決算數,非收支,53494.0,47742.0,5752.0,0.12048091826902936,50618.0,4067.2782053850215,50618.0,0.7071067811865475
N03,龍埔成長,112,附表三,轉學/轉出退費-執行率,非收支,,,,,,,,
N03,龍埔成長,112,附表三,轉學/轉出退費-決算數,非收支,-2000.0,,,,-2000.0,,-2000.0,
N03,龍埔成長,110,附表三,辦公文具-執行率,非收支,87.0,,,,87.0,,87.0,
N03,龍埔成長,111,附表三,辦公文具-執行率,非收支,54.0,87.0,-33.0,-0.3793103448275862,70.5,23.33452377915607,70.5,-0.7071067811865476
N03,龍埔成長,112,附表三,辦公文具-執行率,非收支,62.0,54.0,8.0,0.14814814814814814,67.66666666666667,17.214335111567145,67.66666666666667,-0.3291830111323303
N03,龍埔成長,113,附表三,辦公文具-執行率,非收支,73.0,62.0,11.0,0.1774193548387097,69.0,14.30617582258329,63.0,0.27959952747719785
N03,龍埔成長,110,附表三,辦公文具-決算數,非收支,15655.0,,,,15655.0,,15655.0,
N03,龍埔成長,111,附表三,辦公文具-決算數,非收支,9685.0,15655.0,-5970.0,-0.3813478122005749,12670.0,4221.4274836836885,12670.0,-0.7071067811865476
N03,龍埔成長,112,附表三,辦公文具-決算數,非收支,11142.0,9685.0,1457.0,0.15043882292204439,12160.666666666666,3112.633343863895,12160.666666666666,-0.3272684425471505
N03,龍埔成長,113,附表三,辦公文具-決算數,非收支,13052.0,11142.0,1910.0,0.17142344282893557,12383.5,2580.234420874713,11293.0,0.25908498646156924
N03,龍埔成長,110,附表三,郵資-執行率,非收支,74.0,,,,74.0,,74.0,
N03,龍埔成長,111,附表三,郵資-執行率,非收支,51.0,74.0,-23.0,-0.3108108108108108,62.5,16.263455967290593,62.5,-0.7071067811865476
N03,龍埔成長,112,附表三,郵資-執行率,非收支,42.0,51.0,-9.0,-0.17647058823529413,55.666666666666664,16.502525059315417,55.666666666666664,-0.8281560923279462
N03,龍埔成長,113,附表三,郵資-執行率,非收支,32.0,42.0,-10.0,-0.23809523809523808,49.75,17.93274472392147,41.666666666666664,-0.9898094392835639
N03,龍埔成長,110,附表三,郵資-決算數,非收支,5318.0,,,,5318.0,,5318.0,
N03,龍埔成長,111,附表三,郵資-決算數,非收支,3698.0,5318.0,-1620.0,-0.3046257991726213,4508.0,1145.512985522207,4508.0,-0.7071067811865476
N03,龍埔成長,112,附表三,郵資-決算數,非收支,3023.0,3698.0,-675.0,-0.18253109789075175,4013.0,1179.4808179873041,4013.0,-0.8393523530881672
N03,龍埔成長,113,附表三,郵資-決算數,非收支,2326.0,3023.0,-697.0,-0.23056566324842873,3591.25,1280.2117988832943,3015.6666666666665,-0.9883130284408055
N03,龍埔成長,110,附表三,雜支-執行率,非收支,54.0,,,,54.0,,54.0,
N03,龍埔成長,111,附表三,雜支-執行率,非收支,44.0,54.0,-10.0,-0.18518518518518517,49.0,7.0710678118654755,49.0,-0.7071067811865475
N03,龍埔成長,112,附表三,雜支-執行率,非收支,18.0,44.0,-26.0,-0.5909090909090909,38.666666666666664,18.583146486355137,38.666666666666664,-1.1121188051679716
N03,龍埔成長,113,附表三,雜支-執行率,非收支,17.0,18.0,-1.0,-0.05555555555555555,33.25,18.64358692240668,26.333333333333332,-0.8716133900429878
N03,龍埔成長,110,附表三,雜支-決算數,非收支,18301.0,,,,18301.0,,18301.0,
N03,龍埔成長,111,附表三,雜支-決算數,非收支,15014.0,18301.0,-3287.0,-0.17960767171192832,16657.5,2324.2599897601817,16657.5,-0.7071067811865476
N03,龍埔成長,112,附表三,雜支-決算數,非收支,5992.0,15014.0,-9022.0,-0.6009058212335154,13102.333333333334,6373.28191227513,13102.333333333334,-1.1156470765303228
N03,龍埔成長,113,附表三,雜支-決算數,非收支,5671.0,5992.0,-321.0,-0.05357142857142857,11244.5,6394.163510577439,8892.333333333334,-0.8716542814052424
N03,龍埔成長,111,附表三,電話費(含網路)-執行率,非收支,63.0,,,,63.0,,63.0,
N03,龍埔成長,111,附表三,電話費(含網路)-決算數,非收支,28310.0,,,,28310.0,,28310.0,
N03,龍埔成長,113,附表三,電話費（含 ADSL）-執行率,非收支,62.0,,,,62.0,,62.0,
N03,龍埔成長,113,附表三,電話費（含 ADSL）-決算數,非收支,27713.0,,,,27713.0,,27713.0,
N03,龍埔成長,112,附表三,電話費（含ADSL）-執行率,非收支,77.0,,,,77.0,,77.0,
N03,龍埔成長,112,附表三,電話費（含ADSL）-決算數,非收支,34814.0,,,,34814.0,,34814.0,
N03,龍埔成長,110,附表三,電話費（含網路）-執行率,非收支,59.0,,,,59.0,,59.0,
N03,龍埔成長,110,附表三,電話費（含網路）-決算數,非收支,26726.0,,,,26726.0,,26726.0,
N03,龍埔成長,110,附表三,電費-執行率,非收支,67.0,,,,67.0,,67.0,
N03,龍埔成長,111,附表三,電費-執行率,非收支,67.0,67.0,0.0,0.0,67.0,0.0,67.0,
N03,龍埔成長,112,附表三,電費-執行率,非收支,99.0,67.0,32.0,0.47761194029850745,77.66666666666667,18.475208614068023,77.66666666666667,1.1547005383792512
N03,龍埔成長,113,附表三,電費-執行率,非收支,110.0,99.0,11.0,0.1111111111111111,85.75,22.11146007541489,92.0,1.0967163596294074
N03,龍埔成長,110,附表三,電費-決算數,非收支,60735.0,,,,60735.0,,60735.0,
N03,龍埔成長,111,附表三,電費-決算數,非收支,59969.0,60735.0,-766.0,-0.012612167613402486,60352.0,541.6437943888955,60352.0,-0.7071067811865475
N03,龍埔成長,112,附表三,電費-決算數,非收支,89534.0,59969.0,29565.0,0.49300471910487087,70079.33333333333,16852.58823840817,70079.33333333333,1.1544023025690613
N03,龍埔成長,113,附表三,電費-決算數,非收支,98630.0,89534.0,9096.0,0.10159269104474278,77217.0,19827.3791006275,82711.0,1.0799712806884456
N03,龍埔成長,110,附表三,餐點費-執行率,非收支,86.0,,,,86.0,,86.0,
N03,龍埔成長,111,附表三,餐點費-執行率,非收支,91.0,86.0,5.0,0.05813953488372093,88.5,3.5355339059327378,88.5,0.7071067811865475
N03,龍埔成長,112,附表三,餐點費-執行率,非收支,99.0,91.0,8.0,0.08791208791208792,92.0,6.557438524302,92.0,1.0674899923282326
N03,龍埔成長,113,附表三,餐點費-執行率,非收支,93.0,99.0,-6.0,-0.06060606060606061,92.25,5.377421934967226,94.33333333333333,0.13947203865909233
N03,龍埔成長,110,附表三,餐點費-決算數,非收支,968874.0,,,,968874.0,,968874.0,
N03,龍埔成長,111,附表三,餐點費-決算數,非收支,1028851.0,968874.0,59977.0,0.06190381824674829,998862.5,42410.14341522556,998862.5,0.7071067811865476
N03,龍埔成長,112,附表三,餐點費-決算數,非收支,1117637.0,1028851.0,88786.0,0.08629626641758623,1038454.0,74844.97811476732,1038454.0,1.0579600929080473
N03,龍埔成長,113,附表三,餐點費-決算數,非收支,968984.0,1117637.0,-148653.0,-0.13300651284808931,1021086.5,70292.48934037454,1038490.6666666666,-0.7412242828349147
N03,龍埔成長,112,附表二,事務機器耗材-差異率,非收支,2.0,,,,2.0,,2.0,
N03,龍埔成長,113,附表二,事務機器耗材-差異率,非收支,5.0,2.0,3.0,1.5,3.5,2.1213203435596424,3.5,0.7071067811865476
N03,龍埔成長,112,附表二,事務機器耗材-決算數,非收支,58800.0,,,,58800.0,,58800.0,
N03,龍埔成長,113,附表二,事務機器耗材-決算數,非收支,56769.0,58800.0,-2031.0,-0.03454081632653061,57784.5,1436.133872589878,57784.5,-0.7071067811865476
N03,龍埔成長,110,附表二,五日未上課退費-差異率,非收支,,,,,,,,
N03,龍埔成長,111,附表二,五日未上課退費-差異率,非收支,,,,,,,,
N03,龍埔成長,110,附表二,五日未上課退費-決算數,非收支,-96073.0,,,,-96073.0,,-96073.0,
N03,龍埔成長,111,附表二,五日未上課退費-決算數,非收支,-71202.0,-96073.0,24871.0,0.25887606299376514,-83637.5,17586.452754890623,-83637.5,0.7071067811865476
N03,龍埔成長,110,附表二,人事費-差異率,非收支,91.0,,,,91.0,,91.0,
N03,龍埔成長,111,附表二,人事費-差異率,非收支,83.0,91.0,-8.0,-0.08791208791208792,87.0,5.656854249492381,87.0,-0.7071067811865475
N03,龍埔成長,112,附表二,人事費-差異率,非收支,37.0,83.0,-46.0,-0.5542168674698795,70.33333333333333,29.143323992525858,70.33333333333333,-1.1437725271791936
N03,龍埔成長,112,附表二,人事費-差異率,非收支,35.0,83.0,-48.0,-0.5783132530120482,61.5,29.636688973860313,51.666666666666664,-0.8941619633479676
N03,龍埔成長,113,附表二,人事費-差異率,非收支,9.0,37.0,-28.0,-0.7567567567567568,51.0,34.785054261852174,27.0,-1.2074151066097447
N03,龍埔成長,113,附表二,人事費-差異率,非收支,9.0,35.0,-26.0,-0.7428571428571429,44.0,35.52463933666322,17.666666666666668,-0.9852316773242574
N03,龍埔成長,113,附表二,人事費-差異率,非收支,5.0,37.0,-32.0,-0.8648648648648649,38.42857142857143,35.62235788030294,7.666666666666667,-0.9384154620223906
N03,龍埔成長,113,附表二,人事費-差異率,非收支,5.0,35.0,-30.0,-0.8571428571428571,34.25,35.033657286345985,6.333333333333333,-0.8349114042227014
N03,龍埔成長,110,附表二,人事費-決算數,非收支,7235004.0,,,,7235004.0,,7235004.0,
N03,龍埔成長,111,附表二,人事費-決算數,非收支,6737493.0,7235004.0,-497511.0,-0.06876444021316366,6986248.5,351793.40181490046,6986248.5,-0.7071067811865475
N03,龍埔成長,112,附表二,人事費-決算數,非收支,5280926.0,6737493.0,-1456567.0,-0.21618827655924838,6417807.666666667,1015506.8890865948,6417807.666666667,-1.1195213729069269
N03,龍埔成長,112,附表二,人事費-決算數,非收支,4956349.0,6737493.0,-1781144.0,-0.26436302048848137,6052443.0,1105200.518661056,5658256.0,-0.9917603018571793
N03,龍埔成長,113,附表二,人事費-決算數,非收支,8710840.0,5280926.0,3429914.0,0.6494910172950729,6584122.4,1526275.2247737953,6316038.333333333,1.3934037357614804
N03,龍埔成長,113,附表二,人事費-決算數,非收支,8710840.0,4956349.0,3754491.0,0.7575114262534781,6938575.333333333,1617848.615012624,7459343.0,1.0954453032386087
N03,龍埔成長,113,附表二,人事費-決算數,非收支,8311337.0,5280926.0,3030411.0,0.5738408377621652,7134684.142857143,1565377.1985664696,8577672.333333334,0.7516736913124864
N03,龍埔成長,113,附表二,人事費-決算數,非收支,8311337.0,4956349.0,3354988.0,0.6769071346670704,7281765.75,1507783.7376046574,8444504.666666666,0.6828374814783649
N03,龍埔成長,110,附表二,代課費及廚工代班費-差異率,非收支,5.0,,,,5.0,,5.0,
N03,龍埔成長,111,附表二,代課費及廚工代班費-差異率,非收支,53.0,5.0,48.0,9.6,29.0,33.94112549695428,29.0,0.7071067811865476
N03,龍埔成長,110,附表二,代課費及廚工代班費-決算數,非收支,5074.0,,,,5074.0,,5074.0,
N03,龍埔成長,111,附表二,代課費及廚工代班費-決算數,非收支,54215.0,5074.0,49141.0,9.684864012613323,29644.5,34747.93433428813,29644.5,0.7071067811865475
N03,龍埔成長,112,附表二,保全-差異率,非收支,,,,,,,,
N03,龍埔成長,113,附表二,保全-差異率,非收支,,,,,,,,
N03,龍埔成長,112,附表二,保全-決算數,非收支,60000.0,,,,60000.0,,60000.0,
N03,龍埔成長,113,附表二,保全-決算數,非收支,60000.0,60000.0,0.0,0.0,60000.0,0.0,60000.0,
N03,龍埔成長,110,附表二,保險費-差異率,非收支,100.0,,,,100.0,,100.0,
N03,龍埔成長,111,附表二,保險費-差異率,非收支,93.0,100.0,-7.0,-0.07,96.5,4.949747468305833,96.5,-0.7071067811865476
N03,龍埔成長,110,附表二,保險費-決算數,非收支,11957.0,,,,11957.0,,11957.0,
N03,龍埔成長,111,附表二,保險費-決算數,非收支,11153.0,11957.0,-804.0,-0.06724094672576733,11555.0,568.5138520739843,11555.0,-0.7071067811865475
N03,龍埔成長,112,附表二,修繕購置費-差異率,非收支,16.0,,,,16.0,,16.0,
N03,龍埔成長,113,附表二,修繕購置費-差異率,非收支,9.0,16.0,-7.0,-0.4375,12.5,4.949747468305833,12.5,-0.7071067811865476
N03,龍埔成長,112,附表二,修繕購置費-決算數,非收支,105781.0,,,,105781.0,,105781.0,
N03,龍埔成長,113,附表二,修繕購置費-決算數,非收支,91690.0,105781.0,-14091.0,-0.13320917745152722,98735.5,9963.841653699641,98735.5,-0.7071067811865476
N03,龍埔成長,110,附表二,健康檢查-差異率,非收支,103.0,,,,103.0,,103.0,
N03,龍埔成長,111,附表二,健康檢查-差異率,非收支,61.0,103.0,-42.0,-0.4077669902912621,82.0,29.698484809834994,82.0,-0.7071067811865476
N03,龍埔成長,110,附表二,健康檢查-決算數,非收支,4100.0,,,,4100.0,,4100.0,
N03,龍埔成長,111,附表二,健康檢查-決算數,非收支,4900.0,4100.0,800.0,0.1951219512195122,4500.0,565.685424949238,4500.0,0.7071067811865475
N03,龍埔成長,110,附表二,其他收入-差異率,非收支,,,,,,,,
N03,龍埔成長,111,附表二,其他收入-差異率,非收支,,,,,,,,
N03,龍埔成長,110,附表二,其他收入-決算數,非收支,1675731.0,,,,1675731.0,,1675731.0,
N03,龍埔成長,111,附表二,其他收入-決算數,非收支,1853498.0,1675731.0,177767.0,0.10608325560606088,1764614.5,125700.251171189,1764614.5,0.7071067811865475
N03,龍埔成長,110,附表二,利息收入-差異率,非收支,,,,,,,,
N03,龍埔成長,111,附表二,利息收入-差異率,非收支,,,,,,,,
N03,龍埔成長,110,附表二,利息收入-決算數,非收支,1917.0,,,,1917.0,,1917.0,
N03,龍埔成長,111,附表二,利息收入-決算數,非收支,29028.0,1917.0,27111.0,14.142410015649451,15472.5,19170.37194474849,15472.5,0.7071067811865475
N03,龍埔成長,110,附表二,加班費-差異率,非收支,32.0,,,,32.0,,32.0,
N03,龍埔成長,111,附表二,加班費-差異率,非收支,33.0,32.0,1.0,0.03125,32.5,0.7071067811865476,32.5,0.7071067811865475
N03,龍埔成長,112,附表二,加班費-差異率,非收支,57.0,33.0,24.0,0.7272727272727273,40.666666666666664,14.153915830374764,40.666666666666664,1.1539798264365448
N03,龍埔成長,113,附表二,加班費-差異率,非收支,52.0,57.0,-5.0,-0.08771929824561403,43.5,12.871156384205216,47.333333333333336,0.66039132353568
N03,龍埔成長,110,附表二,加班費-決算數,非收支,196409.0,,,,196409.0,,196409.0,
N03,龍埔成長,111,附表二,加班費-決算數,非收支,206210.0,196409.0,9801.0,0.04990097195138716,201309.5,6930.353562409352,201309.5,0.7071067811865476
N03,龍埔成長,112,附表二,加班費-決算數,非收支,276835.0,206210.0,70625.0,0.34249066485621454,226484.66666666666,43879.17444908614,226484.66666666666,1.147476769230374
N03,龍埔成長,113,附表二,加班費-決算數,非收支,346009.0,276835.0,69174.0,0.24987447396463597,256365.75,69678.5801490195,276351.3333333333,1.286525210592447
N03,龍埔成長,110,附表二,勞、健保費-差異率,非收支,103.0,,,,103.0,,103.0,
N03,龍埔成長,111,附表二,勞、健保費-差異率,非收支,91.0,103.0,-12.0,-0.11650485436893204,97.0,8.48528137423857,97.0,-0.7071067811865476
N03,龍埔成長,110,附表二,勞、健保費-決算數,非收支,714734.0,,,,714734.0,,714734.0,
N03,龍埔成長,111,附表二,勞、健保費-決算數,非收支,646035.0,714734.0,-68699.0,-0.09611827616987578,680384.5,48577.528760734625,680384.5,-0.7071067811865476
N03,龍埔成長,110,附表二,勞退金提撥-差異率,非收支,96.0,,,,96.0,,96.0,
N03,龍埔成長,111,附表二,勞退金提撥-差異率,非收支,90.0,96.0,-6.0,-0.0625,93.0,4.242640687119285,93.0,-0.7071067811865476
N03,龍埔成長,110,附表二,勞退金提撥-決算數,非收支,324815.0,,,,324815.0,,324815.0,
N03,龍埔成長,111,附表二,勞退金提撥-決算數,非收支,307703.0,324815.0,-17112.0,-0.05268229607622801,316259.0,12100.011239664202,316259.0,-0.7071067811865475
N03,龍埔成長,112,附表二,合計-差異率,非收支,30.0,,,,30.0,,30.0,
N03,龍埔成長,113,附表二,合計-差異率,非收支,9.0,30.0,-21.0,-0.7,19.5,14.849242404917497,19.5,-0.7071067811865476
N03,龍埔成長,112,附表二,合計-決算數,非收支,7447788.0,,,,7447788.0,,7447788.0,
N03,龍埔成長,113,附表二,合計-決算數,非收支,10770720.0,7447788.0,3322932.0,0.44616361260551457,9109254.0,2349667.7506217766,9109254.0,0.7071067811865476
N03,龍埔成長,112,附表二,園務特支-差異率,非收支,2.0,,,,2.0,,2.0,
N03,龍埔成長,113,附表二,園務特支-差異率,非收支,1.0,2.0,-1.0,-0.5,1.5,0.7071067811865476,1.5,-0.7071067811865475
N03,龍埔成長,112,附表二,園務特支-決算數,非收支,38336.0,,,,38336.0,,38336.0,
N03,龍埔成長,113,附表二,園務特支-決算數,非收支,38552.0,38336.0,216.0,0.005634390651085142,38444.0,152.73506473629428,38444.0,0.7071067811865475
N03,龍埔成長,110,附表二,園長及教保服務人員薪資(含職務加給)-差異率,非收支,96.0,,,,96.0,,96.0,
N03,龍埔成長,111,附表二,園長及教保服務人員薪資(含職務加給)-差異率,非收支,83.0,96.0,-13.0,-0.13541666666666666,89.5,9.192388155425117,89.5,-0.7071067811865476
N03,龍埔成長,110,附表二,園長及教保服務人員薪資(含職務加給)-決算數,非收支,4250308.0,,,,4250308.0,,4250308.0,
N03,龍埔成長,111,附表二,園長及教保服務人員薪資(含職務加給)-決算數,非收支,3755052.0,4250308.0,-495256.0,-0.11652237908405697,4002680.0,350198.8760233248,4002680.0,-0.7071067811865475
N03,龍埔成長,110,附表二,學前特教師、社工人員、護理人員薪資-差異率,非收支,100.0,,,,100.0,,100.0,
N03,龍埔成長,111,附表二,學前特教師、社工人員、護理人員薪資-差異率,非收支,99.0,100.0,-1.0,-0.01,99.5,0.7071067811865476,99.5,-0.7071067811865475
N03,龍埔成長,110,附表二,學前特教師、社工人員、護理人員薪資-決算數,非收支,538862.0,,,,538862.0,,538862.0,
N03,龍埔成長,111,附表二,學前特教師、社工人員、護理人員薪資-決算數,非收支,546686.0,538862.0,7824.0,0.014519487364111777,542774.0,5532.403456003548,542774.0,0.7071067811865475
N03,龍埔成長,112,附表二,差旅費-差異率,非收支,,,,,,,,
N03,龍埔成長,113,附表二,差旅費-差異率,非收支,,,,,,,,
N03,龍埔成長,112,附表二,差旅費-決算數,非收支,,,,,,,,
N03,龍埔成長,113,附表二,差旅費-決算數,非收支,,,,,,,,
N03,龍埔成長,111,附表二,延後托育入退費-差異率,非收支,,,,,,,,
N03,龍埔成長,111,附表二,延後托育入退費-決算數,非收支,-6600.0,,,,-6600.0,,-6600.0,
N03,龍埔成長,110,附表二,延後托育收入-差異率,非收支,,,,,,,,
N03,龍埔成長,111,附表二,延後托育收入-差異率,非收支,,,,,,,,
N03,龍埔成長,110,附表二,延後托育收入-決算數,非收支,336190.0,,,,336190.0,,336190.0,
N03,龍埔成長,111,附表二,延後托育收入-決算數,非收支,348990.0,336190.0,12800.0,0.03807370831970017,342590.0,9050.966799187809,342590.0,0.7071067811865475
N03,龍埔成長,110,附表二,延後托育收入淨額-差異率,非收支,,,,,,,,
N03,龍埔成長,110,附表二,延後托育收入淨額-差異率,非收支,,,,,,,,
N03,龍埔成長,111,附表二,延後托育收入淨額-差異率,非收支,,,,,,,,
N03,龍埔成長,111,附表二,延後托育收入淨額-差異率,非收支,,,,,,,,
N03,龍埔成長,111,附表二,延後托育收入淨額-差異率,非收支,,,,,,,,
N03,龍埔成長,111,附表二,延後托育收入淨額-差異率,非收支,,,,,,,,
N03,龍埔成長,110,附表二,延後托育收入淨額-決算數,非收支,289925.0,,,,289925.0,,289925.0,
N03,龍埔成長,110,附表二,延後托育收入淨額-決算數,非收支,289925.0,,,,289925.0,0.0,289925.0,
N03,龍埔成長,111,附表二,延後托育收入淨額-決算數,非收支,342390.0,289925.0,52465.0,0.18096059325687677,307413.3333333333,30290.681873033725,307413.3333333333,1.154700538379252
N03,龍埔成長,111,附表二,延後托育收入淨額-決算數,非收支,342390.0,289925.0,52465.0,0.18096059325687677,316157.5,30290.681873033725,324901.6666666667,0.8660254037844384
N03,龍埔成長,111,附表二,延後托育收入淨額-決算數,非收支,342390.0,289925.0,52465.0,0.18096059325687677,321404.0,28736.263979508545,342390.0,0.7302967433402213
N03,龍埔成長,111,附表二,延後托育收入淨額-決算數,非收支,342390.0,289925.0,52465.0,0.18096059325687677,324901.6666666667,27092.80950116962,342390.0,0.645497224367902
N03,龍埔成長,110,附表二,延後托育收入退費-差異率,非收支,,,,,,,,
N03,龍埔成長,110,附表二,延後托育收入退費-決算數,非收支,-46265.0,,,,-46265.0,,-46265.0,
N03,龍埔成長,112,附表二,攝影照片-差異率,非收支,45.0,,,,45.0,,45.0,
N03,龍埔成長,113,附表二,攝影照片-差異率,非收支,44.0,45.0,-1.0,-0.022222222222222223,44.5,0.7071067811865476,44.5,-0.7071067811865475
N03,龍埔成長,112,附表二,攝影照片-決算數,非收支,4993.0,,,,4993.0,,4993.0,
N03,龍埔成長,113,附表二,攝影照片-決算數,非收支,5000.0,4993.0,7.0,0.0014019627478469858,4996.5,4.949747468305833,4996.5,0.7071067811865476
N03,龍埔成長,110,附表二,支出-差異率,非收支,108.0,,,,108.0,,108.0,
N03,龍埔成長,111,附表二,支出-差異率,非收支,113.0,108.0,5.0,0.046296296296296294,110.5,3.5355339059327378,110.5,0.7071067811865475
N03,龍埔成長,110,附表二,支出-決算數,非收支,11188278.0,,,,11188278.0,,11188278.0,
N03,龍埔成長,111,附表二,支出-決算數,非收支,11864854.0,11188278.0,676576.0,0.06047186171098001,11526566.0,478411.47758806957,11526566.0,0.7071067811865476
N03,龍埔成長,110,附表二,收入-差異率,非收支,115.0,,,,115.0,,115.0,
N03,龍埔成長,111,附表二,收入-差異率,非收支,117.0,115.0,2.0,0.017391304347826087,116.0,1.4142135623730951,116.0,0.7071067811865475
N03,龍埔成長,110,附表二,收入-決算數,非收支,11955951.0,,,,11955951.0,,11955951.0,
N03,龍埔成長,111,附表二,收入-決算數,非收支,12215954.0,11955951.0,260003.0,0.02174674352546276,12085952.5,183849.88442884592,12085952.5,0.7071067811865475
N03,龍埔成長,110,附表二,政府學費差額補助退費-差異率,非收支,,,,,,,,
N03,龍埔成長,111,附表二,政府學費差額補助退費-差異率,非收支,,,,,,,,
N03,龍埔成長,110,附表二,政府學費差額補助退費-決算數,非收支,,,,,,,,
N03,龍埔成長,111,附表二,政府學費差額補助退費-決算數,非收支,-14670.0,,,,-14670.0,,-14670.0,
N03,龍埔成長,112,附表二,教保材料費-差異率,非收支,22.0,,,,22.0,,22.0,
N03,龍埔成長,113,附表二,教保材料費-差異率,非收支,3.0,22.0,-19.0,-0.8636363636363636,12.5,13.435028842544403,12.5,-0.7071067811865475
N03,龍埔成長,112,附表二,教保材料費-決算數,非收支,168656.0,,,,168656.0,,168656.0,
N03,龍埔成長,113,附表二,教保材料費-決算數,非收支,166801.0,168656.0,-1855.0,-0.0109987192865952,167728.5,1311.6830791010457,167728.5,-0.7071067811865475
N03,龍埔成長,110,附表二,教保費收入(家長繳費)-差異率,非收支,79.0,,,,79.0,,79.0,
N03,龍埔成長,111,附表二,教保費收入(家長繳費)-差異率,非收支,66.0,79.0,-13.0,-0.16455696202531644,72.5,9.192388155425117,72.5,-0.7071067811865476
N03,龍埔成長,110,附表二,教保費收入(家長繳費)-決算數,非收支,2140982.0,,,,2140982.0,,2140982.0,
N03,龍埔成長,111,附表二,教保費收入(家長繳費)-決算數,非收支,1423575.0,2140982.0,-717407.0,-0.3350831534314628,1782278.5,507283.3545706975,1782278.5,-0.7071067811865475
N03,龍埔成長,110,附表二,教保費收入(政府學費差額補助)-差異率,非收支,103.0,,,,103.0,,103.0,
N03,龍埔成長,111,附表二,教保費收入(政府學費差額補助)-差異率,非收支,105.0,103.0,2.0,0.019417475728155338,104.0,1.4142135623730951,104.0,0.7071067811865475
N03,龍埔成長,110,附表二,教保費收入(政府學費差額補助)-決算數,非收支,7953219.0,,,,7953219.0,,7953219.0,
N03,龍埔成長,111,附表二,教保費收入(政府學費差額補助)-決算數,非收支,8657790.0,7953219.0,704571.0,0.08858941266423068,8305504.5,498206.93192738696,8305504.5,0.7071067811865476
N03,龍埔成長,110,附表二,教保費收入-差異率,非收支,97.0,,,,97.0,,97.0,
N03,龍埔成長,111,附表二,教保費收入-差異率,非收支,97.0,97.0,0.0,0.0,97.0,0.0,97.0,
N03,龍埔成長,110,附表二,教保費收入-決算數,非收支,10094201.0,,,,10094201.0,,10094201.0,
N03,龍埔成長,111,附表二,教保費收入-決算數,非收支,10081365.0,10094201.0,-12836.0,-0.0012716212011232985,10087783.0,9076.422643310523,10087783.0,-0.7071067811865476
N03,龍埔成長,110,附表二,教保費收入淨額-差異率,非收支,96.0,,,,96.0,,96.0,
N03,龍埔成長,111,附表二,教保費收入淨額-差異率,非收支,96.0,96.0,0.0,0.0,96.0,0.0,96.0,
N03,龍埔成長,110,附表二,教保費收入淨額-決算數,非收支,9988378.0,,,,9988378.0,,9988378.0,
N03,龍埔成長,111,附表二,教保費收入淨額-決算數,非收支,9991038.0,9988378.0,2660.0,0.0002663095049066025,9989708.0,1880.9040379562164,9989708.0,0.7071067811865476
N03,龍埔成長,110,附表二,教保費收入減項-差異率,非收支,,,,,,,,
N03,龍埔成長,111,附表二,教保費收入減項-差異率,非收支,,,,,,,,
N03,龍埔成長,110,附表二,教保費收入減項-決算數,非收支,-105823.0,,,,-105823.0,,-105823.0,
N03,龍埔成長,111,附表二,教保費收入減項-決算數,非收支,-90327.0,-105823.0,15496.0,0.14643319505211533,-98075.0,10957.32668126674,-98075.0,0.7071067811865475
N03,龍埔成長,112,附表二,文宣費（一般文宣）-差異率,非收支,78.0,,,,78.0,,78.0,
N03,龍埔成長,113,附表二,文宣費（一般文宣）-差異率,非收支,17.0,78.0,-61.0,-0.782051282051282,47.5,43.1335136523794,47.5,-0.7071067811865476
N03,龍埔成長,112,附表二,文宣費（一般文宣）-決算數,非收支,2195.0,,,,2195.0,,2195.0,
N03,龍埔成長,113,附表二,文宣費（一般文宣）-決算數,非收支,8317.0,2195.0,6122.0,2.7890660592255125,5256.0,4328.907714424044,5256.0,0.7071067811865476
N03,龍埔成長,112,附表二,文宣費（園刊）-差異率,非收支,35.0,,,,35.0,,35.0,
N03,龍埔成長,113,附表二,文宣費（園刊）-差異率,非收支,65.0,35.0,30.0,0.8571428571428571,50.0,21.213203435596427,50.0,0.7071067811865475
N03,龍埔成長,112,附表二,文宣費（園刊）-決算數,非收支,17790.0,,,,17790.0,,17790.0,
N03,龍埔成長,113,附表二,文宣費（園刊）-決算數,非收支,9722.0,17790.0,-8068.0,-0.453513209668353,13756.0,5704.937510613066,13756.0,-0.7071067811865475
N03,龍埔成長,112,附表二,日常消耗用品-差異率,非收支,7.0,,,,7.0,,7.0,
N03,龍埔成長,113,附表二,日常消耗用品-差異率,非收支,1.0,7.0,-6.0,-0.8571428571428571,4.0,4.242640687119285,4.0,-0.7071067811865476
N03,龍埔成長,112,附表二,日常消耗用品-決算數,非收支,57773.0,,,,57773.0,,57773.0,
N03,龍埔成長,113,附表二,日常消耗用品-決算數,非收支,42561.0,57773.0,-15212.0,-0.2633063887975352,50167.0,10756.50835540976,50167.0,-0.7071067811865476
N03,龍埔成長,110,附表二,會計、總務、廚工、清潔薪資-差異率,非收支,95.0,,,,95.0,,95.0,
N03,龍埔成長,111,附表二,會計、總務、廚工、清潔薪資-差異率,非收支,95.0,95.0,0.0,0.0,95.0,0.0,95.0,
N03,龍埔成長,110,附表二,會計、總務、廚工、清潔薪資-決算數,非收支,1131063.0,,,,1131063.0,,1131063.0,
N03,龍埔成長,111,附表二,會計、總務、廚工、清潔薪資-決算數,非收支,1146827.0,1131063.0,15764.0,0.013937331519110783,1138945.0,11146.831298624735,1138945.0,0.7071067811865476
N03,龍埔成長,112,附表二,材料費-差異率,非收支,4.0,,,,4.0,,4.0,
N03,龍埔成長,113,附表二,材料費-差異率,非收支,6.0,4.0,2.0,0.5,5.0,1.4142135623730951,5.0,0.7071067811865475
N03,龍埔成長,112,附表二,材料費-決算數,非收支,1350447.0,,,,1350447.0,,1350447.0,
N03,龍埔成長,113,附表二,材料費-決算數,非收支,1183148.0,1350447.0,-167299.0,-0.12388416576141086,1266797.5,118298.25738572821,1266797.5,-0.7071067811865476
N03,龍埔成長,110,附表二,業務費-差異率,非收支,73.0,,,,73.0,,73.0,
N03,龍埔成長,111,附表二,業務費-差異率,非收支,75.0,73.0,2.0,0.0273972602739726,74.0,1.4142135623730951,74.0,0.7071067811865475
N03,龍埔成長,112,附表二,業務費-差異率,非收支,15.0,75.0,-60.0,-0.8,54.333333333333336,34.07834111768548,54.333333333333336,-1.1542032869939403
N03,龍埔成長,113,附表二,業務費-差異率,非收支,11.0,15.0,-4.0,-0.26666666666666666,43.5,35.26565846069894,33.666666666666664,-0.9215764406105995
N03,龍埔成長,110,附表二,業務費-決算數,非收支,413394.0,,,,413394.0,,413394.0,
N03,龍埔成長,111,附表二,業務費-決算數,非收支,419663.0,413394.0,6269.0,0.015164709695834966,416528.5,4432.852411258466,416528.5,0.7071067811865476
N03,龍埔成長,112,附表二,業務費-決算數,非收支,480975.0,419663.0,61312.0,0.1460981787767804,438010.6666666667,37339.99925459738,438010.6666666667,1.1506249113822211
N03,龍埔成長,113,附表二,業務費-決算數,非收支,498463.0,480975.0,17488.0,0.03635947814335464,453123.75,42931.78520533087,466367.0,1.0560765126154175
N03,龍埔成長,112,附表二,水費-差異率,非收支,1.0,,,,1.0,,1.0,
N03,龍埔成長,113,附表二,水費-差異率,非收支,57.0,1.0,56.0,56.0,29.0,39.59797974644666,29.0,0.7071067811865476
N03,龍埔成長,112,附表二,水費-決算數,非收支,25726.0,,,,25726.0,,25726.0,
N03,龍埔成長,113,附表二,水費-決算數,非收支,40857.0,25726.0,15131.0,0.5881598382958875,33291.5,10699.232706133651,33291.5,0.7071067811865475
N03,龍埔成長,110,附表二,活動費-差異率,非收支,88.0,,,,88.0,,88.0,
N03,龍埔成長,111,附表二,活動費-差異率,非收支,99.0,88.0,11.0,0.125,93.5,7.7781745930520225,93.5,0.7071067811865476
N03,龍埔成長,112,附表二,活動費-差異率,非收支,3.0,99.0,-96.0,-0.9696969696969697,63.333333333333336,52.53887449625594,63.333333333333336,-1.1483560299266184
N03,龍埔成長,113,附表二,活動費-差異率,非收支,1.0,3.0,-2.0,-0.6666666666666666,47.75,53.02436546846491,34.333333333333336,-0.8816701451675749
N03,龍埔成長,110,附表二,活動費-決算數,非收支,83657.0,,,,83657.0,,83657.0,
N03,龍埔成長,111,附表二,活動費-決算數,非收支,93741.0,83657.0,10084.0,0.12053982332620103,88699.0,7130.464781485145,88699.0,0.7071067811865476
N03,龍埔成長,112,附表二,活動費-決算數,非收支,91946.0,93741.0,-1795.0,-0.019148504923139287,89781.33333333333,5379.228600211497,89781.33333333333,0.4024120980063131
N03,龍埔成長,113,附表二,活動費-決算數,非收支,94200.0,91946.0,2254.0,0.024514388880429817,90886.0,4916.491364106454,93295.66666666667,0.674057931677523
N03,龍埔成長,112,附表二,瓦斯費-差異率,非收支,42.0,,,,42.0,,42.0,
N03,龍埔成長,113,附表二,瓦斯費-差異率,非收支,39.0,42.0,-3.0,-0.07142857142857142,40.5,2.1213203435596424,40.5,-0.7071067811865476
N03,龍埔成長,112,附表二,瓦斯費-決算數,非收支,18676.0,,,,18676.0,,18676.0,
N03,龍埔成長,113,附表二,瓦斯費-決算數,非收支,19659.0,18676.0,983.0,0.0526343970871707,19167.5,695.0859659063763,19167.5,0.7071067811865475
N03,龍埔成長,111,附表二,研習、進修-差異率,非收支,95.0,,,,95.0,,95.0,
N03,龍埔成長,112,附表二,研習、進修-差異率,非收支,,95.0,,,95.0,,95.0,
N03,龍埔成長,113,附表二,研習、進修-差異率,非收支,1.0,,,,48.0,66.46803743153546,48.0,-0.7071067811865476
N03,龍埔成長,111,附表二,研習、進修-決算數,非收支,22700.0,,,,22700.0,,22700.0,
N03,龍埔成長,112,附表二,研習、進修-決算數,非收支,24000.0,22700.0,1300.0,0.05726872246696035,23350.0,919.2388155425118,23350.0,0.7071067811865475
N03,龍埔成長,113,附表二,研習、進修-決算數,非收支,23666.0,24000.0,-334.0,-0.013916666666666667,23455.333333333332,675.11875498562,23455.333333333332,0.312043866521165
N03,龍埔成長,112,附表二,維護費-差異率,非收支,10.0,,,,10.0,,10.0,
N03,龍埔成長,113,附表二,維護費-差異率,非收支,16.0,10.0,6.0,0.6,13.0,4.242640687119285,13.0,0.7071067811865476
N03,龍埔成長,112,附表二,維護費-決算數,非收支,105827.0,,,,105827.0,,105827.0,
N03,龍埔成長,113,附表二,維護費-決算數,非收支,98854.0,105827.0,-6973.0,-0.06589055723019645,102340.5,4930.655585213796,102340.5,-0.7071067811865475
N03,龍埔成長,110,附表二,自強活動-差異率,非收支,100.0,,,,100.0,,100.0,
N03,龍埔成長,111,附表二,自強活動-差異率,非收支,100.0,100.0,0.0,0.0,100.0,0.0,100.0,
N03,龍埔成長,110,附表二,自強活動-決算數,非收支,12000.0,,,,12000.0,,12000.0,
N03,龍埔成長,111,附表二,自強活動-決算數,非收支,12000.0,12000.0,0.0,0.0,12000.0,0.0,12000.0,
N03,龍埔成長,112,附表二,藥品費-差異率,非收支,1.0,,,,1.0,,1.0,
N03,龍埔成長,113,附表二,藥品費-差異率,非收支,5.0,1.0,4.0,4.0,3.0,2.8284271247461903,3.0,0.7071067811865475
N03,龍埔成長,112,附表二,藥品費-決算數,非收支,6381.0,,,,6381.0,,6381.0,
N03,龍埔成長,113,附表二,藥品費-決算數,非收支,4802.0,6381.0,-1579.0,-0.2474533772136029,5591.5,1116.5216074935586,5591.5,-0.7071067811865475
N03,龍埔成長,112,附表二,行政管理費-差異率,非收支,,,,,,,,
N03,龍埔成長,113,附表二,行政管理費-差異率,非收支,,,,,,,,
N03,龍埔成長,112,附表二,行政管理費-決算數,非收支,117840.0,,,,117840.0,,117840.0,
N03,龍埔成長,113,附表二,行政管理費-決算數,非收支,182054.0,117840.0,64214.0,0.5449253224711473,149947.0,45406.154847112964,149947.0,0.7071067811865475
N03,龍埔成長,110,附表二,資遣費-差異率,非收支,100.0,,,,100.0,,100.0,
N03,龍埔成長,111,附表二,資遣費-差異率,非收支,100.0,100.0,0.0,0.0,100.0,0.0,100.0,
N03,龍埔成長,112,附表二,資遣費-差異率,非收支,,100.0,,,100.0,0.0,100.0,
N03,龍埔成長,113,附表二,資遣費-差異率,非收支,,,,,100.0,0.0,100.0,
N03,龍埔成長,110,附表二,資遣費-決算數,非收支,45682.0,,,,45682.0,,45682.0,
N03,龍埔成長,111,附表二,資遣費-決算數,非收支,46712.0,45682.0,1030.0,0.022547173941596253,46197.0,728.3199846221439,46197.0,0.7071067811865476
N03,龍埔成長,112,附表二,資遣費-決算數,非收支,47742.0,46712.0,1030.0,0.02205000856311012,46712.0,1030.0,46712.0,1.0
N03,龍埔成長,113,附表二,資遣費-決算數,非收支,53494.0,47742.0,5752.0,0.12048091826902936,48407.5,3493.729764401744,49316.0,1.4558939422926425
N03,龍埔成長,110,附表二,轉學/轉出退費-差異率,非收支,,,,,,,,
N03,龍埔成長,111,附表二,轉學/轉出退費-差異率,非收支,,,,,,,,
N03,龍埔成長,110,附表二,轉學/轉出退費-決算數,非收支,-9750.0,,,,-9750.0,,-9750.0,
N03,龍埔成長,111,附表二,轉學/轉出退費-決算數,非收支,-4455.0,-9750.0,5295.0,0.5430769230769231,-7102.5,3744.1304063827693,-7102.5,0.7071067811865475
N03,龍埔成長,112,附表二,辦公文具-差異率,非收支,38.0,,,,38.0,,38.0,
N03,龍埔成長,113,附表二,辦公文具-差異率,非收支,27.0,38.0,-11.0,-0.2894736842105263,32.5,7.7781745930520225,32.5,-0.7071067811865476
N03,龍埔成長,112,附表二,辦公文具-決算數,非收支,11142.0,,,,11142.0,,11142.0,
N03,龍埔成長,113,附表二,辦公文具-決算數,非收支,13052.0,11142.0,1910.0,0.17142344282893557,12097.0,1350.5739520663058,12097.0,0.7071067811865476
N03,龍埔成長,112,附表二,郵資-差異率,非收支,58.0,,,,58.0,,58.0,
N03,龍埔成長,113,附表二,郵資-差異率,非收支,68.0,58.0,10.0,0.1724137931034483,63.0,7.0710678118654755,63.0,0.7071067811865475
N03,龍埔成長,112,附表二,郵資-決算數,非收支,3023.0,,,,3023.0,,3023.0,
N03,龍埔成長,113,附表二,郵資-決算數,非收支,2326.0,3023.0,-697.0,-0.23056566324842873,2674.5,492.8534264870236,2674.5,-0.7071067811865476
N03,龍埔成長,112,附表二,雜支-差異率,非收支,82.0,,,,82.0,,82.0,
N03,龍埔成長,113,附表二,雜支-差異率,非收支,83.0,82.0,1.0,0.012195121951219513,82.5,0.7071067811865476,82.5,0.7071067811865475
N03,龍埔成長,112,附表二,雜支-決算數,非收支,5992.0,,,,5992.0,,5992.0,
N03,龍埔成長,113,附表二,雜支-決算數,非收支,5671.0,5992.0,-321.0,-0.05357142857142857,5831.5,226.98127676088177,5831.5,-0.7071067811865475
N03,龍埔成長,113,附表二,電話費（含 ADSL）-差異率,非收支,38.0,,,,38.0,,38.0,
N03,龍埔成長,113,附表二,電話費（含 ADSL）-決算數,非收支,27713.0,,,,27713.0,,27713.0,
N03,龍埔成長,112,附表二,電話費（含ADSL）-差異率,非收支,23.0,,,,23.0,,23.0,
N03,龍埔成長,112,附表二,電話費（含ADSL）-決算數,非收支,34814.0,,,,34814.0,,34814.0,
N03,龍埔成長,112,附表二,電費-差異率,非收支,1.0,,,,1.0,,1.0,
N03,龍埔成長,113,附表二,電費-差異率,非收支,10.0,1.0,9.0,9.0,5.5,6.363961030678928,5.5,0.7071067811865476
N03,龍埔成長,112,附表二,電費-決算數,非收支,89534.0,,,,89534.0,,89534.0,
N03,龍埔成長,113,附表二,電費-決算數,非收支,98630.0,89534.0,9096.0,0.10159269104474278,94082.0,6431.843281672836,94082.0,0.7071067811865475
N03,龍埔成長,112,附表二,餐點費-差異率,非收支,1.0,,,,1.0,,1.0,
N03,龍埔成長,113,附表二,餐點費-差異率,非收支,7.0,1.0,6.0,6.0,4.0,4.242640687119285,4.0,0.7071067811865476
N03,龍埔成長,112,附表二,餐點費-決算數,非收支,1117637.0,,,,1117637.0,,1117637.0,
N03,龍埔成長,113,附表二,餐點費-決算數,非收支,968984.0,1117637.0,-148653.0,-0.13300651284808931,1043310.5,105113.54434372384,1043310.5,-0.7071067811865476
N03,龍埔成長,110,附表四,帳面價值總額,非收支,41818.0,,,,41818.0,,41818.0,
N03,龍埔成長,111,附表四,帳面價值總額,非收支,47861.0,41818.0,6043.0,0.14450715003108708,44839.5,4273.046278710307,44839.5,0.7071067811865475
N03,龍埔成長,112,附表四,帳面價值總額,非收支,112515.0,47861.0,64654.0,1.3508702283696539,67398.0,39189.12130936339,67398.0,1.151263373420426
N03,龍埔成長,113,附表四,帳面價值總額,非收支,144960.0,112515.0,32445.0,0.28836155179309425,86788.5,50277.47123381074,101778.66666666667,1.1570092642384262
N03,龍埔成長,110,附表四,財產筆數,非收支,38.0,,,,38.0,,38.0,
N03,龍埔成長,111,附表四,財產筆數,非收支,45.0,38.0,7.0,0.18421052631578946,41.5,4.949747468305833,41.5,0.7071067811865476
N03,龍埔成長,112,附表四,財產筆數,非收支,79.0,45.0,34.0,0.7555555555555555,54.0,21.93171219946131,54.0,1.139901881468883
N03,龍埔成長,113,附表四,財產筆數,非收支,85.0,79.0,6.0,0.0759493670886076,61.75,23.683679331275084,69.66666666666667,0.9816886842112241
N04,海工,109,收支餘絀表,人事費,收支,3719957.0,,,,3719957.0,,3719957.0,
N04,海工,110,收支餘絀表,人事費,收支,3798440.0,3719957.0,78483.0,0.02109782451786405,3759198.5,55495.86150786381,3759198.5,0.7071067811865475
N04,海工,111,收支餘絀表,人事費,收支,4018956.0,3798440.0,220516.0,0.058054359157970116,3845784.3333333335,155020.0468466363,3845784.3333333335,1.1170920806003102
N04,海工,112,收支餘絀表,人事費,收支,2899218.0,4018956.0,-1119738.0,-0.2786141475547381,3609142.75,489916.0803643654,3572204.6666666665,-1.4490741954663082
N04,海工,113,收支餘絀表,人事費,收支,5682706.0,2899218.0,2783488.0,0.9600823394446365,4023855.4,1019777.5417706551,4200293.333333333,1.6266788902996558
N04,海工,109,收支餘絀表,修繕購置費,收支,177849.0,,,,177849.0,,177849.0,
N04,海工,110,收支餘絀表,修繕購置費,收支,195741.0,177849.0,17892.0,0.1006021962451293,186795.0,12651.554528989709,186795.0,0.7071067811865475
N04,海工,111,收支餘絀表,修繕購置費,收支,166999.0,195741.0,-28742.0,-0.14683689160676608,180196.33333333334,14514.066326613414,180196.33333333334,-0.9092788358789796
N04,海工,112,收支餘絀表,修繕購置費,收支,143845.0,166999.0,-23154.0,-0.13864753681159767,171108.5,21697.77883409575,168861.66666666666,-1.2565111022865767
N04,海工,113,收支餘絀表,修繕購置費,收支,67200.0,143845.0,-76645.0,-0.5328304772498175,150326.8,50124.74916844971,126014.66666666667,-1.6583983237630433
N04,海工,109,收支餘絀表,其他支出,收支,174027.0,,,,174027.0,,174027.0,
N04,海工,110,收支餘絀表,其他支出,收支,765804.0,174027.0,591777.0,3.400489579203227,469915.5,418449.52965023153,469915.5,0.7071067811865476
N04,海工,111,收支餘絀表,其他支出,收支,1219083.0,765804.0,453279.0,0.591899493865271,719638.0,524055.3267079727,719638.0,0.9530386860819245
N04,海工,112,收支餘絀表,其他支出,收支,2593336.0,1219083.0,1374253.0,1.127284196400081,1188062.5,1029939.4994051835,1526074.3333333333,1.3644233479845966
N04,海工,113,收支餘絀表,其他支出,收支,,2593336.0,,,1188062.5,1029939.4994051835,1906209.5,
N04,海工,109,收支餘絀表,其他收入,收支,174050.0,,,,174050.0,,174050.0,
N04,海工,110,收支餘絀表,其他收入,收支,765804.0,174050.0,591754.0,3.3999080723929906,469927.0,418433.26619426423,469927.0,0.7071067811865476
N04,海工,111,收支餘絀表,其他收入,收支,1219083.0,765804.0,453279.0,0.591899493865271,719645.6666666666,524043.3537164013,719645.6666666666,0.9530458306386916
N04,海工,112,收支餘絀表,其他收入,收支,2593336.0,1219083.0,1374253.0,1.127284196400081,1188068.25,1029931.9511612972,1526074.3333333333,1.364427764781444
N04,海工,113,收支餘絀表,其他收入,收支,,2593336.0,,,1188068.25,1029931.9511612972,1906209.5,
N04,海工,109,收支餘絀表,利息收入,收支,8006.0,,,,8006.0,,8006.0,
N04,海工,110,收支餘絀表,利息收入,收支,11066.0,8006.0,3060.0,0.38221333999500373,9536.0,2163.7467504308356,9536.0,0.7071067811865475
N04,海工,111,收支餘絀表,利息收入,收支,32860.0,11066.0,21794.0,1.9694559913247787,17310.666666666668,13552.757111869647,17310.666666666668,1.1473188226560234
N04,海工,112,收支餘絀表,利息收入,收支,55146.0,32860.0,22286.0,0.6782105903834449,26769.5,21916.422966959428,33024.0,1.2947596440705493
N04,海工,113,收支餘絀表,利息收入,收支,,55146.0,,,26769.5,21916.422966959428,44003.0,
N04,海工,109,收支餘絀表,延後托育支出,收支,108304.0,,,,108304.0,,108304.0,
N04,海工,110,收支餘絀表,延後托育支出,收支,209704.0,108304.0,101400.0,0.93625350864234,159004.0,71700.62761231592,159004.0,0.7071067811865476
N04,海工,111,收支餘絀表,延後托育支出,收支,180909.0,209704.0,-28795.0,-0.13731259298821197,166305.66666666666,52253.54541400357,166305.66666666666,0.27947066974367935
N04,海工,109,收支餘絀表,延後托育收入淨額,收支,178409.0,,,,178409.0,,178409.0,
N04,海工,110,收支餘絀表,延後托育收入淨額,收支,223200.0,178409.0,44791.0,0.2510579623225286,200804.5,31672.01983612665,200804.5,0.7071067811865476
N04,海工,111,收支餘絀表,延後托育收入淨額,收支,332867.0,223200.0,109667.0,0.49133960573476704,244825.33333333334,79467.35003970707,244825.33333333334,1.1078973518391553
N04,海工,112,收支餘絀表,延長照顧服務支出,收支,159722.0,,,,159722.0,,159722.0,
N04,海工,113,收支餘絀表,延長照顧服務支出,收支,,159722.0,,,159722.0,,159722.0,
N04,海工,112,收支餘絀表,延長照顧服務收入淨額,收支,218400.0,,,,218400.0,,218400.0,
N04,海工,113,收支餘絀表,延長照顧服務收入淨額,收支,,218400.0,,,218400.0,,218400.0,
N04,海工,109,收支餘絀表,所得稅費用,收支,63106.0,,,,63106.0,,63106.0,
N04,海工,110,收支餘絀表,所得稅費用,收支,,63106.0,,,63106.0,,63106.0,
N04,海工,111,收支餘絀表,所得稅費用,收支,,,,,63106.0,,63106.0,
N04,海工,112,收支餘絀表,所得稅費用,收支,,,,,63106.0,,,
N04,海工,113,收支餘絀表,所得稅費用,收支,,,,,63106.0,,,
N04,海工,109,收支餘絀表,支出合計,收支,5983467.0,,,,5983467.0,,5983467.0,
N04,海工,110,收支餘絀表,支出合計,收支,6790138.0,5983467.0,806671.0,0.1348166539566442,6386802.5,570402.5342865335,6386802.5,0.7071067811865476
N04,海工,111,收支餘絀表,支出合計,收支,7679993.0,6790138.0,889855.0,0.13105109203966106,6817866.0,848602.8214995516,6817866.0,1.0159369945017978
N04,海工,112,收支餘絀表,支出合計,收支,8709004.0,7679993.0,1029011.0,0.13398592941425858,7290650.5,1172256.470600895,7726378.333333333,1.209934460223501
N04,海工,113,收支餘絀表,支出合計,收支,7398682.0,8709004.0,-1310322.0,-0.1504560108136361,7312256.8,1016352.8352140805,7929226.333333333,0.08503464250364975
N04,海工,109,收支餘絀表,收入合計,收支,6198132.0,,,,6198132.0,,6198132.0,
N04,海工,110,收支餘絀表,收入合計,收支,7163219.0,6198132.0,965087.0,0.1557061062913794,6680675.5,682419.5621349816,6680675.5,0.7071067811865475
N04,海工,111,收支餘絀表,收入合計,收支,7765295.0,7163219.0,602076.0,0.08405103906497903,7042215.333333333,790557.640309885,7042215.333333333,0.9146450932828024
N04,海工,112,收支餘絀表,收入合計,收支,9031229.0,7765295.0,1265934.0,0.163024585672534,7539468.75,1185621.3968414413,7986581.0,1.2582096223753458
N04,海工,113,收支餘絀表,收入合計,收支,7394688.0,9031229.0,-1636541.0,-0.18120911339973772,7510512.6,1028817.7028027367,8063737.333333333,-0.11258029453076741
N04,海工,109,收支餘絀表,教保費收入,收支,6228326.0,,,,6228326.0,,6228326.0,
N04,海工,110,收支餘絀表,教保費收入,收支,6210921.0,6228326.0,-17405.0,-0.0027944908471393437,6219623.5,12307.19352655186,6219623.5,-0.7071067811865475
N04,海工,111,收支餘絀表,教保費收入,收支,6214320.0,6210921.0,3399.0,0.0005472618312163365,6217855.666666667,9225.465317984463,6217855.666666667,-0.38325076782570716
N04,海工,112,收支餘絀表,教保費收入,收支,6202211.0,6214320.0,-12109.0,-0.001948563961945957,6213944.5,10859.483060133898,6209150.666666667,-1.0804842122802967
N04,海工,113,收支餘絀表,教保費收入,收支,7394688.0,6202211.0,1192477.0,0.19226643530831183,6450093.2,528128.2882384734,6603739.666666667,1.7885707337333034
N04,海工,109,收支餘絀表,教保費收入減項,收支,-390659.0,,,,-390659.0,,-390659.0,
N04,海工,110,收支餘絀表,教保費收入減項,收支,-47772.0,-390659.0,342887.0,0.8777143237452613,-219215.5,242457.72288071172,-219215.5,0.7071067811865476
N04,海工,111,收支餘絀表,教保費收入減項,收支,-33835.0,-47772.0,13937.0,0.2917399313405342,-157422.0,202109.3358036684,-157422.0,0.6114858549634441
N04,海工,112,收支餘絀表,教保費收入減項,收支,-37864.0,-33835.0,-4029.0,-0.11907787793704744,-127532.5,175515.38751251032,-39823.666666666664,0.510886830327675
N04,海工,113,收支餘絀表,教保費收入減項,收支,,-37864.0,,,-127532.5,175515.38751251032,-35849.5,
N04,海工,109,收支餘絀表,本期稅前餘絀,收支,214665.0,,,,214665.0,,214665.0,
N04,海工,110,收支餘絀表,本期稅前餘絀,收支,373081.0,214665.0,158416.0,0.7379684624880628,293873.0,112017.02784844811,293873.0,0.7071067811865476
N04,海工,111,收支餘絀表,本期稅前餘絀,收支,85302.0,373081.0,-287779.0,-0.7713579624799977,224349.33333333334,144133.71550172893,224349.33333333334,-0.9647106705694091
N04,海工,112,收支餘絀表,本期稅前餘絀,收支,322225.0,85302.0,236923.0,2.777461255304682,248818.25,127454.29309200743,260202.66666666666,0.5759456838931954
N04,海工,113,收支餘絀表,本期稅前餘絀,收支,-3994.0,322225.0,-326219.0,-1.0123950655597798,198255.8,158007.1339234403,134511.0,-1.2800042313152564
N04,海工,109,收支餘絀表,本期稅後餘絀,收支,151559.0,,,,151559.0,,151559.0,
N04,海工,110,收支餘絀表,本期稅後餘絀,收支,373081.0,151559.0,221522.0,1.4616222065334292,262320.0,156639.70838200639,262320.0,0.7071067811865475
N04,海工,111,收支餘絀表,本期稅後餘絀,收支,85302.0,373081.0,-287779.0,-0.7713579624799977,203314.0,150708.73640569084,203314.0,-0.7830468413080253
N04,海工,112,收支餘絀表,本期稅後餘絀,收支,322225.0,85302.0,236923.0,2.777461255304682,233041.75,136663.96245139634,260202.66666666666,0.6525732782826157
N04,海工,113,收支餘絀表,本期稅後餘絀,收支,,322225.0,,,233041.75,136663.96245139634,203763.5,
N04,海工,109,收支餘絀表,材料費,收支,834652.0,,,,834652.0,,834652.0,
N04,海工,110,收支餘絀表,材料費,收支,956833.0,834652.0,122181.0,0.14638555949066198,895742.5,86395.01363215357,895742.5,0.7071067811865475
N04,海工,111,收支餘絀表,材料費,收支,1040430.0,956833.0,83597.0,0.08736843315395686,943971.6666666666,103490.12871928092,943971.6666666666,0.9320534675821939
N04,海工,112,收支餘絀表,材料費,收支,1098507.0,1040430.0,58077.0,0.05582018972924656,982605.5,114500.78663630804,1031923.3333333334,1.0122332204418916
N04,海工,113,收支餘絀表,材料費,收支,838560.0,1098507.0,-259947.0,-0.23663663499640877,953796.4,118248.22966666352,992499.0,-0.9745296003572002
N04,海工,109,收支餘絀表,業務發展費,收支,448000.0,,,,448000.0,,448000.0,
N04,海工,110,收支餘絀表,業務發展費,收支,336000.0,448000.0,-112000.0,-0.25,392000.0,79195.95949289332,392000.0,-0.7071067811865476
N04,海工,111,收支餘絀表,業務發展費,收支,480000.0,336000.0,144000.0,0.42857142857142855,421333.3333333333,75613.05002004174,421333.3333333333,0.7758801774444583
N04,海工,112,收支餘絀表,業務發展費,收支,1300000.0,480000.0,820000.0,1.7083333333333333,641000.0,443650.012209324,705333.3333333334,1.4854051208479828
N04,海工,113,收支餘絀表,業務發展費,收支,,1300000.0,,,641000.0,443650.012209324,890000.0,
N04,海工,109,收支餘絀表,業務費,收支,318596.0,,,,318596.0,,318596.0,
N04,海工,110,收支餘絀表,業務費,收支,356834.0,318596.0,38238.0,0.12002033923840852,337715.0,27038.349099011204,337715.0,0.7071067811865476
N04,海工,111,收支餘絀表,業務費,收支,375935.0,356834.0,19101.0,0.053529091958725905,350455.0,29196.89985255284,350455.0,0.8726953933012223
N04,海工,112,收支餘絀表,業務費,收支,384913.0,375935.0,8978.0,0.02388178807506617,359069.5,29413.337365895764,372560.6666666667,0.8786320191589369
N04,海工,113,收支餘絀表,業務費,收支,546000.0,384913.0,161087.0,0.41850236287160997,396455.6,87392.56648765958,435616.0,1.711179863577032
N04,海工,109,收支餘絀表,維護費,收支,100460.0,,,,100460.0,,100460.0,
N04,海工,110,收支餘絀表,維護費,收支,70282.0,100460.0,-30178.0,-0.30039816842524386,85371.0,21339.068442647633,85371.0,-0.7071067811865475
N04,海工,111,收支餘絀表,維護費,收支,85436.0,70282.0,15154.0,0.21561708545573546,85392.66666666667,15089.046667478146,85392.66666666667,0.0028718403679356404
N04,海工,112,收支餘絀表,維護費,收支,33078.0,85436.0,-52358.0,-0.6128329977995225,72314.0,28913.531549547293,62932.0,-1.3570116792119893
N04,海工,113,收支餘絀表,維護費,收支,93000.0,33078.0,59922.0,1.8115363685833485,76451.2,26694.12574331664,70504.66666666667,0.619941636565614
N04,海工,109,收支餘絀表,行政管理費,收支,90012.0,,,,90012.0,,90012.0,
N04,海工,110,收支餘絀表,行政管理費,收支,90012.0,90012.0,0.0,0.0,90012.0,0.0,90012.0,
N04,海工,111,收支餘絀表,行政管理費,收支,90012.0,90012.0,0.0,0.0,90012.0,0.0,90012.0,
N04,海工,112,收支餘絀表,行政管理費,收支,90012.0,90012.0,0.0,0.0,90012.0,0.0,90012.0,
N04,海工,113,收支餘絀表,行政管理費,收支,138456.0,90012.0,48444.0,0.5381949073456872,99700.8,21664.815420399962,106160.0,1.7888543819998317
N04,海工,109,收支餘絀表,雜支,收支,11610.0,,,,11610.0,,11610.0,
N04,海工,110,收支餘絀表,雜支,收支,10488.0,11610.0,-1122.0,-0.09664082687338502,11049.0,793.3738084913064,11049.0,-0.7071067811865475
N04,海工,111,收支餘絀表,雜支,收支,22233.0,10488.0,11745.0,1.1198512585812357,14777.0,6481.409800344367,14777.0,1.1503670080549222
N04,海工,112,收支餘絀表,雜支,收支,6373.0,22233.0,-15860.0,-0.7133540232987001,12676.0,6757.4097108285505,13031.333333333334,-0.9327538612761082
N04,海工,113,收支餘絀表,雜支,收支,32760.0,6373.0,26387.0,4.140436215283226,16692.8,10720.090983755688,20455.333333333332,1.4987932494553327
N04,海工,110,現金流量表,其他應付款,非收支,22885.0,,,,22885.0,,22885.0,
N04,海工,111,現金流量表,其他應付款,非收支,-46031.0,22885.0,-68916.0,-3.01140485033865,-11573.0,48730.97093225211,-11573.0,-0.7071067811865476
N04,海工,112,現金流量表,其他應付款,非收支,96520.0,-46031.0,142551.0,3.096847776498447,24458.0,71288.5169364604,24458.0,1.0108500372399247
N04,海工,113,現金流量表,其他應付款,非收支,419463.0,96520.0,322943.0,3.3458661417322832,123209.25,205901.12336811083,156650.66666666666,1.4388156079671135
N04,海工,113,現金流量表,其他應收款,非收支,-9269.0,,,,-9269.0,,-9269.0,
N04,海工,110,現金流量表,其他流動負債,非收支,3021.0,,,,3021.0,,3021.0,
N04,海工,111,現金流量表,其他流動負債,非收支,-11099.0,3021.0,-14120.0,-4.673949023502152,-4039.0,9984.34775035405,-4039.0,-0.7071067811865476
N04,海工,112,現金流量表,其他流動負債,非收支,12727.0,-11099.0,23826.0,2.1466798810703667,1549.6666666666667,11980.950936104084,1549.6666666666667,0.9329253907259496
N04,海工,113,現金流量表,其他流動負債,非收支,-13904.0,12727.0,-26631.0,-2.0924805531547106,-2313.75,12465.92997934771,-4092.0,-0.9297541394185234
N04,海工,110,現金流量表,應付帳款,非收支,49110.0,,,,49110.0,,49110.0,
N04,海工,111,現金流量表,應付帳款,非收支,64412.0,49110.0,15302.0,0.3115862349826919,56761.0,10820.147965716551,56761.0,0.7071067811865475
N04,海工,112,現金流量表,應付帳款,非收支,-125922.0,64412.0,-190334.0,-2.9549462833012483,-4133.333333333333,105749.21889703645,-4133.333333333333,-1.1516743852760478
N04,海工,113,現金流量表,應付帳款,非收支,,-125922.0,,,-4133.333333333333,105749.21889703645,-30755.0,
N04,海工,110,現金流量表,應收帳款淨額,非收支,221460.0,,,,221460.0,,221460.0,
N04,海工,111,現金流量表,應收帳款淨額,非收支,-33583.0,221460.0,-255043.0,-1.151643637677233,93938.5,180342.63479416064,93938.5,-0.7071067811865476
N04,海工,113,現金流量表,應收帳款淨額,非收支,,,,,93938.5,180342.63479416064,93938.5,
N04,海工,110,現金流量表,投資活動之淨現金流入,非收支,,,,,,,,
N04,海工,111,現金流量表,投資活動之淨現金流入,非收支,,,,,,,,
N04,海工,113,現金流量表,投資活動之淨現金流入,非收支,,,,,,,,
N04,海工,110,現金流量表,投資活動之現金流量：,非收支,,,,,,,,
N04,海工,111,現金流量表,投資活動之現金流量：,非收支,,,,,,,,
N04,海工,113,現金流量表,投資活動之現金流量：,非收支,,,,,,,,
N04,海工,112,現金流量表,"投資活動之現金流量：
投資活動之淨現金流入",非收支,,,,,,,,
N04,海工,110,現金流量表,期初現金及約當現金餘額,非收支,1803908.0,,,,1803908.0,,1803908.0,
N04,海工,111,現金流量表,期初現金及約當現金餘額,非收支,2575148.0,1803908.0,771240.0,0.4275384332238673,2189528.0,545349.0339223129,2189528.0,0.7071067811865476
N04,海工,112,現金流量表,期初現金及約當現金餘額,非收支,2706430.0,2575148.0,131282.0,0.05098037083693831,2361828.6666666665,487611.8780355267,2361828.6666666665,0.706712344091475
N04,海工,113,現金流量表,期初現金及約當現金餘額,非收支,3226040.0,2706430.0,519610.0,0.19199092531489823,2577881.5,587558.9640478648,2835872.6666666665,1.103137794945119
N04,海工,110,現金流量表,期末現金及約當現金餘額,非收支,2575148.0,,,,2575148.0,,2575148.0,
N04,海工,111,現金流量表,期末現金及約當現金餘額,非收支,2706430.0,2575148.0,131282.0,0.05098037083693831,2640789.0,92830.39244773233,2640789.0,0.7071067811865476
N04,海工,112,現金流量表,期末現金及約當現金餘額,非收支,3226040.0,2706430.0,519610.0,0.19199092531489823,2835872.6666666665,344211.6382130816,2835872.6666666665,1.1335099979734078
N04,海工,113,現金流量表,期末現金及約當現金餘額,非收支,3294879.0,3226040.0,68839.0,0.021338545089335532,2950624.25,362849.1028387926,3075783.0,0.948754585051148
N04,海工,110,現金流量表,本期支付所得稅,非收支,,,,,,,,
N04,海工,111,現金流量表,本期現金及約當現金增加數,非收支,131282.0,,,,131282.0,,131282.0,
N04,海工,112,現金流量表,本期現金及約當現金增加數,非收支,519610.0,131282.0,388328.0,2.957968342956384,325446.0,274589.36212460964,325446.0,0.7071067811865475
N04,海工,113,現金流量表,本期現金及約當現金增加數,非收支,68839.0,519610.0,-450771.0,-0.8675179461519217,239910.33333333334,244230.85331778481,239910.33333333334,-0.7004493126457745
N04,海工,110,現金流量表,本期現金及約當現金增加（減少）數,非收支,771240.0,,,,771240.0,,771240.0,
N04,海工,110,現金流量表,本期稅前餘絀,非收支,373081.0,,,,373081.0,,373081.0,
N04,海工,111,現金流量表,本期稅前餘絀,非收支,85302.0,373081.0,-287779.0,-0.7713579624799977,229191.5,203490.48238308346,229191.5,-0.7071067811865475
N04,海工,113,現金流量表,本期稅前餘絀,非收支,,,,,229191.5,203490.48238308346,229191.5,
N04,海工,110,現金流量表,業務發展準備淨變動,非收支,,,,,,,,
N04,海工,111,現金流量表,營業活動之淨現金流入,非收支,131282.0,,,,131282.0,,131282.0,
N04,海工,112,現金流量表,營業活動之淨現金流入,非收支,519610.0,131282.0,388328.0,2.957968342956384,325446.0,274589.36212460964,325446.0,0.7071067811865475
N04,海工,113,現金流量表,營業活動之淨現金流入,非收支,68839.0,519610.0,-450771.0,-0.8675179461519217,239910.33333333334,244230.85331778481,239910.33333333334,-0.7004493126457745
N04,海工,110,現金流量表,營業活動之淨現金流入（出）,非收支,771240.0,,,,771240.0,,771240.0,
N04,海工,110,現金流量表,營業活動之現金流量：,非收支,,,,,,,,
N04,海工,111,現金流量表,營業活動之現金流量：,非收支,,,,,,,,
N04,海工,113,現金流量表,營業活動之現金流量：,非收支,,,,,,,,
N04,海工,112,現金流量表,"營業活動之現金流量：
本期稅前餘絀",非收支,322225.0,,,,322225.0,,322225.0,
N04,海工,110,現金流量表,營運產生之現金,非收支,771240.0,,,,771240.0,,771240.0,
N04,海工,110,現金流量表,籌資活動之淨現金流入,非收支,,,,,,,,
N04,海工,111,現金流量表,籌資活動之淨現金流入,非收支,,,,,,,,
N04,海工,113,現金流量表,籌資活動之淨現金流入,非收支,,,,,,,,
N04,海工,110,現金流量表,籌資活動之現金流量：,非收支,,,,,,,,
N04,海工,111,現金流量表,籌資活動之現金流量：,非收支,,,,,,,,
N04,海工,113,現金流量表,籌資活動之現金流量：,非收支,,,,,,,,
N04,海工,112,現金流量表,"籌資活動之現金流量：
籌資活動之淨現金流入",非收支,,,,,,,,
N04,海工,110,現金流量表,調整項目：,非收支,,,,,,,,
N04,海工,111,現金流量表,調整項目：,非收支,,,,,,,,
N04,海工,113,現金流量表,調整項目：,非收支,,,,,,,,
N04,海工,112,現金流量表,"調整項目：
資產/負債淨變動數
應收帳款淨額",非收支,51583.0,,,,51583.0,,51583.0,
N04,海工,111,現金流量表,資產/負債淨變動數,非收支,,,,,,,,
N04,海工,113,現金流量表,資產/負債淨變動數,非收支,,,,,,,,
N04,海工,110,現金流量表,資產／負債淨變動數,非收支,,,,,,,,
N04,海工,110,現金流量表,資遣費準備淨變動,非收支,-3317.0,,,,-3317.0,,-3317.0,
N04,海工,111,現金流量表,資遣費準備淨變動,非收支,,-3317.0,,,-3317.0,,-3317.0,
N04,海工,112,現金流量表,預付款項,非收支,-45000.0,,,,-45000.0,,-45000.0,
N04,海工,113,現金流量表,預付款項,非收支,39283.0,-45000.0,84283.0,1.8729555555555555,-2858.5,59597.08083874579,-2858.5,0.7071067811865475
N04,海工,110,現金流量表,預收款項,非收支,105000.0,,,,105000.0,,105000.0,
N04,海工,111,現金流量表,預收款項,非收支,72281.0,105000.0,-32719.0,-0.31160952380952384,88640.5,23135.82677364265,88640.5,-0.7071067811865475
N04,海工,112,現金流量表,預收款項,非收支,207477.0,72281.0,135196.0,1.8704223793251338,128252.66666666667,70533.71168691844,128252.66666666667,1.1232123113694965
N04,海工,113,現金流量表,預收款項,非收支,153334.0,207477.0,-54143.0,-0.2609590460629371,134523.0,58940.121960059325,144364.0,0.3191544125535954
N04,海工,110,資產負債表,代管財產,非收支,188534.0,,,,188534.0,,188534.0,
N04,海工,111,資產負債表,代管財產,非收支,160231.0,188534.0,-28303.0,-0.1501214635026043,174382.5,20013.243227922856,174382.5,-0.7071067811865475
N04,海工,112,資產負債表,代管財產,非收支,161339.0,160231.0,1108.0,0.006915016445007521,170034.66666666666,16030.468375357386,170034.66666666666,-0.5424462007631635
N04,海工,113,資產負債表,代管財產,非收支,127360.0,161339.0,-33979.0,-0.2106062390370586,159366.0,25031.96099656064,149643.33333333334,-1.278605379914006
N04,海工,110,資產負債表,其他應付款,非收支,148378.0,,,,148378.0,,148378.0,
N04,海工,111,資產負債表,其他應付款,非收支,102347.0,148378.0,-46031.0,-0.310227931364488,125362.5,32548.83224479797,125362.5,-0.7071067811865475
N04,海工,112,資產負債表,其他應付款,非收支,198867.0,102347.0,96520.0,0.943066235453897,149864.0,48277.155539654574,149864.0,1.0150349466995674
N04,海工,113,資產負債表,其他應付款,非收支,618330.0,198867.0,419463.0,2.109263980449245,266980.5,237526.60367560232,306514.6666666667,1.479200622427327
N04,海工,113,資產負債表,其他應收款,非收支,9269.0,,,,9269.0,,9269.0,
N04,海工,110,資產負債表,其他流動負債,非收支,12276.0,,,,12276.0,,12276.0,
N04,海工,111,資產負債表,其他流動負債,非收支,1177.0,12276.0,-11099.0,-0.9041218637992832,6726.5,7848.178164389491,6726.5,-0.7071067811865476
N04,海工,112,資產負債表,其他流動負債,非收支,13904.0,1177.0,12727.0,10.813084112149532,9119.0,6925.974227500417,9119.0,0.6908775347445821
N04,海工,113,資產負債表,其他流動負債,非收支,,13904.0,,,9119.0,6925.974227500417,7540.5,
N04,海工,110,資產負債表,應付代管財產,非收支,188534.0,,,,188534.0,,188534.0,
N04,海工,111,資產負債表,應付代管財產,非收支,160231.0,188534.0,-28303.0,-0.1501214635026043,174382.5,20013.243227922856,174382.5,-0.7071067811865475
N04,海工,112,資產負債表,應付代管財產,非收支,161339.0,160231.0,1108.0,0.006915016445007521,170034.66666666666,16030.468375357386,170034.66666666666,-0.5424462007631635
N04,海工,113,資產負債表,應付代管財產,非收支,127360.0,161339.0,-33979.0,-0.2106062390370586,159366.0,25031.96099656064,149643.33333333334,-1.278605379914006
N04,海工,110,資產負債表,應付帳款,非收支,61510.0,,,,61510.0,,61510.0,
N04,海工,111,資產負債表,應付帳款,非收支,125922.0,61510.0,64412.0,1.0471793204357016,93716.0,45546.1619897879,93716.0,0.7071067811865476
N04,海工,112,資產負債表,應付帳款,非收支,,125922.0,,,93716.0,45546.1619897879,93716.0,
N04,海工,110,資產負債表,應付購置財產,非收支,316183.0,,,,316183.0,,316183.0,
N04,海工,111,資產負債表,應付購置財產,非收支,316183.0,316183.0,0.0,0.0,316183.0,0.0,316183.0,
N04,海工,112,資產負債表,應付購置財產,非收支,337703.0,316183.0,21520.0,0.06806185025760399,323356.3333333333,12424.577792960756,323356.3333333333,1.1547005383792521
N04,海工,113,資產負債表,應付購置財產,非收支,372503.0,337703.0,34800.0,0.10304912896835385,335643.0,26584.99827597011,342129.6666666667,1.3864962343562517
N04,海工,110,資產負債表,應收帳款淨額,非收支,18000.0,,,,18000.0,,18000.0,
N04,海工,111,資產負債表,應收帳款淨額,非收支,51583.0,18000.0,33583.0,1.8657222222222223,34791.5,23746.767032587824,34791.5,0.7071067811865476
N04,海工,112,資產負債表,應收帳款淨額,非收支,,51583.0,,,34791.5,23746.767032587824,34791.5,
N04,海工,110,資產負債表,本期餘絀,非收支,373081.0,,,,373081.0,,373081.0,
N04,海工,111,資產負債表,本期餘絀,非收支,85302.0,373081.0,-287779.0,-0.7713579624799977,229191.5,203490.48238308346,229191.5,-0.7071067811865475
N04,海工,112,資產負債表,本期餘絀,非收支,322225.0,85302.0,236923.0,2.777461255304682,260202.66666666666,153587.9734365075,260202.66666666666,0.40382285113601724
N04,海工,113,資產負債表,本期餘絀,非收支,-520068.0,322225.0,-842293.0,-2.613990224222205,65135.0,409794.7722596438,-37513.666666666664,-1.42803920307021
N04,海工,111,資產負債表,業務發展準備,非收支,2554000.0,,,,2554000.0,,2554000.0,
N04,海工,113,資產負債表,業務發展準備,非收支,5024000.0,,,,3789000.0,1746553.7495307724,3789000.0,0.7071067811865475
N04,海工,110,資產負債表,業務發展準備金,非收支,2074000.0,,,,2074000.0,,2074000.0,
N04,海工,110,資產負債表,業務發展準備金,非收支,2074000.0,,,,2074000.0,0.0,2074000.0,
N04,海工,111,資產負債表,業務發展準備金,非收支,2554000.0,2074000.0,480000.0,0.23143683702989393,2234000.0,277128.12921102036,2234000.0,1.1547005383792515
N04,海工,111,資產負債表,業務發展準備金,非收支,2554000.0,2074000.0,480000.0,0.23143683702989393,2314000.0,277128.12921102036,2394000.0,0.8660254037844387
N04,海工,112,資產負債表,業務發展準備金,非收支,3854000.0,2554000.0,1300000.0,0.5090054815974941,2622000.0,729328.4582408669,2987333.3333333335,1.6892251852773879
N04,海工,112,資產負債表,業務發展準備金,非收支,3854000.0,2554000.0,1300000.0,0.5090054815974941,2827333.3333333335,823715.1611246855,3420666.6666666665,1.2463855409251843
N04,海工,113,資產負債表,業務發展準備金,非收支,5024000.0,3854000.0,1170000.0,0.3035806953814219,3141142.8571428573,1120159.4274285883,4244000.0,1.6808831821193395
N04,海工,113,資產負債表,業務發展準備金,非收支,5024000.0,3854000.0,1170000.0,0.3035806953814219,3376500.0,1232335.1816774525,4634000.0,1.3368927743809325
N04,海工,110,資產負債表,流動負債合計,非收支,1430744.0,,,,1430744.0,,1430744.0,
N04,海工,111,資產負債表,流動負債合計,非收支,1510307.0,1430744.0,79563.0,0.055609529028253835,1470525.5,56259.53683154528,1470525.5,0.7071067811865476
N04,海工,112,資產負債表,流動負債合計,非收支,1701109.0,1510307.0,190802.0,0.12633325542422832,1547386.6666666667,138944.17787850386,1547386.6666666667,1.1063603792578611
N04,海工,113,資產負債表,流動負債合計,非收支,2260002.0,1701109.0,558893.0,0.3285462601161948,1725540.5,373932.448939199,1823806.0,1.429299600813469
N04,海工,110,資產負債表,流動資產合計,非收支,2593148.0,,,,2593148.0,,2593148.0,
N04,海工,111,資產負債表,流動資產合計,非收支,2758013.0,2593148.0,164865.0,0.06357716566890899,2675580.5,116577.15948032016,2675580.5,0.7071067811865476
N04,海工,112,資產負債表,流動資產合計,非收支,3271040.0,2758013.0,513027.0,0.18601326389687067,2874067.0,353533.2927787707,2874067.0,1.1228730309380295
N04,海工,113,資產負債表,流動資產合計,非收支,3309865.0,3271040.0,38825.0,0.011869313735081197,2983016.5,361668.12632992695,3112972.6666666665,0.9037249240532653
N04,海工,110,資產負債表,現金及銀行存款,非收支,2575148.0,,,,2575148.0,,2575148.0,
N04,海工,111,資產負債表,現金及銀行存款,非收支,2706430.0,2575148.0,131282.0,0.05098037083693831,2640789.0,92830.39244773233,2640789.0,0.7071067811865476
N04,海工,112,資產負債表,現金及銀行存款,非收支,3226040.0,2706430.0,519610.0,0.19199092531489823,2835872.6666666665,344211.6382130816,2835872.6666666665,1.1335099979734078
N04,海工,113,資產負債表,現金及銀行存款,非收支,3294879.0,3226040.0,68839.0,0.021338545089335532,2950624.25,362849.1028387926,3075783.0,0.948754585051148
N04,海工,110,資產負債表,累積餘絀,非收支,789323.0,,,,789323.0,,789323.0,
N04,海工,111,資產負債表,累積餘絀,非收支,1162404.0,789323.0,373081.0,0.47265948160638926,975863.5,263808.1050318583,975863.5,0.7071067811865476
N04,海工,112,資產負債表,累積餘絀,非收支,1247706.0,1162404.0,85302.0,0.07338412462448513,1066477.6666666667,243782.9767279359,1066477.6666666667,0.7434002807160148
N04,海工,113,資產負債表,累積餘絀,非收支,1569931.0,1247706.0,322225.0,0.2582539476447176,1192341.0,320914.9542677416,1326680.3333333333,1.1766045644759018
N04,海工,110,資產負債表,負債及餘絀總計,非收支,5285338.0,,,,5285338.0,,5285338.0,
N04,海工,111,資產負債表,負債及餘絀總計,非收支,5928185.0,5285338.0,642847.0,0.121628361327128,5606761.5,454561.4729654285,5606761.5,0.7071067811865476
N04,海工,112,資產負債表,負債及餘絀總計,非收支,7790743.0,5928185.0,1862558.0,0.31418688856707405,6334755.333333333,1301244.838785666,6334755.333333333,1.1189190713912136
N04,海工,113,資產負債表,負債及餘絀總計,非收支,9032432.0,7790743.0,1241689.0,0.15938004886055154,7009174.5,1717029.4900729964,7583786.666666667,1.1783475541319823
N04,海工,110,資產負債表,負債總額,非收支,4122934.0,,,,4122934.0,,4122934.0,
N04,海工,111,資產負債表,負債總額,非收支,4680479.0,4122934.0,557545.0,0.13523015406019112,4401706.5,394243.85031665367,4401706.5,0.7071067811865475
N04,海工,112,資產負債表,負債總額,非收支,6220812.0,4680479.0,1540333.0,0.3290972996567232,5008075.0,1086628.9063580998,5008075.0,1.116054425668243
N04,海工,113,資產負債表,負債總額,非收支,7982569.0,6220812.0,1761757.0,0.2832037039537604,5751698.5,1731784.790064189,6294620.0,1.2881915309565182
N04,海工,110,資產負債表,資產總計,非收支,5285338.0,,,,5285338.0,,5285338.0,
N04,海工,111,資產負債表,資產總計,非收支,5928185.0,5285338.0,642847.0,0.121628361327128,5606761.5,454561.4729654285,5606761.5,0.7071067811865476
N04,海工,112,資產負債表,資產總計,非收支,7790743.0,5928185.0,1862558.0,0.31418688856707405,6334755.333333333,1301244.838785666,6334755.333333333,1.1189190713912136
N04,海工,113,資產負債表,資產總計,非收支,9032432.0,7790743.0,1241689.0,0.15938004886055154,7009174.5,1717029.4900729964,7583786.666666667,1.1783475541319823
N04,海工,111,資產負債表,資遣費準備,非收支,139758.0,,,,139758.0,,139758.0,
N04,海工,113,資產負債表,資遣費準備,非收支,198704.0,,,,169231.0,41681.11632382223,169231.0,0.7071067811865476
N04,海工,110,資產負債表,資遣費準備金,非收支,113473.0,,,,113473.0,,113473.0,
N04,海工,110,資產負債表,資遣費準備金,非收支,113473.0,,,,113473.0,0.0,113473.0,
N04,海工,111,資產負債表,資遣費準備金,非收支,139758.0,113473.0,26285.0,0.23164100711182395,122234.66666666667,15175.651825649311,122234.66666666667,1.1547005383792515
N04,海工,111,資產負債表,資遣費準備金,非收支,139758.0,113473.0,26285.0,0.23164100711182395,126615.5,15175.651825649311,130996.33333333333,0.8660254037844388
N04,海工,112,資產負債表,資遣費準備金,非收支,166661.0,139758.0,26903.0,0.1924970305814336,134624.6,22213.81822875122,148725.66666666666,1.4421834044961914
N04,海工,112,資產負債表,資遣費準備金,非收支,166661.0,139758.0,26903.0,0.1924970305814336,139964.0,23786.931924903638,157693.33333333334,1.1223389415786607
N04,海工,113,資產負債表,資遣費準備金,非收支,198704.0,166661.0,32043.0,0.1922645369942578,148355.42857142858,31055.235032959914,177342.0,1.6212587467180612
N04,海工,113,資產負債表,資遣費準備金,非收支,198704.0,166661.0,32043.0,0.1922645369942578,154649.0,33816.040259869915,188023.0,1.3027841125526705
N04,海工,110,資產負債表,購置財產,非收支,316183.0,,,,316183.0,,316183.0,
N04,海工,111,資產負債表,購置財產,非收支,316183.0,316183.0,0.0,0.0,316183.0,0.0,316183.0,
N04,海工,112,資產負債表,購置財產,非收支,337703.0,316183.0,21520.0,0.06806185025760399,323356.3333333333,12424.577792960756,323356.3333333333,1.1547005383792521
N04,海工,113,資產負債表,購置財產,非收支,372503.0,337703.0,34800.0,0.10304912896835385,335643.0,26584.99827597011,342129.6666666667,1.3864962343562517
N04,海工,110,資產負債表,非流動負債合計,非收支,2692190.0,,,,2692190.0,,2692190.0,
N04,海工,111,資產負債表,非流動負債合計,非收支,3170172.0,2692190.0,477982.0,0.17754393263476947,2931181.0,337984.3134851084,2931181.0,0.7071067811865475
N04,海工,112,資產負債表,非流動負債合計,非收支,4519703.0,3170172.0,1349531.0,0.4256964606336817,3460688.3333333335,947760.9119616261,3460688.3333333335,1.117385886356901
N04,海工,113,資產負債表,非流動負債合計,非收支,5722567.0,4519703.0,1202864.0,0.26613784135816004,4026158.0,1370349.4468596932,4470814.0,1.2379389825620817
N04,海工,110,資產負債表,非流動資產合計,非收支,2692190.0,,,,2692190.0,,2692190.0,
N04,海工,111,資產負債表,非流動資產合計,非收支,3170172.0,2692190.0,477982.0,0.17754393263476947,2931181.0,337984.3134851084,2931181.0,0.7071067811865475
N04,海工,112,資產負債表,非流動資產合計,非收支,4519703.0,3170172.0,1349531.0,0.4256964606336817,3460688.3333333335,947760.9119616261,3460688.3333333335,1.117385886356901
N04,海工,113,資產負債表,非流動資產合計,非收支,5722567.0,4519703.0,1202864.0,0.26613784135816004,4026158.0,1370349.4468596932,4470814.0,1.2379389825620817
N04,海工,112,資產負債表,預付款項,非收支,45000.0,,,,45000.0,,45000.0,
N04,海工,113,資產負債表,預付款項,非收支,5717.0,45000.0,-39283.0,-0.8729555555555556,25358.5,27777.275685351146,25358.5,-0.7071067811865476
N04,海工,110,資產負債表,預收款項,非收支,1208580.0,,,,1208580.0,,1208580.0,
N04,海工,111,資產負債表,預收款項,非收支,1280861.0,1208580.0,72281.0,0.059806549835343954,1244720.5,51110.38525094484,1244720.5,0.7071067811865476
N04,海工,112,資產負債表,預收款項,非收支,1488338.0,1280861.0,207477.0,0.16198244774413462,1325926.3333333333,145221.54744504462,1325926.3333333333,1.1183716846711558
N04,海工,113,資產負債表,預收款項,非收支,1641672.0,1488338.0,153334.0,0.10302364113527976,1404862.75,197442.05073788954,1470290.3333333333,1.1993860938689886
N04,海工,110,資產負債表,餘絀總額,非收支,1162404.0,,,,1162404.0,,1162404.0,
N04,海工,111,資產負債表,餘絀總額,非收支,1247706.0,1162404.0,85302.0,0.07338412462448513,1205055.0,60317.62264877488,1205055.0,0.7071067811865475
N04,海工,112,資產負債表,餘絀總額,非收支,1569931.0,1247706.0,322225.0,0.2582539476447176,1326680.3333333333,214935.50876096147,1326680.3333333333,1.1317379248730637
N04,海工,113,資產負債表,餘絀總額,非收支,1049863.0,1569931.0,-520068.0,-0.3312680620995445,1257476.0,223506.46737697176,1289166.6666666667,-0.9288903468275689
N04,海工,110,附表三,事務機器耗材-執行率,非收支,74.0,,,,74.0,,74.0,
N04,海工,111,附表三,事務機器耗材-執行率,非收支,83.0,74.0,9.0,0.12162162162162163,78.5,6.363961030678928,78.5,0.7071067811865476
N04,海工,112,附表三,事務機器耗材-執行率,非收支,90.0,83.0,7.0,0.08433734939759036,82.33333333333333,8.020806277010644,82.33333333333333,0.9558473801618906
N04,海工,113,附表三,事務機器耗材-執行率,非收支,109.0,90.0,19.0,0.2111111111111111,89.0,14.85485330343813,94.0,1.3463613265956005
N04,海工,110,附表三,事務機器耗材-決算數,非收支,40827.0,,,,40827.0,,40827.0,
N04,海工,111,附表三,事務機器耗材-決算數,非收支,45710.0,40827.0,4883.0,0.11960222401841919,43268.5,3452.8024125339116,43268.5,0.7071067811865476
N04,海工,112,附表三,事務機器耗材-決算數,非收支,49602.0,45710.0,3892.0,0.08514548238897397,45379.666666666664,4396.816613566381,45379.666666666664,0.9603159977846978
N04,海工,113,附表三,事務機器耗材-決算數,非收支,60076.0,49602.0,10474.0,0.21116084028869803,49053.75,8178.236418486977,51796.0,1.3477538965594227
N04,海工,112,附表三,五日未上課退費-執行率,非收支,,,,,,,,
N04,海工,113,附表三,五日未上課退費-執行率,非收支,,,,,,,,
N04,海工,112,附表三,五日未上課退費-決算數,非收支,-28917.0,,,,-28917.0,,-28917.0,
N04,海工,113,附表三,五日未上課退費-決算數,非收支,-13604.0,-28917.0,15313.0,0.5295500916415949,-21260.5,10827.926140309602,-21260.5,0.7071067811865475
N04,海工,112,附表三,人事費-執行率,非收支,61.0,,,,61.0,,61.0,
N04,海工,113,附表三,人事費-執行率,非收支,89.0,61.0,28.0,0.45901639344262296,75.0,19.79898987322333,75.0,0.7071067811865476
N04,海工,112,附表三,人事費-決算數,非收支,2899218.0,,,,2899218.0,,2899218.0,
N04,海工,113,附表三,人事費-決算數,非收支,5072224.0,2899218.0,2173006.0,0.7495145242613698,3985721.0,1536547.278159055,3985721.0,0.7071067811865475
N04,海工,112,附表三,代課費及代班費-執行率,非收支,,,,,,,,
N04,海工,113,附表三,代課費及代班費-執行率,非收支,43.0,,,,43.0,,43.0,
N04,海工,112,附表三,代課費及代班費-決算數,非收支,,,,,,,,
N04,海工,113,附表三,代課費及代班費-決算數,非收支,41768.0,,,,41768.0,,41768.0,
N04,海工,110,附表三,保全-執行率,非收支,,,,,,,,
N04,海工,111,附表三,保全-執行率,非收支,,,,,,,,
N04,海工,112,附表三,保全-執行率,非收支,,,,,,,,
N04,海工,113,附表三,保全-執行率,非收支,,,,,,,,
N04,海工,110,附表三,保全-決算數,非收支,,,,,,,,
N04,海工,111,附表三,保全-決算數,非收支,,,,,,,,
N04,海工,112,附表三,保全-決算數,非收支,,,,,,,,
N04,海工,113,附表三,保全-決算數,非收支,,,,,,,,
N04,海工,112,附表三,保險費-執行率,非收支,92.0,,,,92.0,,92.0,
N04,海工,113,附表三,保險費-執行率,非收支,16.0,92.0,-76.0,-0.8260869565217391,54.0,53.74011537017761,54.0,-0.7071067811865475
N04,海工,112,附表三,保險費-決算數,非收支,6440.0,,,,6440.0,,6440.0,
N04,海工,113,附表三,保險費-決算數,非收支,1143.0,6440.0,-5297.0,-0.8225155279503106,3791.5,3745.544619945142,3791.5,-0.7071067811865476
N04,海工,112,附表三,修繕費-執行率,非收支,44.0,,,,44.0,,44.0,
N04,海工,113,附表三,修繕費-執行率,非收支,46.0,44.0,2.0,0.045454545454545456,45.0,1.4142135623730951,45.0,0.7071067811865475
N04,海工,112,附表三,修繕費-決算數,非收支,26642.0,,,,26642.0,,26642.0,
N04,海工,113,附表三,修繕費-決算數,非收支,27410.0,26642.0,768.0,0.028826664664814955,27026.0,543.0580079512685,27026.0,0.7071067811865476
N04,海工,110,附表三,修繕購置費-執行率,非收支,233.0,,,,233.0,,233.0,
N04,海工,111,附表三,修繕購置費-執行率,非收支,199.0,233.0,-34.0,-0.1459227467811159,216.0,24.041630560342615,216.0,-0.7071067811865476
N04,海工,112,附表三,修繕購置費-執行率,非收支,171.0,199.0,-28.0,-0.1407035175879397,201.0,31.04834939252005,201.0,-0.9662349396012463
N04,海工,113,附表三,修繕購置費-執行率,非收支,348.0,171.0,177.0,1.0350877192982457,237.75,77.74906215940271,239.33333333333334,1.418023535434591
N04,海工,110,附表三,修繕購置費-決算數,非收支,195741.0,,,,195741.0,,195741.0,
N04,海工,111,附表三,修繕購置費-決算數,非收支,166999.0,195741.0,-28742.0,-0.14683689160676608,181370.0,20323.66310486375,181370.0,-0.7071067811865475
N04,海工,112,附表三,修繕購置費-決算數,非收支,143845.0,166999.0,-23154.0,-0.13864753681159767,168861.66666666666,25998.09318648837,168861.66666666666,-0.962250057618388
N04,海工,113,附表三,修繕購置費-決算數,非收支,234047.0,143845.0,90202.0,0.6270777573082137,185158.0,38895.79008924573,181630.33333333334,1.2569226614969131
N04,海工,112,附表三,健康檢查-執行率,非收支,100.0,,,,100.0,,100.0,
N04,海工,113,附表三,健康檢查-執行率,非收支,100.0,100.0,0.0,0.0,100.0,0.0,100.0,
N04,海工,112,附表三,健康檢查-決算數,非收支,1000.0,,,,1000.0,,1000.0,
N04,海工,113,附表三,健康檢查-決算數,非收支,1000.0,1000.0,0.0,0.0,1000.0,0.0,1000.0,
N04,海工,110,附表三,其他支出-執行率,非收支,,,,,,,,
N04,海工,111,附表三,其他支出-執行率,非收支,,,,,,,,
N04,海工,112,附表三,其他支出-執行率,非收支,,,,,,,,
N04,海工,113,附表三,其他支出-執行率,非收支,,,,,,,,
N04,海工,110,附表三,其他支出-決算數,非收支,765804.0,,,,765804.0,,765804.0,
N04,海工,111,附表三,其他支出-決算數,非收支,1219083.0,765804.0,453279.0,0.591899493865271,992443.5,320516.65466945706,992443.5,0.7071067811865476
N04,海工,112,附表三,其他支出-決算數,非收支,2593336.0,1219083.0,1374253.0,1.127284196400081,1526074.3333333333,951657.0084922053,1526074.3333333333,1.1214772309170762
N04,海工,113,附表三,其他支出-決算數,非收支,854260.0,2593336.0,-1739076.0,-0.670594169054839,1358120.75,846522.887558029,1555559.6666666667,-0.5952121997002242
N04,海工,112,附表三,其他收入-執行率,非收支,,,,,,,,
N04,海工,113,附表三,其他收入-執行率,非收支,,,,,,,,
N04,海工,112,附表三,其他收入-決算數,非收支,2593336.0,,,,2593336.0,,2593336.0,
N04,海工,113,附表三,其他收入-決算數,非收支,854260.0,2593336.0,-1739076.0,-0.670594169054839,1723798.0,1229712.4325987764,1723798.0,-0.7071067811865475
N04,海工,112,附表三,利息收入-執行率,非收支,,,,,,,,
N04,海工,113,附表三,利息收入-執行率,非收支,,,,,,,,
N04,海工,112,附表三,利息收入-決算數,非收支,55146.0,,,,55146.0,,55146.0,
N04,海工,113,附表三,利息收入-決算數,非收支,41695.0,55146.0,-13451.0,-0.24391614985674392,48420.5,9511.29331374025,48420.5,-0.7071067811865476
N04,海工,112,附表三,加班費-執行率,非收支,23.0,,,,23.0,,23.0,
N04,海工,113,附表三,加班費-執行率,非收支,32.0,23.0,9.0,0.391304347826087,27.5,6.363961030678928,27.5,0.7071067811865476
N04,海工,112,附表三,加班費-決算數,非收支,84620.0,,,,84620.0,,84620.0,
N04,海工,113,附表三,加班費-決算數,非收支,135558.0,84620.0,50938.0,0.6019617111793902,110089.0,36018.60522008036,110089.0,0.7071067811865475
N04,海工,112,附表三,勞、健保費-執行率,非收支,61.0,,,,61.0,,61.0,
N04,海工,113,附表三,勞、健保費-執行率,非收支,80.0,61.0,19.0,0.3114754098360656,70.5,13.435028842544403,70.5,0.7071067811865475
N04,海工,112,附表三,勞、健保費-決算數,非收支,265577.0,,,,265577.0,,265577.0,
N04,海工,113,附表三,勞、健保費-決算數,非收支,469767.0,265577.0,204190.0,0.7688542305997884,367672.0,144384.13365048115,367672.0,0.7071067811865475
N04,海工,112,附表三,勞退金提撥-執行率,非收支,61.0,,,,61.0,,61.0,
N04,海工,113,附表三,勞退金提撥-執行率,非收支,100.0,61.0,39.0,0.639344262295082,80.5,27.577164466275352,80.5,0.7071067811865476
N04,海工,112,附表三,勞退金提撥-決算數,非收支,121965.0,,,,121965.0,,121965.0,
N04,海工,113,附表三,勞退金提撥-決算數,非收支,231146.0,121965.0,109181.0,0.8951830443159923,176555.5,77202.62547672844,176555.5,0.7071067811865476
N04,海工,110,附表三,園務特支-執行率,非收支,100.0,,,,100.0,,100.0,
N04,海工,111,附表三,園務特支-執行率,非收支,103.0,100.0,3.0,0.03,101.5,2.1213203435596424,101.5,0.7071067811865476
N04,海工,112,附表三,園務特支-執行率,非收支,100.0,103.0,-3.0,-0.02912621359223301,101.0,1.7320508075688772,101.0,-0.5773502691896258
N04,海工,113,附表三,園務特支-執行率,非收支,100.0,100.0,0.0,0.0,100.75,1.5,101.0,-0.5
N04,海工,110,附表三,園務特支-決算數,非收支,35979.0,,,,35979.0,,35979.0,
N04,海工,111,附表三,園務特支-決算數,非收支,37077.0,35979.0,1098.0,0.03051780205119653,36528.0,776.4032457428292,36528.0,0.7071067811865475
N04,海工,112,附表三,園務特支-決算數,非收支,35984.0,37077.0,-1093.0,-0.029479191951883917,36346.666666666664,632.4921606892316,36346.666666666664,-0.5733931409860694
N04,海工,113,附表三,園務特支-決算數,非收支,35875.0,35984.0,-109.0,-0.003029124055135616,36228.75,567.7278544044373,36312.0,-0.6230978403747581
N04,海工,110,附表三,園舍消毒、清潔-執行率,非收支,149.0,,,,149.0,,149.0,
N04,海工,111,附表三,園舍消毒、清潔-執行率,非收支,109.0,149.0,-40.0,-0.2684563758389262,129.0,28.284271247461902,129.0,-0.7071067811865475
N04,海工,112,附表三,園舍消毒、清潔-執行率,非收支,20.0,109.0,-89.0,-0.8165137614678899,92.66666666666667,66.0328201225219,92.66666666666667,-1.100462868795182
N04,海工,113,附表三,園舍消毒、清潔-執行率,非收支,84.0,20.0,64.0,3.2,90.5,54.08943211632626,71.0,-0.12017134855512841
N04,海工,110,附表三,園舍消毒、清潔-決算數,非收支,37200.0,,,,37200.0,,37200.0,
N04,海工,111,附表三,園舍消毒、清潔-決算數,非收支,27200.0,37200.0,-10000.0,-0.26881720430107525,32200.0,7071.067811865475,32200.0,-0.7071067811865476
N04,海工,112,附表三,園舍消毒、清潔-決算數,非收支,5000.0,27200.0,-22200.0,-0.8161764705882353,23133.333333333332,16480.695778192538,23133.333333333332,-1.1002771713878479
N04,海工,113,附表三,園舍消毒、清潔-決算數,非收支,21000.0,5000.0,16000.0,3.2,22600.0,13498.641906996918,17733.333333333332,-0.11853044261961289
N04,海工,112,附表三,園長及教保服務人員薪資(含職務加給)-執行率,非收支,65.0,,,,65.0,,65.0,
N04,海工,112,附表三,園長及教保服務人員薪資(含職務加給)-決算數,非收支,1811398.0,,,,1811398.0,,1811398.0,
N04,海工,113,附表三,園長及教保服務人員薪資（含職務加給）-執行率,非收支,98.0,,,,98.0,,98.0,
N04,海工,113,附表三,園長及教保服務人員薪資（含職務加給）-決算數,非收支,3195289.0,,,,3195289.0,,3195289.0,
N04,海工,110,附表三,差旅費-執行率,非收支,,,,,,,,
N04,海工,111,附表三,差旅費-執行率,非收支,,,,,,,,
N04,海工,112,附表三,差旅費-執行率,非收支,,,,,,,,
N04,海工,113,附表三,差旅費-執行率,非收支,,,,,,,,
N04,海工,110,附表三,差旅費-決算數,非收支,,,,,,,,
N04,海工,111,附表三,差旅費-決算數,非收支,,,,,,,,
N04,海工,112,附表三,差旅費-決算數,非收支,,,,,,,,
N04,海工,113,附表三,差旅費-決算數,非收支,,,,,,,,
N04,海工,110,附表三,延後托育支出-執行率,非收支,,,,,,,,
N04,海工,111,附表三,延後托育支出-執行率,非收支,,,,,,,,
N04,海工,110,附表三,延後托育支出-決算數,非收支,209704.0,,,,209704.0,,209704.0,
N04,海工,111,附表三,延後托育支出-決算數,非收支,180909.0,209704.0,-28795.0,-0.13731259298821197,195306.5,20361.139764266634,195306.5,-0.7071067811865476
N04,海工,112,附表三,延長照顧服務支出-執行率,非收支,,,,,,,,
N04,海工,113,附表三,延長照顧服務支出-執行率,非收支,,,,,,,,
N04,海工,112,附表三,延長照顧服務支出-決算數,非收支,159722.0,,,,159722.0,,159722.0,
N04,海工,113,附表三,延長照顧服務支出-決算數,非收支,85540.0,159722.0,-74182.0,-0.4644444722705701,122631.0,52454.59524198047,122631.0,-0.7071067811865476
N04,海工,112,附表三,延長照顧服務收入-執行率,非收支,,,,,,,,
N04,海工,113,附表三,延長照顧服務收入-執行率,非收支,,,,,,,,
N04,海工,112,附表三,延長照顧服務收入-決算數,非收支,218400.0,,,,218400.0,,218400.0,
N04,海工,113,附表三,延長照顧服務收入-決算數,非收支,85540.0,218400.0,-132860.0,-0.6083333333333333,151970.0,93946.2069484447,151970.0,-0.7071067811865476
N04,海工,112,附表三,延長照顧服務收入淨額-執行率,非收支,,,,,,,,
N04,海工,112,附表三,延長照顧服務收入淨額-執行率,非收支,,,,,,,,
N04,海工,113,附表三,延長照顧服務收入淨額-執行率,非收支,,,,,,,,
N04,海工,113,附表三,延長照顧服務收入淨額-執行率,非收支,,,,,,,,
N04,海工,113,附表三,延長照顧服務收入淨額-執行率,非收支,,,,,,,,
N04,海工,113,附表三,延長照顧服務收入淨額-執行率,非收支,,,,,,,,
N04,海工,112,附表三,延長照顧服務收入淨額-決算數,非收支,218400.0,,,,218400.0,,218400.0,
N04,海工,112,附表三,延長照顧服務收入淨額-決算數,非收支,218400.0,,,,218400.0,0.0,218400.0,
N04,海工,113,附表三,延長照顧服務收入淨額-決算數,非收支,85540.0,218400.0,-132860.0,-0.6083333333333333,174113.33333333334,76706.75676453368,174113.33333333334,-1.1547005383792517
N04,海工,113,附表三,延長照顧服務收入淨額-決算數,非收支,85540.0,218400.0,-132860.0,-0.6083333333333333,151970.0,76706.75676453368,129826.66666666667,-0.8660254037844386
N04,海工,113,附表三,延長照顧服務收入淨額-決算數,非收支,85540.0,218400.0,-132860.0,-0.6083333333333333,138684.0,72770.41899013637,85540.0,-0.7302967433402214
N04,海工,113,附表三,延長照顧服務收入淨額-決算數,非收支,85540.0,218400.0,-132860.0,-0.6083333333333333,129826.66666666667,68608.60898361565,85540.0,-0.6454972243679029
N04,海工,112,附表三,延長照顧服務收入退費-執行率,非收支,,,,,,,,
N04,海工,112,附表三,延長照顧服務收入退費-決算數,非收支,,,,,,,,
N04,海工,110,附表三,所得稅費用-執行率,非收支,,,,,,,,
N04,海工,111,附表三,所得稅費用-執行率,非收支,,,,,,,,
N04,海工,112,附表三,所得稅費用-執行率,非收支,,,,,,,,
N04,海工,113,附表三,所得稅費用-執行率,非收支,,,,,,,,
N04,海工,110,附表三,所得稅費用-決算數,非收支,,,,,,,,
N04,海工,111,附表三,所得稅費用-決算數,非收支,,,,,,,,
N04,海工,112,附表三,所得稅費用-決算數,非收支,,,,,,,,
N04,海工,113,附表三,所得稅費用-決算數,非收支,,,,,,,,
N04,海工,110,附表三,攝影照片-執行率,非收支,111.0,,,,111.0,,111.0,
N04,海工,111,附表三,攝影照片-執行率,非收支,116.0,111.0,5.0,0.04504504504504504,113.5,3.5355339059327378,113.5,0.7071067811865475
N04,海工,112,附表三,攝影照片-執行率,非收支,118.0,116.0,2.0,0.017241379310344827,115.0,3.605551275463989,115.0,0.8320502943378437
N04,海工,113,附表三,攝影照片-執行率,非收支,110.0,118.0,-8.0,-0.06779661016949153,113.75,3.8622100754188224,114.66666666666667,-0.970946667004732
N04,海工,110,附表三,攝影照片-決算數,非收支,8892.0,,,,8892.0,,8892.0,
N04,海工,111,附表三,攝影照片-決算數,非收支,9303.0,8892.0,411.0,0.04622132253711201,9097.5,290.62088706767105,9097.5,0.7071067811865475
N04,海工,112,附表三,攝影照片-決算數,非收支,9420.0,9303.0,117.0,0.012576588197355692,9205.0,277.3066894252643,9205.0,0.7753148704980797
N04,海工,113,附表三,攝影照片-決算數,非收支,8784.0,9420.0,-636.0,-0.06751592356687898,9099.75,309.1540877944201,9169.0,-1.0213353549766615
N04,海工,112,附表三,支出-執行率,非收支,133.0,,,,133.0,,133.0,
N04,海工,113,附表三,支出-執行率,非收支,120.0,133.0,-13.0,-0.09774436090225563,126.5,9.192388155425117,126.5,-0.7071067811865476
N04,海工,112,附表三,支出-決算數,非收支,8709004.0,,,,8709004.0,,8709004.0,
N04,海工,113,附表三,支出-決算數,非收支,8871195.0,8709004.0,162191.0,0.018623369560973907,8790099.5,114686.35594742734,8790099.5,0.7071067811865475
N04,海工,112,附表三,收入-執行率,非收支,141.0,,,,141.0,,141.0,
N04,海工,113,附表三,收入-執行率,非收支,113.0,141.0,-28.0,-0.19858156028368795,127.0,19.79898987322333,127.0,-0.7071067811865476
N04,海工,112,附表三,收入-決算數,非收支,9031229.0,,,,9031229.0,,9031229.0,
N04,海工,113,附表三,收入-決算數,非收支,8351127.0,9031229.0,-680102.0,-0.07530558686973833,8691178.0,480904.7360985333,8691178.0,-0.7071067811865476
N04,海工,112,附表三,政府學費差額補助退費-執行率,非收支,,,,,,,,
N04,海工,113,附表三,政府學費差額補助退費-執行率,非收支,,,,,,,,
N04,海工,112,附表三,政府學費差額補助退費-決算數,非收支,-8947.0,,,,-8947.0,,-8947.0,
N04,海工,113,附表三,政府學費差額補助退費-決算數,非收支,-213312.0,-8947.0,-204365.0,-22.841734659662457,-111129.5,144507.87733718878,-111129.5,-0.7071067811865476
N04,海工,110,附表三,教保材料費-執行率,非收支,114.0,,,,114.0,,114.0,
N04,海工,111,附表三,教保材料費-執行率,非收支,120.0,114.0,6.0,0.05263157894736842,117.0,4.242640687119285,117.0,0.7071067811865476
N04,海工,112,附表三,教保材料費-執行率,非收支,107.0,120.0,-13.0,-0.10833333333333334,113.66666666666667,6.506407098647713,113.66666666666667,-1.0246310391571205
N04,海工,113,附表三,教保材料費-執行率,非收支,118.0,107.0,11.0,0.102803738317757,114.75,5.7373048260195025,115.0,0.5664680714297735
N04,海工,110,附表三,教保材料費-決算數,非收支,164709.0,,,,164709.0,,164709.0,
N04,海工,111,附表三,教保材料費-決算數,非收支,172659.0,164709.0,7950.0,0.04826694351856911,168684.0,5621.4989104330525,168684.0,0.7071067811865476
N04,海工,112,附表三,教保材料費-決算數,非收支,154696.0,172659.0,-17963.0,-0.10403743795573935,164021.33333333334,9001.222491047169,164021.33333333334,-1.0360074248368534
N04,海工,113,附表三,教保材料費-決算數,非收支,136132.0,154696.0,-18564.0,-0.12000310285980245,157049.0,15762.880426284195,154495.66666666666,-1.32697828279668
N04,海工,112,附表三,教保費收入-執行率,非收支,97.0,,,,97.0,,97.0,
N04,海工,113,附表三,教保費收入-執行率,非收支,103.0,97.0,6.0,0.061855670103092786,100.0,4.242640687119285,100.0,0.7071067811865476
N04,海工,112,附表三,教保費收入-決算數,非收支,6202211.0,,,,6202211.0,,6202211.0,
N04,海工,113,附表三,教保費收入-決算數,非收支,7608000.0,6202211.0,1405789.0,0.22665933164802035,6905105.5,994042.9348174555,6905105.5,0.7071067811865475
N04,海工,112,附表三,教保費收入淨額-執行率,非收支,96.0,,,,96.0,,96.0,
N04,海工,113,附表三,教保費收入淨額-執行率,非收支,100.0,96.0,4.0,0.041666666666666664,98.0,2.8284271247461903,98.0,0.7071067811865475
N04,海工,112,附表三,教保費收入淨額-決算數,非收支,6164347.0,,,,6164347.0,,6164347.0,
N04,海工,113,附表三,教保費收入淨額-決算數,非收支,7369632.0,6164347.0,1205285.0,0.1955251707926241,6766989.5,852265.1967624279,6766989.5,0.7071067811865476
N04,海工,112,附表三,教保費收入減項-執行率,非收支,,,,,,,,
N04,海工,113,附表三,教保費收入減項-執行率,非收支,,,,,,,,
N04,海工,112,附表三,教保費收入減項-決算數,非收支,-37864.0,,,,-37864.0,,-37864.0,
N04,海工,113,附表三,教保費收入減項-決算數,非收支,-238368.0,-37864.0,-200504.0,-5.295372913585464,-138116.0,141777.73805502753,-138116.0,-0.7071067811865475
N04,海工,112,附表三,教保費收入（家長繳費）-執行率,非收支,69.0,,,,69.0,,69.0,
N04,海工,113,附表三,教保費收入（家長繳費）-執行率,非收支,72.0,69.0,3.0,0.043478260869565216,70.5,2.1213203435596424,70.5,0.7071067811865476
N04,海工,112,附表三,教保費收入（家長繳費）-決算數,非收支,990521.0,,,,990521.0,,990521.0,
N04,海工,113,附表三,教保費收入（家長繳費）-決算數,非收支,828000.0,990521.0,-162521.0,-0.1640762790491065,909260.5,114919.70118521889,909260.5,-0.7071067811865476
N04,海工,112,附表三,教保費收入（政府學費差額補助）-執行率,非收支,105.0,,,,105.0,,105.0,
N04,海工,113,附表三,教保費收入（政府學費差額補助）-執行率,非收支,109.0,105.0,4.0,0.0380952380952381,107.0,2.8284271247461903,107.0,0.7071067811865475
N04,海工,112,附表三,教保費收入（政府學費差額補助）-決算數,非收支,5211690.0,,,,5211690.0,,5211690.0,
N04,海工,113,附表三,教保費收入（政府學費差額補助）-決算數,非收支,6780000.0,5211690.0,1568310.0,0.30092158205879477,5995845.0,1108962.6360026742,5995845.0,0.7071067811865476
N04,海工,110,附表三,文宣費(一般文宣)-執行率,非收支,109.0,,,,109.0,,109.0,
N04,海工,111,附表三,文宣費(一般文宣)-執行率,非收支,115.0,109.0,6.0,0.05504587155963303,112.0,4.242640687119285,112.0,0.7071067811865476
N04,海工,112,附表三,文宣費(一般文宣)-執行率,非收支,97.0,115.0,-18.0,-0.1565217391304348,107.0,9.16515138991168,107.0,-1.091089451179962
N04,海工,110,附表三,文宣費(一般文宣)-決算數,非收支,10900.0,,,,10900.0,,10900.0,
N04,海工,111,附表三,文宣費(一般文宣)-決算數,非收支,11500.0,10900.0,600.0,0.05504587155963303,11200.0,424.26406871192853,11200.0,0.7071067811865475
N04,海工,112,附表三,文宣費(一般文宣)-決算數,非收支,9700.0,11500.0,-1800.0,-0.1565217391304348,10700.0,916.515138991168,10700.0,-1.091089451179962
N04,海工,110,附表三,文宣費(圖刊)-執行率,非收支,100.0,,,,100.0,,100.0,
N04,海工,111,附表三,文宣費(圖刊)-執行率,非收支,100.0,100.0,0.0,0.0,100.0,0.0,100.0,
N04,海工,112,附表三,文宣費(圖刊)-執行率,非收支,100.0,100.0,0.0,0.0,100.0,0.0,100.0,
N04,海工,110,附表三,文宣費(圖刊)-決算數,非收支,25000.0,,,,25000.0,,25000.0,
N04,海工,111,附表三,文宣費(圖刊)-決算數,非收支,25000.0,25000.0,0.0,0.0,25000.0,0.0,25000.0,
N04,海工,112,附表三,文宣費(圖刊)-決算數,非收支,25000.0,25000.0,0.0,0.0,25000.0,0.0,25000.0,
N04,海工,113,附表三,文宣費（一般文宣）-執行率,非收支,37.0,,,,37.0,,37.0,
N04,海工,113,附表三,文宣費（一般文宣）-決算數,非收支,3690.0,,,,3690.0,,3690.0,
N04,海工,113,附表三,文宣費（園刊）-執行率,非收支,101.0,,,,101.0,,101.0,
N04,海工,113,附表三,文宣費（園刊）-決算數,非收支,25137.0,,,,25137.0,,25137.0,
N04,海工,110,附表三,日常消耗用品-執行率,非收支,118.0,,,,118.0,,118.0,
N04,海工,111,附表三,日常消耗用品-執行率,非收支,118.0,118.0,0.0,0.0,118.0,0.0,118.0,
N04,海工,112,附表三,日常消耗用品-執行率,非收支,116.0,118.0,-2.0,-0.01694915254237288,117.33333333333333,1.1547005383792495,117.33333333333333,-1.1547005383792495
N04,海工,113,附表三,日常消耗用品-執行率,非收支,112.0,116.0,-4.0,-0.034482758620689655,116.0,2.8284271247461885,115.33333333333333,-1.4142135623730958
N04,海工,110,附表三,日常消耗用品-決算數,非收支,42538.0,,,,42538.0,,42538.0,
N04,海工,111,附表三,日常消耗用品-決算數,非收支,42524.0,42538.0,-14.0,-0.0003291174949456956,42531.0,9.899494936611665,42531.0,-0.7071067811865476
N04,海工,112,附表三,日常消耗用品-決算數,非收支,41911.0,42524.0,-613.0,-0.014415388956824381,42324.333333333336,358.02560429853906,42324.333333333336,-1.154479814769556
N04,海工,113,附表三,日常消耗用品-決算數,非收支,32356.0,41911.0,-9555.0,-0.227983107060199,39832.25,4992.731942534068,38930.333333333336,-1.4974266766273494
N04,海工,112,附表三,會計、總務、廚工、清潔薪資-執行率,非收支,67.0,,,,67.0,,67.0,
N04,海工,113,附表三,會計、總務、廚工、清潔薪資-執行率,非收支,94.0,67.0,27.0,0.40298507462686567,80.5,19.091883092036785,80.5,0.7071067811865475
N04,海工,112,附表三,會計、總務、廚工、清潔薪資-決算數,非收支,574315.0,,,,574315.0,,574315.0,
N04,海工,113,附表三,會計、總務、廚工、清潔薪資-決算數,非收支,957510.0,574315.0,383195.0,0.6672209501754264,765912.5,270959.78301677905,765912.5,0.7071067811865476
N04,海工,110,附表三,本期稅前餘絀-執行率,非收支,620.0,,,,620.0,,620.0,
N04,海工,111,附表三,本期稅前餘絀-執行率,非收支,-155.0,620.0,-775.0,-1.25,232.5,548.0077554195743,232.5,-0.7071067811865476
N04,海工,112,附表三,本期稅前餘絀-執行率,非收支,-201.0,-155.0,-46.0,-0.2967741935483871,88.0,461.29925211298576,88.0,-0.6264913690543236
N04,海工,113,附表三,本期稅前餘絀-執行率,非收支,13021.0,-201.0,13222.0,65.78109452736318,3321.25,6477.459912393643,4221.666666666667,1.4974619883700075
N04,海工,110,附表三,本期稅前餘絀-決算數,非收支,373081.0,,,,373081.0,,373081.0,
N04,海工,111,附表三,本期稅前餘絀-決算數,非收支,85302.0,373081.0,-287779.0,-0.7713579624799977,229191.5,203490.48238308346,229191.5,-0.7071067811865475
N04,海工,112,附表三,本期稅前餘絀-決算數,非收支,322225.0,85302.0,236923.0,2.777461255304682,260202.66666666666,153587.9734365075,260202.66666666666,0.40382285113601724
N04,海工,113,附表三,本期稅前餘絀-決算數,非收支,-520068.0,322225.0,-842293.0,-2.613990224222205,65135.0,409794.7722596438,-37513.666666666664,-1.42803920307021
N04,海工,110,附表三,本期稅後餘絀-執行率,非收支,620.0,,,,620.0,,620.0,
N04,海工,111,附表三,本期稅後餘絀-執行率,非收支,-155.0,620.0,-775.0,-1.25,232.5,548.0077554195743,232.5,-0.7071067811865476
N04,海工,112,附表三,本期稅後餘絀-執行率,非收支,-201.0,-155.0,-46.0,-0.2967741935483871,88.0,461.29925211298576,88.0,-0.6264913690543236
N04,海工,113,附表三,本期稅後餘絀-執行率,非收支,13021.0,-201.0,13222.0,65.78109452736318,3321.25,6477.459912393643,4221.666666666667,1.4974619883700075
N04,海工,110,附表三,本期稅後餘絀-決算數,非收支,373081.0,,,,373081.0,,373081.0,
N04,海工,111,附表三,本期稅後餘絀-決算數,非收支,85302.0,373081.0,-287779.0,-0.7713579624799977,229191.5,203490.48238308346,229191.5,-0.7071067811865475
N04,海工,112,附表三,本期稅後餘絀-決算數,非收支,322225.0,85302.0,236923.0,2.777461255304682,260202.66666666666,153587.9734365075,260202.66666666666,0.40382285113601724
N04,海工,113,附表三,本期稅後餘絀-決算數,非收支,,322225.0,,,260202.66666666666,153587.9734365075,203763.5,
N04,海工,110,附表三,材料費-執行率,非收支,102.0,,,,102.0,,102.0,
N04,海工,111,附表三,材料費-執行率,非收支,111.0,102.0,9.0,0.08823529411764706,106.5,6.363961030678928,106.5,0.7071067811865476
N04,海工,112,附表三,材料費-執行率,非收支,118.0,111.0,7.0,0.06306306306306306,110.33333333333333,8.020806277010644,110.33333333333333,0.9558473801618906
N04,海工,113,附表三,材料費-執行率,非收支,103.0,118.0,-15.0,-0.1271186440677966,108.5,7.505553499465136,110.66666666666667,-0.7327907262791403
N04,海工,110,附表三,材料費-決算數,非收支,956833.0,,,,956833.0,,956833.0,
N04,海工,111,附表三,材料費-決算數,非收支,1040430.0,956833.0,83597.0,0.08736843315395686,998631.5,59112.00558685181,998631.5,0.7071067811865476
N04,海工,112,附表三,材料費-決算數,非收支,1098507.0,1040430.0,58077.0,0.05582018972924656,1031923.3333333334,71219.05013641597,1031923.3333333334,0.9349137139449272
N04,海工,113,附表三,材料費-決算數,非收支,862438.0,1098507.0,-236069.0,-0.21489985953662563,989552.0,102775.26431653355,1000458.3333333334,-1.2368151115477215
N04,海工,110,附表三,業務發展費-執行率,非收支,,,,,,,,
N04,海工,111,附表三,業務發展費-執行率,非收支,,,,,,,,
N04,海工,112,附表三,業務發展費-執行率,非收支,,,,,,,,
N04,海工,113,附表三,業務發展費-執行率,非收支,,,,,,,,
N04,海工,110,附表三,業務發展費-決算數,非收支,336000.0,,,,336000.0,,336000.0,
N04,海工,111,附表三,業務發展費-決算數,非收支,480000.0,336000.0,144000.0,0.42857142857142855,408000.0,101823.37649086284,408000.0,0.7071067811865476
N04,海工,112,附表三,業務發展費-決算數,非收支,1300000.0,480000.0,820000.0,1.7083333333333333,705333.3333333334,520005.1281798415,705333.3333333334,1.1435784657512142
N04,海工,113,附表三,業務發展費-決算數,非收支,1170000.0,1300000.0,-130000.0,-0.1,821500.0,483992.76854101865,983333.3333333334,0.7200520806344742
N04,海工,112,附表三,業務費-執行率,非收支,68.0,,,,68.0,,68.0,
N04,海工,113,附表三,業務費-執行率,非收支,72.0,68.0,4.0,0.058823529411764705,70.0,2.8284271247461903,70.0,0.7071067811865475
N04,海工,112,附表三,業務費-決算數,非收支,384913.0,,,,384913.0,,384913.0,
N04,海工,113,附表三,業務費-決算數,非收支,391984.0,384913.0,7071.0,0.018370384996090026,388448.5,4999.952049770078,388448.5,0.7071067811865475
N04,海工,110,附表三,水費-執行率,非收支,41.0,,,,41.0,,41.0,
N04,海工,112,附表三,水費-執行率,非收支,43.0,,,,42.0,1.4142135623730951,42.0,0.7071067811865475
N04,海工,113,附表三,水費-執行率,非收支,46.0,43.0,3.0,0.06976744186046512,43.333333333333336,2.5166114784235822,43.333333333333336,1.0596258856520344
N04,海工,110,附表三,水費-決算數,非收支,8229.0,,,,8229.0,,8229.0,
N04,海工,112,附表三,水費-決算數,非收支,8684.0,,,,8456.5,321.7335854398791,8456.5,0.7071067811865476
N04,海工,113,附表三,水費-決算數,非收支,9191.0,8684.0,507.0,0.058383233532934134,8701.333333333334,481.2341772290629,8701.333333333334,1.0175226320918378
N04,海工,110,附表三,水電修繕-執行率,非收支,52.0,,,,52.0,,52.0,
N04,海工,111,附表三,水電修繕-執行率,非收支,95.0,52.0,43.0,0.8269230769230769,73.5,30.405591591021544,73.5,0.7071067811865475
N04,海工,110,附表三,水電修繕-決算數,非收支,31487.0,,,,31487.0,,31487.0,
N04,海工,111,附表三,水電修繕-決算數,非收支,56800.0,31487.0,25313.0,0.8039190777146124,44143.5,17898.99395217508,44143.5,0.7071067811865475
N04,海工,112,附表三,活動費-執行率,非收支,115.0,,,,115.0,,115.0,
N04,海工,113,附表三,活動費-執行率,非收支,119.0,115.0,4.0,0.034782608695652174,117.0,2.8284271247461903,117.0,0.7071067811865475
N04,海工,112,附表三,活動費-決算數,非收支,85890.0,,,,85890.0,,85890.0,
N04,海工,113,附表三,活動費-決算數,非收支,89486.0,85890.0,3596.0,0.04186750494818955,87688.0,2542.755985146825,87688.0,0.7071067811865475
N04,海工,110,附表三,火險-執行率,非收支,20.0,,,,20.0,,20.0,
N04,海工,111,附表三,火險-執行率,非收支,18.0,20.0,-2.0,-0.1,19.0,1.4142135623730951,19.0,-0.7071067811865475
N04,海工,112,附表三,火險-執行率,非收支,18.0,18.0,0.0,0.0,18.666666666666668,1.1547005383792517,18.666666666666668,-0.5773502691896267
N04,海工,113,附表三,火險-執行率,非收支,18.0,18.0,0.0,0.0,18.5,1.0000000000000002,18.0,-0.4999999999999999
N04,海工,110,附表三,火險-決算數,非收支,1595.0,,,,1595.0,,1595.0,
N04,海工,111,附表三,火險-決算數,非收支,1436.0,1595.0,-159.0,-0.09968652037617555,1515.5,112.42997820866105,1515.5,-0.7071067811865476
N04,海工,112,附表三,火險-決算數,非收支,1436.0,1436.0,0.0,0.0,1489.0,91.7986928011505,1489.0,-0.5773502691896257
N04,海工,113,附表三,火險-決算數,非收支,1436.0,1436.0,0.0,0.0,1475.75,79.5,1436.0,-0.5
N04,海工,110,附表三,瓦斯費-執行率,非收支,107.0,,,,107.0,,107.0,
N04,海工,111,附表三,瓦斯費-執行率,非收支,116.0,107.0,9.0,0.08411214953271028,111.5,6.363961030678928,111.5,0.7071067811865476
N04,海工,112,附表三,瓦斯費-執行率,非收支,110.0,116.0,-6.0,-0.05172413793103448,111.0,4.58257569495584,111.0,-0.2182178902359924
N04,海工,113,附表三,瓦斯費-執行率,非收支,102.0,110.0,-8.0,-0.07272727272727272,108.75,5.852349955359813,109.33333333333333,-1.1533828379176272
N04,海工,110,附表三,瓦斯費-決算數,非收支,32014.0,,,,32014.0,,32014.0,
N04,海工,111,附表三,瓦斯費-決算數,非收支,34870.0,32014.0,2856.0,0.08921097020053727,33442.0,2019.4969670687797,33442.0,0.7071067811865476
N04,海工,112,附表三,瓦斯費-決算數,非收支,33048.0,34870.0,-1822.0,-0.05225121881273301,33310.666666666664,1446.0046104121982,33310.666666666664,-0.18164995102732656
N04,海工,113,附表三,瓦斯費-決算數,非收支,30680.0,33048.0,-2368.0,-0.07165335269910433,32653.0,1767.4995520980096,32866.0,-1.116266195178416
N04,海工,110,附表三,研習、進修-執行率,非收支,34.0,,,,34.0,,34.0,
N04,海工,112,附表三,研習、進修-執行率,非收支,23.0,,,,28.5,7.7781745930520225,28.5,-0.7071067811865476
N04,海工,113,附表三,研習、進修-執行率,非收支,54.0,23.0,31.0,1.3478260869565217,37.0,15.716233645501712,37.0,1.0816840970588222
N04,海工,110,附表三,研習、進修-決算數,非收支,4700.0,,,,4700.0,,4700.0,
N04,海工,112,附表三,研習、進修-決算數,非收支,3200.0,,,,3950.0,1060.6601717798212,3950.0,-0.7071067811865476
N04,海工,113,附表三,研習、進修-決算數,非收支,7600.0,3200.0,4400.0,1.375,5166.666666666667,2236.8132093076824,5166.666666666667,1.0878571904028034
N04,海工,110,附表三,維護費-執行率,非收支,76.0,,,,76.0,,76.0,
N04,海工,111,附表三,維護費-執行率,非收支,92.0,76.0,16.0,0.21052631578947367,84.0,11.313708498984761,84.0,0.7071067811865475
N04,海工,112,附表三,維護費-執行率,非收支,36.0,92.0,-56.0,-0.6086956521739131,68.0,28.844410203711913,68.0,-1.1094003924504583
N04,海工,113,附表三,維護費-執行率,非收支,54.0,36.0,18.0,0.5,64.5,24.569628948493843,60.666666666666664,-0.42735688121344895
N04,海工,110,附表三,維護費-決算數,非收支,70282.0,,,,70282.0,,70282.0,
N04,海工,111,附表三,維護費-決算數,非收支,85436.0,70282.0,15154.0,0.21561708545573546,77859.0,10715.49616210094,77859.0,0.7071067811865476
N04,海工,112,附表三,維護費-決算數,非收支,33078.0,85436.0,-52358.0,-0.6128329977995225,62932.0,26941.731867123908,62932.0,-1.1080950603784248
N04,海工,113,附表三,維護費-決算數,非收支,49846.0,33078.0,16768.0,0.5069230304129633,59660.5,22950.282343942235,56120.0,-0.42764179773110955
N04,海工,113,附表三,腸病毒退費-執行率,非收支,,,,,,,,
N04,海工,113,附表三,腸病毒退費-決算數,非收支,-11452.0,,,,-11452.0,,-11452.0,
N04,海工,112,附表三,自強活動-執行率,非收支,100.0,,,,100.0,,100.0,
N04,海工,113,附表三,自強活動-執行率,非收支,100.0,100.0,0.0,0.0,100.0,0.0,100.0,
N04,海工,112,附表三,自強活動-決算數,非收支,7000.0,,,,7000.0,,7000.0,
N04,海工,113,附表三,自強活動-決算數,非收支,7000.0,7000.0,0.0,0.0,7000.0,0.0,7000.0,
N04,海工,110,附表三,藥品費-執行率,非收支,116.0,,,,116.0,,116.0,
N04,海工,111,附表三,藥品費-執行率,非收支,98.0,116.0,-18.0,-0.15517241379310345,107.0,12.727922061357855,107.0,-0.7071067811865476
N04,海工,112,附表三,藥品費-執行率,非收支,102.0,98.0,4.0,0.04081632653061224,105.33333333333333,9.451631252505216,105.33333333333333,-0.35267280792929867
N04,海工,113,附表三,藥品費-執行率,非收支,98.0,102.0,-4.0,-0.0392156862745098,103.5,8.54400374531753,99.33333333333333,-0.6437263095787181
N04,海工,110,附表三,藥品費-決算數,非收支,4853.0,,,,4853.0,,4853.0,
N04,海工,111,附表三,藥品費-決算數,非收支,4122.0,4853.0,-731.0,-0.150628477230579,4487.5,516.8950570473662,4487.5,-0.7071067811865476
N04,海工,112,附表三,藥品費-決算數,非收支,4270.0,4122.0,148.0,0.035904900533721494,4415.0,386.4699212099177,4415.0,-0.3751909063092152
N04,海工,113,附表三,藥品費-決算數,非收支,3305.0,4270.0,-965.0,-0.2259953161592506,4137.5,638.4337605943679,3899.0,-1.3039723952332356
N04,海工,110,附表三,行政管理費-執行率,非收支,100.0,,,,100.0,,100.0,
N04,海工,111,附表三,行政管理費-執行率,非收支,100.0,100.0,0.0,0.0,100.0,0.0,100.0,
N04,海工,112,附表三,行政管理費-執行率,非收支,100.0,100.0,0.0,0.0,100.0,0.0,100.0,
N04,海工,113,附表三,行政管理費-執行率,非收支,100.0,100.0,0.0,0.0,100.0,0.0,100.0,
N04,海工,110,附表三,行政管理費-決算數,非收支,90012.0,,,,90012.0,,90012.0,
N04,海工,111,附表三,行政管理費-決算數,非收支,90012.0,90012.0,0.0,0.0,90012.0,0.0,90012.0,
N04,海工,112,附表三,行政管理費-決算數,非收支,90012.0,90012.0,0.0,0.0,90012.0,0.0,90012.0,
N04,海工,113,附表三,行政管理費-決算數,非收支,138456.0,90012.0,48444.0,0.5381949073456872,102123.0,24222.0,106160.0,1.5
N04,海工,112,附表三,資遣費-執行率,非收支,100.0,,,,100.0,,100.0,
N04,海工,113,附表三,資遣費-執行率,非收支,100.0,100.0,0.0,0.0,100.0,0.0,100.0,
N04,海工,112,附表三,資遣費-決算數,非收支,26903.0,,,,26903.0,,26903.0,
N04,海工,113,附表三,資遣費-決算數,非收支,32043.0,26903.0,5140.0,0.19105675946920417,29473.0,3634.528855298854,29473.0,0.7071067811865476
N04,海工,112,附表三,轉學/轉出退費-執行率,非收支,,,,,,,,
N04,海工,112,附表三,轉學/轉出退費-決算數,非收支,,,,,,,,
N04,海工,110,附表三,辦公文具-執行率,非收支,111.0,,,,111.0,,111.0,
N04,海工,111,附表三,辦公文具-執行率,非收支,114.0,111.0,3.0,0.02702702702702703,112.5,2.1213203435596424,112.5,0.7071067811865476
N04,海工,112,附表三,辦公文具-執行率,非收支,103.0,114.0,-11.0,-0.09649122807017543,109.33333333333333,5.686240703077325,109.33333333333333,-1.113799725345043
N04,海工,113,附表三,辦公文具-執行率,非收支,106.0,103.0,3.0,0.02912621359223301,108.5,4.932882862316245,107.66666666666667,-0.5068030337996147
N04,海工,110,附表三,辦公文具-決算數,非收支,13298.0,,,,13298.0,,13298.0,
N04,海工,111,附表三,辦公文具-決算數,非收支,13684.0,13298.0,386.0,0.02902692134155512,13491.0,272.94321753800733,13491.0,0.7071067811865476
N04,海工,112,附表三,辦公文具-決算數,非收支,12340.0,13684.0,-1344.0,-0.09821689564454837,13107.333333333334,691.9894026163505,13107.333333333334,-1.108880180002923
N04,海工,113,附表三,辦公文具-決算數,非收支,12709.0,12340.0,369.0,0.029902755267423014,13007.75,599.082840682322,12911.0,-0.49867894673755037
N04,海工,110,附表三,郵資-執行率,非收支,36.0,,,,36.0,,36.0,
N04,海工,111,附表三,郵資-執行率,非收支,60.0,36.0,24.0,0.6666666666666666,48.0,16.97056274847714,48.0,0.7071067811865476
N04,海工,112,附表三,郵資-執行率,非收支,69.0,60.0,9.0,0.15,55.0,17.05872210923198,55.0,0.8206945344647689
N04,海工,113,附表三,郵資-執行率,非收支,57.0,69.0,-12.0,-0.17391304347826086,55.5,13.96424004376894,62.0,0.10741723110591493
N04,海工,110,附表三,郵資-決算數,非收支,2165.0,,,,2165.0,,2165.0,
N04,海工,111,附表三,郵資-決算數,非收支,3591.0,2165.0,1426.0,0.6586605080831409,2878.0,1008.3342699720167,2878.0,0.7071067811865476
N04,海工,112,附表三,郵資-決算數,非收支,4154.0,3591.0,563.0,0.1567808409913673,3303.3333333333335,1025.2289175268777,3303.3333333333335,0.8297333913665824
N04,海工,113,附表三,郵資-決算數,非收支,3429.0,4154.0,-725.0,-0.1745305729417429,3334.75,839.4507628999651,3724.6666666666665,0.11227579289392045
N04,海工,110,附表三,雜支-執行率,非收支,31.0,,,,31.0,,31.0,
N04,海工,111,附表三,雜支-執行率,非收支,65.0,31.0,34.0,1.096774193548387,48.0,24.041630560342615,48.0,0.7071067811865476
N04,海工,112,附表三,雜支-執行率,非收支,19.0,65.0,-46.0,-0.7076923076923077,38.333333333333336,23.86070689089771,38.333333333333336,-0.8102581965293133
N04,海工,113,附表三,雜支-執行率,非收支,38.0,19.0,19.0,1.0,38.25,19.4828984838841,40.666666666666664,-0.012831766290154182
N04,海工,110,附表三,雜支-決算數,非收支,10488.0,,,,10488.0,,10488.0,
N04,海工,111,附表三,雜支-決算數,非收支,22233.0,10488.0,11745.0,1.1198512585812357,16360.5,8304.969145036,16360.5,0.7071067811865476
N04,海工,112,附表三,雜支-決算數,非收支,6373.0,22233.0,-15860.0,-0.7133540232987001,13031.333333333334,8230.207065033865,13031.333333333334,-0.8090116422005158
N04,海工,113,附表三,雜支-決算數,非收支,12400.0,6373.0,6027.0,0.9457084575553115,12873.5,6727.346009633617,13668.666666666666,-0.07038436841541136
N04,海工,112,附表三,電話費(含ADSL)-執行率,非收支,50.0,,,,50.0,,50.0,
N04,海工,112,附表三,電話費(含ADSL)-決算數,非收支,18115.0,,,,18115.0,,18115.0,
N04,海工,110,附表三,電話費(含網路)-執行率,非收支,65.0,,,,65.0,,65.0,
N04,海工,111,附表三,電話費(含網路)-執行率,非收支,53.0,65.0,-12.0,-0.18461538461538463,59.0,8.48528137423857,59.0,-0.7071067811865476
N04,海工,110,附表三,電話費(含網路)-決算數,非收支,23356.0,,,,23356.0,,23356.0,
N04,海工,111,附表三,電話費(含網路)-決算數,非收支,19200.0,23356.0,-4156.0,-0.1779414283267683,21278.0,2938.7357826112916,21278.0,-0.7071067811865475
N04,海工,113,附表三,電話費（含ADSL）-執行率,非收支,49.0,,,,49.0,,49.0,
N04,海工,113,附表三,電話費（含ADSL）-決算數,非收支,17811.0,,,,17811.0,,17811.0,
N04,海工,110,附表三,電費-執行率,非收支,49.0,,,,49.0,,49.0,
N04,海工,111,附表三,電費-執行率,非收支,56.0,49.0,7.0,0.14285714285714285,52.5,4.949747468305833,52.5,0.7071067811865476
N04,海工,112,附表三,電費-執行率,非收支,62.0,56.0,6.0,0.10714285714285714,55.666666666666664,6.5064070986477125,55.666666666666664,0.9733994871992642
N04,海工,113,附表三,電費-執行率,非收支,61.0,62.0,-1.0,-0.016129032258064516,57.0,5.94418483337567,59.666666666666664,0.6729265849104531
N04,海工,110,附表三,電費-決算數,非收支,70664.0,,,,70664.0,,70664.0,
N04,海工,111,附表三,電費-決算數,非收支,80012.0,70664.0,9348.0,0.13228801086833467,75338.0,6610.034190531846,75338.0,0.7071067811865475
N04,海工,112,附表三,電費-決算數,非收支,89776.0,80012.0,9764.0,0.12203169524571314,80150.66666666667,9556.754539765752,80150.66666666667,1.0071759500866344
N04,海工,113,附表三,電費-決算數,非收支,87516.0,89776.0,-2260.0,-0.025173765817144894,81992.0,8628.426198714726,85768.0,0.6402094510378781
N04,海工,110,附表三,餐點費-執行率,非收支,99.0,,,,99.0,,99.0,
N04,海工,111,附表三,餐點費-執行率,非收支,109.0,99.0,10.0,0.10101010101010101,104.0,7.0710678118654755,104.0,0.7071067811865475
N04,海工,112,附表三,餐點費-執行率,非收支,120.0,109.0,11.0,0.10091743119266056,109.33333333333333,10.503967504392488,109.33333333333333,1.0154893055606034
N04,海工,113,附表三,餐點費-執行率,非收支,100.0,120.0,-20.0,-0.16666666666666666,107.0,9.76387901058454,109.66666666666667,-0.7169281790988647
N04,海工,110,附表三,餐點費-決算數,非收支,744733.0,,,,744733.0,,744733.0,
N04,海工,111,附表三,餐點費-決算數,非收支,821125.0,744733.0,76392.0,0.10257635958121904,782929.0,54017.301228402735,782929.0,0.7071067811865476
N04,海工,112,附表三,餐點費-決算數,非收支,897630.0,821125.0,76505.0,0.09317095448317857,821162.6666666666,76448.50695947786,821162.6666666666,1.0002462621521895
N04,海工,113,附表三,餐點費-決算數,非收支,690645.0,897630.0,-206985.0,-0.23059055512850507,788533.25,90304.84375482488,803133.3333333334,-1.0839756310942064
N04,海工,112,附表二,事務機器耗材-差異率,非收支,-10.0,,,,-10.0,,-10.0,
N04,海工,113,附表二,事務機器耗材-差異率,非收支,9.0,-10.0,19.0,1.9,-0.5,13.435028842544403,-0.5,0.7071067811865475
N04,海工,112,附表二,事務機器耗材-決算數,非收支,49602.0,,,,49602.0,,49602.0,
N04,海工,113,附表二,事務機器耗材-決算數,非收支,60076.0,49602.0,10474.0,0.21116084028869803,54839.0,7406.236426147899,54839.0,0.7071067811865476
N04,海工,110,附表二,五日未上課退費-差異率,非收支,,,,,,,,
N04,海工,111,附表二,五日未上課退費-差異率,非收支,,,,,,,,
N04,海工,110,附表二,五日未上課退費-決算數,非收支,-44439.0,,,,-44439.0,,-44439.0,
N04,海工,111,附表二,五日未上課退費-決算數,非收支,-33835.0,-44439.0,10604.0,0.23861923085577982,-39137.0,7498.16030770215,-39137.0,0.7071067811865476
N04,海工,110,附表二,人事費-差異率,非收支,84.0,,,,84.0,,84.0,
N04,海工,111,附表二,人事費-差異率,非收支,86.0,84.0,2.0,0.023809523809523808,85.0,1.4142135623730951,85.0,0.7071067811865475
N04,海工,112,附表二,人事費-差異率,非收支,-39.0,86.0,-125.0,-1.4534883720930232,43.666666666666664,71.59841711471933,43.666666666666664,-1.154587908475869
N04,海工,112,附表二,人事費-差異率,非收支,-36.0,86.0,-122.0,-1.4186046511627908,23.75,70.7407237735097,3.6666666666666665,-0.8446337104395673
N04,海工,113,附表二,人事費-差異率,非收支,-11.0,-39.0,28.0,0.717948717948718,16.8,63.20363913573331,-28.666666666666668,-0.43984809071354203
N04,海工,113,附表二,人事費-差異率,非收支,-11.0,-36.0,25.0,0.6944444444444444,12.166666666666666,57.65905537438735,-19.333333333333332,-0.40178713501708696
N04,海工,113,附表二,人事費-差異率,非收支,-6.0,-39.0,33.0,0.8461538461538461,9.571428571428571,53.08124949187846,-9.333333333333334,-0.29335082953936553
N04,海工,113,附表二,人事費-差異率,非收支,-6.0,-36.0,30.0,0.8333333333333334,7.625,49.45109416671904,-7.666666666666667,-0.2755247427703982
N04,海工,110,附表二,人事費-決算數,非收支,3798440.0,,,,3798440.0,,3798440.0,
N04,海工,111,附表二,人事費-決算數,非收支,4018956.0,3798440.0,220516.0,0.058054359157970116,3908698.0,155928.35896013273,3908698.0,0.7071067811865475
N04,海工,112,附表二,人事費-決算數,非收支,2899218.0,4018956.0,-1119738.0,-0.2786141475547381,3572204.6666666665,593161.1220379614,3572204.6666666665,-1.1345764947548205
N04,海工,112,附表二,人事費-決算數,非收支,2787695.0,4018956.0,-1231261.0,-0.30636339387641964,3376077.25,623236.6581577044,3235289.6666666665,-0.9440751635811435
N04,海工,113,附表二,人事費-決算數,非收支,5072224.0,2899218.0,2173006.0,0.7495145242613698,3715306.6,930967.619501774,3586379.0,1.4575344744279952
N04,海工,113,附表二,人事費-決算數,非收支,5072224.0,2787695.0,2284529.0,0.8195046445181413,3941459.5,1000115.6792687033,4310714.333333333,1.1306337091193577
N04,海工,113,附表二,人事費-決算數,非收支,4904623.0,2899218.0,2005405.0,0.6917054874797273,4079054.285714286,982879.656242939,5016357.0,0.8399489286831446
N04,海工,113,附表二,人事費-決算數,非收支,4904623.0,2787695.0,2116928.0,0.7593829310595313,4182250.375,955636.1195704651,4960490.0,0.7559076202819633
N04,海工,110,附表二,代課費及廚工代班費-差異率,非收支,,,,,,,,
N04,海工,111,附表二,代課費及廚工代班費-差異率,非收支,,,,,,,,
N04,海工,110,附表二,代課費及廚工代班費-決算數,非收支,,,,,,,,
N04,海工,111,附表二,代課費及廚工代班費-決算數,非收支,,,,,,,,
N04,海工,112,附表二,保全-差異率,非收支,,,,,,,,
N04,海工,113,附表二,保全-差異率,非收支,,,,,,,,
N04,海工,112,附表二,保全-決算數,非收支,,,,,,,,
N04,海工,113,附表二,保全-決算數,非收支,,,,,,,,
N04,海工,110,附表二,保險費-差異率,非收支,98.0,,,,98.0,,98.0,
N04,海工,111,附表二,保險費-差異率,非收支,98.0,98.0,0.0,0.0,98.0,0.0,98.0,
N04,海工,110,附表二,保險費-決算數,非收支,6860.0,,,,6860.0,,6860.0,
N04,海工,111,附表二,保險費-決算數,非收支,6860.0,6860.0,0.0,0.0,6860.0,0.0,6860.0,
N04,海工,112,附表二,修繕購置費-差異率,非收支,71.0,,,,71.0,,71.0,
N04,海工,113,附表二,修繕購置費-差異率,非收支,248.0,71.0,177.0,2.492957746478873,159.5,125.15790027001891,159.5,0.7071067811865475
N04,海工,112,附表二,修繕購置費-決算數,非收支,143845.0,,,,143845.0,,143845.0,
N04,海工,113,附表二,修繕購置費-決算數,非收支,234047.0,143845.0,90202.0,0.6270777573082137,188946.0,63782.44587658896,188946.0,0.7071067811865476
N04,海工,110,附表二,健康檢查-差異率,非收支,100.0,,,,100.0,,100.0,
N04,海工,111,附表二,健康檢查-差異率,非收支,14.0,100.0,-86.0,-0.86,57.0,60.81118318204309,57.0,-0.7071067811865475
N04,海工,110,附表二,健康檢查-決算數,非收支,1000.0,,,,1000.0,,1000.0,
N04,海工,111,附表二,健康檢查-決算數,非收支,1000.0,1000.0,0.0,0.0,1000.0,0.0,1000.0,
N04,海工,110,附表二,其他收入-差異率,非收支,,,,,,,,
N04,海工,111,附表二,其他收入-差異率,非收支,,,,,,,,
N04,海工,110,附表二,其他收入-決算數,非收支,765804.0,,,,765804.0,,765804.0,
N04,海工,111,附表二,其他收入-決算數,非收支,1219083.0,765804.0,453279.0,0.591899493865271,992443.5,320516.65466945706,992443.5,0.7071067811865476
N04,海工,110,附表二,利息收入-差異率,非收支,,,,,,,,
N04,海工,111,附表二,利息收入-差異率,非收支,,,,,,,,
N04,海工,110,附表二,利息收入-決算數,非收支,11066.0,,,,11066.0,,11066.0,
N04,海工,111,附表二,利息收入-決算數,非收支,32860.0,11066.0,21794.0,1.9694559913247787,21963.0,15410.685189179616,21963.0,0.7071067811865476
N04,海工,110,附表二,加班費-差異率,非收支,28.0,,,,28.0,,28.0,
N04,海工,111,附表二,加班費-差異率,非收支,24.0,28.0,-4.0,-0.14285714285714285,26.0,2.8284271247461903,26.0,-0.7071067811865475
N04,海工,112,附表二,加班費-差異率,非收支,-77.0,24.0,-101.0,-4.208333333333333,-8.333333333333334,59.50070027599115,-8.333333333333334,-1.154048042261009
N04,海工,113,附表二,加班費-差異率,非收支,-68.0,-77.0,9.0,0.11688311688311688,-23.25,57.01096385784054,-40.333333333333336,-0.7849367379858054
N04,海工,110,附表二,加班費-決算數,非收支,95617.0,,,,95617.0,,95617.0,
N04,海工,111,附表二,加班費-決算數,非收支,85669.0,95617.0,-9948.0,-0.10404007655542424,90643.0,7034.298259243775,90643.0,-0.7071067811865476
N04,海工,112,附表二,加班費-決算數,非收支,84620.0,85669.0,-1049.0,-0.012244802670744376,88635.33333333333,6069.0075245737935,88635.33333333333,-0.6616128447814558
N04,海工,113,附表二,加班費-決算數,非收支,135558.0,84620.0,50938.0,0.6019617111793902,100366.0,23978.936520760606,101949.0,1.4676213838562562
N04,海工,110,附表二,勞、健保費-差異率,非收支,84.0,,,,84.0,,84.0,
N04,海工,111,附表二,勞、健保費-差異率,非收支,85.0,84.0,1.0,0.011904761904761904,84.5,0.7071067811865476,84.5,0.7071067811865475
N04,海工,110,附表二,勞、健保費-決算數,非收支,342192.0,,,,342192.0,,342192.0,
N04,海工,111,附表二,勞、健保費-決算數,非收支,354816.0,342192.0,12624.0,0.03689156964511152,348504.0,8926.516005698975,348504.0,0.7071067811865476
N04,海工,110,附表二,勞退金提撥-差異率,非收支,92.0,,,,92.0,,92.0,
N04,海工,111,附表二,勞退金提撥-差異率,非收支,94.0,92.0,2.0,0.021739130434782608,93.0,1.4142135623730951,93.0,0.7071067811865475
N04,海工,110,附表二,勞退金提撥-決算數,非收支,173839.0,,,,173839.0,,173839.0,
N04,海工,111,附表二,勞退金提撥-決算數,非收支,182192.0,173839.0,8353.0,0.048050207375790244,178015.5,5906.462943251231,178015.5,0.7071067811865476
N04,海工,112,附表二,合計-差異率,非收支,-29.0,,,,-29.0,,-29.0,
N04,海工,113,附表二,合計-差異率,非收支,-9.0,-29.0,20.0,0.6896551724137931,-19.0,14.142135623730951,-19.0,0.7071067811865475
N04,海工,112,附表二,合計-決算數,非收支,4655946.0,,,,4655946.0,,4655946.0,
N04,海工,113,附表二,合計-決算數,非收支,6761395.0,4655946.0,2105449.0,0.4522064903673711,5708670.5,1488777.2653424353,5708670.5,0.7071067811865475
N04,海工,112,附表二,園務特支-差異率,非收支,,,,,,,,
N04,海工,113,附表二,園務特支-差異率,非收支,,,,,,,,
N04,海工,112,附表二,園務特支-決算數,非收支,35984.0,,,,35984.0,,35984.0,
N04,海工,113,附表二,園務特支-決算數,非收支,35875.0,35984.0,-109.0,-0.003029124055135616,35929.5,77.07463914933368,35929.5,-0.7071067811865476
N04,海工,110,附表二,園長及教保服務人員薪資(含職務加給)-差異率,非收支,88.0,,,,88.0,,88.0,
N04,海工,111,附表二,園長及教保服務人員薪資(含職務加給)-差異率,非收支,94.0,88.0,6.0,0.06818181818181818,91.0,4.242640687119285,91.0,0.7071067811865476
N04,海工,110,附表二,園長及教保服務人員薪資(含職務加給)-決算數,非收支,2326567.0,,,,2326567.0,,2326567.0,
N04,海工,111,附表二,園長及教保服務人員薪資(含職務加給)-決算數,非收支,2551468.0,2326567.0,224901.0,0.09666646178683012,2439017.5,159029.0221956357,2439017.5,0.7071067811865476
N04,海工,112,附表二,差旅費-差異率,非收支,,,,,,,,
N04,海工,113,附表二,差旅費-差異率,非收支,,,,,,,,
N04,海工,112,附表二,差旅費-決算數,非收支,,,,,,,,
N04,海工,113,附表二,差旅費-決算數,非收支,,,,,,,,
N04,海工,110,附表二,延後托育收入-差異率,非收支,,,,,,,,
N04,海工,111,附表二,延後托育收入-差異率,非收支,,,,,,,,
N04,海工,110,附表二,延後托育收入-決算數,非收支,223200.0,,,,223200.0,,223200.0,
N04,海工,111,附表二,延後托育收入-決算數,非收支,337200.0,223200.0,114000.0,0.510752688172043,280200.0,80610.17305526642,280200.0,0.7071067811865475
N04,海工,110,附表二,延後托育收入淨額-差異率,非收支,,,,,,,,
N04,海工,110,附表二,延後托育收入淨額-差異率,非收支,,,,,,,,
N04,海工,111,附表二,延後托育收入淨額-差異率,非收支,,,,,,,,
N04,海工,111,附表二,延後托育收入淨額-差異率,非收支,,,,,,,,
N04,海工,111,附表二,延後托育收入淨額-差異率,非收支,,,,,,,,
N04,海工,111,附表二,延後托育收入淨額-差異率,非收支,,,,,,,,
N04,海工,110,附表二,延後托育收入淨額-決算數,非收支,223200.0,,,,223200.0,,223200.0,
N04,海工,110,附表二,延後托育收入淨額-決算數,非收支,223200.0,,,,223200.0,0.0,223200.0,
N04,海工,111,附表二,延後托育收入淨額-決算數,非收支,332867.0,223200.0,109667.0,0.49133960573476704,259755.66666666666,63316.271971218695,259755.66666666666,1.1547005383792515
N04,海工,111,附表二,延後托育收入淨額-決算數,非收支,332867.0,223200.0,109667.0,0.49133960573476704,278033.5,63316.271971218695,296311.3333333333,0.8660254037844386
N04,海工,111,附表二,延後托育收入淨額-決算數,非收支,332867.0,223200.0,109667.0,0.49133960573476704,289000.2,60067.08971391906,332867.0,0.7302967433402212
N04,海工,111,附表二,延後托育收入淨額-決算數,非收支,332867.0,223200.0,109667.0,0.49133960573476704,296311.3333333333,56631.79528380384,332867.0,0.6454972243679031
N04,海工,110,附表二,延後托育收入退費-差異率,非收支,,,,,,,,
N04,海工,111,附表二,延後托育收入退費-差異率,非收支,,,,,,,,
N04,海工,110,附表二,延後托育收入退費-決算數,非收支,,,,,,,,
N04,海工,111,附表二,延後托育收入退費-決算數,非收支,-4333.0,,,,-4333.0,,-4333.0,
N04,海工,112,附表二,攝影照片-差異率,非收支,18.0,,,,18.0,,18.0,
N04,海工,113,附表二,攝影照片-差異率,非收支,10.0,18.0,-8.0,-0.4444444444444444,14.0,5.656854249492381,14.0,-0.7071067811865475
N04,海工,112,附表二,攝影照片-決算數,非收支,9420.0,,,,9420.0,,9420.0,
N04,海工,113,附表二,攝影照片-決算數,非收支,8784.0,9420.0,-636.0,-0.06751592356687898,9102.0,449.7199128346442,9102.0,-0.7071067811865476
N04,海工,110,附表二,支出-差異率,非收支,107.0,,,,107.0,,107.0,
N04,海工,111,附表二,支出-差異率,非收支,119.0,107.0,12.0,0.11214953271028037,113.0,8.48528137423857,113.0,0.7071067811865476
N04,海工,110,附表二,支出-決算數,非收支,6790138.0,,,,6790138.0,,6790138.0,
N04,海工,111,附表二,支出-決算數,非收支,7679993.0,6790138.0,889855.0,0.13105109203966106,7235065.5,629222.5047727552,7235065.5,0.7071067811865476
N04,海工,110,附表二,收入-差異率,非收支,112.0,,,,112.0,,112.0,
N04,海工,111,附表二,收入-差異率,非收支,121.0,112.0,9.0,0.08035714285714286,116.5,6.363961030678928,116.5,0.7071067811865476
N04,海工,110,附表二,收入-決算數,非收支,7163219.0,,,,7163219.0,,7163219.0,
N04,海工,111,附表二,收入-決算數,非收支,7765295.0,7163219.0,602076.0,0.08405103906497903,7464257.0,425732.02238967177,7464257.0,0.7071067811865476
N04,海工,110,附表二,政府學費差額補助退費-差異率,非收支,,,,,,,,
N04,海工,110,附表二,政府學費差額補助退費-決算數,非收支,,,,,,,,
N04,海工,112,附表二,教保材料費-差異率,非收支,7.0,,,,7.0,,7.0,
N04,海工,113,附表二,教保材料費-差異率,非收支,18.0,7.0,11.0,1.5714285714285714,12.5,7.7781745930520225,12.5,0.7071067811865476
N04,海工,112,附表二,教保材料費-決算數,非收支,154696.0,,,,154696.0,,154696.0,
N04,海工,113,附表二,教保材料費-決算數,非收支,136132.0,154696.0,-18564.0,-0.12000310285980245,145414.0,13126.730285947067,145414.0,-0.7071067811865476
N04,海工,111,附表二,教保費收入 (家長繳費)-差異率,非收支,69.0,,,,69.0,,69.0,
N04,海工,111,附表二,教保費收入 (家長繳費)-決算數,非收支,990000.0,,,,990000.0,,990000.0,
N04,海工,111,附表二,教保費收入 (政府學費差額補助)-差異率,非收支,105.0,,,,105.0,,105.0,
N04,海工,111,附表二,教保費收入 (政府學費差額補助)-決算數,非收支,5224320.0,,,,5224320.0,,5224320.0,
N04,海工,110,附表二,教保費收入(家長繳費)-差異率,非收支,64.0,,,,64.0,,64.0,
N04,海工,110,附表二,教保費收入(家長繳費)-決算數,非收支,1157666.0,,,,1157666.0,,1157666.0,
N04,海工,110,附表二,教保費收入(政府學費差額補助)-差異率,非收支,110.0,,,,110.0,,110.0,
N04,海工,110,附表二,教保費收入(政府學費差額補助)-決算數,非收支,5053255.0,,,,5053255.0,,5053255.0,
N04,海工,110,附表二,教保費收入-差異率,非收支,97.0,,,,97.0,,97.0,
N04,海工,111,附表二,教保費收入-差異率,非收支,97.0,97.0,0.0,0.0,97.0,0.0,97.0,
N04,海工,110,附表二,教保費收入-決算數,非收支,6210921.0,,,,6210921.0,,6210921.0,
N04,海工,111,附表二,教保費收入-決算數,非收支,6214320.0,6210921.0,3399.0,0.0005472618312163365,6212620.5,2403.4559492530752,6212620.5,0.7071067811865475
N04,海工,110,附表二,教保費收入淨額-差異率,非收支,96.0,,,,96.0,,96.0,
N04,海工,111,附表二,教保費收入淨額-差異率,非收支,96.0,96.0,0.0,0.0,96.0,0.0,96.0,
N04,海工,110,附表二,教保費收入淨額-決算數,非收支,6163149.0,,,,6163149.0,,6163149.0,
N04,海工,111,附表二,教保費收入淨額-決算數,非收支,6180485.0,6163149.0,17336.0,0.0028128477828460743,6171817.0,12258.403158649988,6171817.0,0.7071067811865476
N04,海工,110,附表二,教保費收入減項-差異率,非收支,,,,,,,,
N04,海工,111,附表二,教保費收入減項-差異率,非收支,,,,,,,,
N04,海工,110,附表二,教保費收入減項-決算數,非收支,-47772.0,,,,-47772.0,,-47772.0,
N04,海工,111,附表二,教保費收入減項-決算數,非收支,-33835.0,-47772.0,13937.0,0.2917399313405342,-40803.5,9854.947209396913,-40803.5,0.7071067811865476
N04,海工,112,附表二,文宣費(一般文宣)-差異率,非收支,-3.0,,,,-3.0,,-3.0,
N04,海工,112,附表二,文宣費(一般文宣)-決算數,非收支,9700.0,,,,9700.0,,9700.0,
N04,海工,112,附表二,文宣費(園刊)-差異率,非收支,,,,,,,,
N04,海工,112,附表二,文宣費(園刊)-決算數,非收支,25000.0,,,,25000.0,,25000.0,
N04,海工,113,附表二,文宣費（一般文宣）-差異率,非收支,-63.0,,,,-63.0,,-63.0,
N04,海工,113,附表二,文宣費（一般文宣）-決算數,非收支,3690.0,,,,3690.0,,3690.0,
N04,海工,113,附表二,文宣費（園刊）-差異率,非收支,1.0,,,,1.0,,1.0,
N04,海工,113,附表二,文宣費（園刊）-決算數,非收支,25137.0,,,,25137.0,,25137.0,
N04,海工,112,附表二,日常消耗用品-差異率,非收支,16.0,,,,16.0,,16.0,
N04,海工,113,附表二,日常消耗用品-差異率,非收支,12.0,16.0,-4.0,-0.25,14.0,2.8284271247461903,14.0,-0.7071067811865475
N04,海工,112,附表二,日常消耗用品-決算數,非收支,41911.0,,,,41911.0,,41911.0,
N04,海工,113,附表二,日常消耗用品-決算數,非收支,32356.0,41911.0,-9555.0,-0.227983107060199,37133.5,6756.405294237462,37133.5,-0.7071067811865475
N04,海工,110,附表二,會計、總務、廚工、清潔薪資-差異率,非收支,98.0,,,,98.0,,98.0,
N04,海工,111,附表二,會計、總務、廚工、清潔薪資-差異率,非收支,95.0,98.0,-3.0,-0.030612244897959183,96.5,2.1213203435596424,96.5,-0.7071067811865476
N04,海工,110,附表二,會計、總務、廚工、清潔薪資-決算數,非收支,812848.0,,,,812848.0,,812848.0,
N04,海工,111,附表二,會計、總務、廚工、清潔薪資-決算數,非收支,800536.0,812848.0,-12312.0,-0.015146743302560873,806692.0,8705.898689968773,806692.0,-0.7071067811865475
N04,海工,112,附表二,材料費-差異率,非收支,18.0,,,,18.0,,18.0,
N04,海工,113,附表二,材料費-差異率,非收支,3.0,18.0,-15.0,-0.8333333333333334,10.5,10.606601717798213,10.5,-0.7071067811865475
N04,海工,112,附表二,材料費-決算數,非收支,1098507.0,,,,1098507.0,,1098507.0,
N04,海工,113,附表二,材料費-決算數,非收支,862438.0,1098507.0,-236069.0,-0.21489985953662563,980472.5,166925.9907279271,980472.5,-0.7071067811865475
N04,海工,110,附表二,業務費-差異率,非收支,63.0,,,,63.0,,63.0,
N04,海工,111,附表二,業務費-差異率,非收支,66.0,63.0,3.0,0.047619047619047616,64.5,2.1213203435596424,64.5,0.7071067811865476
N04,海工,112,附表二,業務費-差異率,非收支,-32.0,66.0,-98.0,-1.4848484848484849,32.333333333333336,55.734489621179215,32.333333333333336,-1.1542822724420634
N04,海工,113,附表二,業務費-差異率,非收支,-28.0,-32.0,4.0,0.125,17.25,54.59777162729874,2.0,-0.828788403836158
N04,海工,110,附表二,業務費-決算數,非收支,356834.0,,,,356834.0,,356834.0,
N04,海工,111,附表二,業務費-決算數,非收支,375935.0,356834.0,19101.0,0.053529091958725905,366384.5,13506.446627444244,366384.5,0.7071067811865476
N04,海工,112,附表二,業務費-決算數,非收支,384913.0,375935.0,8978.0,0.02388178807506617,372560.6666666667,14340.402865098775,372560.6666666667,0.8613658520986212
N04,海工,113,附表二,業務費-決算數,非收支,391984.0,384913.0,7071.0,0.018370384996090026,377416.5,15212.316468353303,384277.3333333333,0.9576122104943887
N04,海工,111,附表二,水費-差異率,非收支,35.0,,,,35.0,,35.0,
N04,海工,112,附表二,水費-差異率,非收支,-57.0,35.0,-92.0,-2.6285714285714286,-11.0,65.05382386916237,-11.0,-0.7071067811865476
N04,海工,113,附表二,水費-差異率,非收支,-54.0,-57.0,3.0,0.05263157894736842,-25.333333333333332,52.27172594561359,-25.333333333333332,-0.548416302467094
N04,海工,111,附表二,水費-決算數,非收支,6903.0,,,,6903.0,,6903.0,
N04,海工,112,附表二,水費-決算數,非收支,8684.0,6903.0,1781.0,0.2580037664783427,7793.5,1259.3571772932412,7793.5,0.7071067811865475
N04,海工,113,附表二,水費-決算數,非收支,9191.0,8684.0,507.0,0.058383233532934134,8259.333333333334,1201.6623208428118,8259.333333333334,0.7753148704980793
N04,海工,110,附表二,活動費-差異率,非收支,108.0,,,,108.0,,108.0,
N04,海工,111,附表二,活動費-差異率,非收支,119.0,108.0,11.0,0.10185185185185185,113.5,7.7781745930520225,113.5,0.7071067811865476
N04,海工,112,附表二,活動費-差異率,非收支,15.0,119.0,-104.0,-0.8739495798319328,80.66666666666667,57.13434460404121,80.66666666666667,-1.1493378828751273
N04,海工,113,附表二,活動費-差異率,非收支,19.0,15.0,4.0,0.26666666666666666,65.25,55.918839997505906,51.0,-0.8270915491462778
N04,海工,110,附表二,活動費-決算數,非收支,80810.0,,,,80810.0,,80810.0,
N04,海工,111,附表二,活動費-決算數,非收支,89085.0,80810.0,8275.0,0.10240069298354164,84947.5,5851.308614318681,84947.5,0.7071067811865475
N04,海工,112,附表二,活動費-決算數,非收支,85890.0,89085.0,-3195.0,-0.03586462367401919,85261.66666666667,4173.129321424551,85261.66666666667,0.15056646581918984
N04,海工,113,附表二,活動費-決算數,非收支,89486.0,85890.0,3596.0,0.04186750494818955,86317.75,4008.896803776985,88153.66666666667,0.7903047035321615
N04,海工,112,附表二,瓦斯費-差異率,非收支,10.0,,,,10.0,,10.0,
N04,海工,113,附表二,瓦斯費-差異率,非收支,2.0,10.0,-8.0,-0.8,6.0,5.656854249492381,6.0,-0.7071067811865475
N04,海工,112,附表二,瓦斯費-決算數,非收支,33048.0,,,,33048.0,,33048.0,
N04,海工,113,附表二,瓦斯費-決算數,非收支,30680.0,33048.0,-2368.0,-0.07165335269910433,31864.0,1674.4288578497446,31864.0,-0.7071067811865475
N04,海工,111,附表二,研習、進修-差異率,非收支,,,,,,,,
N04,海工,112,附表二,研習、進修-差異率,非收支,-77.0,,,,-77.0,,-77.0,
N04,海工,113,附表二,研習、進修-差異率,非收支,-46.0,-77.0,31.0,0.4025974025974026,-61.5,21.920310216782973,-61.5,0.7071067811865476
N04,海工,111,附表二,研習、進修-決算數,非收支,,,,,,,,
N04,海工,112,附表二,研習、進修-決算數,非收支,3200.0,,,,3200.0,,3200.0,
N04,海工,113,附表二,研習、進修-決算數,非收支,7600.0,3200.0,4400.0,1.375,5400.0,3111.269837220809,5400.0,0.7071067811865475
N04,海工,112,附表二,維護費-差異率,非收支,-64.0,,,,-64.0,,-64.0,
N04,海工,113,附表二,維護費-差異率,非收支,-46.0,-64.0,18.0,0.28125,-55.0,12.727922061357855,-55.0,0.7071067811865476
N04,海工,112,附表二,維護費-決算數,非收支,33078.0,,,,33078.0,,33078.0,
N04,海工,113,附表二,維護費-決算數,非收支,49846.0,33078.0,16768.0,0.5069230304129633,41462.0,11856.766506936028,41462.0,0.7071067811865476
N04,海工,110,附表二,腸病毒退費-差異率,非收支,,,,,,,,
N04,海工,110,附表二,腸病毒退費-決算數,非收支,,,,,,,,
N04,海工,110,附表二,自強活動-差異率,非收支,198.0,,,,198.0,,198.0,
N04,海工,111,附表二,自強活動-差異率,非收支,145.0,198.0,-53.0,-0.2676767676767677,171.5,37.476659402887016,171.5,-0.7071067811865476
N04,海工,110,附表二,自強活動-決算數,非收支,13850.0,,,,13850.0,,13850.0,
N04,海工,111,附表二,自強活動-決算數,非收支,10130.0,13850.0,-3720.0,-0.26859205776173284,11990.0,2630.4372260139567,11990.0,-0.7071067811865476
N04,海工,112,附表二,藥品費-差異率,非收支,2.0,,,,2.0,,2.0,
N04,海工,113,附表二,藥品費-差異率,非收支,-2.0,2.0,-4.0,-2.0,0.0,2.8284271247461903,0.0,-0.7071067811865475
N04,海工,112,附表二,藥品費-決算數,非收支,4270.0,,,,4270.0,,4270.0,
N04,海工,113,附表二,藥品費-決算數,非收支,3305.0,4270.0,-965.0,-0.2259953161592506,3787.5,682.3580438450184,3787.5,-0.7071067811865475
N04,海工,112,附表二,行政管理費-差異率,非收支,,,,,,,,
N04,海工,113,附表二,行政管理費-差異率,非收支,,,,,,,,
N04,海工,112,附表二,行政管理費-決算數,非收支,90012.0,,,,90012.0,,90012.0,
N04,海工,113,附表二,行政管理費-決算數,非收支,138456.0,90012.0,48444.0,0.5381949073456872,114234.0,34255.08090780111,114234.0,0.7071067811865476
N04,海工,110,附表二,資遣費-差異率,非收支,100.0,,,,100.0,,100.0,
N04,海工,111,附表二,資遣費-差異率,非收支,100.0,100.0,0.0,0.0,100.0,0.0,100.0,
N04,海工,112,附表二,資遣費-差異率,非收支,,100.0,,,100.0,0.0,100.0,
N04,海工,113,附表二,資遣費-差異率,非收支,,,,,100.0,0.0,100.0,
N04,海工,110,附表二,資遣費-決算數,非收支,25667.0,,,,25667.0,,25667.0,
N04,海工,111,附表二,資遣費-決算數,非收支,26285.0,25667.0,618.0,0.02407760938169634,25976.0,436.9919907732864,25976.0,0.7071067811865475
N04,海工,112,附表二,資遣費-決算數,非收支,26903.0,26285.0,618.0,0.02351150846490394,26285.0,618.0,26285.0,1.0
N04,海工,113,附表二,資遣費-決算數,非收支,32043.0,26903.0,5140.0,0.19105675946920417,27724.5,2922.8850473462003,28410.333333333332,1.4774785631480554
N04,海工,110,附表二,轉學/轉出退費-差異率,非收支,,,,,,,,
N04,海工,111,附表二,轉學/轉出退費-差異率,非收支,,,,,,,,
N04,海工,110,附表二,轉學/轉出退費-決算數,非收支,-3333.0,,,,-3333.0,,-3333.0,
N04,海工,111,附表二,轉學/轉出退費-決算數,非收支,,-3333.0,,,-3333.0,,-3333.0,
N04,海工,112,附表二,辦公文具-差異率,非收支,3.0,,,,3.0,,3.0,
N04,海工,113,附表二,辦公文具-差異率,非收支,6.0,3.0,3.0,1.0,4.5,2.1213203435596424,4.5,0.7071067811865476
N04,海工,112,附表二,辦公文具-決算數,非收支,12340.0,,,,12340.0,,12340.0,
N04,海工,113,附表二,辦公文具-決算數,非收支,12709.0,12340.0,369.0,0.029902755267423014,12524.5,260.92240225783604,12524.5,0.7071067811865475
N04,海工,113,附表二,郵費-差異率,非收支,-43.0,,,,-43.0,,-43.0,
N04,海工,113,附表二,郵費-決算數,非收支,3429.0,,,,3429.0,,3429.0,
N04,海工,112,附表二,郵資-差異率,非收支,-31.0,,,,-31.0,,-31.0,
N04,海工,112,附表二,郵資-決算數,非收支,4154.0,,,,4154.0,,4154.0,
N04,海工,112,附表二,雜支-差異率,非收支,-81.0,,,,-81.0,,-81.0,
N04,海工,113,附表二,雜支-差異率,非收支,-62.0,-81.0,19.0,0.2345679012345679,-71.5,13.435028842544403,-71.5,0.7071067811865475
N04,海工,112,附表二,雜支-決算數,非收支,6373.0,,,,6373.0,,6373.0,
N04,海工,113,附表二,雜支-決算數,非收支,12400.0,6373.0,6027.0,0.9457084575553115,9386.5,4261.732570211322,9386.5,0.7071067811865475
N04,海工,112,附表二,電話費(含ADSL)-差異率,非收支,-50.0,,,,-50.0,,-50.0,
N04,海工,112,附表二,電話費(含ADSL)-決算數,非收支,18115.0,,,,18115.0,,18115.0,
N04,海工,113,附表二,電話費（含 ADSL）-差異率,非收支,-51.0,,,,-51.0,,-51.0,
N04,海工,113,附表二,電話費（含 ADSL）-決算數,非收支,17811.0,,,,17811.0,,17811.0,
N04,海工,112,附表二,電費-差異率,非收支,-38.0,,,,-38.0,,-38.0,
N04,海工,113,附表二,電費-差異率,非收支,-39.0,-38.0,-1.0,-0.02631578947368421,-38.5,0.7071067811865476,-38.5,-0.7071067811865475
N04,海工,112,附表二,電費-決算數,非收支,89776.0,,,,89776.0,,89776.0,
N04,海工,113,附表二,電費-決算數,非收支,87516.0,89776.0,-2260.0,-0.025173765817144894,88646.0,1598.0613254815974,88646.0,-0.7071067811865476
N04,海工,112,附表二,餐點費-差異率,非收支,20.0,,,,20.0,,20.0,
N04,海工,113,附表二,餐點費-差異率,非收支,,20.0,,,20.0,,20.0,
N04,海工,112,附表二,餐點費-決算數,非收支,897630.0,,,,897630.0,,897630.0,
N04,海工,113,附表二,餐點費-決算數,非收支,690645.0,897630.0,-206985.0,-0.23059055512850507,794137.5,146360.49710389753,794137.5,-0.7071067811865476
N04,海工,110,附表四,帳面價值總額,非收支,0.0,,,,0.0,,0.0,
N04,海工,111,附表四,帳面價值總額,非收支,13200.0,0.0,13200.0,,6600.0,9333.809511662428,6600.0,0.7071067811865475
N04,海工,112,附表四,帳面價值總額,非收支,499042.0,13200.0,485842.0,36.80621212121212,170747.33333333334,284388.1170536725,170747.33333333334,1.1543895366229653
N04,海工,113,附表四,帳面價值總額,非收支,127360.0,499042.0,-371682.0,-0.7447910195935412,159900.5,233213.0983764277,213200.66666666666,-0.13953118511155235
N04,海工,110,附表四,財產筆數,非收支,10.0,,,,10.0,,10.0,
N04,海工,111,附表四,財產筆數,非收支,15.0,10.0,5.0,0.5,12.5,3.5355339059327378,12.5,0.7071067811865475
N04,海工,112,附表四,財產筆數,非收支,44.0,15.0,29.0,1.9333333333333333,23.0,18.35755975068582,23.0,1.143942892475971
N04,海工,113,附表四,財產筆數,非收支,43.0,44.0,-1.0,-0.022727272727272728,28.0,18.01850900231944,34.0,0.8324773153022328
N05,漢翔,109,收支餘絀表,人事費,收支,5793497.0,,,,5793497.0,,5793497.0,
N05,漢翔,111,收支餘絀表,人事費,收支,6412661.0,,,,6103079.0,437815.0630665875,6103079.0,0.7071067811865476
N05,漢翔,112,收支餘絀表,人事費,收支,5032018.0,6412661.0,-1380643.0,-0.21529954569561685,5746058.666666667,691542.8909072332,5746058.666666667,-1.0325327265383626
N05,漢翔,113,收支餘絀表,人事費,收支,6363884.0,5032018.0,1331866.0,0.2646783059997003,5900515.0,643621.070405561,5936187.666666667,0.7199406938433823
N05,漢翔,109,收支餘絀表,修繕購置費,收支,115271.0,,,,115271.0,,115271.0,
N05,漢翔,111,收支餘絀表,修繕購置費,收支,46170.0,,,,80720.5,48861.78568677162,80720.5,-0.7071067811865476
N05,漢翔,112,收支餘絀表,修繕購置費,收支,111709.0,46170.0,65539.0,1.4195148364739008,91050.0,38908.00381669561,91050.0,0.5309704424140907
N05,漢翔,113,收支餘絀表,修繕購置費,收支,55784.0,111709.0,-55925.0,-0.5006311040292187,82233.5,36333.793218802064,71221.0,-0.7279586758454076
N05,漢翔,109,收支餘絀表,其他支出,收支,1093143.0,,,,1093143.0,,1093143.0,
N05,漢翔,111,收支餘絀表,其他支出,收支,2463788.0,,,,1778465.5,969192.3740994354,1778465.5,0.7071067811865476
N05,漢翔,112,收支餘絀表,其他支出,收支,3729484.0,2463788.0,1265696.0,0.5137195245694841,2428805.0,1318518.6099509555,2428805.0,0.9864699596833001
N05,漢翔,113,收支餘絀表,其他支出,收支,999581.0,3729484.0,-2729903.0,-0.731978740222508,2071499.0,1292154.9934387386,2397617.6666666665,-0.8295583776272578
N05,漢翔,109,收支餘絀表,其他收入,收支,1093143.0,,,,1093143.0,,1093143.0,
N05,漢翔,111,收支餘絀表,其他收入,收支,2463788.0,,,,1778465.5,969192.3740994354,1778465.5,0.7071067811865476
N05,漢翔,112,收支餘絀表,其他收入,收支,3729484.0,2463788.0,1265696.0,0.5137195245694841,2428805.0,1318518.6099509555,2428805.0,0.9864699596833001
N05,漢翔,113,收支餘絀表,其他收入,收支,999581.0,3729484.0,-2729903.0,-0.731978740222508,2071499.0,1292154.9934387386,2397617.6666666665,-0.8295583776272578
N05,漢翔,109,收支餘絀表,利息收入,收支,2470.0,,,,2470.0,,2470.0,
N05,漢翔,111,收支餘絀表,利息收入,收支,39517.0,,,,20993.5,26196.184922618027,20993.5,0.7071067811865475
N05,漢翔,112,收支餘絀表,利息收入,收支,71207.0,39517.0,31690.0,0.8019333451425968,37731.333333333336,34403.2737734846,37731.333333333336,0.9730372431145531
N05,漢翔,113,收支餘絀表,利息收入,收支,105887.0,71207.0,34680.0,0.48703076944682405,54770.25,44162.83002235401,72203.66666666667,1.1574609230007702
N05,漢翔,109,收支餘絀表,延後托育支出,收支,357729.0,,,,357729.0,,357729.0,
N05,漢翔,111,收支餘絀表,延後托育支出,收支,408622.0,,,,383175.5,35986.78541492696,383175.5,0.7071067811865476
N05,漢翔,109,收支餘絀表,延後托育收入淨額,收支,408450.0,,,,408450.0,,408450.0,
N05,漢翔,111,收支餘絀表,延後托育收入淨額,收支,490290.0,,,,449370.0,57869.61897230705,449370.0,0.7071067811865476
N05,漢翔,112,收支餘絀表,延長照顧服務支出,收支,168240.0,,,,168240.0,,168240.0,
N05,漢翔,113,收支餘絀表,延長照顧服務支出,收支,127995.0,168240.0,-40245.0,-0.23921184022824538,148117.5,28457.512408852606,148117.5,-0.7071067811865475
N05,漢翔,112,收支餘絀表,延長照顧服務收入淨額,收支,168240.0,,,,168240.0,,168240.0,
N05,漢翔,113,收支餘絀表,延長照顧服務收入淨額,收支,127995.0,168240.0,-40245.0,-0.23921184022824538,148117.5,28457.512408852606,148117.5,-0.7071067811865475
N05,漢翔,109,收支餘絀表,所得稅費用,收支,13008.0,,,,13008.0,,13008.0,
N05,漢翔,110,收支餘絀表,所得稅費用,收支,,13008.0,,,13008.0,,13008.0,
N05,漢翔,111,收支餘絀表,所得稅費用,收支,,,,,13008.0,,13008.0,
N05,漢翔,112,收支餘絀表,所得稅費用,收支,,,,,13008.0,,,
N05,漢翔,113,收支餘絀表,所得稅費用,收支,,,,,13008.0,,,
N05,漢翔,110,收支餘絀表,支出 人事費,收支,7006576.0,,,,7006576.0,,7006576.0,
N05,漢翔,110,收支餘絀表,支出 修繕購置費,收支,106400.0,,,,106400.0,,106400.0,
N05,漢翔,110,收支餘絀表,支出 其他支出,收支,,,,,,,,
N05,漢翔,110,收支餘絀表,支出 延後托育支出,收支,,,,,,,,
N05,漢翔,110,收支餘絀表,支出 材料費,收支,1183320.0,,,,1183320.0,,1183320.0,
N05,漢翔,110,收支餘絀表,支出 業務發展費,收支,,,,,,,,
N05,漢翔,110,收支餘絀表,支出 業務費,收支,694700.0,,,,694700.0,,694700.0,
N05,漢翔,110,收支餘絀表,支出 維護費,收支,118000.0,,,,118000.0,,118000.0,
N05,漢翔,110,收支餘絀表,支出 行政管理費,收支,112681.0,,,,112681.0,,112681.0,
N05,漢翔,110,收支餘絀表,支出 雜支,收支,41682.0,,,,41682.0,,41682.0,
N05,漢翔,109,收支餘絀表,支出合計,收支,10331296.0,,,,10331296.0,,10331296.0,
N05,漢翔,110,收支餘絀表,支出合計,收支,9263359.0,10331296.0,-1067937.0,-0.10336912232502099,9797327.5,755145.494580018,9797327.5,-0.7071067811865476
N05,漢翔,111,收支餘絀表,支出合計,收支,11869873.0,9263359.0,2606514.0,0.2813789252904913,10488176.0,1310319.5445573572,10488176.0,1.0544733196868823
N05,漢翔,112,收支餘絀表,支出合計,收支,12653515.0,11869873.0,783642.0,0.06601940896924507,11029510.75,1522103.1892733981,11262249.0,1.0669475377521849
N05,漢翔,113,收支餘絀表,支出合計,收支,11597650.0,12653515.0,-1055865.0,-0.08344440260275504,11143138.6,1342443.6787349032,12040346.0,0.33857018152770807
N05,漢翔,110,收支餘絀表,收入 其他收入,收支,,,,,,,,
N05,漢翔,110,收支餘絀表,收入 利息收入,收支,,,,,,,,
N05,漢翔,110,收支餘絀表,收入 延後托育收入淨額,收支,,,,,,,,
N05,漢翔,110,收支餘絀表,收入 教保費收入,收支,9343440.0,,,,9343440.0,,9343440.0,
N05,漢翔,110,收支餘絀表,收入 教保費收入減項,收支,,,,,,,,
N05,漢翔,109,收支餘絀表,收入合計,收支,9992126.0,,,,9992126.0,,9992126.0,
N05,漢翔,110,收支餘絀表,收入合計,收支,9343440.0,9992126.0,-648686.0,-0.06491971778578452,9667783.0,458690.26946077676,9667783.0,-0.7071067811865476
N05,漢翔,111,收支餘絀表,收入合計,收支,11976524.0,9343440.0,2633084.0,0.2818109818225407,10437363.333333334,1371845.490574406,10437363.333333334,1.1219635718758703
N05,漢翔,112,收支餘絀表,收入合計,收支,12921591.0,11976524.0,945067.0,0.07890995751354901,11058420.25,1672568.92482719,11413851.666666666,1.1139575310431544
N05,漢翔,113,收支餘絀表,收入合計,收支,13204495.0,12921591.0,282904.0,0.021893898359729852,11487635.2,1737596.752051724,12700870.0,0.9880657281229162
N05,漢翔,109,收支餘絀表,教保費收入,收支,9030766.0,,,,9030766.0,,9030766.0,
N05,漢翔,111,收支餘絀表,教保費收入,收支,9024121.0,,,,9027443.5,4698.724560984609,9027443.5,-0.7071067811865475
N05,漢翔,112,收支餘絀表,教保費收入,收支,9017887.0,9024121.0,-6234.0,-0.000690815205159594,9024258.0,6440.592907489186,9024258.0,-0.9891946427155391
N05,漢翔,113,收支餘絀表,教保費收入,收支,12232000.0,9017887.0,3214113.0,0.35641531103683155,9826193.5,1603879.6210436118,10091336.0,1.4999919373216992
N05,漢翔,109,收支餘絀表,教保費收入減項,收支,-542703.0,,,,-542703.0,,-542703.0,
N05,漢翔,111,收支餘絀表,教保費收入減項,收支,-41192.0,,,,-291947.5,354621.82893964666,-291947.5,0.7071067811865475
N05,漢翔,112,收支餘絀表,教保費收入減項,收支,-65227.0,-41192.0,-24035.0,-0.5834870848708487,-216374.0,282864.60097898426,-216374.0,0.5343439917079961
N05,漢翔,113,收支餘絀表,教保費收入減項,收支,-260968.0,-65227.0,-195741.0,-3.000919864473301,-227522.5,232031.77483626388,-122462.33333333333,-0.14414189618469814
N05,漢翔,109,收支餘絀表,本期稅前餘絀,收支,-339170.0,,,,-339170.0,,-339170.0,
N05,漢翔,110,收支餘絀表,本期稅前餘絀,收支,80081.0,-339170.0,419251.0,1.2361087360320784,-129544.5,296455.2251192412,-129544.5,0.7071067811865476
N05,漢翔,111,收支餘絀表,本期稅前餘絀,收支,106651.0,80081.0,26570.0,0.3317890635731322,-50812.666666666664,250077.8978445183,-50812.666666666664,0.629658470516123
N05,漢翔,112,收支餘絀表,本期稅前餘絀,收支,268076.0,106651.0,161425.0,1.5135816823095891,28909.5,259065.88369048777,151602.66666666666,0.9231879419743974
N05,漢翔,113,收支餘絀表,本期稅前餘絀,收支,1606845.0,268076.0,1338769.0,4.993990510153837,344496.6,740481.2202218906,660524.0,1.7047676099357767
N05,漢翔,109,收支餘絀表,本期稅後餘絀,收支,,,,,,,,
N05,漢翔,110,收支餘絀表,本期稅後餘絀,收支,80081.0,,,,80081.0,,80081.0,
N05,漢翔,111,收支餘絀表,本期稅後餘絀,收支,106651.0,80081.0,26570.0,0.3317890635731322,93366.0,18787.827176126568,93366.0,0.7071067811865476
N05,漢翔,112,收支餘絀表,本期稅後餘絀,收支,268076.0,106651.0,161425.0,1.5135816823095891,151602.66666666666,101739.95900497175,151602.66666666666,1.1448140383823195
N05,漢翔,113,收支餘絀表,本期稅後餘絀,收支,1606845.0,268076.0,1338769.0,4.993990510153837,515413.25,732347.760075032,660524.0,1.4903189570596602
N05,漢翔,109,收支餘絀表,材料費,收支,700530.0,,,,700530.0,,700530.0,
N05,漢翔,111,收支餘絀表,材料費,收支,1086820.0,,,,893675.0,273148.27850455145,893675.0,0.7071067811865475
N05,漢翔,112,收支餘絀表,材料費,收支,1180578.0,1086820.0,93758.0,0.08626819528532784,989309.3333333334,254446.0024471466,989309.3333333334,0.7517063142164981
N05,漢翔,113,收支餘絀表,材料費,收支,811922.0,1180578.0,-368656.0,-0.312267380893088,944962.5,225894.69216355364,1026440.0,-0.5889492078179297
N05,漢翔,109,收支餘絀表,業務發展費,收支,1718000.0,,,,1718000.0,,1718000.0,
N05,漢翔,111,收支餘絀表,業務發展費,收支,744800.0,,,,1231400.0,688156.319450748,1231400.0,-0.7071067811865476
N05,漢翔,112,收支餘絀表,業務發展費,收支,1782519.0,744800.0,1037719.0,1.3932854457572503,1415106.3333333333,581397.9796321392,1415106.3333333333,0.6319469271274992
N05,漢翔,113,收支餘絀表,業務發展費,收支,2575405.0,1782519.0,792886.0,0.4448120889595006,1705181.0,749614.7829256481,1700908.0,1.1608949287307675
N05,漢翔,109,收支餘絀表,業務費,收支,331216.0,,,,331216.0,,331216.0,
N05,漢翔,111,收支餘絀表,業務費,收支,412723.0,,,,371969.5,57634.15241417193,371969.5,0.7071067811865476
N05,漢翔,112,收支餘絀表,業務費,收支,421276.0,412723.0,8553.0,0.02072334229010741,388405.0,49711.41461475423,388405.0,0.6612364635916832
N05,漢翔,113,收支餘絀表,業務費,收支,298788.0,421276.0,-122488.0,-0.2907547546026833,366000.75,60458.95164696457,377595.6666666667,-1.1117088234091885
N05,漢翔,109,收支餘絀表,維護費,收支,84294.0,,,,84294.0,,84294.0,
N05,漢翔,111,收支餘絀表,維護費,收支,147265.0,,,,115779.5,44527.22111809808,115779.5,0.7071067811865476
N05,漢翔,112,收支餘絀表,維護費,收支,88595.0,147265.0,-58670.0,-0.39839744677961497,106718.0,35180.52098818322,106718.0,-0.5151430249167525
N05,漢翔,113,收支餘絀表,維護費,收支,127280.0,88595.0,38685.0,0.4366499238105988,111858.5,30509.206244454585,121046.66666666667,0.505470377578343
N05,漢翔,109,收支餘絀表,行政管理費,收支,112681.0,,,,112681.0,,112681.0,
N05,漢翔,111,收支餘絀表,行政管理費,收支,112681.0,,,,112681.0,0.0,112681.0,
N05,漢翔,112,收支餘絀表,行政管理費,收支,112681.0,112681.0,0.0,0.0,112681.0,0.0,112681.0,
N05,漢翔,113,收支餘絀表,行政管理費,收支,197754.0,112681.0,85073.0,0.7549897498247264,133949.25,42536.5,141038.66666666666,1.5
N05,漢翔,109,收支餘絀表,雜支,收支,24935.0,,,,24935.0,,24935.0,
N05,漢翔,111,收支餘絀表,雜支,收支,34343.0,,,,29639.0,6652.460597403039,29639.0,0.7071067811865476
N05,漢翔,112,收支餘絀表,雜支,收支,26415.0,34343.0,-7928.0,-0.23084762542585097,28564.333333333332,5058.887361202395,28564.333333333332,-0.42486285617208897
N05,漢翔,113,收支餘絀表,雜支,收支,39257.0,26415.0,12842.0,0.48616316486844596,31237.5,6756.096580126723,33338.333333333336,1.1870019773828602
N05,漢翔,110,現金流量表,其他應付款,非收支,-113638.0,,,,-113638.0,,-113638.0,
N05,漢翔,111,現金流量表,其他應付款,非收支,357419.0,-113638.0,471057.0,4.1452419085165175,121890.5,333087.5990253915,121890.5,0.7071067811865476
N05,漢翔,112,現金流量表,其他應付款,非收支,-362751.0,357419.0,-720170.0,-2.01491806535187,-39656.666666666664,365740.5302756769,-39656.666666666664,-0.8833976729070769
N05,漢翔,113,現金流量表,其他應付款,非收支,-64077.0,-362751.0,298674.0,0.8233581713075911,-45761.75,298875.4118819133,-23136.333333333332,-0.06128055126607878
N05,漢翔,110,現金流量表,其他應收款,非收支,-253019.0,,,,-253019.0,,-253019.0,
N05,漢翔,111,現金流量表,其他應收款,非收支,-35803.0,-253019.0,217216.0,0.8584967927309807,-144411.0,153594.9065822171,-144411.0,0.7071067811865475
N05,漢翔,112,現金流量表,其他應收款,非收支,389485.0,-35803.0,425288.0,11.87855766276569,33554.333333333336,326819.02831587597,33554.333333333336,1.0890757141675784
N05,漢翔,113,現金流量表,其他應收款,非收支,-76556.0,389485.0,-466041.0,-1.1965569919252346,6026.75,272466.85955589166,92375.33333333333,-0.3030928243332274
N05,漢翔,111,現金流量表,其他流動資產,非收支,-635.0,,,,-635.0,,-635.0,
N05,漢翔,112,現金流量表,其他流動資產,非收支,635.0,-635.0,1270.0,2.0,0.0,898.0256121069153,0.0,0.7071067811865476
N05,漢翔,113,現金流量表,其他流動資產,非收支,-5503.0,635.0,-6138.0,-9.666141732283464,-1834.3333333333333,3239.994032916316,-1834.3333333333333,-1.1323066121095609
N05,漢翔,110,現金流量表,應付帳款,非收支,-26043.0,,,,-26043.0,,-26043.0,
N05,漢翔,111,現金流量表,應付帳款,非收支,4661.0,-26043.0,30704.0,1.1789732365702876,-10691.0,21711.006609551754,-10691.0,0.7071067811865476
N05,漢翔,112,現金流量表,應付帳款,非收支,89602.0,4661.0,84941.0,18.223771722806266,22740.0,59904.75095516215,22740.0,1.1161385187970359
N05,漢翔,113,現金流量表,應付帳款,非收支,-95945.0,89602.0,-185547.0,-2.0707908305618177,-6931.25,76902.00537643129,-560.6666666666666,-1.1574958229539314
N05,漢翔,110,現金流量表,應付票據,非收支,,,,,,,,
N05,漢翔,110,現金流量表,應收帳款淨額,非收支,-405.0,,,,-405.0,,-405.0,
N05,漢翔,111,現金流量表,應收帳款淨額,非收支,675.0,-405.0,1080.0,2.6666666666666665,135.0,763.6753236814714,135.0,0.7071067811865475
N05,漢翔,112,現金流量表,應收帳款淨額,非收支,-742.0,675.0,-1417.0,-2.0992592592592594,-157.33333333333334,740.2542356064796,-157.33333333333334,-0.7898187386765274
N05,漢翔,113,現金流量表,應收帳款淨額,非收支,742.0,-742.0,1484.0,2.0,67.5,753.3376843532166,225.0,0.8953488110436116
N05,漢翔,110,現金流量表,投資活動之淨現金流入,非收支,,,,,,,,
N05,漢翔,111,現金流量表,投資活動之淨現金流入,非收支,,,,,,,,
N05,漢翔,112,現金流量表,投資活動之淨現金流入,非收支,,,,,,,,
N05,漢翔,113,現金流量表,投資活動之淨現金流入,非收支,,,,,,,,
N05,漢翔,110,現金流量表,投資活動之現金流量：,非收支,,,,,,,,
N05,漢翔,111,現金流量表,投資活動之現金流量：,非收支,,,,,,,,
N05,漢翔,112,現金流量表,投資活動之現金流量：,非收支,,,,,,,,
N05,漢翔,113,現金流量表,投資活動之現金流量：,非收支,,,,,,,,
N05,漢翔,110,現金流量表,期初現金及約當現金餘額,非收支,4005885.0,,,,4005885.0,,4005885.0,
N05,漢翔,111,現金流量表,期初現金及約當現金餘額,非收支,4227113.0,4005885.0,221228.0,0.05522574911661218,4116499.0,156431.81898833753,4116499.0,0.7071067811865476
N05,漢翔,112,現金流量表,期初現金及約當現金餘額,非收支,4718448.0,4227113.0,491335.0,0.11623417684835963,4317148.666666667,364714.02933851234,4317148.666666667,1.100312302384353
N05,漢翔,113,現金流量表,期初現金及約當現金餘額,非收支,5236308.0,4718448.0,517860.0,0.1097521897030549,4546938.5,547623.0627091959,4727289.666666667,1.258839422484432
N05,漢翔,110,現金流量表,期末現金及約當現金餘額,非收支,4227113.0,,,,4227113.0,,4227113.0,
N05,漢翔,111,現金流量表,期末現金及約當現金餘額,非收支,4718448.0,4227113.0,491335.0,0.11623417684835963,4472780.5,347426.31033429236,4472780.5,0.7071067811865475
N05,漢翔,112,現金流量表,期末現金及約當現金餘額,非收支,5236308.0,4718448.0,517860.0,0.1097521897030549,4727289.666666667,504655.5937551205,4727289.666666667,1.0086449840885534
N05,漢翔,113,現金流量表,期末現金及約當現金餘額,非收支,6877439.0,5236308.0,1641131.0,0.31341376404902077,5264827.0,1151334.1758357272,5610731.666666667,1.4006463404332123
N05,漢翔,110,現金流量表,本期支付所得稅,非收支,-40034.0,,,,-40034.0,,-40034.0,
N05,漢翔,111,現金流量表,本期支付所得稅,非收支,,-40034.0,,,-40034.0,,-40034.0,
N05,漢翔,110,現金流量表,本期現金及約當現金增加數,非收支,221228.0,,,,221228.0,,221228.0,
N05,漢翔,111,現金流量表,本期現金及約當現金增加數,非收支,491335.0,221228.0,270107.0,1.2209440034715315,356281.5,190994.4913459548,356281.5,0.7071067811865475
N05,漢翔,112,現金流量表,本期現金及約當現金增加數,非收支,517860.0,491335.0,26525.0,0.053985569926832,410141.0,164140.13854935058,410141.0,0.6562623923191893
N05,漢翔,113,現金流量表,本期現金及約當現金增加數,非收支,1641131.0,517860.0,1123271.0,2.1690630672382496,717888.5,629916.9932726587,883442.0,1.4656573959108543
N05,漢翔,111,現金流量表,本期稅前餘納,非收支,106651.0,,,,106651.0,,106651.0,
N05,漢翔,113,現金流量表,本期稅前餘絀,非收支,1606845.0,,,,1606845.0,,1606845.0,
N05,漢翔,110,現金流量表,本期稅前餘額,非收支,832041.0,,,,832041.0,,832041.0,
N05,漢翔,112,現金流量表,本期稅前餘額,非收支,268076.0,,,,550058.5,398783.47585187125,550058.5,-0.7071067811865476
N05,漢翔,110,現金流量表,營業活動之淨現金流入,非收支,221228.0,,,,221228.0,,221228.0,
N05,漢翔,111,現金流量表,營業活動之淨現金流入,非收支,491335.0,221228.0,270107.0,1.2209440034715315,356281.5,190994.4913459548,356281.5,0.7071067811865475
N05,漢翔,112,現金流量表,營業活動之淨現金流入,非收支,517860.0,491335.0,26525.0,0.053985569926832,410141.0,164140.13854935058,410141.0,0.6562623923191893
N05,漢翔,113,現金流量表,營業活動之淨現金流入,非收支,1641131.0,517860.0,1123271.0,2.1690630672382496,717888.5,629916.9932726587,883442.0,1.4656573959108543
N05,漢翔,110,現金流量表,營業活動之現金流量：,非收支,,,,,,,,
N05,漢翔,111,現金流量表,營業活動之現金流量：,非收支,,,,,,,,
N05,漢翔,112,現金流量表,營業活動之現金流量：,非收支,,,,,,,,
N05,漢翔,113,現金流量表,營業活動之現金流量：,非收支,,,,,,,,
N05,漢翔,110,現金流量表,營運產生之現金,非收支,261262.0,,,,261262.0,,261262.0,
N05,漢翔,111,現金流量表,營運產生之現金,非收支,491335.0,261262.0,230073.0,0.8806217513453928,376298.5,162686.17846793254,376298.5,0.7071067811865476
N05,漢翔,110,現金流量表,籌資活動之淨現金流入,非收支,,,,,,,,
N05,漢翔,111,現金流量表,籌資活動之淨現金流入,非收支,,,,,,,,
N05,漢翔,112,現金流量表,籌資活動之淨現金流入,非收支,,,,,,,,
N05,漢翔,113,現金流量表,籌資活動之淨現金流入,非收支,,,,,,,,
N05,漢翔,110,現金流量表,籌資活動之現金流量：,非收支,,,,,,,,
N05,漢翔,111,現金流量表,籌資活動之現金流量：,非收支,,,,,,,,
N05,漢翔,112,現金流量表,籌資活動之現金流量：,非收支,,,,,,,,
N05,漢翔,113,現金流量表,籌資活動之現金流量：,非收支,,,,,,,,
N05,漢翔,110,現金流量表,調整項目：,非收支,,,,,,,,
N05,漢翔,111,現金流量表,調整項目：,非收支,,,,,,,,
N05,漢翔,112,現金流量表,調整項目：,非收支,,,,,,,,
N05,漢翔,113,現金流量表,調整項目：,非收支,,,,,,,,
N05,漢翔,111,現金流量表,資產/負債淨變動數,非收支,,,,,,,,
N05,漢翔,112,現金流量表,資產/負債淨變動數,非收支,,,,,,,,
N05,漢翔,113,現金流量表,資產/負債淨變動數,非收支,,,,,,,,
N05,漢翔,110,現金流量表,資產／負債淨變動數,非收支,,,,,,,,
N05,漢翔,110,現金流量表,預付款項,非收支,4910.0,,,,4910.0,,4910.0,
N05,漢翔,111,現金流量表,預付款項,非收支,-19857.0,4910.0,-24767.0,-5.044195519348269,-7473.5,17512.913649647224,-7473.5,-0.7071067811865475
N05,漢翔,112,現金流量表,預付款項,非收支,27140.0,-19857.0,46997.0,2.366772422823186,4064.3333333333335,23509.90996012816,4064.3333333333335,0.9815293510609803
N05,漢翔,113,現金流量表,預付款項,非收支,2167.0,27140.0,-24973.0,-0.9201547531319086,3590.0,19219.188657866558,3150.0,-0.07404058648529659
N05,漢翔,110,現金流量表,預收款項,非收支,-182584.0,,,,-182584.0,,-182584.0,
N05,漢翔,111,現金流量表,預收款項,非收支,78224.0,-182584.0,260808.0,1.4284274635236385,-52180.0,184419.1053877011,-52180.0,0.7071067811865475
N05,漢翔,112,現金流量表,預收款項,非收支,106415.0,78224.0,28191.0,0.36038811617917776,685.0,159340.28960372828,685.0,0.663548436261447
N05,漢翔,113,現金流量表,預收款項,非收支,273458.0,106415.0,167043.0,1.5697317107550628,68878.25,188487.38943560654,152699.0,1.0853763247110553
N05,漢翔,110,資產負債表,代管財產,非收支,1440724.0,,,,1440724.0,,1440724.0,
N05,漢翔,111,資產負債表,代管財產,非收支,687572.0,1440724.0,-753152.0,-0.5227593904175956,1064148.0,532558.8864642107,1064148.0,-0.7071067811865475
N05,漢翔,112,資產負債表,代管財產,非收支,515711.0,687572.0,-171861.0,-0.2499534594195226,881335.6666666666,492006.6375897111,881335.6666666666,-0.7431295408082775
N05,漢翔,113,資產負債表,代管財產,非收支,941471.0,515711.0,425760.0,0.8255786671217019,896369.5,402845.403184646,714918.0,0.11195734056651883
N05,漢翔,110,資產負債表,其他應付款,非收支,1009356.0,,,,1009356.0,,1009356.0,
N05,漢翔,111,資產負債表,其他應付款,非收支,1366775.0,1009356.0,357419.0,0.35410598440986135,1188065.5,252733.39862491464,1188065.5,0.7071067811865475
N05,漢翔,112,資產負債表,其他應付款,非收支,1004024.0,1366775.0,-362751.0,-0.2654065226536921,1126718.3333333333,207912.2650646982,1126718.3333333333,-0.5901255190267548
N05,漢翔,113,資產負債表,其他應付款,非收支,939947.0,1004024.0,-64077.0,-0.06382018756523748,1080025.5,193750.41345762333,1103582.0,-0.7229842636213918
N05,漢翔,110,資產負債表,其他應收款,非收支,367937.0,,,,367937.0,,367937.0,
N05,漢翔,111,資產負債表,其他應收款,非收支,403740.0,367937.0,35803.0,0.09730741947670389,385838.5,25316.54408682196,385838.5,0.7071067811865476
N05,漢翔,112,資產負債表,其他應收款,非收支,14255.0,403740.0,-389485.0,-0.9646926239659187,261977.33333333334,215279.4219760294,261977.33333333334,-1.1507014049903772
N05,漢翔,113,資產負債表,其他應收款,非收支,90811.0,14255.0,76556.0,5.37046650298141,219185.75,195502.68054662744,169602.0,-0.6566393342590645
N05,漢翔,111,資產負債表,其他流動資產,非收支,635.0,,,,635.0,,635.0,
N05,漢翔,112,資產負債表,其他流動資產,非收支,,635.0,,,635.0,,635.0,
N05,漢翔,113,資產負債表,其他流動資產,非收支,5503.0,,,,3069.0,3442.1958108161134,3069.0,0.7071067811865475
N05,漢翔,110,資產負債表,存出保證金,非收支,15000.0,,,,15000.0,,15000.0,
N05,漢翔,111,資產負債表,存出保證金,非收支,15000.0,15000.0,0.0,0.0,15000.0,0.0,15000.0,
N05,漢翔,112,資產負債表,存出保證金,非收支,15000.0,15000.0,0.0,0.0,15000.0,0.0,15000.0,
N05,漢翔,113,資產負債表,存出保證金,非收支,15000.0,15000.0,0.0,0.0,15000.0,0.0,15000.0,
N05,漢翔,110,資產負債表,應付代管財產,非收支,1440724.0,,,,1440724.0,,1440724.0,
N05,漢翔,111,資產負債表,應付代管財產,非收支,687572.0,1440724.0,-753152.0,-0.5227593904175956,1064148.0,532558.8864642107,1064148.0,-0.7071067811865475
N05,漢翔,112,資產負債表,應付代管財產,非收支,515711.0,687572.0,-171861.0,-0.2499534594195226,881335.6666666666,492006.6375897111,881335.6666666666,-0.7431295408082775
N05,漢翔,113,資產負債表,應付代管財產,非收支,941471.0,515711.0,425760.0,0.8255786671217019,896369.5,402845.403184646,714918.0,0.11195734056651883
N05,漢翔,110,資產負債表,應付帳款,非收支,17254.0,,,,17254.0,,17254.0,
N05,漢翔,111,資產負債表,應付帳款,非收支,21915.0,17254.0,4661.0,0.27014025733163327,19584.5,3295.824707110498,19584.5,0.7071067811865476
N05,漢翔,112,資產負債表,應付帳款,非收支,111517.0,21915.0,89602.0,4.0886151038101755,50228.666666666664,53128.3924312917,50228.666666666664,1.1535890797485446
N05,漢翔,113,資產負債表,應付帳款,非收支,15572.0,111517.0,-95945.0,-0.8603620972587139,41564.5,46712.116818515795,49668.0,-0.5564402080296448
N05,漢翔,110,資產負債表,應付購置財產,非收支,338493.0,,,,338493.0,,338493.0,
N05,漢翔,111,資產負債表,應付購置財產,非收支,355293.0,338493.0,16800.0,0.0496317501395893,346893.0,11879.393923933998,346893.0,0.7071067811865476
N05,漢翔,112,資產負債表,應付購置財產,非收支,391293.0,355293.0,36000.0,0.10132482204828128,361693.0,26975.544480139786,361693.0,1.0972901778420976
N05,漢翔,113,資產負債表,應付購置財產,非收支,391293.0,391293.0,0.0,0.0,369093.0,26536.013264995177,379293.0,0.836598918545349
N05,漢翔,110,資產負債表,應收帳款淨額,非收支,675.0,,,,675.0,,675.0,
N05,漢翔,111,資產負債表,應收帳款淨額,非收支,,675.0,,,675.0,,675.0,
N05,漢翔,112,資產負債表,應收帳款淨額,非收支,742.0,,,,708.5,47.37615433949868,708.5,0.7071067811865476
N05,漢翔,113,資產負債表,應收帳款淨額,非收支,,742.0,,,708.5,47.37615433949868,742.0,
N05,漢翔,110,資產負債表,本期餘絀,非收支,792007.0,,,,792007.0,,792007.0,
N05,漢翔,111,資產負債表,本期餘絀,非收支,106651.0,792007.0,-685356.0,-0.8653408366340196,449329.0,484619.87512688746,449329.0,-0.7071067811865476
N05,漢翔,112,資產負債表,本期餘絀,非收支,268076.0,106651.0,161425.0,1.5135816823095891,388911.3333333333,358300.28610138356,388911.3333333333,-0.3372459861758026
N05,漢翔,113,資產負債表,本期餘絀,非收支,1606845.0,268076.0,1338769.0,4.993990510153837,693394.75,675593.5667595693,660524.0,1.3520706752453124
N05,漢翔,110,資產負債表,業務發展準備,非收支,5664300.0,,,,5664300.0,,5664300.0,
N05,漢翔,111,資產負債表,業務發展準備,非收支,6409100.0,5664300.0,744800.0,0.13149021061737548,6036700.0,526653.1306277406,6036700.0,0.7071067811865475
N05,漢翔,112,資產負債表,業務發展準備,非收支,8191619.0,6409100.0,1782519.0,0.2781231374139895,6755006.333333333,1298681.5335255729,6755006.333333333,1.1062085889268387
N05,漢翔,113,資產負債表,業務發展準備,非收支,10767024.0,8191619.0,2575405.0,0.3143951153001623,7758010.75,2269020.476569479,8455914.333333334,1.3261287331127627
N05,漢翔,110,資產負債表,業務發展準備金,非收支,5664300.0,,,,5664300.0,,5664300.0,
N05,漢翔,111,資產負債表,業務發展準備金,非收支,6409100.0,5664300.0,744800.0,0.13149021061737548,6036700.0,526653.1306277406,6036700.0,0.7071067811865475
N05,漢翔,112,資產負債表,業務發展準備金,非收支,8191619.0,6409100.0,1782519.0,0.2781231374139895,6755006.333333333,1298681.5335255729,6755006.333333333,1.1062085889268387
N05,漢翔,113,資產負債表,業務發展準備金,非收支,10767024.0,8191619.0,2575405.0,0.3143951153001623,7758010.75,2269020.476569479,8455914.333333334,1.3261287331127627
N05,漢翔,110,資產負債表,流動負債合計,非收支,3037369.0,,,,3037369.0,,3037369.0,
N05,漢翔,111,資產負債表,流動負債合計,非收支,3477673.0,3037369.0,440304.0,0.14496230125480308,3257521.0,311341.9441835616,3257521.0,0.7071067811865476
N05,漢翔,112,資產負債表,流動負債合計,非收支,3310939.0,3477673.0,-166734.0,-0.04794412815696013,3275327.0,222301.74091086196,3275327.0,0.1601966761667405
N05,漢翔,113,資產負債表,流動負債合計,非收支,3424375.0,3310939.0,113436.0,0.0342609755117808,3312589.0,196212.1366888399,3404329.0,0.5697201095020649
N05,漢翔,110,資產負債表,流動資產合計,非收支,4605175.0,,,,4605175.0,,4605175.0,
N05,漢翔,111,資產負債表,流動資產合計,非收支,5152130.0,4605175.0,546955.0,0.11876964501891893,4878652.5,386755.5895038881,4878652.5,0.7071067811865476
N05,漢翔,112,資產負債表,流動資產合計,非收支,5253472.0,5152130.0,101342.0,0.019669922925081473,5003592.333333333,348740.3459113003,5003592.333333333,0.7165206710273269
N05,漢翔,113,資產負債表,流動資產合計,非收支,6973753.0,5253472.0,1720281.0,0.32745601385141104,5496132.5,1025408.7716764472,5793118.333333333,1.44100629994049
N05,漢翔,110,資產負債表,現金及銀行存款,非收支,4227113.0,,,,4227113.0,,4227113.0,
N05,漢翔,111,資產負債表,現金及銀行存款,非收支,4718448.0,4227113.0,491335.0,0.11623417684835963,4472780.5,347426.31033429236,4472780.5,0.7071067811865475
N05,漢翔,112,資產負債表,現金及銀行存款,非收支,5236308.0,4718448.0,517860.0,0.1097521897030549,4727289.666666667,504655.5937551205,4727289.666666667,1.0086449840885534
N05,漢翔,113,資產負債表,現金及銀行存款,非收支,6877439.0,5236308.0,1641131.0,0.31341376404902077,5264827.0,1151334.1758357272,5610731.666666667,1.4006463404332123
N05,漢翔,110,資產負債表,累積餘絀,非收支,790799.0,,,,790799.0,,790799.0,
N05,漢翔,111,資產負債表,累積餘絀,非收支,1582806.0,790799.0,792007.0,1.001527568952414,1186802.5,560033.5204472139,1186802.5,0.7071067811865476
N05,漢翔,112,資產負債表,累積餘絀,非收支,1689457.0,1582806.0,106651.0,0.06738096772440842,1354354.0,490957.521043318,1354354.0,0.682549885961383
N05,漢翔,113,資產負債表,累積餘絀,非收支,1957533.0,1689457.0,268076.0,0.15867583489843187,1505148.75,501646.3742746644,1743265.3333333333,0.9017991023140693
N05,漢翔,110,資產負債表,負債及餘絀總計,非收支,12286520.0,,,,12286520.0,,12286520.0,
N05,漢翔,111,資產負債表,負債及餘絀總計,非收支,12882843.0,12286520.0,596323.0,0.04853473562896573,12584681.5,421664.0370775056,12584681.5,0.7071067811865475
N05,漢翔,112,資產負債表,負債及餘絀總計,非收支,14672741.0,12882843.0,1789898.0,0.13893656858195041,13280701.333333334,1241865.9771739997,13280701.333333334,1.1209258424442892
N05,漢翔,113,資產負債表,負債及餘絀總計,非收支,19443325.0,14672741.0,4770584.0,0.3251324343556531,14821357.25,3243861.38489531,15666303.0,1.4248351583460668
N05,漢翔,110,資產負債表,負債總額,非收支,10703714.0,,,,10703714.0,,10703714.0,
N05,漢翔,111,資產負債表,負債總額,非收支,11193386.0,10703714.0,489672.0,0.04574785910759574,10948550.0,346250.3917571791,10948550.0,0.7071067811865475
N05,漢翔,112,資產負債表,負債總額,非收支,12715208.0,11193386.0,1521822.0,0.13595725189857655,11537436.0,1048954.160048951,11537436.0,1.1228059765214502
N05,漢翔,113,資產負債表,負債總額,非收支,15878947.0,12715208.0,3163739.0,0.24881535559622775,12622813.75,2333605.7923385967,13262513.666666666,1.3953227493221565
N05,漢翔,110,資產負債表,資產總計,非收支,12286520.0,,,,12286520.0,,12286520.0,
N05,漢翔,111,資產負債表,資產總計,非收支,12882843.0,12286520.0,596323.0,0.04853473562896573,12584681.5,421664.0370775056,12584681.5,0.7071067811865475
N05,漢翔,112,資產負債表,資產總計,非收支,14672741.0,12882843.0,1789898.0,0.13893656858195041,13280701.333333334,1241865.9771739997,13280701.333333334,1.1209258424442892
N05,漢翔,113,資產負債表,資產總計,非收支,19443325.0,14672741.0,4770584.0,0.3251324343556531,14821357.25,3243861.38489531,15666303.0,1.4248351583460668
N05,漢翔,110,資產負債表,資遣費準備,非收支,222828.0,,,,222828.0,,222828.0,
N05,漢翔,111,資產負債表,資遣費準備,非收支,263748.0,222828.0,40920.0,0.18363939899833054,243288.0,28934.809486153525,243288.0,0.7071067811865476
N05,漢翔,112,資產負債表,資遣費準備,非收支,305646.0,263748.0,41898.0,0.15885618089994996,264074.0,41409.96242451809,264074.0,1.0039130094787523
N05,漢翔,113,資產負債表,資遣費準備,非收支,354784.0,305646.0,49138.0,0.16076768549236697,286751.5,56570.8937263678,308059.3333333333,1.2026060668065761
N05,漢翔,110,資產負債表,資遣費準備金,非收支,222828.0,,,,222828.0,,222828.0,
N05,漢翔,111,資產負債表,資遣費準備金,非收支,263748.0,222828.0,40920.0,0.18363939899833054,243288.0,28934.809486153525,243288.0,0.7071067811865476
N05,漢翔,112,資產負債表,資遣費準備金,非收支,305646.0,263748.0,41898.0,0.15885618089994996,264074.0,41409.96242451809,264074.0,1.0039130094787523
N05,漢翔,113,資產負債表,資遣費準備金,非收支,354784.0,305646.0,49138.0,0.16076768549236697,286751.5,56570.8937263678,308059.3333333333,1.2026060668065761
N05,漢翔,110,資產負債表,購置財產,非收支,338493.0,,,,338493.0,,338493.0,
N05,漢翔,111,資產負債表,購置財產,非收支,355293.0,338493.0,16800.0,0.0496317501395893,346893.0,11879.393923933998,346893.0,0.7071067811865476
N05,漢翔,112,資產負債表,購置財產,非收支,391293.0,355293.0,36000.0,0.10132482204828128,361693.0,26975.544480139786,361693.0,1.0972901778420976
N05,漢翔,113,資產負債表,購置財產,非收支,391293.0,391293.0,0.0,0.0,369093.0,26536.013264995177,379293.0,0.836598918545349
N05,漢翔,110,資產負債表,非流動負債合計,非收支,7666345.0,,,,7666345.0,,7666345.0,
N05,漢翔,111,資產負債表,非流動負債合計,非收支,7715713.0,7666345.0,49368.0,0.006439574529974844,7691029.0,34908.44757361748,7691029.0,0.7071067811865475
N05,漢翔,112,資產負債表,非流動負債合計,非收支,9404269.0,7715713.0,1688556.0,0.2188463982525011,8262109.0,989447.5221334378,8262109.0,1.1543411595364703
N05,漢翔,113,資產負債表,非流動負債合計,非收支,12454572.0,9404269.0,3050303.0,0.3243530145724245,9310224.75,2246521.1849204204,9858184.666666666,1.3996517242330764
N05,漢翔,110,資產負債表,非流動資產合計,非收支,7681345.0,,,,7681345.0,,7681345.0,
N05,漢翔,111,資產負債表,非流動資產合計,非收支,7730713.0,7681345.0,49368.0,0.006426999438249421,7706029.0,34908.44757361748,7706029.0,0.7071067811865475
N05,漢翔,112,資產負債表,非流動資產合計,非收支,9419269.0,7730713.0,1688556.0,0.21842176782400277,8277109.0,989447.5221334378,8277109.0,1.1543411595364703
N05,漢翔,113,資產負債表,非流動資產合計,非收支,12469572.0,9419269.0,3050303.0,0.3238364887975914,9325224.75,2246521.1849204204,9873184.666666666,1.3996517242330764
N05,漢翔,110,資產負債表,預付款項,非收支,9450.0,,,,9450.0,,9450.0,
N05,漢翔,111,資產負債表,預付款項,非收支,29307.0,9450.0,19857.0,2.101269841269841,19378.5,14041.019354021275,19378.5,0.7071067811865475
N05,漢翔,112,資產負債表,預付款項,非收支,2167.0,29307.0,-27140.0,-0.9260586208073157,13641.333333333334,14047.076433668797,13641.333333333334,-0.8168485013601141
N05,漢翔,113,資產負債表,預付款項,非收支,,2167.0,,,13641.333333333334,14047.076433668797,15737.0,
N05,漢翔,110,資產負債表,預收款項,非收支,2010759.0,,,,2010759.0,,2010759.0,
N05,漢翔,111,資產負債表,預收款項,非收支,2088983.0,2010759.0,78224.0,0.03890272280268297,2049871.0,55312.72085153649,2049871.0,0.7071067811865476
N05,漢翔,112,資產負債表,預收款項,非收支,2195398.0,2088983.0,106415.0,0.05094105600667885,2098380.0,92677.49342208172,2098380.0,1.0468345271073558
N05,漢翔,113,資產負債表,預收款項,非收支,2468856.0,2195398.0,273458.0,0.12455964704349735,2190999.0,200097.96392933803,2251079.0,1.3886048340707833
N05,漢翔,110,資產負債表,餘絀總額,非收支,1582806.0,,,,1582806.0,,1582806.0,
N05,漢翔,111,資產負債表,餘絀總額,非收支,1689457.0,1582806.0,106651.0,0.06738096772440842,1636131.5,75413.64532032648,1636131.5,0.7071067811865475
N05,漢翔,112,資產負債表,餘絀總額,非收支,1957533.0,1689457.0,268076.0,0.15867583489843187,1743265.3333333333,193071.44709752745,1743265.3333333333,1.109784330556306
N05,漢翔,113,資產負債表,餘絀總額,非收支,3564378.0,1957533.0,1606845.0,0.8208520622640845,2198543.5,924101.667546921,2403789.3333333335,1.4780132402808916
N05,漢翔,110,附表三,事務機器耗材-執行率,非收支,68.0,,,,68.0,,68.0,
N05,漢翔,111,附表三,事務機器耗材-執行率,非收支,67.0,68.0,-1.0,-0.014705882352941176,67.5,0.7071067811865476,67.5,-0.7071067811865475
N05,漢翔,112,附表三,事務機器耗材-執行率,非收支,45.0,67.0,-22.0,-0.3283582089552239,60.0,13.0,60.0,-1.1538461538461537
N05,漢翔,113,附表三,事務機器耗材-執行率,非收支,35.0,45.0,-10.0,-0.2222222222222222,53.75,16.39867880857073,49.0,-1.1433847945238345
N05,漢翔,110,附表三,事務機器耗材-決算數,非收支,40542.0,,,,40542.0,,40542.0,
N05,漢翔,111,附表三,事務機器耗材-決算數,非收支,40429.0,40542.0,-113.0,-0.0027872329929455875,40485.5,79.90306627407988,40485.5,-0.7071067811865475
N05,漢翔,112,附表三,事務機器耗材-決算數,非收支,27126.0,40429.0,-13303.0,-0.32904598184471545,36032.333333333336,7713.317855069461,36032.333333333336,-1.154669559932602
N05,漢翔,113,附表三,事務機器耗材-決算數,非收支,20817.0,27126.0,-6309.0,-0.23258128732581287,32228.5,9876.239517144166,29457.333333333332,-1.155449903801014
N05,漢翔,110,附表三,五日未上課退費-執行率,非收支,,,,,,,,
N05,漢翔,111,附表三,五日未上課退費-執行率,非收支,,,,,,,,
N05,漢翔,112,附表三,五日未上課退費-執行率,非收支,,,,,,,,
N05,漢翔,113,附表三,五日未上課退費-執行率,非收支,,,,,,,,
N05,漢翔,110,附表三,五日未上課退費-決算數,非收支,-37992.0,,,,-37992.0,,-37992.0,
N05,漢翔,111,附表三,五日未上課退費-決算數,非收支,-41192.0,-37992.0,-3200.0,-0.08422825858075385,-39592.0,2262.741699796952,-39592.0,-0.7071067811865475
N05,漢翔,112,附表三,五日未上課退費-決算數,非收支,-32755.0,-41192.0,8437.0,0.20482132452903476,-37313.0,4259.286677367468,-37313.0,1.0701322416778853
N05,漢翔,113,附表三,五日未上課退費-決算數,非收支,-37414.0,-32755.0,-4659.0,-0.14223782628606318,-37338.25,3478.059648233001,-37120.333333333336,-0.021779384962096367
N05,漢翔,110,附表三,人事費-執行率,非收支,84.0,,,,84.0,,84.0,
N05,漢翔,111,附表三,人事費-執行率,非收支,89.0,84.0,5.0,0.05952380952380952,86.5,3.5355339059327378,86.5,0.7071067811865475
N05,漢翔,112,附表三,人事費-執行率,非收支,68.0,89.0,-21.0,-0.23595505617977527,80.33333333333333,10.969655114602887,80.33333333333333,-1.1243136821061133
N05,漢翔,113,附表三,人事費-執行率,非收支,72.0,68.0,4.0,0.058823529411764705,78.25,9.878427675158294,76.33333333333333,-0.6326917810733325
N05,漢翔,110,附表三,人事費-決算數,非收支,5862148.0,,,,5862148.0,,5862148.0,
N05,漢翔,111,附表三,人事費-決算數,非收支,6412661.0,5862148.0,550513.0,0.09390977505173871,6137404.5,389271.4754313498,6137404.5,0.7071067811865476
N05,漢翔,112,附表三,人事費-決算數,非收支,5032018.0,6412661.0,-1380643.0,-0.21529954569561685,5768942.333333333,695024.6366758039,5768942.333333333,-1.0602851963031539
N05,漢翔,113,附表三,人事費-決算數,非收支,6363884.0,5032018.0,1331866.0,0.2646783059997003,5917677.75,640724.8970826585,5936187.666666667,0.6964084773850078
N05,漢翔,112,附表三,代課費及代班費-執行率,非收支,,,,,,,,
N05,漢翔,113,附表三,代課費及代班費-執行率,非收支,10.0,,,,10.0,,10.0,
N05,漢翔,112,附表三,代課費及代班費-決算數,非收支,,,,,,,,
N05,漢翔,113,附表三,代課費及代班費-決算數,非收支,15754.0,,,,15754.0,,15754.0,
N05,漢翔,110,附表三,代課費及廚工代班費-執行率,非收支,28.0,,,,28.0,,28.0,
N05,漢翔,111,附表三,代課費及廚工代班費-執行率,非收支,8.0,28.0,-20.0,-0.7142857142857143,18.0,14.142135623730951,18.0,-0.7071067811865475
N05,漢翔,110,附表三,代課費及廚工代班費-決算數,非收支,28800.0,,,,28800.0,,28800.0,
N05,漢翔,111,附表三,代課費及廚工代班費-決算數,非收支,8448.0,28800.0,-20352.0,-0.7066666666666667,18624.0,14391.037210708615,18624.0,-0.7071067811865476
N05,漢翔,110,附表三,保全-執行率,非收支,18.0,,,,18.0,,18.0,
N05,漢翔,111,附表三,保全-執行率,非收支,,18.0,,,18.0,,18.0,
N05,漢翔,112,附表三,保全-執行率,非收支,24.0,,,,21.0,4.242640687119285,21.0,0.7071067811865476
N05,漢翔,113,附表三,保全-執行率,非收支,,24.0,,,21.0,4.242640687119285,24.0,
N05,漢翔,110,附表三,保全-決算數,非收支,14559.0,,,,14559.0,,14559.0,
N05,漢翔,111,附表三,保全-決算數,非收支,,14559.0,,,14559.0,,14559.0,
N05,漢翔,112,附表三,保全-決算數,非收支,19152.0,,,,16855.5,3247.7414459898127,16855.5,0.7071067811865476
N05,漢翔,113,附表三,保全-決算數,非收支,,19152.0,,,16855.5,3247.7414459898127,19152.0,
N05,漢翔,110,附表三,保險費-執行率,非收支,91.0,,,,91.0,,91.0,
N05,漢翔,111,附表三,保險費-執行率,非收支,155.0,91.0,64.0,0.7032967032967034,123.0,45.254833995939045,123.0,0.7071067811865475
N05,漢翔,112,附表三,保險費-執行率,非收支,138.0,155.0,-17.0,-0.10967741935483871,128.0,33.15116890850155,128.0,0.3016484887033808
N05,漢翔,113,附表三,保險費-執行率,非收支,153.0,138.0,15.0,0.10869565217391304,134.25,29.81470554385313,148.66666666666666,0.6288842924315136
N05,漢翔,110,附表三,保險費-決算數,非收支,9990.0,,,,9990.0,,9990.0,
N05,漢翔,111,附表三,保險費-決算數,非收支,17000.0,9990.0,7010.0,0.7017017017017017,13495.0,4956.818536117698,13495.0,0.7071067811865475
N05,漢翔,112,附表三,保險費-決算數,非收支,15230.0,17000.0,-1770.0,-0.10411764705882352,14073.333333333334,3645.3303462557865,14073.333333333334,0.31730091838033514
N05,漢翔,113,附表三,保險費-決算數,非收支,16819.0,15230.0,1589.0,0.10433355219960604,14759.75,3277.7472319668987,16349.666666666666,0.6282516174269768
N05,漢翔,112,附表三,修繕費-執行率,非收支,71.0,,,,71.0,,71.0,
N05,漢翔,113,附表三,修繕費-執行率,非收支,90.0,71.0,19.0,0.2676056338028169,80.5,13.435028842544403,80.5,0.7071067811865475
N05,漢翔,112,附表三,修繕費-決算數,非收支,60578.0,,,,60578.0,,60578.0,
N05,漢翔,113,附表三,修繕費-決算數,非收支,76263.0,60578.0,15685.0,0.2589223810624319,68420.5,11090.969862910997,68420.5,0.7071067811865476
N05,漢翔,110,附表三,修繕購置費-執行率,非收支,105.0,,,,105.0,,105.0,
N05,漢翔,111,附表三,修繕購置費-執行率,非收支,43.0,105.0,-62.0,-0.5904761904761905,74.0,43.840620433565945,74.0,-0.7071067811865476
N05,漢翔,112,附表三,修繕購置費-執行率,非收支,105.0,43.0,62.0,1.441860465116279,84.33333333333333,35.7957166897568,84.33333333333333,0.5773502691896258
N05,漢翔,113,附表三,修繕購置費-執行率,非收支,55.0,105.0,-50.0,-0.47619047619047616,77.0,32.700662582481925,67.66666666666667,-0.672769242657047
N05,漢翔,110,附表三,修繕購置費-決算數,非收支,111654.0,,,,111654.0,,111654.0,
N05,漢翔,111,附表三,修繕購置費-決算數,非收支,46170.0,111654.0,-65484.0,-0.586490407867161,78912.0,46304.180459219875,78912.0,-0.7071067811865476
N05,漢翔,112,附表三,修繕購置費-決算數,非收支,111709.0,46170.0,65539.0,1.4195148364739008,89844.33333333333,37823.09215721704,89844.33333333333,0.5780771856458242
N05,漢翔,113,附表三,修繕購置費-決算數,非收支,55784.0,111709.0,-55925.0,-0.5006311040292187,81329.25,35266.85096399545,71221.0,-0.7243416778571922
N05,漢翔,110,附表三,健康檢查-執行率,非收支,75.0,,,,75.0,,75.0,
N05,漢翔,111,附表三,健康檢查-執行率,非收支,,75.0,,,75.0,,75.0,
N05,漢翔,112,附表三,健康檢查-執行率,非收支,45.0,,,,60.0,21.213203435596427,60.0,-0.7071067811865475
N05,漢翔,113,附表三,健康檢查-執行率,非收支,200.0,45.0,155.0,3.4444444444444446,106.66666666666667,82.20908303425684,122.5,1.1353165597825847
N05,漢翔,110,附表三,健康檢查-決算數,非收支,8210.0,,,,8210.0,,8210.0,
N05,漢翔,111,附表三,健康檢查-決算數,非收支,,8210.0,,,8210.0,,8210.0,
N05,漢翔,112,附表三,健康檢查-決算數,非收支,4900.0,,,,6555.0,2340.5234457274723,6555.0,-0.7071067811865475
N05,漢翔,113,附表三,健康檢查-決算數,非收支,2000.0,4900.0,-2900.0,-0.5918367346938775,5036.666666666667,3107.2549514536677,3450.0,-0.9772827508878931
N05,漢翔,110,附表三,其他支出-執行率,非收支,,,,,,,,
N05,漢翔,111,附表三,其他支出-執行率,非收支,,,,,,,,
N05,漢翔,112,附表三,其他支出-執行率,非收支,,,,,,,,
N05,漢翔,113,附表三,其他支出-執行率,非收支,,,,,,,,
N05,漢翔,110,附表三,其他支出-決算數,非收支,2312245.0,,,,2312245.0,,2312245.0,
N05,漢翔,111,附表三,其他支出-決算數,非收支,2463788.0,2312245.0,151543.0,0.06553933514830824,2388016.5,107157.08294135297,2388016.5,0.7071067811865476
N05,漢翔,112,附表三,其他支出-決算數,非收支,3729484.0,2463788.0,1265696.0,0.5137195245694841,2835172.3333333335,778194.2804109609,2835172.3333333335,1.14921387779204
N05,漢翔,113,附表三,其他支出-決算數,非收支,999581.0,3729484.0,-2729903.0,-0.731978740222508,2376274.5,1116276.449240211,2397617.6666666665,-1.2332908223021644
N05,漢翔,110,附表三,其他收入-執行率,非收支,,,,,,,,
N05,漢翔,111,附表三,其他收入-執行率,非收支,,,,,,,,
N05,漢翔,112,附表三,其他收入-執行率,非收支,,,,,,,,
N05,漢翔,113,附表三,其他收入-執行率,非收支,,,,,,,,
N05,漢翔,110,附表三,其他收入-決算數,非收支,2312245.0,,,,2312245.0,,2312245.0,
N05,漢翔,111,附表三,其他收入-決算數,非收支,2463788.0,2312245.0,151543.0,0.06553933514830824,2388016.5,107157.08294135297,2388016.5,0.7071067811865476
N05,漢翔,112,附表三,其他收入-決算數,非收支,3729484.0,2463788.0,1265696.0,0.5137195245694841,2835172.3333333335,778194.2804109609,2835172.3333333335,1.14921387779204
N05,漢翔,113,附表三,其他收入-決算數,非收支,999581.0,3729484.0,-2729903.0,-0.731978740222508,2376274.5,1116276.449240211,2397617.6666666665,-1.2332908223021644
N05,漢翔,110,附表三,利息收入-執行率,非收支,,,,,,,,
N05,漢翔,111,附表三,利息收入-執行率,非收支,,,,,,,,
N05,漢翔,112,附表三,利息收入-執行率,非收支,,,,,,,,
N05,漢翔,113,附表三,利息收入-執行率,非收支,,,,,,,,
N05,漢翔,110,附表三,利息收入-決算數,非收支,,,,,,,,
N05,漢翔,111,附表三,利息收入-決算數,非收支,39517.0,,,,39517.0,,39517.0,
N05,漢翔,112,附表三,利息收入-決算數,非收支,71207.0,39517.0,31690.0,0.8019333451425968,55362.0,22408.21389580169,55362.0,0.7071067811865476
N05,漢翔,113,附表三,利息收入-決算數,非收支,105887.0,71207.0,34680.0,0.48703076944682405,72203.66666666667,33196.223178749315,72203.66666666667,1.0146736618789767
N05,漢翔,110,附表三,加班費-執行率,非收支,18.0,,,,18.0,,18.0,
N05,漢翔,111,附表三,加班費-執行率,非收支,20.0,18.0,2.0,0.1111111111111111,19.0,1.4142135623730951,19.0,0.7071067811865475
N05,漢翔,112,附表三,加班費-執行率,非收支,47.0,20.0,27.0,1.35,28.333333333333332,16.19670748434179,28.333333333333332,1.1524976100675226
N05,漢翔,113,附表三,加班費-執行率,非收支,32.0,47.0,-15.0,-0.3191489361702128,29.25,13.35102992281869,33.0,0.205976618725113
N05,漢翔,110,附表三,加班費-決算數,非收支,98005.0,,,,98005.0,,98005.0,
N05,漢翔,111,附表三,加班費-決算數,非收支,111487.0,98005.0,13482.0,0.1375644099790827,104746.0,9533.213623957034,104746.0,0.7071067811865476
N05,漢翔,112,附表三,加班費-決算數,非收支,266196.0,111487.0,154709.0,1.3876864567169267,158562.66666666666,93456.63119508071,158562.66666666666,1.1516928435892395
N05,漢翔,113,附表三,加班費-決算數,非收支,213588.0,266196.0,-52608.0,-0.19762881485822476,172319.0,81115.39991477162,197090.33333333334,0.5087689889140848
N05,漢翔,110,附表三,勞、健保費-執行率,非收支,99.0,,,,99.0,,99.0,
N05,漢翔,111,附表三,勞、健保費-執行率,非收支,101.0,99.0,2.0,0.020202020202020204,100.0,1.4142135623730951,100.0,0.7071067811865475
N05,漢翔,112,附表三,勞、健保費-執行率,非收支,72.0,101.0,-29.0,-0.2871287128712871,90.66666666666667,16.19670748434179,90.66666666666667,-1.1524976100675228
N05,漢翔,113,附表三,勞、健保費-執行率,非收支,68.0,72.0,-4.0,-0.05555555555555555,85.0,17.41646730348418,80.33333333333333,-0.9760877279974646
N05,漢翔,110,附表三,勞、健保費-決算數,非收支,604774.0,,,,604774.0,,604774.0,
N05,漢翔,111,附表三,勞、健保費-決算數,非收支,635875.0,604774.0,31101.0,0.051425821877263245,620324.5,21991.728001682815,620324.5,0.7071067811865475
N05,漢翔,112,附表三,勞、健保費-決算數,非收支,465218.0,635875.0,-170657.0,-0.2683813642618439,568622.3333333334,90890.92454328615,568622.3333333334,-1.13767500829071
N05,漢翔,113,附表三,勞、健保費-決算數,非收支,615951.0,465218.0,150733.0,0.324005090086798,580454.5,77893.7788380219,572348.0,0.4557039153770426
N05,漢翔,110,附表三,勞退金提撥-執行率,非收支,97.0,,,,97.0,,97.0,
N05,漢翔,111,附表三,勞退金提撥-執行率,非收支,100.0,97.0,3.0,0.030927835051546393,98.5,2.1213203435596424,98.5,0.7071067811865476
N05,漢翔,112,附表三,勞退金提撥-執行率,非收支,68.0,100.0,-32.0,-0.32,88.33333333333333,17.67295485574875,88.33333333333333,-1.1505338806837497
N05,漢翔,113,附表三,勞退金提撥-執行率,非收支,83.0,68.0,15.0,0.22058823529411764,87.0,14.674240468703424,83.66666666666667,-0.2725865102545528
N05,漢翔,110,附表三,勞退金提撥-決算數,非收支,284906.0,,,,284906.0,,284906.0,
N05,漢翔,111,附表三,勞退金提撥-決算數,非收支,303014.0,284906.0,18108.0,0.06355780503043108,293960.0,12804.289593726002,293960.0,0.7071067811865476
N05,漢翔,112,附表三,勞退金提撥-決算數,非收支,211235.0,303014.0,-91779.0,-0.30288699532034824,266385.0,48611.89968515939,266385.0,-1.1344958818146458
N05,漢翔,113,附表三,勞退金提撥-決算數,非收支,292140.0,211235.0,80905.0,0.3830094444575946,272823.75,41728.18232621689,268796.3333333333,0.4629065759201313
N05,漢翔,110,附表三,園務特支-執行率,非收支,87.0,,,,87.0,,87.0,
N05,漢翔,111,附表三,園務特支-執行率,非收支,81.0,87.0,-6.0,-0.06896551724137931,84.0,4.242640687119285,84.0,-0.7071067811865476
N05,漢翔,112,附表三,園務特支-執行率,非收支,78.0,81.0,-3.0,-0.037037037037037035,82.0,4.58257569495584,82.0,-0.8728715609439696
N05,漢翔,113,附表三,園務特支-執行率,非收支,16.0,78.0,-62.0,-0.7948717948717948,65.5,33.21144381083123,58.333333333333336,-1.4904501075577026
N05,漢翔,110,附表三,園務特支-決算數,非收支,33814.0,,,,33814.0,,33814.0,
N05,漢翔,111,附表三,園務特支-決算數,非收支,31572.0,33814.0,-2242.0,-0.06630389779381321,32693.0,1585.3334034202396,32693.0,-0.7071067811865475
N05,漢翔,112,附表三,園務特支-決算數,非收支,30363.0,31572.0,-1209.0,-0.03829342455340175,31916.333333333332,1751.0780488982587,31916.333333333332,-0.8870725861195374
N05,漢翔,113,附表三,園務特支-決算數,非收支,6220.0,30363.0,-24143.0,-0.7951454072390739,25492.25,12927.47344160232,22718.333333333332,-1.4907978799615513
N05,漢翔,110,附表三,園舍消毒、清潔-執行率,非收支,84.0,,,,84.0,,84.0,
N05,漢翔,111,附表三,園舍消毒、清潔-執行率,非收支,108.0,84.0,24.0,0.2857142857142857,96.0,16.97056274847714,96.0,0.7071067811865476
N05,漢翔,112,附表三,園舍消毒、清潔-執行率,非收支,108.0,108.0,0.0,0.0,100.0,13.856406460551018,100.0,0.5773502691896258
N05,漢翔,113,附表三,園舍消毒、清潔-執行率,非收支,200.0,108.0,92.0,0.8518518518518519,125.0,51.264022471905186,138.66666666666666,1.463014339951632
N05,漢翔,110,附表三,園舍消毒、清潔-決算數,非收支,21000.0,,,,21000.0,,21000.0,
N05,漢翔,111,附表三,園舍消毒、清潔-決算數,非收支,27000.0,21000.0,6000.0,0.2857142857142857,24000.0,4242.640687119285,24000.0,0.7071067811865476
N05,漢翔,112,附表三,園舍消毒、清潔-決算數,非收支,27000.0,27000.0,0.0,0.0,25000.0,3464.1016151377544,25000.0,0.5773502691896258
N05,漢翔,113,附表三,園舍消毒、清潔-決算數,非收支,50000.0,27000.0,23000.0,0.8518518518518519,31250.0,12816.005617976296,34666.666666666664,1.4630143399516322
N05,漢翔,112,附表三,園長及教保服務人員薪資(含職務加給)-執行率,非收支,77.0,,,,77.0,,77.0,
N05,漢翔,112,附表三,園長及教保服務人員薪資(含職務加給)-決算數,非收支,3012992.0,,,,3012992.0,,3012992.0,
N05,漢翔,110,附表三,園長及教保服務人員薪資（含職務加給）-執行率,非收支,92.0,,,,92.0,,92.0,
N05,漢翔,111,附表三,園長及教保服務人員薪資（含職務加給）-執行率,非收支,99.0,92.0,7.0,0.07608695652173914,95.5,4.949747468305833,95.5,0.7071067811865476
N05,漢翔,113,附表三,園長及教保服務人員薪資（含職務加給）-執行率,非收支,86.0,,,,92.33333333333333,6.50640709864771,92.33333333333333,-0.9733994871992635
N05,漢翔,110,附表三,園長及教保服務人員薪資（含職務加給）-決算數,非收支,3411215.0,,,,3411215.0,,3411215.0,
N05,漢翔,111,附表三,園長及教保服務人員薪資（含職務加給）-決算數,非收支,3749923.0,3411215.0,338708.0,0.09929248083160985,3580569.0,239502.72364213315,3580569.0,0.7071067811865475
N05,漢翔,113,附表三,園長及教保服務人員薪資（含職務加給）-決算數,非收支,4511419.0,,,,3890852.3333333335,563478.4983913169,3890852.3333333335,1.101313836177124
N05,漢翔,110,附表三,學前特教師、社工人員、護理人員薪資-執行率,非收支,78.0,,,,78.0,,78.0,
N05,漢翔,111,附表三,學前特教師、社工人員、護理人員薪資-執行率,非收支,87.0,78.0,9.0,0.11538461538461539,82.5,6.363961030678928,82.5,0.7071067811865476
N05,漢翔,112,附表三,學前特教師、社工人員、護理人員薪資-執行率,非收支,70.0,87.0,-17.0,-0.19540229885057472,78.33333333333333,8.50490054811538,78.33333333333333,-0.9798272520870254
N05,漢翔,110,附表三,學前特教師、社工人員、護理人員薪資-決算數,非收支,381073.0,,,,381073.0,,381073.0,
N05,漢翔,111,附表三,學前特教師、社工人員、護理人員薪資-決算數,非收支,438714.0,381073.0,57641.0,0.1512597323872329,409893.5,40758.34197437378,409893.5,0.7071067811865476
N05,漢翔,112,附表三,學前特教師、社工人員、護理人員薪資-決算數,非收支,362873.0,438714.0,-75841.0,-0.1728711643576453,394220.0,39592.891116966945,394220.0,-0.7917330388274351
N05,漢翔,110,附表三,差旅費-執行率,非收支,,,,,,,,
N05,漢翔,111,附表三,差旅費-執行率,非收支,,,,,,,,
N05,漢翔,112,附表三,差旅費-執行率,非收支,,,,,,,,
N05,漢翔,113,附表三,差旅費-執行率,非收支,,,,,,,,
N05,漢翔,110,附表三,差旅費-決算數,非收支,,,,,,,,
N05,漢翔,111,附表三,差旅費-決算數,非收支,,,,,,,,
N05,漢翔,112,附表三,差旅費-決算數,非收支,,,,,,,,
N05,漢翔,113,附表三,差旅費-決算數,非收支,,,,,,,,
N05,漢翔,110,附表三,延後托育支出-執行率,非收支,,,,,,,,
N05,漢翔,111,附表三,延後托育支出-執行率,非收支,,,,,,,,
N05,漢翔,110,附表三,延後托育支出-決算數,非收支,446820.0,,,,446820.0,,446820.0,
N05,漢翔,111,附表三,延後托育支出-決算數,非收支,408622.0,446820.0,-38198.0,-0.08548856362741149,427721.0,27010.06482776374,427721.0,-0.7071067811865476
N05,漢翔,110,附表三,延後托育收入-執行率,非收支,,,,,,,,
N05,漢翔,111,附表三,延後托育收入-執行率,非收支,,,,,,,,
N05,漢翔,110,附表三,延後托育收入-決算數,非收支,532950.0,,,,532950.0,,532950.0,
N05,漢翔,111,附表三,延後托育收入-決算數,非收支,490290.0,532950.0,-42660.0,-0.0800450323670138,511620.0,30165.175285418118,511620.0,-0.7071067811865475
N05,漢翔,110,附表三,延後托育收入淨額-執行率,非收支,,,,,,,,
N05,漢翔,110,附表三,延後托育收入淨額-執行率,非收支,,,,,,,,
N05,漢翔,111,附表三,延後托育收入淨額-執行率,非收支,,,,,,,,
N05,漢翔,111,附表三,延後托育收入淨額-執行率,非收支,,,,,,,,
N05,漢翔,111,附表三,延後托育收入淨額-執行率,非收支,,,,,,,,
N05,漢翔,111,附表三,延後托育收入淨額-執行率,非收支,,,,,,,,
N05,漢翔,110,附表三,延後托育收入淨額-決算數,非收支,532950.0,,,,532950.0,,532950.0,
N05,漢翔,110,附表三,延後托育收入淨額-決算數,非收支,532950.0,,,,532950.0,0.0,532950.0,
N05,漢翔,111,附表三,延後托育收入淨額-決算數,非收支,490290.0,532950.0,-42660.0,-0.0800450323670138,518730.0,24629.762483629434,518730.0,-1.1547005383792515
N05,漢翔,111,附表三,延後托育收入淨額-決算數,非收支,490290.0,532950.0,-42660.0,-0.0800450323670138,511620.0,24629.762483629434,504510.0,-0.8660254037844387
N05,漢翔,111,附表三,延後托育收入淨額-決算數,非收支,490290.0,532950.0,-42660.0,-0.0800450323670138,507354.0,23365.844303170386,490290.0,-0.7302967433402214
N05,漢翔,111,附表三,延後托育收入淨額-決算數,非收支,490290.0,532950.0,-42660.0,-0.0800450323670138,504510.0,22029.52927322779,490290.0,-0.6454972243679028
N05,漢翔,112,附表三,延長照顧服務支出-執行率,非收支,,,,,,,,
N05,漢翔,113,附表三,延長照顧服務支出-執行率,非收支,,,,,,,,
N05,漢翔,112,附表三,延長照顧服務支出-決算數,非收支,168240.0,,,,168240.0,,168240.0,
N05,漢翔,113,附表三,延長照顧服務支出-決算數,非收支,127995.0,168240.0,-40245.0,-0.23921184022824538,148117.5,28457.512408852606,148117.5,-0.7071067811865475
N05,漢翔,112,附表三,延長照顧服務收入-執行率,非收支,,,,,,,,
N05,漢翔,113,附表三,延長照顧服務收入-執行率,非收支,,,,,,,,
N05,漢翔,112,附表三,延長照顧服務收入-決算數,非收支,168240.0,,,,168240.0,,168240.0,
N05,漢翔,113,附表三,延長照顧服務收入-決算數,非收支,127995.0,168240.0,-40245.0,-0.23921184022824538,148117.5,28457.512408852606,148117.5,-0.7071067811865475
N05,漢翔,112,附表三,延長照顧服務收入淨額-執行率,非收支,,,,,,,,
N05,漢翔,112,附表三,延長照顧服務收入淨額-執行率,非收支,,,,,,,,
N05,漢翔,113,附表三,延長照顧服務收入淨額-執行率,非收支,,,,,,,,
N05,漢翔,113,附表三,延長照顧服務收入淨額-執行率,非收支,,,,,,,,
N05,漢翔,113,附表三,延長照顧服務收入淨額-執行率,非收支,,,,,,,,
N05,漢翔,113,附表三,延長照顧服務收入淨額-執行率,非收支,,,,,,,,
N05,漢翔,112,附表三,延長照顧服務收入淨額-決算數,非收支,168240.0,,,,168240.0,,168240.0,
N05,漢翔,112,附表三,延長照顧服務收入淨額-決算數,非收支,168240.0,,,,168240.0,0.0,168240.0,
N05,漢翔,113,附表三,延長照顧服務收入淨額-決算數,非收支,127995.0,168240.0,-40245.0,-0.23921184022824538,154825.0,23235.46158353649,154825.0,-1.1547005383792515
N05,漢翔,113,附表三,延長照顧服務收入淨額-決算數,非收支,127995.0,168240.0,-40245.0,-0.23921184022824538,148117.5,23235.46158353649,141410.0,-0.8660254037844386
N05,漢翔,113,附表三,延長照顧服務收入淨額-決算數,非收支,127995.0,168240.0,-40245.0,-0.23921184022824538,144093.0,22043.09432679541,127995.0,-0.7302967433402215
N05,漢翔,113,附表三,延長照顧服務收入淨額-決算數,非收支,127995.0,168240.0,-40245.0,-0.23921184022824538,141410.0,20782.428635749,127995.0,-0.6454972243679028
N05,漢翔,110,附表三,所得稅費用-執行率,非收支,,,,,,,,
N05,漢翔,111,附表三,所得稅費用-執行率,非收支,,,,,,,,
N05,漢翔,112,附表三,所得稅費用-執行率,非收支,,,,,,,,
N05,漢翔,113,附表三,所得稅費用-執行率,非收支,,,,,,,,
N05,漢翔,110,附表三,所得稅費用-決算數,非收支,40034.0,,,,40034.0,,40034.0,
N05,漢翔,111,附表三,所得稅費用-決算數,非收支,,40034.0,,,40034.0,,40034.0,
N05,漢翔,112,附表三,所得稅費用-決算數,非收支,,,,,40034.0,,40034.0,
N05,漢翔,113,附表三,所得稅費用-決算數,非收支,,,,,40034.0,,,
N05,漢翔,110,附表三,攝影照片-執行率,非收支,89.0,,,,89.0,,89.0,
N05,漢翔,111,附表三,攝影照片-執行率,非收支,89.0,89.0,0.0,0.0,89.0,0.0,89.0,
N05,漢翔,112,附表三,攝影照片-執行率,非收支,68.0,89.0,-21.0,-0.23595505617977527,82.0,12.12435565298214,82.0,-1.1547005383792515
N05,漢翔,113,附表三,攝影照片-執行率,非收支,1.0,68.0,-67.0,-0.9852941176470589,61.75,41.692325432865935,52.666666666666664,-1.4571027010191895
N05,漢翔,110,附表三,攝影照片-決算數,非收支,7970.0,,,,7970.0,,7970.0,
N05,漢翔,111,附表三,攝影照片-決算數,非收支,7976.0,7970.0,6.0,0.000752823086574655,7973.0,4.242640687119285,7973.0,0.7071067811865476
N05,漢翔,112,附表三,攝影照片-決算數,非收支,6116.0,7976.0,-1860.0,-0.23319959879638916,7354.0,1072.1436470921235,7354.0,-1.154696017980159
N05,漢翔,113,附表三,攝影照片-決算數,非收支,96.0,6116.0,-6020.0,-0.9843034663178548,5539.5,3733.0910784496004,4729.333333333333,-1.4581749776811643
N05,漢翔,110,附表三,支出-執行率,非收支,119.0,,,,119.0,,119.0,
N05,漢翔,111,附表三,支出-執行率,非收支,126.0,119.0,7.0,0.058823529411764705,122.5,4.949747468305833,122.5,0.7071067811865476
N05,漢翔,112,附表三,支出-執行率,非收支,132.0,126.0,6.0,0.047619047619047616,125.66666666666667,6.50640709864771,125.66666666666667,0.9733994871992635
N05,漢翔,113,附表三,支出-執行率,非收支,103.0,132.0,-29.0,-0.2196969696969697,120.0,12.516655570345726,120.33333333333333,-1.3581902852928338
N05,漢翔,110,附表三,支出-決算數,非收支,11009882.0,,,,11009882.0,,11009882.0,
N05,漢翔,111,附表三,支出-決算數,非收支,11869873.0,11009882.0,859991.0,0.07811082807245345,11439877.5,608105.4678594002,11439877.5,0.7071067811865475
N05,漢翔,112,附表三,支出-決算數,非收支,12653515.0,11869873.0,783642.0,0.06601940896924507,11844423.333333334,822111.9898300554,11844423.333333334,0.9841623485310306
N05,漢翔,113,附表三,支出-決算數,非收支,11597650.0,12653515.0,-1055865.0,-0.08344440260275504,11782730.0,682497.6327621948,12040346.0,-0.2711804277634588
N05,漢翔,110,附表三,收入-執行率,非收支,127.0,,,,127.0,,127.0,
N05,漢翔,111,附表三,收入-執行率,非收支,128.0,127.0,1.0,0.007874015748031496,127.5,0.7071067811865476,127.5,0.7071067811865475
N05,漢翔,112,附表三,收入-執行率,非收支,138.0,128.0,10.0,0.078125,131.0,6.082762530298219,131.0,1.150792911137501
N05,漢翔,113,附表三,收入-執行率,非收支,110.0,138.0,-28.0,-0.2028985507246377,125.75,11.615363389350618,125.33333333333333,-1.3559627427963352
N05,漢翔,110,附表三,收入-決算數,非收支,11841923.0,,,,11841923.0,,11841923.0,
N05,漢翔,111,附表三,收入-決算數,非收支,11976524.0,11841923.0,134601.0,0.011366481609448061,11909223.5,95177.27985449048,11909223.5,0.7071067811865476
N05,漢翔,112,附表三,收入-決算數,非收支,12921591.0,11976524.0,945067.0,0.07890995751354901,12246679.333333334,588352.5096847408,12246679.333333334,1.1471212505378903
N05,漢翔,113,附表三,收入-決算數,非收支,13204495.0,12921591.0,282904.0,0.021893898359729852,12486133.25,678325.2636183591,12700870.0,1.0590225494006755
N05,漢翔,112,附表三,政府學費差額補助退費-執行率,非收支,,,,,,,,
N05,漢翔,113,附表三,政府學費差額補助退費-執行率,非收支,,,,,,,,
N05,漢翔,112,附表三,政府學費差額補助退費-決算數,非收支,-1008.0,,,,-1008.0,,-1008.0,
N05,漢翔,113,附表三,政府學費差額補助退費-決算數,非收支,-217120.0,-1008.0,-216112.0,-214.3968253968254,-109064.0,152814.26069578715,-109064.0,-0.7071067811865476
N05,漢翔,110,附表三,教保材料費-執行率,非收支,46.0,,,,46.0,,46.0,
N05,漢翔,111,附表三,教保材料費-執行率,非收支,48.0,46.0,2.0,0.043478260869565216,47.0,1.4142135623730951,47.0,0.7071067811865475
N05,漢翔,112,附表三,教保材料費-執行率,非收支,77.0,48.0,29.0,0.6041666666666666,57.0,17.349351572897472,57.0,1.1527808354084699
N05,漢翔,113,附表三,教保材料費-執行率,非收支,57.0,77.0,-20.0,-0.2597402597402597,57.0,14.165686240583852,60.666666666666664,0.0
N05,漢翔,110,附表三,教保材料費-決算數,非收支,83448.0,,,,83448.0,,83448.0,
N05,漢翔,111,附表三,教保材料費-決算數,非收支,87680.0,83448.0,4232.0,0.05071421723708178,85564.0,2992.475897981469,85564.0,0.7071067811865475
N05,漢翔,112,附表三,教保材料費-決算數,非收支,140801.0,87680.0,53121.0,0.6058508211678832,103976.33333333333,31961.218880595487,103976.33333333333,1.1521671562101756
N05,漢翔,113,附表三,教保材料費-決算數,非收支,99130.0,140801.0,-41671.0,-0.2959567048529485,102764.75,26208.48612409093,109203.66666666667,-0.1386859959323986
N05,漢翔,110,附表三,教保費收入-執行率,非收支,97.0,,,,97.0,,97.0,
N05,漢翔,111,附表三,教保費收入-執行率,非收支,97.0,97.0,0.0,0.0,97.0,0.0,97.0,
N05,漢翔,112,附表三,教保費收入-執行率,非收支,97.0,97.0,0.0,0.0,97.0,0.0,97.0,
N05,漢翔,113,附表三,教保費收入-執行率,非收支,102.0,97.0,5.0,0.05154639175257732,98.25,2.5,98.66666666666667,1.5
N05,漢翔,110,附表三,教保費收入-決算數,非收支,9030884.0,,,,9030884.0,,9030884.0,
N05,漢翔,111,附表三,教保費收入-決算數,非收支,9024121.0,9030884.0,-6763.0,-0.0007488746395148027,9027502.5,4782.163161164621,9027502.5,-0.7071067811865476
N05,漢翔,112,附表三,教保費收入-決算數,非收支,9017887.0,9024121.0,-6234.0,-0.000690815205159594,9024297.333333334,6500.294018991473,9024297.333333334,-0.9861605205249659
N05,漢翔,113,附表三,教保費收入-決算數,非收支,12232000.0,9017887.0,3214113.0,0.35641531103683155,9826223.0,1603860.1150505613,10091336.0,1.4999917869546613
N05,漢翔,110,附表三,教保費收入淨額-執行率,非收支,96.0,,,,96.0,,96.0,
N05,漢翔,111,附表三,教保費收入淨額-執行率,非收支,96.0,96.0,0.0,0.0,96.0,0.0,96.0,
N05,漢翔,112,附表三,教保費收入淨額-執行率,非收支,96.0,96.0,0.0,0.0,96.0,0.0,96.0,
N05,漢翔,113,附表三,教保費收入淨額-執行率,非收支,99.0,96.0,3.0,0.03125,96.75,1.5,97.0,1.5
N05,漢翔,110,附表三,教保費收入淨額-決算數,非收支,8992892.0,,,,8992892.0,,8992892.0,
N05,漢翔,111,附表三,教保費收入淨額-決算數,非收支,8982929.0,8992892.0,-9963.0,-0.0011078749750358394,8987910.5,7044.904860961573,8987910.5,-0.7071067811865476
N05,漢翔,112,附表三,教保費收入淨額-決算數,非收支,8952660.0,8982929.0,-30269.0,-0.0033696136304762064,8976160.333333334,20952.675063899223,8976160.333333334,-1.1215910742501927
N05,漢翔,113,附表三,教保費收入淨額-決算數,非收支,11971032.0,8952660.0,3018372.0,0.3371480654911501,9724878.25,1497533.555999859,9968873.666666666,1.4999021163838357
N05,漢翔,110,附表三,教保費收入減項-執行率,非收支,,,,,,,,
N05,漢翔,111,附表三,教保費收入減項-執行率,非收支,,,,,,,,
N05,漢翔,112,附表三,教保費收入減項-執行率,非收支,,,,,,,,
N05,漢翔,113,附表三,教保費收入減項-執行率,非收支,,,,,,,,
N05,漢翔,110,附表三,教保費收入減項-決算數,非收支,-37992.0,,,,-37992.0,,-37992.0,
N05,漢翔,111,附表三,教保費收入減項-決算數,非收支,-41192.0,-37992.0,-3200.0,-0.08422825858075385,-39592.0,2262.741699796952,-39592.0,-0.7071067811865475
N05,漢翔,112,附表三,教保費收入減項-決算數,非收支,-65227.0,-41192.0,-24035.0,-0.5834870848708487,-48137.0,14886.60723603602,-48137.0,-1.148011748347214
N05,漢翔,113,附表三,教保費收入減項-決算數,非收支,-260968.0,-65227.0,-195741.0,-3.000919864473301,-101344.75,107107.41970991863,-122462.33333333333,-1.4903099190729376
N05,漢翔,110,附表三,教保費收入（家長繳費）-執行率,非收支,60.0,,,,60.0,,60.0,
N05,漢翔,111,附表三,教保費收入（家長繳費）-執行率,非收支,50.0,60.0,-10.0,-0.16666666666666666,55.0,7.0710678118654755,55.0,-0.7071067811865475
N05,漢翔,112,附表三,教保費收入（家長繳費）-執行率,非收支,51.0,50.0,1.0,0.02,53.666666666666664,5.507570547286101,53.666666666666664,-0.4841820261350416
N05,漢翔,113,附表三,教保費收入（家長繳費）-執行率,非收支,53.0,51.0,2.0,0.0392156862745098,53.5,4.509249752822893,51.333333333333336,-0.11088319064318594
N05,漢翔,110,附表三,教保費收入（家長繳費）-決算數,非收支,1362000.0,,,,1362000.0,,1362000.0,
N05,漢翔,111,附表三,教保費收入（家長繳費）-決算數,非收支,918000.0,1362000.0,-444000.0,-0.32599118942731276,1140000.0,313955.4108468271,1140000.0,-0.7071067811865476
N05,漢翔,112,附表三,教保費收入（家長繳費）-決算數,非收支,934607.0,918000.0,16607.0,0.01809041394335512,1071535.6666666667,251686.50106100913,1071535.6666666667,-0.5440445398916133
N05,漢翔,113,附表三,教保費收入（家長繳費）-決算數,非收支,912000.0,934607.0,-22607.0,-0.024188776672975913,1031651.75,220439.64505562515,921535.6666666666,-0.5427868928468261
N05,漢翔,110,附表三,教保費收入（政府學費差額補助）-執行率,非收支,109.0,,,,109.0,,109.0,
N05,漢翔,111,附表三,教保費收入（政府學費差額補助）-執行率,非收支,108.0,109.0,-1.0,-0.009174311926605505,108.5,0.7071067811865476,108.5,-0.7071067811865475
N05,漢翔,112,附表三,教保費收入（政府學費差額補助）-執行率,非收支,107.0,108.0,-1.0,-0.009259259259259259,108.0,1.0,108.0,-1.0
N05,漢翔,113,附表三,教保費收入（政府學費差額補助）-執行率,非收支,110.0,107.0,3.0,0.028037383177570093,108.5,1.2909944487358056,108.33333333333333,1.161895003862225
N05,漢翔,110,附表三,教保費收入（政府學費差額補助）-決算數,非收支,7668884.0,,,,7668884.0,,7668884.0,
N05,漢翔,111,附表三,教保費收入（政府學費差額補助）-決算數,非收支,8106121.0,7668884.0,437237.0,0.057014423480652464,7887502.5,309173.24768566247,7887502.5,0.7071067811865476
N05,漢翔,112,附表三,教保費收入（政府學費差額補助）-決算數,非收支,8083280.0,8106121.0,-22841.0,-0.002817747230765492,7952761.666666667,246110.39198768773,7952761.666666667,0.5303243486762742
N05,漢翔,113,附表三,教保費收入（政府學費差額補助）-決算數,非收支,11320000.0,8083280.0,3236720.0,0.40042161102918616,8794571.25,1695568.847043252,9169800.333333334,1.4894286094037792
N05,漢翔,110,附表三,文宣費（一般文宣）-執行率,非收支,10.0,,,,10.0,,10.0,
N05,漢翔,111,附表三,文宣費（一般文宣）-執行率,非收支,34.0,10.0,24.0,2.4,22.0,16.97056274847714,22.0,0.7071067811865476
N05,漢翔,112,附表三,文宣費（一般文宣）-執行率,非收支,31.0,34.0,-3.0,-0.08823529411764706,25.0,13.076696830622021,25.0,0.45883146774112354
N05,漢翔,113,附表三,文宣費（一般文宣）-執行率,非收支,,31.0,,,25.0,13.076696830622021,32.5,
N05,漢翔,110,附表三,文宣費（一般文宣）-決算數,非收支,1000.0,,,,1000.0,,1000.0,
N05,漢翔,111,附表三,文宣費（一般文宣）-決算數,非收支,3373.0,1000.0,2373.0,2.373,2186.5,1677.9643917556773,2186.5,0.7071067811865475
N05,漢翔,112,附表三,文宣費（一般文宣）-決算數,非收支,3120.0,3373.0,-253.0,-0.07500741179958494,2497.6666666666665,1303.1716438494714,2497.6666666666665,0.4775528505938078
N05,漢翔,113,附表三,文宣費（一般文宣）-決算數,非收支,,3120.0,,,2497.6666666666665,1303.1716438494714,3246.5,
N05,漢翔,110,附表三,文宣費（園刊）-執行率,非收支,55.0,,,,55.0,,55.0,
N05,漢翔,111,附表三,文宣費（園刊）-執行率,非收支,18.0,55.0,-37.0,-0.6727272727272727,36.5,26.16295090390226,36.5,-0.7071067811865475
N05,漢翔,113,附表三,文宣費（園刊）-執行率,非收支,,,,,36.5,26.16295090390226,36.5,
N05,漢翔,110,附表三,文宣費（園刊）-決算數,非收支,15000.0,,,,15000.0,,15000.0,
N05,漢翔,111,附表三,文宣費（園刊）-決算數,非收支,5084.0,15000.0,-9916.0,-0.6610666666666667,10042.0,7011.670842245805,10042.0,-0.7071067811865476
N05,漢翔,113,附表三,文宣費（園刊）-決算數,非收支,,,,,10042.0,7011.670842245805,10042.0,
N05,漢翔,112,附表三,文宣費（圖刊）-執行率,非收支,36.0,,,,36.0,,36.0,
N05,漢翔,112,附表三,文宣費（圖刊）-決算數,非收支,9997.0,,,,9997.0,,9997.0,
N05,漢翔,110,附表三,日常消耗用品-執行率,非收支,63.0,,,,63.0,,63.0,
N05,漢翔,111,附表三,日常消耗用品-執行率,非收支,92.0,63.0,29.0,0.4603174603174603,77.5,20.506096654409877,77.5,0.7071067811865476
N05,漢翔,112,附表三,日常消耗用品-執行率,非收支,85.0,92.0,-7.0,-0.07608695652173914,80.0,15.132745950421556,80.0,0.3304093002275449
N05,漢翔,113,附表三,日常消耗用品-執行率,非收支,91.0,85.0,6.0,0.07058823529411765,82.75,13.524668819112232,89.33333333333333,0.6099964524337635
N05,漢翔,110,附表三,日常消耗用品-決算數,非收支,28659.0,,,,28659.0,,28659.0,
N05,漢翔,111,附表三,日常消耗用品-決算數,非收支,42083.0,28659.0,13424.0,0.4684043406957675,35371.0,9492.201430648214,35371.0,0.7071067811865475
N05,漢翔,112,附表三,日常消耗用品-決算數,非收支,38613.0,42083.0,-3470.0,-0.08245609866216762,36451.666666666664,6968.103424414231,36451.666666666664,0.3101752660215469
N05,漢翔,113,附表三,日常消耗用品-決算數,非收支,39236.0,38613.0,623.0,0.01613446248672727,37147.75,5857.283635212942,39977.333333333336,0.35652191870064387
N05,漢翔,110,附表三,會計、總務、廚工、清潔薪資-執行率,非收支,82.0,,,,82.0,,82.0,
N05,漢翔,111,附表三,會計、總務、廚工、清潔薪資-執行率,非收支,89.0,82.0,7.0,0.08536585365853659,85.5,4.949747468305833,85.5,0.7071067811865476
N05,漢翔,112,附表三,會計、總務、廚工、清潔薪資-執行率,非收支,51.0,89.0,-38.0,-0.42696629213483145,74.0,20.223748416156685,74.0,-1.137276805798542
N05,漢翔,113,附表三,會計、總務、廚工、清潔薪資-執行率,非收支,46.0,51.0,-5.0,-0.09803921568627451,67.0,21.64871050817269,62.0,-0.9700346813761589
N05,漢翔,110,附表三,會計、總務、廚工、清潔薪資-決算數,非收支,991546.0,,,,991546.0,,991546.0,
N05,漢翔,111,附表三,會計、總務、廚工、清潔薪資-決算數,非收支,1096280.0,991546.0,104734.0,0.10562697040782777,1043913.0,74058.12162079186,1043913.0,0.7071067811865476
N05,漢翔,112,附表三,會計、總務、廚工、清潔薪資-決算數,非收支,640476.0,1096280.0,-455804.0,-0.415773342576714,909434.0,238738.57462086013,909434.0,-1.126579566905479
N05,漢翔,113,附表三,會計、總務、廚工、清潔薪資-決算數,非收支,647075.0,640476.0,6599.0,0.010303274439635522,843844.25,234958.43439833494,794610.3333333334,-0.8374640838234766
N05,漢翔,110,附表三,本期稅前餘絀-執行率,非收支,1039.0,,,,1039.0,,1039.0,
N05,漢翔,111,附表三,本期稅前餘絀-執行率,非收支,-121.0,1039.0,-1160.0,-1.1164581328200192,459.0,820.2438661763952,459.0,-0.7071067811865475
N05,漢翔,112,附表三,本期稅前餘絀-執行率,非收支,-102.0,-121.0,19.0,0.15702479338842976,272.0,664.3094158598085,272.0,-0.5629906653000483
N05,漢翔,113,附表三,本期稅前餘絀-執行率,非收支,198.0,-102.0,300.0,2.9411764705882355,253.5,543.6668710402232,-8.333333333333334,-0.10208457229297282
N05,漢翔,110,附表三,本期稅前餘絀-決算數,非收支,832041.0,,,,832041.0,,832041.0,
N05,漢翔,111,附表三,本期稅前餘絀-決算數,非收支,106651.0,832041.0,-725390.0,-0.8718200184846661,469346.0,512928.1880049097,469346.0,-0.7071067811865475
N05,漢翔,112,附表三,本期稅前餘絀-決算數,非收支,268076.0,106651.0,161425.0,1.5135816823095891,402256.0,380855.4415063542,402256.0,-0.35231215148008155
N05,漢翔,113,附表三,本期稅前餘絀-決算數,非收支,1606845.0,268076.0,1338769.0,4.993990510153837,703403.25,677834.2296955183,660524.0,1.332835832746045
N05,漢翔,110,附表三,本期稅後餘絀-執行率,非收支,989.0,,,,989.0,,989.0,
N05,漢翔,111,附表三,本期稅後餘絀-執行率,非收支,-121.0,989.0,-1110.0,-1.122345803842265,434.0,784.8885271170677,434.0,-0.7071067811865476
N05,漢翔,112,附表三,本期稅後餘絀-執行率,非收支,-102.0,-121.0,19.0,0.15702479338842976,255.33333333333334,635.4449884398597,255.33333333333334,-0.5623355913320771
N05,漢翔,113,附表三,本期稅後餘絀-執行率,非收支,198.0,-102.0,300.0,2.9411764705882355,241.0,519.6299965680709,-8.333333333333334,-0.08275118889208902
N05,漢翔,110,附表三,本期稅後餘絀-決算數,非收支,792007.0,,,,792007.0,,792007.0,
N05,漢翔,111,附表三,本期稅後餘絀-決算數,非收支,106651.0,792007.0,-685356.0,-0.8653408366340196,449329.0,484619.87512688746,449329.0,-0.7071067811865476
N05,漢翔,112,附表三,本期稅後餘絀-決算數,非收支,268076.0,106651.0,161425.0,1.5135816823095891,388911.3333333333,358300.28610138356,388911.3333333333,-0.3372459861758026
N05,漢翔,113,附表三,本期稅後餘絀-決算數,非收支,1606845.0,268076.0,1338769.0,4.993990510153837,693394.75,675593.5667595693,660524.0,1.3520706752453124
N05,漢翔,110,附表三,材料費-執行率,非收支,77.0,,,,77.0,,77.0,
N05,漢翔,111,附表三,材料費-執行率,非收支,92.0,77.0,15.0,0.19480519480519481,84.5,10.606601717798213,84.5,0.7071067811865475
N05,漢翔,112,附表三,材料費-執行率,非收支,100.0,92.0,8.0,0.08695652173913043,89.66666666666667,11.676186592091328,89.66666666666667,0.884992137786873
N05,漢翔,113,附表三,材料費-執行率,非收支,65.0,100.0,-35.0,-0.35,83.5,15.588457268119896,85.66666666666667,-1.1867755533342308
N05,漢翔,110,附表三,材料費-決算數,非收支,907619.0,,,,907619.0,,907619.0,
N05,漢翔,111,附表三,材料費-決算數,非收支,1086820.0,907619.0,179201.0,0.1974407763610061,997219.5,126714.2422954105,997219.5,0.7071067811865476
N05,漢翔,112,附表三,材料費-決算數,非收支,1180578.0,1086820.0,93758.0,0.08626819528532784,1058339.0,138690.4086121315,1058339.0,0.8813803436246243
N05,漢翔,113,附表三,材料費-決算數,非收支,811922.0,1180578.0,-368656.0,-0.312267380893088,996734.75,167343.02325736996,1026440.0,-1.1043947121462123
N05,漢翔,110,附表三,業務發展費-執行率,非收支,,,,,,,,
N05,漢翔,111,附表三,業務發展費-執行率,非收支,,,,,,,,
N05,漢翔,112,附表三,業務發展費-執行率,非收支,,,,,,,,
N05,漢翔,113,附表三,業務發展費-執行率,非收支,,,,,,,,
N05,漢翔,110,附表三,業務發展費-決算數,非收支,766300.0,,,,766300.0,,766300.0,
N05,漢翔,111,附表三,業務發展費-決算數,非收支,744800.0,766300.0,-21500.0,-0.0280568967767193,755550.0,15202.795795510772,755550.0,-0.7071067811865475
N05,漢翔,112,附表三,業務發展費-決算數,非收支,1782519.0,744800.0,1037719.0,1.3932854457572503,1097873.0,593018.272473117,1097873.0,1.1545107997174517
N05,漢翔,113,附表三,業務發展費-決算數,非收支,2575405.0,1782519.0,792886.0,0.4448120889595006,1467256.0,883301.9399280557,1700908.0,1.2545528883252062
N05,漢翔,110,附表三,業務費-執行率,非收支,54.0,,,,54.0,,54.0,
N05,漢翔,111,附表三,業務費-執行率,非收支,59.0,54.0,5.0,0.09259259259259259,56.5,3.5355339059327378,56.5,0.7071067811865475
N05,漢翔,112,附表三,業務費-執行率,非收支,61.0,59.0,2.0,0.03389830508474576,58.0,3.605551275463989,58.0,0.8320502943378437
N05,漢翔,113,附表三,業務費-執行率,非收支,42.0,61.0,-19.0,-0.3114754098360656,54.0,8.524474568362947,54.0,-1.4077113966103951
N05,漢翔,110,附表三,業務費-決算數,非收支,373048.0,,,,373048.0,,373048.0,
N05,漢翔,111,附表三,業務費-決算數,非收支,412723.0,373048.0,39675.0,0.10635360597027728,392885.5,28054.46154357627,392885.5,0.7071067811865476
N05,漢翔,112,附表三,業務費-決算數,非收支,421276.0,412723.0,8553.0,0.02072334229010741,402349.0,25733.24509268118,402349.0,0.7355077034331379
N05,漢翔,113,附表三,業務費-決算數,非收支,298788.0,421276.0,-122488.0,-0.2907547546026833,376458.75,55881.005558686935,377595.6666666667,-1.389931144285319
N05,漢翔,110,附表三,水費-執行率,非收支,33.0,,,,33.0,,33.0,
N05,漢翔,111,附表三,水費-執行率,非收支,37.0,33.0,4.0,0.12121212121212122,35.0,2.8284271247461903,35.0,0.7071067811865475
N05,漢翔,112,附表三,水費-執行率,非收支,39.0,37.0,2.0,0.05405405405405406,36.333333333333336,3.0550504633038926,36.333333333333336,0.872871560943969
N05,漢翔,113,附表三,水費-執行率,非收支,34.0,39.0,-5.0,-0.1282051282051282,35.75,2.7537852736430506,36.666666666666664,-0.6354889093022427
N05,漢翔,110,附表三,水費-決算數,非收支,8620.0,,,,8620.0,,8620.0,
N05,漢翔,111,附表三,水費-決算數,非收支,9611.0,8620.0,991.0,0.11496519721577726,9115.5,700.7428201558686,9115.5,0.7071067811865476
N05,漢翔,112,附表三,水費-決算數,非收支,10090.0,9611.0,479.0,0.049838726459265424,9440.333333333334,749.713500834374,9440.333333333334,0.8665532445976183
N05,漢翔,113,附表三,水費-決算數,非收支,8855.0,10090.0,-1235.0,-0.122398414271556,9294.0,678.5037459980108,9518.666666666666,-0.64701190316094
N05,漢翔,110,附表三,水電修繕-執行率,非收支,71.0,,,,71.0,,71.0,
N05,漢翔,111,附表三,水電修繕-執行率,非收支,140.0,71.0,69.0,0.971830985915493,105.5,48.79036790187178,105.5,0.7071067811865475
N05,漢翔,110,附表三,水電修繕-決算數,非收支,60264.0,,,,60264.0,,60264.0,
N05,漢翔,111,附表三,水電修繕-決算數,非收支,119248.0,60264.0,58984.0,0.9787601221292977,89756.0,41707.98638150732,89756.0,0.7071067811865476
N05,漢翔,110,附表三,活動費-執行率,非收支,70.0,,,,70.0,,70.0,
N05,漢翔,111,附表三,活動費-執行率,非收支,113.0,70.0,43.0,0.6142857142857143,91.5,30.405591591021544,91.5,0.7071067811865475
N05,漢翔,112,附表三,活動費-執行率,非收支,97.0,113.0,-16.0,-0.1415929203539823,93.33333333333333,21.733231083604053,93.33333333333333,0.16871245019029277
N05,漢翔,113,附表三,活動費-執行率,非收支,45.0,97.0,-52.0,-0.5360824742268041,81.25,29.981939007787116,85.0,-1.2090612281809026
N05,漢翔,110,附表三,活動費-決算數,非收支,66776.0,,,,66776.0,,66776.0,
N05,漢翔,111,附表三,活動費-決算數,非收支,107536.0,66776.0,40760.0,0.6103989457290044,87156.0,28821.672401163676,87156.0,0.7071067811865476
N05,漢翔,112,附表三,活動費-決算數,非收支,91855.0,107536.0,-15681.0,-0.14582093438476418,88722.33333333333,20559.7811353461,88722.33333333333,0.15236867776189664
N05,漢翔,113,附表三,活動費-決算數,非收支,42887.0,91855.0,-48968.0,-0.5331010832290022,77263.5,28408.14165575308,80759.33333333333,-1.2100932337134498
N05,漢翔,110,附表三,火險-執行率,非收支,14.0,,,,14.0,,14.0,
N05,漢翔,111,附表三,火險-執行率,非收支,13.0,14.0,-1.0,-0.07142857142857142,13.5,0.7071067811865476,13.5,-0.7071067811865475
N05,漢翔,112,附表三,火險-執行率,非收支,13.0,13.0,0.0,0.0,13.333333333333334,0.5773502691896258,13.333333333333334,-0.5773502691896267
N05,漢翔,113,附表三,火險-執行率,非收支,13.0,13.0,0.0,0.0,13.25,0.5000000000000001,13.0,-0.4999999999999999
N05,漢翔,110,附表三,火險-決算數,非收支,1130.0,,,,1130.0,,1130.0,
N05,漢翔,111,附表三,火險-決算數,非收支,1017.0,1130.0,-113.0,-0.1,1073.5,79.90306627407988,1073.5,-0.7071067811865475
N05,漢翔,112,附表三,火險-決算數,非收支,1017.0,1017.0,0.0,0.0,1054.6666666666667,65.24058041842773,1054.6666666666667,-0.5773502691896268
N05,漢翔,113,附表三,火險-決算數,非收支,1017.0,1017.0,0.0,0.0,1045.25,56.50000000000002,1017.0,-0.49999999999999983
N05,漢翔,110,附表三,瓦斯費-執行率,非收支,34.0,,,,34.0,,34.0,
N05,漢翔,111,附表三,瓦斯費-執行率,非收支,39.0,34.0,5.0,0.14705882352941177,36.5,3.5355339059327378,36.5,0.7071067811865475
N05,漢翔,112,附表三,瓦斯費-執行率,非收支,40.0,39.0,1.0,0.02564102564102564,37.666666666666664,3.214550253664319,37.666666666666664,0.7258661863112983
N05,漢翔,113,附表三,瓦斯費-執行率,非收支,34.0,40.0,-6.0,-0.15,36.75,3.2015621187164243,37.666666666666664,-0.8589556903873333
N05,漢翔,110,附表三,瓦斯費-決算數,非收支,10843.0,,,,10843.0,,10843.0,
N05,漢翔,111,附表三,瓦斯費-決算數,非收支,12616.0,10843.0,1773.0,0.16351563220510928,11729.5,1253.7003230437488,11729.5,0.7071067811865476
N05,漢翔,112,附表三,瓦斯費-決算數,非收支,12775.0,12616.0,159.0,0.012603043753963221,12078.0,1072.4919580118071,12078.0,0.6498883229782938
N05,漢翔,113,附表三,瓦斯費-決算數,非收支,10756.0,12775.0,-2019.0,-0.1580430528375734,11747.5,1097.1540457018787,12049.0,-0.9037017216353708
N05,漢翔,110,附表三,研習、進修-執行率,非收支,36.0,,,,36.0,,36.0,
N05,漢翔,111,附表三,研習、進修-執行率,非收支,13.0,36.0,-23.0,-0.6388888888888888,24.5,16.263455967290593,24.5,-0.7071067811865476
N05,漢翔,112,附表三,研習、進修-執行率,非收支,75.0,13.0,62.0,4.769230769230769,41.333333333333336,31.34219732777735,41.333333333333336,1.0741642110979
N05,漢翔,113,附表三,研習、進修-執行率,非收支,16.0,75.0,-59.0,-0.7866666666666666,35.0,28.554042329122744,34.666666666666664,-0.6654049111856076
N05,漢翔,110,附表三,研習、進修-決算數,非收支,7900.0,,,,7900.0,,7900.0,
N05,漢翔,111,附表三,研習、進修-決算數,非收支,2950.0,7900.0,-4950.0,-0.6265822784810127,5425.0,3500.17856687341,5425.0,-0.7071067811865476
N05,漢翔,112,附表三,研習、進修-決算數,非收支,16500.0,2950.0,13550.0,4.593220338983051,9116.666666666666,6856.444656914641,9116.666666666666,1.0768457564792464
N05,漢翔,113,附表三,研習、進修-決算數,非收支,3600.0,16500.0,-12900.0,-0.7818181818181819,7737.5,6240.910056500841,7683.333333333333,-0.6629642091525058
N05,漢翔,110,附表三,維護費-執行率,非收支,70.0,,,,70.0,,70.0,
N05,漢翔,111,附表三,維護費-執行率,非收支,125.0,70.0,55.0,0.7857142857142857,97.5,38.890872965260115,97.5,0.7071067811865475
N05,漢翔,112,附表三,維護費-執行率,非收支,75.0,125.0,-50.0,-0.4,90.0,30.4138126514911,90.0,-0.4931969619160719
N05,漢翔,113,附表三,維護費-執行率,非收支,108.0,75.0,33.0,0.44,94.5,26.413380447543375,102.66666666666667,0.5111045905998599
N05,漢翔,110,附表三,維護費-決算數,非收支,82394.0,,,,82394.0,,82394.0,
N05,漢翔,111,附表三,維護費-決算數,非收支,147265.0,82394.0,64871.0,0.7873267470932349,114829.5,45870.72400235252,114829.5,0.7071067811865476
N05,漢翔,112,附表三,維護費-決算數,非收支,88595.0,147265.0,-58670.0,-0.39839744677961497,106084.66666666667,35797.73722364772,106084.66666666667,-0.4885690555634653
N05,漢翔,113,附表三,維護費-決算數,非收支,127280.0,88595.0,38685.0,0.4366499238105988,111383.5,31090.660961131078,121046.66666666667,0.5112950162067473
N05,漢翔,112,附表三,腸病毒退費-執行率,非收支,,,,,,,,
N05,漢翔,113,附表三,腸病毒退費-執行率,非收支,,,,,,,,
N05,漢翔,112,附表三,腸病毒退費-決算數,非收支,-29830.0,,,,-29830.0,,-29830.0,
N05,漢翔,113,附表三,腸病毒退費-決算數,非收支,-6434.0,-29830.0,23396.0,0.7843110962118672,-18132.0,16543.470252640465,-18132.0,0.7071067811865476
N05,漢翔,110,附表三,自強活動-執行率,非收支,34.0,,,,34.0,,34.0,
N05,漢翔,111,附表三,自強活動-執行率,非收支,100.0,34.0,66.0,1.9411764705882353,67.0,46.66904755831214,67.0,0.7071067811865476
N05,漢翔,112,附表三,自強活動-執行率,非收支,100.0,100.0,0.0,0.0,78.0,38.1051177665153,78.0,0.5773502691896257
N05,漢翔,113,附表三,自強活動-執行率,非收支,,100.0,,,78.0,38.1051177665153,100.0,
N05,漢翔,110,附表三,自強活動-決算數,非收支,3688.0,,,,3688.0,,3688.0,
N05,漢翔,111,附表三,自強活動-決算數,非收支,11000.0,3688.0,7312.0,1.982646420824295,7344.0,5170.364784036035,7344.0,0.7071067811865476
N05,漢翔,112,附表三,自強活動-決算數,非收支,11000.0,11000.0,0.0,0.0,8562.666666666666,4221.585168314544,8562.666666666666,0.5773502691896258
N05,漢翔,113,附表三,自強活動-決算數,非收支,,11000.0,,,8562.666666666666,4221.585168314544,11000.0,
N05,漢翔,110,附表三,藥品費-執行率,非收支,27.0,,,,27.0,,27.0,
N05,漢翔,111,附表三,藥品費-執行率,非收支,115.0,27.0,88.0,3.259259259259259,71.0,62.22539674441618,71.0,0.7071067811865476
N05,漢翔,112,附表三,藥品費-執行率,非收支,82.0,115.0,-33.0,-0.28695652173913044,74.66666666666667,44.45597072760118,74.66666666666667,0.1649572197684644
N05,漢翔,113,附表三,藥品費-執行率,非收支,91.0,82.0,9.0,0.10975609756097561,78.75,37.20551034457127,96.0,0.329252303934259
N05,漢翔,110,附表三,藥品費-決算數,非收支,1455.0,,,,1455.0,,1455.0,
N05,漢翔,111,附表三,藥品費-決算數,非收支,6121.0,1455.0,4666.0,3.206872852233677,3788.0,3299.360241016431,3788.0,0.7071067811865475
N05,漢翔,112,附表三,藥品費-決算數,非收支,4339.0,6121.0,-1782.0,-0.2911289005064532,3971.6666666666665,2354.588994566426,3971.6666666666665,0.15600741113672545
N05,漢翔,113,附表三,藥品費-決算數,非收支,4607.0,4339.0,268.0,0.06176538372896981,4130.5,1948.581963035342,5022.333333333333,0.244536801140121
N05,漢翔,110,附表三,行政管理費-執行率,非收支,100.0,,,,100.0,,100.0,
N05,漢翔,111,附表三,行政管理費-執行率,非收支,100.0,100.0,0.0,0.0,100.0,0.0,100.0,
N05,漢翔,112,附表三,行政管理費-執行率,非收支,100.0,100.0,0.0,0.0,100.0,0.0,100.0,
N05,漢翔,113,附表三,行政管理費-執行率,非收支,100.0,100.0,0.0,0.0,100.0,0.0,100.0,
N05,漢翔,110,附表三,行政管理費-決算數,非收支,112681.0,,,,112681.0,,112681.0,
N05,漢翔,111,附表三,行政管理費-決算數,非收支,112681.0,112681.0,0.0,0.0,112681.0,0.0,112681.0,
N05,漢翔,112,附表三,行政管理費-決算數,非收支,112681.0,112681.0,0.0,0.0,112681.0,0.0,112681.0,
N05,漢翔,113,附表三,行政管理費-決算數,非收支,197754.0,112681.0,85073.0,0.7549897498247264,133949.25,42536.5,141038.66666666666,1.5
N05,漢翔,112,附表三,資產費-執行率,非收支,100.0,,,,100.0,,100.0,
N05,漢翔,112,附表三,資產費-決算數,非收支,41898.0,,,,41898.0,,41898.0,
N05,漢翔,110,附表三,資遣費-執行率,非收支,100.0,,,,100.0,,100.0,
N05,漢翔,111,附表三,資遣費-執行率,非收支,100.0,100.0,0.0,0.0,100.0,0.0,100.0,
N05,漢翔,113,附表三,資遣費-執行率,非收支,100.0,,,,100.0,0.0,100.0,
N05,漢翔,110,附表三,資遣費-決算數,非收支,39941.0,,,,39941.0,,39941.0,
N05,漢翔,111,附表三,資遣費-決算數,非收支,40920.0,39941.0,979.0,0.024511153952079315,40430.5,692.25753878163,40430.5,0.7071067811865475
N05,漢翔,113,附表三,資遣費-決算數,非收支,49138.0,,,,43333.0,5051.052266607425,43333.0,1.1492654784780063
N05,漢翔,110,附表三,轉學/轉出退費-執行率,非收支,,,,,,,,
N05,漢翔,111,附表三,轉學/轉出退費-執行率,非收支,,,,,,,,
N05,漢翔,112,附表三,轉學/轉出退費-執行率,非收支,,,,,,,,
N05,漢翔,110,附表三,轉學/轉出退費-決算數,非收支,,,,,,,,
N05,漢翔,111,附表三,轉學/轉出退費-決算數,非收支,,,,,,,,
N05,漢翔,112,附表三,轉學/轉出退費-決算數,非收支,-1634.0,,,,-1634.0,,-1634.0,
N05,漢翔,110,附表三,辦公文具-執行率,非收支,44.0,,,,44.0,,44.0,
N05,漢翔,111,附表三,辦公文具-執行率,非收支,91.0,44.0,47.0,1.0681818181818181,67.5,33.23401871576773,67.5,0.7071067811865476
N05,漢翔,112,附表三,辦公文具-執行率,非收支,67.0,91.0,-24.0,-0.26373626373626374,67.33333333333333,23.501772982763097,67.33333333333333,-0.014183327086760868
N05,漢翔,113,附表三,辦公文具-執行率,非收支,74.0,67.0,7.0,0.1044776119402985,69.0,19.476481543988722,77.33333333333333,0.25671987975380567
N05,漢翔,110,附表三,辦公文具-決算數,非收支,7856.0,,,,7856.0,,7856.0,
N05,漢翔,111,附表三,辦公文具-決算數,非收支,16337.0,7856.0,8481.0,1.0795570264765784,12096.5,5996.97261124311,12096.5,0.7071067811865475
N05,漢翔,112,附表三,辦公文具-決算數,非收支,12015.0,16337.0,-4322.0,-0.26455285548142254,12069.333333333334,4240.76105591123,12069.333333333334,-0.012812165697852342
N05,漢翔,113,附表三,辦公文具-決算數,非收支,13275.0,12015.0,1260.0,0.10486891385767791,12370.75,3514.6518438293906,13875.666666666666,0.257280106303438
N05,漢翔,110,附表三,郵資-執行率,非收支,118.0,,,,118.0,,118.0,
N05,漢翔,111,附表三,郵資-執行率,非收支,42.0,118.0,-76.0,-0.6440677966101694,80.0,53.74011537017761,80.0,-0.7071067811865475
N05,漢翔,112,附表三,郵資-執行率,非收支,31.0,42.0,-11.0,-0.2619047619047619,63.666666666666664,47.37439533475159,63.666666666666664,-0.6895426619345991
N05,漢翔,113,附表三,郵資-執行率,非收支,74.0,31.0,43.0,1.3870967741935485,66.25,39.02456491322699,49.0,0.19859286111792662
N05,漢翔,110,附表三,郵資-決算數,非收支,8499.0,,,,8499.0,,8499.0,
N05,漢翔,111,附表三,郵資-決算數,非收支,3034.0,8499.0,-5465.0,-0.6430168255088834,5766.5,3864.338559184482,5766.5,-0.7071067811865476
N05,漢翔,112,附表三,郵資-決算數,非收支,2255.0,3034.0,-779.0,-0.25675675675675674,4596.0,3402.4648418462752,4596.0,-0.6880306215683646
N05,漢翔,113,附表三,郵資-決算數,非收支,5320.0,2255.0,3065.0,1.3592017738359201,4777.0,2801.586812266696,3536.3333333333335,0.19381873073591172
N05,漢翔,110,附表三,雜支-執行率,非收支,84.0,,,,84.0,,84.0,
N05,漢翔,111,附表三,雜支-執行率,非收支,82.0,84.0,-2.0,-0.023809523809523808,83.0,1.4142135623730951,83.0,-0.7071067811865475
N05,漢翔,112,附表三,雜支-執行率,非收支,63.0,82.0,-19.0,-0.23170731707317074,76.33333333333333,11.59022576714247,76.33333333333333,-1.1503946170861015
N05,漢翔,113,附表三,雜支-執行率,非收支,91.0,63.0,28.0,0.4444444444444444,80.0,11.972189997378646,78.66666666666667,0.9187959765430126
N05,漢翔,110,附表三,雜支-決算數,非收支,34973.0,,,,34973.0,,34973.0,
N05,漢翔,111,附表三,雜支-決算數,非收支,34343.0,34973.0,-630.0,-0.018013896434392246,34658.0,445.47727214752496,34658.0,-0.7071067811865475
N05,漢翔,112,附表三,雜支-決算數,非收支,26415.0,34343.0,-7928.0,-0.23084762542585097,31910.333333333332,4769.511645161728,31910.333333333332,-1.1521794561310883
N05,漢翔,113,附表三,雜支-決算數,非收支,39257.0,26415.0,12842.0,0.48616316486844596,33747.0,5353.398173123311,33338.333333333336,1.02925278894122
N05,漢翔,112,附表三,電話費（含ADSL）-執行率,非收支,83.0,,,,83.0,,83.0,
N05,漢翔,113,附表三,電話費（含ADSL）-執行率,非收支,79.0,83.0,-4.0,-0.04819277108433735,81.0,2.8284271247461903,81.0,-0.7071067811865475
N05,漢翔,112,附表三,電話費（含ADSL）-決算數,非收支,37125.0,,,,37125.0,,37125.0,
N05,漢翔,113,附表三,電話費（含ADSL）-決算數,非收支,35608.0,37125.0,-1517.0,-0.04086195286195286,36366.5,1072.6809870599925,36366.5,-0.7071067811865476
N05,漢翔,110,附表三,電話費（含網路）-執行率,非收支,78.0,,,,78.0,,78.0,
N05,漢翔,111,附表三,電話費（含網路）-執行率,非收支,83.0,78.0,5.0,0.0641025641025641,80.5,3.5355339059327378,80.5,0.7071067811865475
N05,漢翔,110,附表三,電話費（含網路）-決算數,非收支,35287.0,,,,35287.0,,35287.0,
N05,漢翔,111,附表三,電話費（含網路）-決算數,非收支,37141.0,35287.0,1854.0,0.05254059568679684,36214.0,1310.975972319859,36214.0,0.7071067811865476
N05,漢翔,110,附表三,電費-執行率,非收支,56.0,,,,56.0,,56.0,
N05,漢翔,111,附表三,電費-執行率,非收支,66.0,56.0,10.0,0.17857142857142858,61.0,7.0710678118654755,61.0,0.7071067811865475
N05,漢翔,112,附表三,電費-執行率,非收支,70.0,66.0,4.0,0.06060606060606061,64.0,7.211102550927978,64.0,0.8320502943378437
N05,漢翔,113,附表三,電費-執行率,非收支,66.0,70.0,-4.0,-0.05714285714285714,64.5,5.972157622389639,67.33333333333333,0.25116550748367644
N05,漢翔,110,附表三,電費-決算數,非收支,114382.0,,,,114382.0,,114382.0,
N05,漢翔,111,附表三,電費-決算數,非收支,135064.0,114382.0,20682.0,0.18081516322498295,124723.0,14624.382448500175,124723.0,0.7071067811865476
N05,漢翔,112,附表三,電費-決算數,非收支,142787.0,135064.0,7723.0,0.05718029970976722,130744.33333333333,14686.92092759178,130744.33333333333,0.8199585689906286
N05,漢翔,113,附表三,電費-決算數,非收支,151354.0,142787.0,8567.0,0.05999845924348855,135896.75,15811.178142377628,143068.33333333334,0.9776153213131525
N05,漢翔,110,附表三,餐點費-執行率,非收支,84.0,,,,84.0,,84.0,
N05,漢翔,111,附表三,餐點費-執行率,非收支,100.0,84.0,16.0,0.19047619047619047,92.0,11.313708498984761,92.0,0.7071067811865475
N05,漢翔,112,附表三,餐點費-執行率,非收支,105.0,100.0,5.0,0.05,96.33333333333333,10.969655114602892,96.33333333333333,0.7900582631015934
N05,漢翔,113,附表三,餐點費-執行率,非收支,65.0,105.0,-40.0,-0.38095238095238093,88.5,18.046236911518886,90.0,-1.3022105447923042
N05,漢翔,110,附表三,餐點費-決算數,非收支,794057.0,,,,794057.0,,794057.0,
N05,漢翔,111,附表三,餐點費-決算數,非收支,950936.0,794057.0,156879.0,0.19756642155412016,872496.5,110930.20472576439,872496.5,0.7071067811865476
N05,漢翔,112,附表三,餐點費-決算數,非收支,996825.0,950936.0,45889.0,0.04825666501215645,913939.3333333334,106326.29244139632,913939.3333333334,0.7795406457189371
N05,漢翔,113,附表三,餐點費-決算數,非收支,668949.0,996825.0,-327876.0,-0.32892032202242116,852691.75,150139.6666427075,872236.6666666666,-1.2238121617604154
N05,漢翔,110,附表二,事務機器耗材-差異率,非收支,-32.0,,,,-32.0,,-32.0,
N05,漢翔,111,附表二,事務機器耗材-差異率,非收支,33.0,-32.0,65.0,2.03125,0.5,45.96194077712559,0.5,0.7071067811865475
N05,漢翔,112,附表二,事務機器耗材-差異率,非收支,55.0,33.0,22.0,0.6666666666666666,18.666666666666668,45.23641600893392,18.666666666666668,0.8031877089059777
N05,漢翔,113,附表二,事務機器耗材-差異率,非收支,-65.0,55.0,-120.0,-2.1818181818181817,-2.25,55.80546568213547,7.666666666666667,-1.124441830795216
N05,漢翔,110,附表二,事務機器耗材-決算數,非收支,40542.0,,,,40542.0,,40542.0,
N05,漢翔,111,附表二,事務機器耗材-決算數,非收支,40429.0,40542.0,-113.0,-0.0027872329929455875,40485.5,79.90306627407988,40485.5,-0.7071067811865475
N05,漢翔,112,附表二,事務機器耗材-決算數,非收支,27126.0,40429.0,-13303.0,-0.32904598184471545,36032.333333333336,7713.317855069461,36032.333333333336,-1.154669559932602
N05,漢翔,113,附表二,事務機器耗材-決算數,非收支,20817.0,27126.0,-6309.0,-0.23258128732581287,32228.5,9876.239517144166,29457.333333333332,-1.155449903801014
N05,漢翔,110,附表二,人事費-差異率,非收支,-16.0,,,,-16.0,,-16.0,
N05,漢翔,110,附表二,人事費-差異率,非收支,-11.0,,,,-13.5,3.5355339059327378,-13.5,0.7071067811865475
N05,漢翔,111,附表二,人事費-差異率,非收支,11.0,-16.0,27.0,1.6875,-5.333333333333333,14.364307617610164,-5.333333333333333,1.1370776627833568
N05,漢翔,111,附表二,人事費-差異率,非收支,11.0,-11.0,22.0,2.0,-1.25,14.291605927956454,3.6666666666666665,0.8571464999631163
N05,漢翔,111,附表二,人事費-差異率,非收支,5.0,-16.0,21.0,1.3125,0.0,12.688577540449522,9.0,0.3940552031195503
N05,漢翔,111,附表二,人事費-差異率,非收支,5.0,-11.0,16.0,1.4545454545454546,0.8333333333333334,11.531117320826578,7.0,0.36134110431269034
N05,漢翔,112,附表二,人事費-差異率,非收支,32.0,11.0,21.0,1.9090909090909092,5.285714285714286,15.797829869049375,14.0,1.6910098371564013
N05,漢翔,112,附表二,人事費-差異率,非收支,32.0,5.0,27.0,5.4,8.625,17.41048534648015,23.0,1.34258175661517
N05,漢翔,112,附表二,人事費-差異率,非收支,30.0,11.0,19.0,1.7272727272727273,11.0,17.776388834631177,31.333333333333332,1.0688335058797227
N05,漢翔,112,附表二,人事費-差異率,非收支,30.0,5.0,25.0,5.0,12.9,17.804181780943736,30.666666666666668,0.9604485176792882
N05,漢翔,113,附表二,人事費-差異率,非收支,-28.0,32.0,-60.0,-1.875,9.181818181818182,20.913240694919484,10.666666666666666,-1.77790801168615
N05,漢翔,113,附表二,人事費-差異率,非收支,-28.0,30.0,-58.0,-1.9333333333333333,6.083333333333333,22.645321946499372,-8.666666666666666,-1.505093785544617
N05,漢翔,113,附表二,人事費-差異率,非收支,-24.0,32.0,-56.0,-1.75,3.769230769230769,23.23127864953429,-26.666666666666668,-1.1953380262944524
N05,漢翔,113,附表二,人事費-差異率,非收支,-24.0,30.0,-54.0,-1.8,1.7857142857142858,23.521442170033744,-25.333333333333332,-1.0962641703392328
N05,漢翔,110,附表二,人事費-決算數,非收支,5862148.0,,,,5862148.0,,5862148.0,
N05,漢翔,110,附表二,人事費-決算數,非收支,5724202.0,,,,5793175.0,97542.55203755948,5793175.0,-0.7071067811865476
N05,漢翔,111,附表二,人事費-決算數,非收支,6412661.0,5862148.0,550513.0,0.09390977505173871,5999670.333333333,364250.24748698995,5999670.333333333,1.1338102568658321
N05,漢翔,111,附表二,人事費-決算數,非收支,6412661.0,5724202.0,688459.0,0.12027161165870806,6102918.0,362066.96141920134,6183174.666666667,0.8554854018877999
N05,漢翔,111,附表二,人事費-決算數,非收支,6260254.0,5862148.0,398106.0,0.06791128439609509,6134385.2,321356.946078189,6361858.666666667,0.39167910180903576
N05,漢翔,111,附表二,人事費-決算數,非收支,6260254.0,5724202.0,536052.0,0.0936465903893678,6155363.333333333,291987.53723929165,6311056.333333333,0.35922994405307873
N05,漢翔,112,附表二,人事費-決算數,非收支,5032018.0,6412661.0,-1380643.0,-0.21529954569561685,5994885.428571428,501317.6375013676,5850842.0,-1.9206733546628936
N05,漢翔,112,附表二,人事費-決算數,非收支,5032018.0,6260254.0,-1228236.0,-0.1961958732025889,5874527.0,575591.7100065688,5441430.0,-1.4637267795090119
N05,漢翔,112,附表二,人事費-決算數,非收支,4723924.0,6412661.0,-1688737.0,-0.2633441873818061,5746682.222222222,661053.0798621202,4929320.0,-1.5471650513080506
N05,漢翔,112,附表二,人事費-決算數,非收支,4723924.0,6260254.0,-1536330.0,-0.24541017025826747,5644406.4,702168.0978047289,4826622.0,-1.3109145842396048
N05,漢翔,113,附表二,人事費-決算數,非收支,6363884.0,5032018.0,1331866.0,0.2646783059997003,5709813.454545454,700567.5873494812,5270577.333333333,0.9336294702544666
N05,漢翔,113,附表二,人事費-決算數,非收支,6363884.0,4723924.0,1639960.0,0.3471605385692064,5764319.333333333,694138.2514252454,5817230.666666667,0.8637539646253547
N05,漢翔,113,附表二,人事費-決算數,非收支,6101158.0,5032018.0,1069140.0,0.21246744347893828,5790230.0,671120.9283702157,6276308.666666667,0.4632965339869126
N05,漢翔,113,附表二,人事費-決算數,非收支,6101158.0,4723924.0,1377234.0,0.29154448716787146,5812439.142857143,650124.8627273731,6188733.333333333,0.44409754755669173
N05,漢翔,110,附表二,保全-差異率,非收支,-82.0,,,,-82.0,,-82.0,
N05,漢翔,111,附表二,保全-差異率,非收支,,-82.0,,,-82.0,,-82.0,
N05,漢翔,112,附表二,保全-差異率,非收支,76.0,,,,-3.0,111.72287142747452,-3.0,0.7071067811865475
N05,漢翔,113,附表二,保全-差異率,非收支,,76.0,,,-3.0,111.72287142747452,76.0,
N05,漢翔,110,附表二,保全-決算數,非收支,14559.0,,,,14559.0,,14559.0,
N05,漢翔,111,附表二,保全-決算數,非收支,,14559.0,,,14559.0,,14559.0,
N05,漢翔,112,附表二,保全-決算數,非收支,19152.0,,,,16855.5,3247.7414459898127,16855.5,0.7071067811865476
N05,漢翔,113,附表二,保全-決算數,非收支,,19152.0,,,16855.5,3247.7414459898127,19152.0,
N05,漢翔,110,附表二,修繕購置費-差異率,非收支,5.0,,,,5.0,,5.0,
N05,漢翔,111,附表二,修繕購置費-差異率,非收支,57.0,5.0,52.0,10.4,31.0,36.76955262170047,31.0,0.7071067811865476
N05,漢翔,112,附表二,修繕購置費-差異率,非收支,5.0,57.0,-52.0,-0.9122807017543859,22.333333333333332,30.02221399786054,22.333333333333332,-0.5773502691896257
N05,漢翔,113,附表二,修繕購置費-差異率,非收支,-45.0,5.0,-50.0,-10.0,5.5,41.64532786920201,5.666666666666667,-1.2126210209848363
N05,漢翔,110,附表二,修繕購置費-決算數,非收支,111654.0,,,,111654.0,,111654.0,
N05,漢翔,111,附表二,修繕購置費-決算數,非收支,46170.0,111654.0,-65484.0,-0.586490407867161,78912.0,46304.180459219875,78912.0,-0.7071067811865476
N05,漢翔,112,附表二,修繕購置費-決算數,非收支,111709.0,46170.0,65539.0,1.4195148364739008,89844.33333333333,37823.09215721704,89844.33333333333,0.5780771856458242
N05,漢翔,113,附表二,修繕購置費-決算數,非收支,55784.0,111709.0,-55925.0,-0.5006311040292187,81329.25,35266.85096399545,71221.0,-0.7243416778571922
N05,漢翔,110,附表二,加班費-差異率,非收支,-82.0,,,,-82.0,,-82.0,
N05,漢翔,111,附表二,加班費-差異率,非收支,80.0,-82.0,162.0,1.975609756097561,-1.0,114.5512985522207,-1.0,0.7071067811865475
N05,漢翔,112,附表二,加班費-差異率,非收支,53.0,80.0,-27.0,-0.3375,17.0,86.7928568489366,17.0,0.4147806778921701
N05,漢翔,113,附表二,加班費-差異率,非收支,-68.0,53.0,-121.0,-2.2830188679245285,-4.25,82.6332257630065,21.666666666666668,-0.7714814399577731
N05,漢翔,110,附表二,加班費-決算數,非收支,98005.0,,,,98005.0,,98005.0,
N05,漢翔,111,附表二,加班費-決算數,非收支,111487.0,98005.0,13482.0,0.1375644099790827,104746.0,9533.213623957034,104746.0,0.7071067811865476
N05,漢翔,112,附表二,加班費-決算數,非收支,266196.0,111487.0,154709.0,1.3876864567169267,158562.66666666666,93456.63119508071,158562.66666666666,1.1516928435892395
N05,漢翔,113,附表二,加班費-決算數,非收支,213588.0,266196.0,-52608.0,-0.19762881485822476,172319.0,81115.39991477162,197090.33333333334,0.5087689889140848
N05,漢翔,112,附表二,合 計-差異率,非收支,27.0,,,,27.0,,27.0,
N05,漢翔,112,附表二,合 計-決算數,非收支,6973272.0,,,,6973272.0,,6973272.0,
N05,漢翔,110,附表二,合計-差異率,非收支,-19.0,,,,-19.0,,-19.0,
N05,漢翔,111,附表二,合計-差異率,非收支,13.0,-19.0,32.0,1.6842105263157894,-3.0,22.627416997969522,-3.0,0.7071067811865475
N05,漢翔,113,附表二,合計-差異率,非收支,-30.0,,,,-12.0,22.338307903688676,-12.0,-0.8057906658645214
N05,漢翔,110,附表二,合計-決算數,非收支,7484517.0,,,,7484517.0,,7484517.0,
N05,漢翔,111,附表二,合計-決算數,非收支,8252663.0,7484517.0,768146.0,0.10263133880249053,7868590.0,543161.2455413217,7868590.0,0.7071067811865476
N05,漢翔,113,附表二,合計-決算數,非收支,7894669.0,,,,7877283.0,384368.0190598588,7877283.0,0.04523269142559029
N05,漢翔,110,附表二,園務特支-差異率,非收支,-13.0,,,,-13.0,,-13.0,
N05,漢翔,111,附表二,園務特支-差異率,非收支,19.0,-13.0,32.0,2.4615384615384617,3.0,22.627416997969522,3.0,0.7071067811865475
N05,漢翔,112,附表二,園務特支-差異率,非收支,22.0,19.0,3.0,0.15789473684210525,9.333333333333334,19.39931270260195,9.333333333333334,0.6529440945074172
N05,漢翔,113,附表二,園務特支-差異率,非收支,-84.0,22.0,-106.0,-4.818181818181818,-14.0,49.28150430604434,-14.333333333333334,-1.4204111864218105
N05,漢翔,110,附表二,園務特支-決算數,非收支,33814.0,,,,33814.0,,33814.0,
N05,漢翔,111,附表二,園務特支-決算數,非收支,31572.0,33814.0,-2242.0,-0.06630389779381321,32693.0,1585.3334034202396,32693.0,-0.7071067811865475
N05,漢翔,112,附表二,園務特支-決算數,非收支,30363.0,31572.0,-1209.0,-0.03829342455340175,31916.333333333332,1751.0780488982587,31916.333333333332,-0.8870725861195374
N05,漢翔,113,附表二,園務特支-決算數,非收支,6220.0,30363.0,-24143.0,-0.7951454072390739,25492.25,12927.47344160232,22718.333333333332,-1.4907978799615513
N05,漢翔,110,附表二,差旅費-差異率,非收支,,,,,,,,
N05,漢翔,111,附表二,差旅費-差異率,非收支,,,,,,,,
N05,漢翔,112,附表二,差旅費-差異率,非收支,,,,,,,,
N05,漢翔,113,附表二,差旅費-差異率,非收支,,,,,,,,
N05,漢翔,110,附表二,差旅費-決算數,非收支,,,,,,,,
N05,漢翔,111,附表二,差旅費-決算數,非收支,,,,,,,,
N05,漢翔,112,附表二,差旅費-決算數,非收支,,,,,,,,
N05,漢翔,113,附表二,差旅費-決算數,非收支,,,,,,,,
N05,漢翔,110,附表二,攝影照片-差異率,非收支,-11.0,,,,-11.0,,-11.0,
N05,漢翔,111,附表二,攝影照片-差異率,非收支,11.0,-11.0,22.0,2.0,0.0,15.556349186104045,0.0,0.7071067811865476
N05,漢翔,112,附表二,攝影照片-差異率,非收支,32.0,11.0,21.0,1.9090909090909092,10.666666666666666,21.501937897160186,10.666666666666666,0.9921586340434404
N05,漢翔,113,附表二,攝影照片-差異率,非收支,-99.0,32.0,-131.0,-4.09375,-16.75,57.575312996688666,-18.666666666666668,-1.4285636624282085
N05,漢翔,110,附表二,攝影照片-決算數,非收支,7970.0,,,,7970.0,,7970.0,
N05,漢翔,111,附表二,攝影照片-決算數,非收支,7976.0,7970.0,6.0,0.000752823086574655,7973.0,4.242640687119285,7973.0,0.7071067811865476
N05,漢翔,112,附表二,攝影照片-決算數,非收支,6116.0,7976.0,-1860.0,-0.23319959879638916,7354.0,1072.1436470921235,7354.0,-1.154696017980159
N05,漢翔,113,附表二,攝影照片-決算數,非收支,96.0,6116.0,-6020.0,-0.9843034663178548,5539.5,3733.0910784496004,4729.333333333333,-1.4581749776811643
N05,漢翔,110,附表二,教保材料費-差異率,非收支,-54.0,,,,-54.0,,-54.0,
N05,漢翔,111,附表二,教保材料費-差異率,非收支,52.0,-54.0,106.0,1.962962962962963,-1.0,74.95331880577403,-1.0,0.7071067811865476
N05,漢翔,112,附表二,教保材料費-差異率,非收支,23.0,52.0,-29.0,-0.5576923076923077,7.0,54.78138369920935,7.0,0.292070023054765
N05,漢翔,113,附表二,教保材料費-差異率,非收支,-43.0,23.0,-66.0,-2.869565217391304,-5.5,51.24125941725737,10.666666666666666,-0.7318321295469663
N05,漢翔,110,附表二,教保材料費-決算數,非收支,83448.0,,,,83448.0,,83448.0,
N05,漢翔,111,附表二,教保材料費-決算數,非收支,87680.0,83448.0,4232.0,0.05071421723708178,85564.0,2992.475897981469,85564.0,0.7071067811865475
N05,漢翔,112,附表二,教保材料費-決算數,非收支,140801.0,87680.0,53121.0,0.6058508211678832,103976.33333333333,31961.218880595487,103976.33333333333,1.1521671562101756
N05,漢翔,113,附表二,教保材料費-決算數,非收支,99130.0,140801.0,-41671.0,-0.2959567048529485,102764.75,26208.48612409093,109203.66666666667,-0.1386859959323986
N05,漢翔,112,附表二,文宣費(一般文宣)-差異率,非收支,69.0,,,,69.0,,69.0,
N05,漢翔,112,附表二,文宣費(一般文宣)-決算數,非收支,3120.0,,,,3120.0,,3120.0,
N05,漢翔,112,附表二,文宣費(園刊)-差異率,非收支,64.0,,,,64.0,,64.0,
N05,漢翔,112,附表二,文宣費(園刊)-決算數,非收支,9997.0,,,,9997.0,,9997.0,
N05,漢翔,110,附表二,文宣費（一般文宣）-差異率,非收支,-90.0,,,,-90.0,,-90.0,
N05,漢翔,111,附表二,文宣費（一般文宣）-差異率,非收支,66.0,-90.0,156.0,1.7333333333333334,-12.0,110.30865786510141,-12.0,0.7071067811865476
N05,漢翔,113,附表二,文宣費（一般文宣）-差異率,非收支,,,,,-12.0,110.30865786510141,-12.0,
N05,漢翔,110,附表二,文宣費（一般文宣）-決算數,非收支,1000.0,,,,1000.0,,1000.0,
N05,漢翔,111,附表二,文宣費（一般文宣）-決算數,非收支,3373.0,1000.0,2373.0,2.373,2186.5,1677.9643917556773,2186.5,0.7071067811865475
N05,漢翔,113,附表二,文宣費（一般文宣）-決算數,非收支,,,,,2186.5,1677.9643917556773,2186.5,
N05,漢翔,110,附表二,文宣費（園刊）-差異率,非收支,-45.0,,,,-45.0,,-45.0,
N05,漢翔,111,附表二,文宣費（園刊）-差異率,非收支,82.0,-45.0,127.0,2.8222222222222224,18.5,89.80256121069154,18.5,0.7071067811865476
N05,漢翔,113,附表二,文宣費（園刊）-差異率,非收支,,,,,18.5,89.80256121069154,18.5,
N05,漢翔,110,附表二,文宣費（園刊）-決算數,非收支,15000.0,,,,15000.0,,15000.0,
N05,漢翔,111,附表二,文宣費（園刊）-決算數,非收支,5084.0,15000.0,-9916.0,-0.6610666666666667,10042.0,7011.670842245805,10042.0,-0.7071067811865476
N05,漢翔,113,附表二,文宣費（園刊）-決算數,非收支,,,,,10042.0,7011.670842245805,10042.0,
N05,漢翔,110,附表二,日常消耗用品-差異率,非收支,-37.0,,,,-37.0,,-37.0,
N05,漢翔,111,附表二,日常消耗用品-差異率,非收支,8.0,-37.0,45.0,1.2162162162162162,-14.5,31.81980515339464,-14.5,0.7071067811865475
N05,漢翔,112,附表二,日常消耗用品-差異率,非收支,15.0,8.0,7.0,0.875,-4.666666666666667,28.21937868439582,-4.666666666666667,0.6969206121303281
N05,漢翔,113,附表二,日常消耗用品-差異率,非收支,-9.0,15.0,-24.0,-1.6,-5.75,23.142673426666445,4.666666666666667,-0.14043321357398345
N05,漢翔,110,附表二,日常消耗用品-決算數,非收支,28659.0,,,,28659.0,,28659.0,
N05,漢翔,111,附表二,日常消耗用品-決算數,非收支,42083.0,28659.0,13424.0,0.4684043406957675,35371.0,9492.201430648214,35371.0,0.7071067811865475
N05,漢翔,112,附表二,日常消耗用品-決算數,非收支,38613.0,42083.0,-3470.0,-0.08245609866216762,36451.666666666664,6968.103424414231,36451.666666666664,0.3101752660215469
N05,漢翔,113,附表二,日常消耗用品-決算數,非收支,39236.0,38613.0,623.0,0.01613446248672727,37147.75,5857.283635212942,39977.333333333336,0.35652191870064387
N05,漢翔,110,附表二,材料費-差異率,非收支,-23.0,,,,-23.0,,-23.0,
N05,漢翔,111,附表二,材料費-差異率,非收支,8.0,-23.0,31.0,1.3478260869565217,-7.5,21.920310216782973,-7.5,0.7071067811865476
N05,漢翔,112,附表二,材料費-差異率,非收支,,8.0,,,-7.5,21.920310216782973,-7.5,
N05,漢翔,113,附表二,材料費-差異率,非收支,-35.0,,,,-16.666666666666668,22.18858565419016,-13.5,-0.8262506506299653
N05,漢翔,110,附表二,材料費-決算數,非收支,907619.0,,,,907619.0,,907619.0,
N05,漢翔,111,附表二,材料費-決算數,非收支,1086820.0,907619.0,179201.0,0.1974407763610061,997219.5,126714.2422954105,997219.5,0.7071067811865476
N05,漢翔,112,附表二,材料費-決算數,非收支,1180578.0,1086820.0,93758.0,0.08626819528532784,1058339.0,138690.4086121315,1058339.0,0.8813803436246243
N05,漢翔,113,附表二,材料費-決算數,非收支,811922.0,1180578.0,-368656.0,-0.312267380893088,996734.75,167343.02325736996,1026440.0,-1.1043947121462123
N05,漢翔,110,附表二,業務費-差異率,非收支,-46.0,,,,-46.0,,-46.0,
N05,漢翔,111,附表二,業務費-差異率,非收支,41.0,-46.0,87.0,1.891304347826087,-2.5,61.518289963229634,-2.5,0.7071067811865476
N05,漢翔,112,附表二,業務費-差異率,非收支,39.0,41.0,-2.0,-0.04878048780487805,11.333333333333334,49.66219219218311,11.333333333333334,0.5570971687999997
N05,漢翔,113,附表二,業務費-差異率,非收支,-58.0,39.0,-97.0,-2.4871794871794872,-6.0,53.34791467339656,7.333333333333333,-0.9747335077359878
N05,漢翔,110,附表二,業務費-決算數,非收支,373048.0,,,,373048.0,,373048.0,
N05,漢翔,111,附表二,業務費-決算數,非收支,412723.0,373048.0,39675.0,0.10635360597027728,392885.5,28054.46154357627,392885.5,0.7071067811865476
N05,漢翔,112,附表二,業務費-決算數,非收支,421276.0,412723.0,8553.0,0.02072334229010741,402349.0,25733.24509268118,402349.0,0.7355077034331379
N05,漢翔,113,附表二,業務費-決算數,非收支,298788.0,421276.0,-122488.0,-0.2907547546026833,376458.75,55881.005558686935,377595.6666666667,-1.389931144285319
N05,漢翔,110,附表二,水費-差異率,非收支,-67.0,,,,-67.0,,-67.0,
N05,漢翔,111,附表二,水費-差異率,非收支,63.0,-67.0,130.0,1.9402985074626866,-2.0,91.92388155425118,-2.0,0.7071067811865475
N05,漢翔,112,附表二,水費-差異率,非收支,61.0,63.0,-2.0,-0.031746031746031744,19.0,74.48489779814429,19.0,0.5638726942181075
N05,漢翔,113,附表二,水費-差異率,非收支,-66.0,61.0,-127.0,-2.081967213114754,-2.25,74.19512562605894,19.333333333333332,-0.8592208647411417
N05,漢翔,110,附表二,水費-決算數,非收支,8620.0,,,,8620.0,,8620.0,
N05,漢翔,111,附表二,水費-決算數,非收支,9611.0,8620.0,991.0,0.11496519721577726,9115.5,700.7428201558686,9115.5,0.7071067811865476
N05,漢翔,112,附表二,水費-決算數,非收支,10090.0,9611.0,479.0,0.049838726459265424,9440.333333333334,749.713500834374,9440.333333333334,0.8665532445976183
N05,漢翔,113,附表二,水費-決算數,非收支,8855.0,10090.0,-1235.0,-0.122398414271556,9294.0,678.5037459980108,9518.666666666666,-0.64701190316094
N05,漢翔,110,附表二,活動費-差異率,非收支,-30.0,,,,-30.0,,-30.0,
N05,漢翔,111,附表二,活動費-差異率,非收支,13.0,-30.0,43.0,1.4333333333333333,-8.5,30.405591591021544,-8.5,0.7071067811865475
N05,漢翔,112,附表二,活動費-差異率,非收支,3.0,13.0,-10.0,-0.7692307692307693,-4.666666666666667,22.501851775650227,-4.666666666666667,0.34071269969713974
N05,漢翔,113,附表二,活動費-差異率,非收支,-55.0,3.0,-58.0,-19.333333333333332,-17.25,31.159535726109056,-13.0,-1.2115071396384347
N05,漢翔,110,附表二,活動費-決算數,非收支,66776.0,,,,66776.0,,66776.0,
N05,漢翔,111,附表二,活動費-決算數,非收支,107536.0,66776.0,40760.0,0.6103989457290044,87156.0,28821.672401163676,87156.0,0.7071067811865476
N05,漢翔,112,附表二,活動費-決算數,非收支,91855.0,107536.0,-15681.0,-0.14582093438476418,88722.33333333333,20559.7811353461,88722.33333333333,0.15236867776189664
N05,漢翔,113,附表二,活動費-決算數,非收支,42887.0,91855.0,-48968.0,-0.5331010832290022,77263.5,28408.14165575308,80759.33333333333,-1.2100932337134498
N05,漢翔,110,附表二,瓦斯費-差異率,非收支,-66.0,,,,-66.0,,-66.0,
N05,漢翔,111,附表二,瓦斯費-差異率,非收支,61.0,-66.0,127.0,1.9242424242424243,-2.5,89.80256121069154,-2.5,0.7071067811865476
N05,漢翔,112,附表二,瓦斯費-差異率,非收支,60.0,61.0,-1.0,-0.01639344262295082,18.333333333333332,73.03652054508987,18.333333333333332,0.5704908497241913
N05,漢翔,113,附表二,瓦斯費-差異率,非收支,-66.0,60.0,-126.0,-2.1,-2.75,73.03595005201205,18.333333333333332,-0.8660118743571754
N05,漢翔,110,附表二,瓦斯費-決算數,非收支,10843.0,,,,10843.0,,10843.0,
N05,漢翔,111,附表二,瓦斯費-決算數,非收支,12616.0,10843.0,1773.0,0.16351563220510928,11729.5,1253.7003230437488,11729.5,0.7071067811865476
N05,漢翔,112,附表二,瓦斯費-決算數,非收支,12775.0,12616.0,159.0,0.012603043753963221,12078.0,1072.4919580118071,12078.0,0.6498883229782938
N05,漢翔,113,附表二,瓦斯費-決算數,非收支,10756.0,12775.0,-2019.0,-0.1580430528375734,11747.5,1097.1540457018787,12049.0,-0.9037017216353708
N05,漢翔,110,附表二,研習、進修-差異率,非收支,-64.0,,,,-64.0,,-64.0,
N05,漢翔,111,附表二,研習、進修-差異率,非收支,87.0,-64.0,151.0,2.359375,11.5,106.77312395916867,11.5,0.7071067811865476
N05,漢翔,112,附表二,研習、進修-差異率,非收支,25.0,87.0,-62.0,-0.7126436781609196,16.0,75.9012516365837,16.0,0.11857511972387665
N05,漢翔,113,附表二,研習、進修-差異率,非收支,-84.0,25.0,-109.0,-4.36,-9.0,79.62830317585994,9.333333333333334,-0.9418761546929075
N05,漢翔,110,附表二,研習、進修-決算數,非收支,7900.0,,,,7900.0,,7900.0,
N05,漢翔,111,附表二,研習、進修-決算數,非收支,2950.0,7900.0,-4950.0,-0.6265822784810127,5425.0,3500.17856687341,5425.0,-0.7071067811865476
N05,漢翔,112,附表二,研習、進修-決算數,非收支,16500.0,2950.0,13550.0,4.593220338983051,9116.666666666666,6856.444656914641,9116.666666666666,1.0768457564792464
N05,漢翔,113,附表二,研習、進修-決算數,非收支,3600.0,16500.0,-12900.0,-0.7818181818181819,7737.5,6240.910056500841,7683.333333333333,-0.6629642091525058
N05,漢翔,110,附表二,維護費-差異率,非收支,-30.0,,,,-30.0,,-30.0,
N05,漢翔,111,附表二,維護費-差異率,非收支,25.0,-30.0,55.0,1.8333333333333333,-2.5,38.890872965260115,-2.5,0.7071067811865475
N05,漢翔,112,附表二,維護費-差異率,非收支,25.0,25.0,0.0,0.0,6.666666666666667,31.75426480542942,6.666666666666667,0.5773502691896257
N05,漢翔,113,附表二,維護費-差異率,非收支,8.0,25.0,-17.0,-0.68,7.0,25.93581821856921,19.333333333333332,0.03855671687597009
N05,漢翔,110,附表二,維護費-決算數,非收支,82394.0,,,,82394.0,,82394.0,
N05,漢翔,111,附表二,維護費-決算數,非收支,147265.0,82394.0,64871.0,0.7873267470932349,114829.5,45870.72400235252,114829.5,0.7071067811865476
N05,漢翔,112,附表二,維護費-決算數,非收支,88595.0,147265.0,-58670.0,-0.39839744677961497,106084.66666666667,35797.73722364772,106084.66666666667,-0.4885690555634653
N05,漢翔,113,附表二,維護費-決算數,非收支,127280.0,88595.0,38685.0,0.4366499238105988,111383.5,31090.660961131078,121046.66666666667,0.5112950162067473
N05,漢翔,110,附表二,藥品費-差異率,非收支,-73.0,,,,-73.0,,-73.0,
N05,漢翔,111,附表二,藥品費-差異率,非收支,15.0,-73.0,88.0,1.2054794520547945,-29.0,62.22539674441618,-29.0,0.7071067811865476
N05,漢翔,112,附表二,藥品費-差異率,非收支,18.0,15.0,3.0,0.2,-13.333333333333334,51.69461609619839,-13.333333333333334,0.6061237262121303
N05,漢翔,113,附表二,藥品費-差異率,非收支,-9.0,18.0,-27.0,-1.5,-12.25,42.26405091800832,8.0,0.07689750341974921
N05,漢翔,110,附表二,藥品費-決算數,非收支,1455.0,,,,1455.0,,1455.0,
N05,漢翔,111,附表二,藥品費-決算數,非收支,6121.0,1455.0,4666.0,3.206872852233677,3788.0,3299.360241016431,3788.0,0.7071067811865475
N05,漢翔,112,附表二,藥品費-決算數,非收支,4339.0,6121.0,-1782.0,-0.2911289005064532,3971.6666666666665,2354.588994566426,3971.6666666666665,0.15600741113672545
N05,漢翔,113,附表二,藥品費-決算數,非收支,4607.0,4339.0,268.0,0.06176538372896981,4130.5,1948.581963035342,5022.333333333333,0.244536801140121
N05,漢翔,110,附表二,行政管理費-差異率,非收支,,,,,,,,
N05,漢翔,111,附表二,行政管理費-差異率,非收支,,,,,,,,
N05,漢翔,112,附表二,行政管理費-差異率,非收支,,,,,,,,
N05,漢翔,113,附表二,行政管理費-差異率,非收支,,,,,,,,
N05,漢翔,110,附表二,行政管理費-決算數,非收支,112681.0,,,,112681.0,,112681.0,
N05,漢翔,111,附表二,行政管理費-決算數,非收支,112681.0,112681.0,0.0,0.0,112681.0,0.0,112681.0,
N05,漢翔,112,附表二,行政管理費-決算數,非收支,112681.0,112681.0,0.0,0.0,112681.0,0.0,112681.0,
N05,漢翔,113,附表二,行政管理費-決算數,非收支,197754.0,112681.0,85073.0,0.7549897498247264,133949.25,42536.5,141038.66666666666,1.5
N05,漢翔,110,附表二,資遣費-差異率,非收支,,,,,,,,
N05,漢翔,111,附表二,資遣費-差異率,非收支,,,,,,,,
N05,漢翔,112,附表二,資遣費-差異率,非收支,,,,,,,,
N05,漢翔,113,附表二,資遣費-差異率,非收支,,,,,,,,
N05,漢翔,110,附表二,資遣費-決算數,非收支,39941.0,,,,39941.0,,39941.0,
N05,漢翔,111,附表二,資遣費-決算數,非收支,40920.0,39941.0,979.0,0.024511153952079315,40430.5,692.25753878163,40430.5,0.7071067811865475
N05,漢翔,112,附表二,資遣費-決算數,非收支,41898.0,40920.0,978.0,0.023900293255131964,40919.666666666664,978.5000425821836,40919.666666666664,0.9998296277551425
N05,漢翔,113,附表二,資遣費-決算數,非收支,49138.0,41898.0,7240.0,0.17280061100768532,42974.25,4186.115014744181,43985.333333333336,1.472427293156128
N05,漢翔,110,附表二,辦公文具-差異率,非收支,-56.0,,,,-56.0,,-56.0,
N05,漢翔,111,附表二,辦公文具-差異率,非收支,9.0,-56.0,65.0,1.1607142857142858,-23.5,45.96194077712559,-23.5,0.7071067811865475
N05,漢翔,112,附表二,辦公文具-差異率,非收支,33.0,9.0,24.0,2.6666666666666665,-4.666666666666667,46.04707735929973,-4.666666666666667,0.8180034179532886
N05,漢翔,113,附表二,辦公文具-差異率,非收支,-26.0,33.0,-59.0,-1.7878787878787878,-10.0,39.0811122325521,5.333333333333333,-0.4094049295422306
N05,漢翔,110,附表二,辦公文具-決算數,非收支,7856.0,,,,7856.0,,7856.0,
N05,漢翔,111,附表二,辦公文具-決算數,非收支,16337.0,7856.0,8481.0,1.0795570264765784,12096.5,5996.97261124311,12096.5,0.7071067811865475
N05,漢翔,112,附表二,辦公文具-決算數,非收支,12015.0,16337.0,-4322.0,-0.26455285548142254,12069.333333333334,4240.76105591123,12069.333333333334,-0.012812165697852342
N05,漢翔,113,附表二,辦公文具-決算數,非收支,13275.0,12015.0,1260.0,0.10486891385767791,12370.75,3514.6518438293906,13875.666666666666,0.257280106303438
N05,漢翔,110,附表二,郵資-差異率,非收支,18.0,,,,18.0,,18.0,
N05,漢翔,111,附表二,郵資-差異率,非收支,58.0,18.0,40.0,2.2222222222222223,38.0,28.284271247461902,38.0,0.7071067811865475
N05,漢翔,112,附表二,郵資-差異率,非收支,69.0,58.0,11.0,0.1896551724137931,48.333333333333336,26.839026311200882,48.333333333333336,0.7700229668183501
N05,漢翔,113,附表二,郵資-差異率,非收支,-26.0,69.0,-95.0,-1.3768115942028984,29.75,43.14606973217066,33.666666666666664,-1.292122326461443
N05,漢翔,110,附表二,郵資-決算數,非收支,8499.0,,,,8499.0,,8499.0,
N05,漢翔,111,附表二,郵資-決算數,非收支,3034.0,8499.0,-5465.0,-0.6430168255088834,5766.5,3864.338559184482,5766.5,-0.7071067811865476
N05,漢翔,112,附表二,郵資-決算數,非收支,2255.0,3034.0,-779.0,-0.25675675675675674,4596.0,3402.4648418462752,4596.0,-0.6880306215683646
N05,漢翔,113,附表二,郵資-決算數,非收支,5320.0,2255.0,3065.0,1.3592017738359201,4777.0,2801.586812266696,3536.3333333333335,0.19381873073591172
N05,漢翔,110,附表二,雜支-差異率,非收支,-16.0,,,,-16.0,,-16.0,
N05,漢翔,111,附表二,雜支-差異率,非收支,18.0,-16.0,34.0,2.125,1.0,24.041630560342615,1.0,0.7071067811865476
N05,漢翔,112,附表二,雜支-差異率,非收支,37.0,18.0,19.0,1.0555555555555556,13.0,26.851443164195103,13.0,0.8938067072686304
N05,漢翔,113,附表二,雜支-差異率,非收支,-9.0,37.0,-46.0,-1.2432432432432432,7.5,24.528894525980306,15.333333333333334,-0.6726760548676041
N05,漢翔,110,附表二,雜支-決算數,非收支,34973.0,,,,34973.0,,34973.0,
N05,漢翔,111,附表二,雜支-決算數,非收支,34343.0,34973.0,-630.0,-0.018013896434392246,34658.0,445.47727214752496,34658.0,-0.7071067811865475
N05,漢翔,112,附表二,雜支-決算數,非收支,26415.0,34343.0,-7928.0,-0.23084762542585097,31910.333333333332,4769.511645161728,31910.333333333332,-1.1521794561310883
N05,漢翔,113,附表二,雜支-決算數,非收支,39257.0,26415.0,12842.0,0.48616316486844596,33747.0,5353.398173123311,33338.333333333336,1.02925278894122
N05,漢翔,112,附表二,電話費(含 ADSL)-差異率,非收支,18.0,,,,18.0,,18.0,
N05,漢翔,112,附表二,電話費(含 ADSL)-決算數,非收支,37125.0,,,,37125.0,,37125.0,
N05,漢翔,113,附表二,電話費（含ADSL）-差異率,非收支,-21.0,,,,-21.0,,-21.0,
N05,漢翔,113,附表二,電話費（含ADSL）-決算數,非收支,35608.0,,,,35608.0,,35608.0,
N05,漢翔,110,附表二,電話費（含網路）-差異率,非收支,-22.0,,,,-22.0,,-22.0,
N05,漢翔,111,附表二,電話費（含網路）-差異率,非收支,17.0,-22.0,39.0,1.7727272727272727,-2.5,27.577164466275352,-2.5,0.7071067811865476
N05,漢翔,110,附表二,電話費（含網路）-決算數,非收支,35287.0,,,,35287.0,,35287.0,
N05,漢翔,111,附表二,電話費（含網路）-決算數,非收支,37141.0,35287.0,1854.0,0.05254059568679684,36214.0,1310.975972319859,36214.0,0.7071067811865476
N05,漢翔,110,附表二,電費-差異率,非收支,-44.0,,,,-44.0,,-44.0,
N05,漢翔,111,附表二,電費-差異率,非收支,34.0,-44.0,78.0,1.7727272727272727,-5.0,55.154328932550705,-5.0,0.7071067811865476
N05,漢翔,112,附表二,電費-差異率,非收支,30.0,34.0,-4.0,-0.11764705882352941,6.666666666666667,43.924177093411025,6.666666666666667,0.5312184513715914
N05,漢翔,113,附表二,電費-差異率,非收支,-34.0,30.0,-64.0,-2.1333333333333333,-3.5,41.22701379758988,10.0,-0.7398061899351783
N05,漢翔,110,附表二,電費-決算數,非收支,114382.0,,,,114382.0,,114382.0,
N05,漢翔,111,附表二,電費-決算數,非收支,135064.0,114382.0,20682.0,0.18081516322498295,124723.0,14624.382448500175,124723.0,0.7071067811865476
N05,漢翔,112,附表二,電費-決算數,非收支,142787.0,135064.0,7723.0,0.05718029970976722,130744.33333333333,14686.92092759178,130744.33333333333,0.8199585689906286
N05,漢翔,113,附表二,電費-決算數,非收支,151354.0,142787.0,8567.0,0.05999845924348855,135896.75,15811.178142377628,143068.33333333334,0.9776153213131525
N05,漢翔,110,附表二,餐點費-差異率,非收支,-16.0,,,,-16.0,,-16.0,
N05,漢翔,111,附表二,餐點費-差異率,非收支,,-16.0,,,-16.0,,-16.0,
N05,漢翔,112,附表二,餐點費-差異率,非收支,5.0,,,,-5.5,14.849242404917497,-5.5,0.7071067811865476
N05,漢翔,113,附表二,餐點費-差異率,非收支,-35.0,5.0,-40.0,-8.0,-15.333333333333334,20.008331597945226,-15.0,-0.9829238670097986
N05,漢翔,110,附表二,餐點費-決算數,非收支,794057.0,,,,794057.0,,794057.0,
N05,漢翔,111,附表二,餐點費-決算數,非收支,950936.0,794057.0,156879.0,0.19756642155412016,872496.5,110930.20472576439,872496.5,0.7071067811865476
N05,漢翔,112,附表二,餐點費-決算數,非收支,996825.0,950936.0,45889.0,0.04825666501215645,913939.3333333334,106326.29244139632,913939.3333333334,0.7795406457189371
N05,漢翔,113,附表二,餐點費-決算數,非收支,668949.0,996825.0,-327876.0,-0.32892032202242116,852691.75,150139.6666427075,872236.6666666666,-1.2238121617604154
N05,漢翔,110,附表四,帳面價值總額,非收支,471156.0,,,,471156.0,,471156.0,
N05,漢翔,111,附表四,帳面價值總額,非收支,687572.0,471156.0,216416.0,0.4593298185738906,579364.0,153029.22115726786,579364.0,0.7071067811865476
N05,漢翔,112,附表四,帳面價值總額,非收支,515711.0,687572.0,-171861.0,-0.2499534594195226,558146.3333333334,114278.34178151752,558146.3333333334,-0.37133312114786504
N05,漢翔,113,附表四,帳面價值總額,非收支,632449.0,515711.0,116738.0,0.22636321505649482,576722.0,100431.972840658,611910.6666666666,0.5548730989125803
N05,漢翔,110,附表四,財產筆數,非收支,187.0,,,,187.0,,187.0,
N05,漢翔,111,附表四,財產筆數,非收支,184.0,187.0,-3.0,-0.016042780748663103,185.5,2.1213203435596424,185.5,-0.7071067811865476
N05,漢翔,112,附表四,財產筆數,非收支,122.0,184.0,-62.0,-0.33695652173913043,164.33333333333334,36.69241520169167,164.33333333333334,-1.1537352638313547
N05,漢翔,113,附表四,財產筆數,非收支,192.0,122.0,70.0,0.5737704918032787,171.25,32.998737349581525,166.0,0.6288119384744624
N06,昌平,109,收支餘絀表,人事費,收支,6795977.0,,,,6795977.0,,6795977.0,
N06,昌平,110,收支餘絀表,人事費,收支,7099629.0,6795977.0,303652.0,0.04468114003328734,6947803.0,214714.38832085754,6947803.0,0.7071067811865475
N06,昌平,111,收支餘絀表,人事費,收支,7770536.0,7099629.0,670907.0,0.09449888156127595,7222047.333333333,498679.25299969467,7222047.333333333,1.0998826667990593
N06,昌平,112,收支餘絀表,人事費,收支,6839375.0,7770536.0,-931161.0,-0.11983227411854215,7126379.25,449885.38568867743,7236513.333333333,-0.6379497070362897
N06,昌平,113,收支餘絀表,人事費,收支,7955962.0,6839375.0,1116587.0,0.163258631088367,7292295.8,537995.4953451749,7521957.666666667,1.2335906262081167
N06,昌平,109,收支餘絀表,修繕購置費,收支,111104.0,,,,111104.0,,111104.0,
N06,昌平,110,收支餘絀表,修繕購置費,收支,140166.0,111104.0,29062.0,0.26157474078341014,125635.0,20549.937274843443,125635.0,0.7071067811865476
N06,昌平,111,收支餘絀表,修繕購置費,收支,115092.0,140166.0,-25074.0,-0.1788878900731989,122120.66666666667,15754.414534768766,122120.66666666667,-0.44613950275048
N06,昌平,112,收支餘絀表,修繕購置費,收支,116753.0,115092.0,1661.0,0.014431932714697808,120778.75,13140.42159077605,124003.66666666667,-0.3063638386477558
N06,昌平,113,收支餘絀表,修繕購置費,收支,157505.0,116753.0,40752.0,0.34904456416537477,128124.0,19981.654023128314,129783.33333333333,1.4703987951143662
N06,昌平,109,收支餘絀表,公共事務管理費,收支,89120.0,,,,89120.0,,89120.0,
N06,昌平,109,收支餘絀表,其他支出,收支,618996.0,,,,618996.0,,618996.0,
N06,昌平,110,收支餘絀表,其他支出,收支,1830781.0,618996.0,1211785.0,1.9576620850538615,1224888.5,856861.3908401405,1224888.5,0.7071067811865475
N06,昌平,111,收支餘絀表,其他支出,收支,2000383.0,1830781.0,169602.0,0.09263915236175162,1483386.6666666667,753372.1710192999,1483386.6666666667,0.6862429397064745
N06,昌平,112,收支餘絀表,其他支出,收支,3186160.0,2000383.0,1185777.0,0.5927749835906424,1909080.0,1050351.849725605,2339108.0,1.2158592383434423
N06,昌平,113,收支餘絀表,其他支出,收支,2756369.0,3186160.0,-429791.0,-0.13489310015818415,2078537.8,985397.8821119416,2647637.3333333335,0.6878756412052021
N06,昌平,109,收支餘絀表,其他收入,收支,618996.0,,,,618996.0,,618996.0,
N06,昌平,110,收支餘絀表,其他收入,收支,1830781.0,618996.0,1211785.0,1.9576620850538615,1224888.5,856861.3908401405,1224888.5,0.7071067811865475
N06,昌平,111,收支餘絀表,其他收入,收支,2000383.0,1830781.0,169602.0,0.09263915236175162,1483386.6666666667,753372.1710192999,1483386.6666666667,0.6862429397064745
N06,昌平,112,收支餘絀表,其他收入,收支,3186160.0,2000383.0,1185777.0,0.5927749835906424,1909080.0,1050351.849725605,2339108.0,1.2158592383434423
N06,昌平,113,收支餘絀表,其他收入,收支,2756369.0,3186160.0,-429791.0,-0.13489310015818415,2078537.8,985397.8821119416,2647637.3333333335,0.6878756412052021
N06,昌平,109,收支餘絀表,利息收入,收支,19030.0,,,,19030.0,,19030.0,
N06,昌平,110,收支餘絀表,利息收入,收支,28253.0,19030.0,9223.0,0.48465580662112456,23641.5,6521.645842883528,23641.5,0.7071067811865476
N06,昌平,111,收支餘絀表,利息收入,收支,38872.0,28253.0,10619.0,0.3758538916221286,28718.333333333332,9929.181352625872,28718.333333333332,1.0226086427539596
N06,昌平,112,收支餘絀表,利息收入,收支,71787.0,38872.0,32915.0,0.8467534472113604,39485.5,23009.851665464226,46304.0,1.4038117441878917
N06,昌平,113,收支餘絀表,利息收入,收支,94566.0,71787.0,22779.0,0.3173137197542731,50501.6,31683.785305736437,68408.33333333333,1.3907555418266901
N06,昌平,109,收支餘絀表,延後托育支出,收支,254776.0,,,,254776.0,,254776.0,
N06,昌平,110,收支餘絀表,延後托育支出,收支,397224.0,254776.0,142448.0,0.5591107482651427,326000.0,100725.94676646132,326000.0,0.7071067811865476
N06,昌平,111,收支餘絀表,延後托育支出,收支,281821.0,397224.0,-115403.0,-0.2905237347189495,311273.6666666667,75653.50524815974,311273.6666666667,-0.38931000711805247
N06,昌平,109,收支餘絀表,延後托育收入淨額,收支,349030.0,,,,349030.0,,349030.0,
N06,昌平,110,收支餘絀表,延後托育收入淨額,收支,547530.0,349030.0,198500.0,0.5687190212875683,448280.0,140360.6960655297,448280.0,0.7071067811865475
N06,昌平,111,收支餘絀表,延後托育收入淨額,收支,281880.0,547530.0,-265650.0,-0.48517889430716127,392813.3333333333,138131.15446318884,392813.3333333333,-0.8031014709494548
N06,昌平,112,收支餘絀表,延長照顧服務支出,收支,266206.0,,,,266206.0,,266206.0,
N06,昌平,113,收支餘絀表,延長照顧服務支出,收支,85320.0,266206.0,-180886.0,-0.6794963299099194,175763.0,127905.71722170984,175763.0,-0.7071067811865475
N06,昌平,112,收支餘絀表,延長照顧服務收入淨額,收支,275006.0,,,,275006.0,,275006.0,
N06,昌平,113,收支餘絀表,延長照顧服務收入淨額,收支,92310.0,275006.0,-182696.0,-0.6643345963360799,183658.0,129185.58049565749,183658.0,-0.7071067811865476
N06,昌平,109,收支餘絀表,所得稅費用,收支,,,,,,,,
N06,昌平,110,收支餘絀表,所得稅費用,收支,30655.0,,,,30655.0,,30655.0,
N06,昌平,111,收支餘絀表,所得稅費用,收支,,30655.0,,,30655.0,,30655.0,
N06,昌平,112,收支餘絀表,所得稅費用,收支,,,,,30655.0,,30655.0,
N06,昌平,113,收支餘絀表,所得稅費用,收支,,,,,30655.0,,,
N06,昌平,109,收支餘絀表,支出合計,收支,10921309.0,,,,10921309.0,,10921309.0,
N06,昌平,110,收支餘絀表,支出合計,收支,12416699.0,10921309.0,1495390.0,0.13692406285730035,11669004.0,1057400.4095185513,11669004.0,0.7071067811865475
N06,昌平,111,收支餘絀表,支出合計,收支,14033020.0,12416699.0,1616321.0,0.13017316438129006,12457009.333333334,1556247.0977034247,12457009.333333334,1.0126995057484165
N06,昌平,112,收支餘絀表,支出合計,收支,14950976.0,14033020.0,917956.0,0.06541400211786201,13080501.0,1780328.842194984,13800231.666666666,1.0506345545095332
N06,昌平,113,收支餘絀表,支出合計,收支,15234973.0,14950976.0,283997.0,0.01899521476056145,13511395.4,1818111.1103341014,14739656.333333334,0.9480045472486387
N06,昌平,109,收支餘絀表,收入合計,收支,10283332.0,,,,10283332.0,,10283332.0,
N06,昌平,110,收支餘絀表,收入合計,收支,14059209.0,10283332.0,3775877.0,0.367184196717562,12171270.5,2669948.2316263174,12171270.5,0.7071067811865476
N06,昌平,111,收支餘絀表,收入合計,收支,13965976.0,14059209.0,-93233.0,-0.006631454159334284,12769505.666666666,2153594.1408938533,12769505.666666666,0.5555690882576123
N06,昌平,112,收支餘絀表,收入合計,收支,15138118.0,13965976.0,1172142.0,0.08392839855947053,13361658.75,2120037.636190983,14387767.666666666,0.8379376005756759
N06,昌平,113,收支餘絀表,收入合計,收支,14632460.0,15138118.0,-505658.0,-0.03340296330098629,13615819.0,1921953.9140026227,14578851.333333334,0.52896221527121
N06,昌平,109,收支餘絀表,教保費收入,收支,10176900.0,,,,10176900.0,,10176900.0,
N06,昌平,110,收支餘絀表,教保費收入,收支,11741812.0,10176900.0,1564912.0,0.15377099116626872,10959356.0,1106559.8871602025,10959356.0,0.7071067811865475
N06,昌平,111,收支餘絀表,教保費收入,收支,11744640.0,11741812.0,2828.0,0.0002408486867273978,11221117.333333334,904319.8432088799,11221117.333333334,0.578913169492116
N06,昌平,112,收支餘絀表,教保費收入,收支,11753640.0,11744640.0,9000.0,0.0007663070132417852,11354248.0,784914.8681073635,11746697.333333334,0.5088348000886254
N06,昌平,113,收支餘絀表,教保費收入,收支,11765429.0,11753640.0,11789.0,0.0010030084297290031,11436484.2,704189.2327948504,11754569.666666666,0.4671255746050741
N06,昌平,109,收支餘絀表,教保費收入減項,收支,-880624.0,,,,-880624.0,,-880624.0,
N06,昌平,110,收支餘絀表,教保費收入減項,收支,-89167.0,-880624.0,791457.0,0.8987456621668272,-484895.5,559644.6117175614,-484895.5,0.7071067811865475
N06,昌平,111,收支餘絀表,教保費收入減項,收支,-99799.0,-89167.0,-10632.0,-0.1192369374320096,-356530.0,453909.848409351,-356530.0,0.5655990961634113
N06,昌平,112,收支餘絀表,教保費收入減項,收支,-148475.0,-99799.0,-48676.0,-0.48774035811982086,-304516.25,384938.72379672324,-112480.33333333333,0.4053664657609287
N06,昌平,113,收支餘絀表,教保費收入減項,收支,-76214.0,-148475.0,72261.0,0.4866879946118875,-258855.8,348651.3290949857,-108162.66666666667,0.5238522981515482
N06,昌平,109,收支餘絀表,本期稅前餘絀,收支,-637977.0,,,,-637977.0,,-637977.0,
N06,昌平,110,收支餘絀表,本期稅前餘絀,收支,1642510.0,-637977.0,2280487.0,3.574559897927355,502266.5,1612547.8221077663,502266.5,0.7071067811865475
N06,昌平,111,收支餘絀表,本期稅前餘絀,收支,-67044.0,1642510.0,-1709554.0,-1.0408180163286678,312496.3333333333,1186673.2438891227,312496.3333333333,-0.3198355868288169
N06,昌平,112,收支餘絀表,本期稅前餘絀,收支,187142.0,-67044.0,254186.0,3.7913310661655033,281157.75,970939.7607796874,587536.0,-0.09682964257690214
N06,昌平,113,收支餘絀表,本期稅前餘絀,收支,-602513.0,187142.0,-789655.0,-4.2195498605337125,104423.6,929095.1583009677,-160805.0,-0.7608871854340216
N06,昌平,109,收支餘絀表,本期稅後餘絀,收支,,,,,,,,
N06,昌平,110,收支餘絀表,本期稅後餘絀,收支,1611855.0,,,,1611855.0,,1611855.0,
N06,昌平,111,收支餘絀表,本期稅後餘絀,收支,,1611855.0,,,1611855.0,,1611855.0,
N06,昌平,112,收支餘絀表,本期稅後餘絀,收支,187142.0,,,,899498.5,1007424.2235446296,899498.5,-0.7071067811865476
N06,昌平,113,收支餘絀表,本期稅後餘絀,收支,,187142.0,,,899498.5,1007424.2235446296,187142.0,
N06,昌平,109,收支餘絀表,材料費,收支,1265471.0,,,,1265471.0,,1265471.0,
N06,昌平,110,收支餘絀表,材料費,收支,1462619.0,1265471.0,197148.0,0.15579021565883375,1364045.0,139404.68769736547,1364045.0,0.7071067811865476
N06,昌平,111,收支餘絀表,材料費,收支,1575211.0,1462619.0,112592.0,0.0769797192570314,1434433.6666666667,156781.78038705047,1434433.6666666667,0.8979189609008986
N06,昌平,112,收支餘絀表,材料費,收支,1602786.0,1575211.0,27575.0,0.01750559131443343,1476521.75,153207.8483920346,1546872.0,0.8241369572458834
N06,昌平,113,收支餘絀表,材料費,收支,1638179.0,1602786.0,35393.0,0.022082174413801968,1508853.2,151099.62575135648,1605392.0,0.855897553398401
N06,昌平,109,收支餘絀表,業務發展費,收支,1066000.0,,,,1066000.0,,1066000.0,
N06,昌平,110,收支餘絀表,業務發展費,收支,613100.0,1066000.0,-452900.0,-0.424859287054409,839550.0,320248.6611993874,839550.0,-0.7071067811865475
N06,昌平,111,收支餘絀表,業務發展費,收支,1382600.0,613100.0,769500.0,1.2550970477899202,1020566.6666666666,386756.6461398347,1020566.6666666666,0.9360752735518281
N06,昌平,112,收支餘絀表,業務發展費,收支,2039112.0,1382600.0,656512.0,0.47483870967741937,1275203.0,599232.106869005,1344937.3333333333,1.2748132004999426
N06,昌平,113,收支餘絀表,業務發展費,收支,1783086.0,2039112.0,-256026.0,-0.12555759565928698,1376779.6,566478.9199650768,1734932.6666666667,0.717248931390154
N06,昌平,109,收支餘絀表,業務費,收支,545111.0,,,,545111.0,,545111.0,
N06,昌平,110,收支餘絀表,業務費,收支,532499.0,545111.0,-12612.0,-0.023136572184380796,538805.0,8918.030724324737,538805.0,-0.7071067811865476
N06,昌平,111,收支餘絀表,業務費,收支,559276.0,532499.0,26777.0,0.05028554044232947,545628.6666666666,13396.003744898466,545628.6666666666,1.0187615346502585
N06,昌平,112,收支餘絀表,業務費,收支,514283.0,559276.0,-44993.0,-0.08044865147083015,537792.25,19112.11611125257,535352.6666666666,-1.2300704884352678
N06,昌平,113,收支餘絀表,業務費,收支,501842.0,514283.0,-12441.0,-0.024190961007849763,530602.2,23074.636111973676,525133.6666666666,-1.2463988537212936
N06,昌平,109,收支餘絀表,維護費,收支,70046.0,,,,70046.0,,70046.0,
N06,昌平,110,收支餘絀表,維護費,收支,54588.0,70046.0,-15458.0,-0.22068355080946805,62317.0,10930.456623581651,62317.0,-0.7071067811865476
N06,昌平,111,收支餘絀表,維護費,收支,73263.0,54588.0,18675.0,0.34210815563860186,65965.66666666667,9983.774152760734,65965.66666666667,0.7309193118431525
N06,昌平,112,收支餘絀表,維護費,收支,104233.0,73263.0,30970.0,0.42272361219169297,75532.5,20797.78107555387,77361.33333333333,1.3799789456258458
N06,昌平,113,收支餘絀表,維護費,收支,70966.0,104233.0,-33267.0,-0.3191599589381482,74619.2,18126.813225164537,82820.66666666667,-0.20153570043566427
N06,昌平,109,收支餘絀表,行政管理費,收支,66928.0,,,,66928.0,,66928.0,
N06,昌平,110,收支餘絀表,行政管理費,收支,262780.0,66928.0,195852.0,2.9263088692326082,164854.0,138488.2773089477,164854.0,0.7071067811865476
N06,昌平,111,收支餘絀表,行政管理費,收支,262780.0,262780.0,0.0,0.0,197496.0,113075.20492132659,197496.0,0.5773502691896257
N06,昌平,112,收支餘絀表,行政管理費,收支,262780.0,262780.0,0.0,0.0,213817.0,97926.0,262780.0,0.5
N06,昌平,113,收支餘絀表,行政管理費,收支,277604.0,262780.0,14824.0,0.05641220793058833,226574.4,89475.59656576758,267721.3333333333,0.5703186338913262
N06,昌平,109,收支餘絀表,雜支,收支,37780.0,,,,37780.0,,37780.0,
N06,昌平,110,收支餘絀表,雜支,收支,23313.0,37780.0,-14467.0,-0.3829274748544203,30546.5,10229.713803425782,30546.5,-0.7071067811865476
N06,昌平,111,收支餘絀表,雜支,收支,12058.0,23313.0,-11255.0,-0.4827778492686484,24383.666666666668,12894.38119233852,24383.666666666668,-0.9558943917363195
N06,昌平,112,收支餘絀表,雜支,收支,19288.0,12058.0,7230.0,0.5996019240338365,23109.75,10832.120394918069,18219.666666666668,-0.35281642565503507
N06,昌平,113,收支餘絀表,雜支,收支,8140.0,19288.0,-11148.0,-0.5779759435918705,20115.8,11524.74759810383,13162.0,-1.0391377249745912
N06,昌平,110,現金流量表,其他應付款,非收支,21950.0,,,,21950.0,,21950.0,
N06,昌平,111,現金流量表,其他應付款,非收支,312075.0,21950.0,290125.0,13.21753986332574,167012.5,205149.3548917471,167012.5,0.7071067811865476
N06,昌平,112,現金流量表,其他應付款,非收支,-322873.0,312075.0,-634948.0,-2.034600656893375,3717.3333333333335,317866.42363787553,3717.3333333333335,-1.0274452066865558
N06,昌平,113,現金流量表,其他應付款,非收支,205104.0,-322873.0,527977.0,1.6352466759375976,54064.0,278385.56517056224,64768.666666666664,0.5425568667953753
N06,昌平,110,現金流量表,其他應收款,非收支,-208848.0,,,,-208848.0,,-208848.0,
N06,昌平,111,現金流量表,其他應收款,非收支,162572.0,-208848.0,371420.0,1.7784225848463955,-23138.0,262633.6006683075,-23138.0,0.7071067811865475
N06,昌平,112,現金流量表,其他應收款,非收支,-69522.0,162572.0,-232094.0,-1.4276382156828975,-38599.333333333336,187630.9211866033,-38599.333333333336,-0.16480581383445514
N06,昌平,113,現金流量表,其他應收款,非收支,158950.0,-69522.0,228472.0,3.286326630419148,10788.0,182281.86003732425,84000.0,0.8128181266619847
N06,昌平,110,現金流量表,其他流動負債,非收支,162.0,,,,162.0,,162.0,
N06,昌平,111,現金流量表,其他流動負債,非收支,-106.0,162.0,-268.0,-1.654320987654321,28.0,189.50461735799473,28.0,-0.7071067811865476
N06,昌平,112,現金流量表,其他流動負債,非收支,-4.0,-106.0,102.0,0.9622641509433962,17.333333333333332,135.26763594198476,17.333333333333332,-0.15771202908050402
N06,昌平,113,現金流量表,其他流動負債,非收支,-50.0,-4.0,-46.0,-11.5,0.5,115.46283673401874,-53.333333333333336,-0.43737016540077106
N06,昌平,110,現金流量表,其他流動資產,非收支,-412.0,,,,-412.0,,-412.0,
N06,昌平,111,現金流量表,其他流動資產,非收支,444.0,-412.0,856.0,2.0776699029126213,16.0,605.2834046956847,16.0,0.7071067811865476
N06,昌平,112,現金流量表,其他流動資產,非收支,,444.0,,,16.0,605.2834046956847,16.0,
N06,昌平,113,現金流量表,其他流動資產,非收支,-2716.0,,,,-894.6666666666666,1634.3577739691311,-1136.0,-1.114403077675044
N06,昌平,110,現金流量表,存出保證金（增加）,非收支,,,,,,,,
N06,昌平,110,現金流量表,應付帳款,非收支,-70507.0,,,,-70507.0,,-70507.0,
N06,昌平,111,現金流量表,應付帳款,非收支,-6780.0,-70507.0,63727.0,0.9038393351014793,-38643.5,45061.793844675114,-38643.5,0.7071067811865476
N06,昌平,112,現金流量表,應付帳款,非收支,112579.0,-6780.0,119359.0,17.60457227138643,11764.0,92941.00710127903,11764.0,1.0847203311466227
N06,昌平,113,現金流量表,應付帳款,非收支,-100804.0,112579.0,-213383.0,-1.8954067810159976,-16378.0,94480.55808824727,1665.0,-0.8935806657825195
N06,昌平,110,現金流量表,應付票據,非收支,,,,,,,,
N06,昌平,113,現金流量表,應付票據,非收支,-2000.0,,,,-2000.0,,-2000.0,
N06,昌平,110,現金流量表,應收帳款淨額,非收支,-10362.0,,,,-10362.0,,-10362.0,
N06,昌平,111,現金流量表,應收帳款淨額,非收支,3522.0,-10362.0,13884.0,1.3398957730167922,-3420.0,9817.470549994026,-3420.0,0.7071067811865475
N06,昌平,112,現金流量表,應收帳款淨額,非收支,630.0,3522.0,-2892.0,-0.8211243611584327,-2070.0,7325.221088813634,-2070.0,0.3685895575388404
N06,昌平,113,現金流量表,應收帳款淨額,非收支,-780.0,630.0,-1410.0,-2.238095238095238,-1747.5,6015.6962190589375,1124.0,0.16082926477150974
N06,昌平,111,現金流量表,投資活動之淨現金流入,非收支,,,,,,,,
N06,昌平,112,現金流量表,投資活動之淨現金流入,非收支,,,,,,,,
N06,昌平,113,現金流量表,投資活動之淨現金流入,非收支,,,,,,,,
N06,昌平,110,現金流量表,投資活動之淨現金流（出）,非收支,,,,,,,,
N06,昌平,110,現金流量表,投資活動之現金流量：,非收支,,,,,,,,
N06,昌平,111,現金流量表,投資活動之現金流量：,非收支,,,,,,,,
N06,昌平,112,現金流量表,投資活動之現金流量：,非收支,,,,,,,,
N06,昌平,113,現金流量表,投資活動之現金流量：,非收支,,,,,,,,
N06,昌平,110,現金流量表,期初現金及約當現金餘額,非收支,3674287.0,,,,3674287.0,,3674287.0,
N06,昌平,111,現金流量表,期初現金及約當現金餘額,非收支,5319138.0,3674287.0,1644851.0,0.4476653565712205,4496712.5,1163085.2961414738,4496712.5,0.7071067811865476
N06,昌平,112,現金流量表,期初現金及約當現金餘額,非收支,5654815.0,5319138.0,335677.0,0.06310740574882621,4882746.666666667,1059929.6375478576,4882746.666666667,0.7284147041302756
N06,昌平,113,現金流量表,期初現金及約當現金餘額,非收支,5823963.0,5654815.0,169148.0,0.0299122075611669,5118050.75,985108.760950578,5599305.333333333,0.7165830596398635
N06,昌平,110,現金流量表,期末現金及約當現金餘額,非收支,5319138.0,,,,5319138.0,,5319138.0,
N06,昌平,111,現金流量表,期末現金及約當現金餘額,非收支,5654815.0,5319138.0,335677.0,0.06310740574882621,5486976.5,237359.4829883567,5486976.5,0.7071067811865476
N06,昌平,112,現金流量表,期末現金及約當現金餘額,非收支,5823963.0,5654815.0,169148.0,0.0299122075611669,5599305.333333333,256949.5329365932,5599305.333333333,0.8743260363197671
N06,昌平,113,現金流量表,期末現金及約當現金餘額,非收支,4822001.0,5823963.0,-1001962.0,-0.17204127155340787,5404979.25,441662.6332835014,5433593.0,-1.319962808865899
N06,昌平,110,現金流量表,本期支付所得稅,非收支,-30655.0,,,,-30655.0,,-30655.0,
N06,昌平,111,現金流量表,本期支付所得稅,非收支,,-30655.0,,,-30655.0,,-30655.0,
N06,昌平,111,現金流量表,本期現金及約當現金增加數,非收支,335677.0,,,,335677.0,,335677.0,
N06,昌平,112,現金流量表,本期現金及約當現金增加數,非收支,169148.0,335677.0,-166529.0,-0.4960989284341793,252412.5,117753.78516421457,252412.5,-0.7071067811865476
N06,昌平,110,現金流量表,本期現金及約當現金增加（減少）數,非收支,1644851.0,,,,1644851.0,,1644851.0,
N06,昌平,113,現金流量表,本期現金及約當現金（減少）增加數,非收支,-1001962.0,,,,-1001962.0,,-1001962.0,
N06,昌平,110,現金流量表,本期稅前餘絀,非收支,1642510.0,,,,1642510.0,,1642510.0,
N06,昌平,111,現金流量表,本期稅前餘絀,非收支,,1642510.0,,,1642510.0,,1642510.0,
N06,昌平,112,現金流量表,本期稅前餘絀,非收支,187142.0,,,,914826.0,1029100.5819219033,914826.0,-0.7071067811865476
N06,昌平,113,現金流量表,本期稅前餘絀,非收支,,187142.0,,,914826.0,1029100.5819219033,187142.0,
N06,昌平,111,現金流量表,營業活動之淨現金流入,非收支,335677.0,,,,335677.0,,335677.0,
N06,昌平,112,現金流量表,營業活動之淨現金流入,非收支,169148.0,335677.0,-166529.0,-0.4960989284341793,252412.5,117753.78516421457,252412.5,-0.7071067811865476
N06,昌平,110,現金流量表,營業活動之淨現金流入（出）,非收支,1644851.0,,,,1644851.0,,1644851.0,
N06,昌平,113,現金流量表,營業活動之淨現金流（出）入,非收支,-1001962.0,,,,-1001962.0,,-1001962.0,
N06,昌平,110,現金流量表,營業活動之現金流量：,非收支,,,,,,,,
N06,昌平,111,現金流量表,營業活動之現金流量：,非收支,,,,,,,,
N06,昌平,112,現金流量表,營業活動之現金流量：,非收支,,,,,,,,
N06,昌平,113,現金流量表,營業活動之現金流量：,非收支,,,,,,,,
N06,昌平,110,現金流量表,營運產生之現金,非收支,1675506.0,,,,1675506.0,,1675506.0,
N06,昌平,111,現金流量表,營運產生之現金,非收支,335677.0,1675506.0,-1339829.0,-0.7996563426212738,1005591.5,947402.1715303907,1005591.5,-0.7071067811865476
N06,昌平,110,現金流量表,籌資活動之淨現金流入,非收支,,,,,,,,
N06,昌平,111,現金流量表,籌資活動之淨現金流入,非收支,,,,,,,,
N06,昌平,112,現金流量表,籌資活動之淨現金流入,非收支,,,,,,,,
N06,昌平,113,現金流量表,籌資活動之淨現金流入,非收支,,,,,,,,
N06,昌平,110,現金流量表,籌資活動之現金流量：,非收支,,,,,,,,
N06,昌平,111,現金流量表,籌資活動之現金流量：,非收支,,,,,,,,
N06,昌平,112,現金流量表,籌資活動之現金流量：,非收支,,,,,,,,
N06,昌平,113,現金流量表,籌資活動之現金流量：,非收支,,,,,,,,
N06,昌平,110,現金流量表,調整項目：,非收支,,,,,,,,
N06,昌平,111,現金流量表,調整項目：,非收支,,,,,,,,
N06,昌平,112,現金流量表,調整項目：,非收支,,,,,,,,
N06,昌平,113,現金流量表,調整項目：,非收支,,,,,,,,
N06,昌平,110,現金流量表,資產／負債淨變動數,非收支,,,,,,,,
N06,昌平,111,現金流量表,資產／負債淨變動數,非收支,,,,,,,,
N06,昌平,112,現金流量表,資產／負債淨變動數,非收支,,,,,,,,
N06,昌平,113,現金流量表,資產／負債淨變動數,非收支,,,,,,,,
N06,昌平,110,現金流量表,預付款項,非收支,-20410.0,,,,-20410.0,,-20410.0,
N06,昌平,111,現金流量表,預付款項,非收支,17710.0,-20410.0,38120.0,1.8677119059284664,-1350.0,26954.910498831192,-1350.0,0.7071067811865475
N06,昌平,112,現金流量表,預付款項,非收支,-35350.0,17710.0,-53060.0,-2.9960474308300395,-12683.333333333334,27360.864996073007,-12683.333333333334,-0.8284338477573687
N06,昌平,113,現金流量表,預付款項,非收支,49950.0,-35350.0,85300.0,2.413012729844413,2975.0,38468.31899975182,10770.0,1.2211347212833257
N06,昌平,110,現金流量表,預收款項,非收支,321423.0,,,,321423.0,,321423.0,
N06,昌平,111,現金流量表,預收款項,非收支,-86716.0,321423.0,-408139.0,-1.2697877874327599,117353.5,288597.85456669633,117353.5,-0.7071067811865475
N06,昌平,112,現金流量表,預收款項,非收支,296546.0,-86716.0,383262.0,4.419737995294986,177084.33333333334,228796.1498415857,177084.33333333334,0.5221314552250104
N06,昌平,113,現金流量表,預收款項,非收支,-707103.0,296546.0,-1003649.0,-3.38446311870671,-43962.5,479942.9781008712,-165757.66666666666,-1.3817068490595263
N06,昌平,110,資產負債表,代管財產,非收支,1064891.0,,,,1064891.0,,1064891.0,
N06,昌平,111,資產負債表,代管財產,非收支,1385955.0,1064891.0,321064.0,0.3014994022862434,1225423.0,227026.53159487768,1225423.0,0.7071067811865476
N06,昌平,112,資產負債表,代管財產,非收支,1385955.0,1385955.0,0.0,0.0,1278933.6666666667,185366.386827098,1278933.6666666667,0.5773502691896254
N06,昌平,113,資產負債表,代管財產,非收支,1290255.0,1385955.0,-95700.0,-0.06904986092622055,1281764.0,151456.84112644102,1354055.0,0.05606217544779929
N06,昌平,110,資產負債表,其他應付款,非收支,1269841.0,,,,1269841.0,,1269841.0,
N06,昌平,111,資產負債表,其他應付款,非收支,1581916.0,1269841.0,312075.0,0.24575911472381187,1425878.5,220670.34873879183,1425878.5,0.7071067811865475
N06,昌平,112,資產負債表,其他應付款,非收支,1259043.0,1581916.0,-322873.0,-0.20410249343201536,1370266.6666666667,183373.19713178734,1370266.6666666667,-0.606542659485465
N06,昌平,113,資產負債表,其他應付款,非收支,1464147.0,1259043.0,205104.0,0.1629046823658922,1393736.75,156909.3120167931,1435035.3333333333,0.4487321312865383
N06,昌平,110,資產負債表,其他應收款,非收支,252000.0,,,,252000.0,,252000.0,
N06,昌平,111,資產負債表,其他應收款,非收支,89428.0,252000.0,-162572.0,-0.6451269841269841,170714.0,114955.76363105941,170714.0,-0.7071067811865475
N06,昌平,112,資產負債表,其他應收款,非收支,158950.0,89428.0,69522.0,0.7774075233707564,166792.66666666666,81569.26113024031,166792.66666666666,-0.09614732998677528
N06,昌平,113,資產負債表,其他應收款,非收支,,158950.0,,,166792.66666666666,81569.26113024031,124189.0,
N06,昌平,110,資產負債表,其他流動負債,非收支,162.0,,,,162.0,,162.0,
N06,昌平,111,資產負債表,其他流動負債,非收支,56.0,162.0,-106.0,-0.654320987654321,109.0,74.95331880577403,109.0,-0.7071067811865476
N06,昌平,112,資產負債表,其他流動負債,非收支,52.0,56.0,-4.0,-0.07142857142857142,90.0,62.385895841928885,90.0,-0.6091120354556263
N06,昌平,113,資產負債表,其他流動負債,非收支,2.0,52.0,-50.0,-0.9615384615384616,68.0,67.31022705849882,36.666666666666664,-0.9805345024707743
N06,昌平,110,資產負債表,其他流動資產,非收支,444.0,,,,444.0,,444.0,
N06,昌平,111,資產負債表,其他流動資產,非收支,,444.0,,,444.0,,444.0,
N06,昌平,113,資產負債表,其他流動資產,非收支,2716.0,,,,1580.0,1606.546606855836,1580.0,0.7071067811865476
N06,昌平,110,資產負債表,存出保證金,非收支,11500.0,,,,11500.0,,11500.0,
N06,昌平,111,資產負債表,存出保證金,非收支,11500.0,11500.0,0.0,0.0,11500.0,0.0,11500.0,
N06,昌平,112,資產負債表,存出保證金,非收支,11500.0,11500.0,0.0,0.0,11500.0,0.0,11500.0,
N06,昌平,113,資產負債表,存出保證金,非收支,11500.0,11500.0,0.0,0.0,11500.0,0.0,11500.0,
N06,昌平,110,資產負債表,應付代管財產,非收支,1064891.0,,,,1064891.0,,1064891.0,
N06,昌平,111,資產負債表,應付代管財產,非收支,1385955.0,1064891.0,321064.0,0.3014994022862434,1225423.0,227026.53159487768,1225423.0,0.7071067811865476
N06,昌平,112,資產負債表,應付代管財產,非收支,1385955.0,1385955.0,0.0,0.0,1278933.6666666667,185366.386827098,1278933.6666666667,0.5773502691896254
N06,昌平,113,資產負債表,應付代管財產,非收支,1290255.0,1385955.0,-95700.0,-0.06904986092622055,1281764.0,151456.84112644102,1354055.0,0.05606217544779929
N06,昌平,110,資產負債表,應付帳款,非收支,6780.0,,,,6780.0,,6780.0,
N06,昌平,111,資產負債表,應付帳款,非收支,,6780.0,,,6780.0,,6780.0,
N06,昌平,112,資產負債表,應付帳款,非收支,112579.0,,,,59679.5,74811.19034275554,59679.5,0.7071067811865476
N06,昌平,113,資產負債表,應付帳款,非收支,11775.0,112579.0,-100804.0,-0.8954067810159977,43711.333333333336,59693.41789790004,62177.0,-0.5350059429995686
N06,昌平,110,資產負債表,應付票據,非收支,2000.0,,,,2000.0,,2000.0,
N06,昌平,111,資產負債表,應付票據,非收支,2000.0,2000.0,0.0,0.0,2000.0,0.0,2000.0,
N06,昌平,112,資產負債表,應付票據,非收支,2000.0,2000.0,0.0,0.0,2000.0,0.0,2000.0,
N06,昌平,113,資產負債表,應付票據,非收支,,2000.0,,,2000.0,0.0,2000.0,
N06,昌平,110,資產負債表,應付購置財產,非收支,270513.0,,,,270513.0,,270513.0,
N06,昌平,111,資產負債表,應付購置財產,非收支,270513.0,270513.0,0.0,0.0,270513.0,0.0,270513.0,
N06,昌平,112,資產負債表,應付購置財產,非收支,287838.0,270513.0,17325.0,0.06404498120238214,276288.0,10002.593413710267,276288.0,1.1547005383792515
N06,昌平,113,資產負債表,應付購置財產,非收支,305163.0,287838.0,17325.0,0.06019010693515102,283506.75,16587.42464187856,287838.0,1.3055824196677337
N06,昌平,110,資產負債表,應收帳款淨額,非收支,10362.0,,,,10362.0,,10362.0,
N06,昌平,111,資產負債表,應收帳款淨額,非收支,6840.0,10362.0,-3522.0,-0.33989577301679214,8601.0,2490.4300833390203,8601.0,-0.7071067811865476
N06,昌平,112,資產負債表,應收帳款淨額,非收支,6210.0,6840.0,-630.0,-0.09210526315789473,7804.0,2237.5763674118475,7804.0,-0.7123779206891351
N06,昌平,113,資產負債表,應收帳款淨額,非收支,6990.0,6210.0,780.0,0.12560386473429952,7600.5,1871.7587985635328,6680.0,-0.3261638200758151
N06,昌平,110,資產負債表,本期餘絀,非收支,1611855.0,,,,1611855.0,,1611855.0,
N06,昌平,111,資產負債表,本期餘絀,非收支,-67044.0,1611855.0,-1678899.0,-1.041594312143462,772405.5,1187160.8678273135,772405.5,-0.7071067811865475
N06,昌平,112,資產負債表,本期餘絀,非收支,187142.0,-67044.0,254186.0,3.7913310661655033,577317.6666666666,904905.1061820424,577317.6666666666,-0.43117854458009197
N06,昌平,113,資產負債表,本期餘絀,非收支,-602513.0,187142.0,-789655.0,-4.2195498605337125,282360.0,945464.0490069765,-160805.0,-0.9359139577325912
N06,昌平,110,資產負債表,業務發展準備,非收支,4277567.0,,,,4277567.0,,4277567.0,
N06,昌平,111,資產負債表,業務發展準備,非收支,5660167.0,4277567.0,1382600.0,0.32322112079132836,4968867.0,977645.8356685207,4968867.0,0.7071067811865475
N06,昌平,112,資產負債表,業務發展準備,非收支,7699279.0,5660167.0,2039112.0,0.3602565083327047,5879004.333333333,1721320.8842575906,5879004.333333333,1.057487121264874
N06,昌平,113,資產負債表,業務發展準備,非收支,9482365.0,7699279.0,1783086.0,0.23159129575639484,6779844.5,2285027.1510949275,7613937.0,1.1827082661599975
N06,昌平,110,資產負債表,業務發展準備金,非收支,4277567.0,,,,4277567.0,,4277567.0,
N06,昌平,111,資產負債表,業務發展準備金,非收支,5660167.0,4277567.0,1382600.0,0.32322112079132836,4968867.0,977645.8356685207,4968867.0,0.7071067811865475
N06,昌平,112,資產負債表,業務發展準備金,非收支,7699279.0,5660167.0,2039112.0,0.3602565083327047,5879004.333333333,1721320.8842575906,5879004.333333333,1.057487121264874
N06,昌平,113,資產負債表,業務發展準備金,非收支,9482365.0,7699279.0,1783086.0,0.23159129575639484,6779844.5,2285027.1510949275,7613937.0,1.1827082661599975
N06,昌平,110,資產負債表,流動負債合計,非收支,3806456.0,,,,3806456.0,,3806456.0,
N06,昌平,111,資產負債表,流動負債合計,非收支,4024929.0,3806456.0,218473.0,0.057395383001931456,3915692.5,154483.7398061686,3915692.5,0.7071067811865476
N06,昌平,112,資產負債表,流動負債合計,非收支,4111177.0,4024929.0,86248.0,0.021428452526740225,3980854.0,157069.01724719614,3980854.0,0.8297180582399449
N06,昌平,113,資產負債表,流動負債合計,非收支,3506324.0,4111177.0,-604853.0,-0.1471240474443207,3862221.5,269706.87361961446,3880810.0,-1.3195714859753478
N06,昌平,110,資產負債表,流動資產合計,非收支,5614254.0,,,,5614254.0,,5614254.0,
N06,昌平,111,資產負債表,流動資產合計,非收支,5765683.0,5614254.0,151429.0,0.02697223887626032,5689968.5,107076.47276829771,5689968.5,0.7071067811865475
N06,昌平,112,資產負債表,流動資產合計,非收支,6039073.0,5765683.0,273390.0,0.04741675877775452,5806336.666666667,215307.5385357728,5806336.666666667,1.0809483723425897
N06,昌平,113,資產負債表,流動資產合計,非收支,4831707.0,6039073.0,-1207366.0,-0.19992571707611417,5562679.25,518054.6665686773,5545487.666666667,-1.410994431999961
N06,昌平,110,資產負債表,現金及銀行存款,非收支,5319138.0,,,,5319138.0,,5319138.0,
N06,昌平,111,資產負債表,現金及銀行存款,非收支,5654815.0,5319138.0,335677.0,0.06310740574882621,5486976.5,237359.4829883567,5486976.5,0.7071067811865476
N06,昌平,112,資產負債表,現金及銀行存款,非收支,5823963.0,5654815.0,169148.0,0.0299122075611669,5599305.333333333,256949.5329365932,5599305.333333333,0.8743260363197671
N06,昌平,113,資產負債表,現金及銀行存款,非收支,4822001.0,5823963.0,-1001962.0,-0.17204127155340787,5404979.25,441662.6332835014,5433593.0,-1.319962808865899
N06,昌平,110,資產負債表,累積餘絀,非收支,207443.0,,,,207443.0,,207443.0,
N06,昌平,111,資產負債表,累積餘絀,非收支,1819298.0,207443.0,1611855.0,7.770110343564256,1013370.5,1139753.6007894427,1013370.5,0.7071067811865475
N06,昌平,112,資產負債表,累積餘絀,非收支,1752254.0,1819298.0,-67044.0,-0.03685157681699205,1259665.0,911867.3573755121,1259665.0,0.540198084749676
N06,昌平,113,資產負債表,累積餘絀,非收支,1939396.0,1752254.0,187142.0,0.10680072637870994,1429597.75,818439.5374053296,1836982.6666666667,0.6228905456060879
N06,昌平,110,資產負債表,負債及餘絀總計,非收支,11454209.0,,,,11454209.0,,11454209.0,
N06,昌平,111,資產負債表,負債及餘絀總計,非收支,13342087.0,11454209.0,1887878.0,0.1648195872800994,12398148.0,1334931.335852897,12398148.0,0.7071067811865475
N06,昌平,112,資產負債表,負債及餘絀總計,非收支,15705283.0,13342087.0,2363196.0,0.17712341405059043,13500526.333333334,2129961.2215083474,13500526.333333334,1.035115871783502
N06,昌平,113,資產負債表,負債及餘絀總計,非收支,16254782.0,15705283.0,549499.0,0.03498816290034379,14189090.25,2218326.1571346046,15100717.333333334,0.9311938838913745
N06,昌平,110,資產負債表,負債總額,非收支,9634911.0,,,,9634911.0,,9634911.0,
N06,昌平,111,資產負債表,負債總額,非收支,11589833.0,9634911.0,1954922.0,0.20289985034630834,10612372.0,1382338.6028907679,10612372.0,0.7071067811865476
N06,昌平,112,資產負債表,負債總額,非收支,13765887.0,11589833.0,2176054.0,0.18775542322309563,11663543.666666666,2066474.2013703764,11663543.666666666,1.0173576480844382
N06,昌平,113,資產負債表,負債總額,非收支,14917899.0,13765887.0,1152012.0,0.08368599858476246,12477132.5,2344052.952086407,13424539.666666666,1.0412591139750105
N06,昌平,110,資產負債表,資產總計,非收支,11454209.0,,,,11454209.0,,11454209.0,
N06,昌平,111,資產負債表,資產總計,非收支,13342087.0,11454209.0,1887878.0,0.1648195872800994,12398148.0,1334931.335852897,12398148.0,0.7071067811865475
N06,昌平,112,資產負債表,資產總計,非收支,15705283.0,13342087.0,2363196.0,0.17712341405059043,13500526.333333334,2129961.2215083474,13500526.333333334,1.035115871783502
N06,昌平,113,資產負債表,資產總計,非收支,16254782.0,15705283.0,549499.0,0.03498816290034379,14189090.25,2218326.1571346046,15100717.333333334,0.9311938838913745
N06,昌平,110,資產負債表,資遣費準備,非收支,215484.0,,,,215484.0,,215484.0,
N06,昌平,111,資產負債表,資遣費準備,非收支,248269.0,215484.0,32785.0,0.15214586697852275,231876.5,23182.495821200962,231876.5,0.7071067811865475
N06,昌平,112,資產負債表,資遣費準備,非收支,281638.0,248269.0,33369.0,0.13440663151662108,248463.66666666666,33077.42962101701,248463.66666666666,1.002929602252249
N06,昌平,113,資產負債表,資遣費準備,非收支,333792.0,281638.0,52154.0,0.18518097699884248,269795.75,50493.98001329796,287899.6666666667,1.267403559456912
N06,昌平,110,資產負債表,資遣費準備金,非收支,215484.0,,,,215484.0,,215484.0,
N06,昌平,111,資產負債表,資遣費準備金,非收支,248269.0,215484.0,32785.0,0.15214586697852275,231876.5,23182.495821200962,231876.5,0.7071067811865475
N06,昌平,112,資產負債表,資遣費準備金,非收支,281638.0,248269.0,33369.0,0.13440663151662108,248463.66666666666,33077.42962101701,248463.66666666666,1.002929602252249
N06,昌平,113,資產負債表,資遣費準備金,非收支,333792.0,281638.0,52154.0,0.18518097699884248,269795.75,50493.98001329796,287899.6666666667,1.267403559456912
N06,昌平,110,資產負債表,購置財產,非收支,270513.0,,,,270513.0,,270513.0,
N06,昌平,111,資產負債表,購置財產,非收支,270513.0,270513.0,0.0,0.0,270513.0,0.0,270513.0,
N06,昌平,112,資產負債表,購置財產,非收支,287838.0,270513.0,17325.0,0.06404498120238214,276288.0,10002.593413710267,276288.0,1.1547005383792515
N06,昌平,113,資產負債表,購置財產,非收支,305163.0,287838.0,17325.0,0.06019010693515102,283506.75,16587.42464187856,287838.0,1.3055824196677337
N06,昌平,110,資產負債表,非流動負債合計,非收支,5828455.0,,,,5828455.0,,5828455.0,
N06,昌平,111,資產負債表,非流動負債合計,非收支,7564904.0,5828455.0,1736449.0,0.2979261227889724,6696679.5,1227854.8630845994,6696679.5,0.7071067811865475
N06,昌平,112,資產負債表,非流動負債合計,非收支,9654710.0,7564904.0,2089806.0,0.2762501678805177,7682689.666666667,1915844.964685382,7682689.666666667,1.0293214585122632
N06,昌平,113,資產負債表,非流動負債合計,非收支,11411575.0,9654710.0,1756865.0,0.18196973290756532,8614911.0,2433746.3048615674,9543729.666666666,1.149118950653764
N06,昌平,110,資產負債表,非流動資產合計,非收支,5839955.0,,,,5839955.0,,5839955.0,
N06,昌平,111,資產負債表,非流動資產合計,非收支,7576404.0,5839955.0,1736449.0,0.29733944867725864,6708179.5,1227854.8630845994,6708179.5,0.7071067811865475
N06,昌平,112,資產負債表,非流動資產合計,非收支,9666210.0,7576404.0,2089806.0,0.27583085590472733,7694189.666666667,1915844.964685382,7694189.666666667,1.0293214585122632
N06,昌平,113,資產負債表,非流動資產合計,非收支,11423075.0,9666210.0,1756865.0,0.18175324144623384,8626411.0,2433746.3048615674,9555229.666666666,1.149118950653764
N06,昌平,110,資產負債表,預付款項,非收支,32310.0,,,,32310.0,,32310.0,
N06,昌平,111,資產負債表,預付款項,非收支,14600.0,32310.0,-17710.0,-0.5481275147013308,23455.0,12522.861094813758,23455.0,-0.7071067811865475
N06,昌平,112,資產負債表,預付款項,非收支,49950.0,14600.0,35350.0,2.421232876712329,32286.666666666668,17675.011551151343,32286.666666666668,0.9993392808947131
N06,昌平,113,資產負債表,預付款項,非收支,,49950.0,,,32286.666666666668,17675.011551151343,32275.0,
N06,昌平,110,資產負債表,預收款項,非收支,2527673.0,,,,2527673.0,,2527673.0,
N06,昌平,111,資產負債表,預收款項,非收支,2440957.0,2527673.0,-86716.0,-0.03430665279883909,2484315.0,61317.471637372655,2484315.0,-0.7071067811865476
N06,昌平,112,資產負債表,預收款項,非收支,2737503.0,2440957.0,296546.0,0.12148759687286585,2568711.0,152472.8520491435,2568711.0,1.107029859621152
N06,昌平,113,資產負債表,預收款項,非收支,2030400.0,2737503.0,-707103.0,-0.2583021826825395,2434133.25,296552.40726542193,2402953.3333333335,-1.3614229394491089
N06,昌平,110,資產負債表,餘絀總額,非收支,1819298.0,,,,1819298.0,,1819298.0,
N06,昌平,111,資產負債表,餘絀總額,非收支,1752254.0,1819298.0,-67044.0,-0.03685157681699205,1785776.0,47407.26703787089,1785776.0,-0.7071067811865475
N06,昌平,112,資產負債表,餘絀總額,非收支,1939396.0,1752254.0,187142.0,0.10680072637870994,1836982.6666666667,94816.09893543042,1836982.6666666667,1.0801259963571854
N06,昌平,113,資產負債表,餘絀總額,非收支,1336883.0,1939396.0,-602513.0,-0.3106704355376622,1711957.75,261760.03176239494,1676177.6666666667,-1.4328954175114985
N06,昌平,110,附表三,事務機器耗材-執行率,非收支,115.0,,,,115.0,,115.0,
N06,昌平,111,附表三,事務機器耗材-執行率,非收支,98.0,115.0,-17.0,-0.14782608695652175,106.5,12.020815280171307,106.5,-0.7071067811865476
N06,昌平,112,附表三,事務機器耗材-執行率,非收支,67.0,98.0,-31.0,-0.3163265306122449,93.33333333333333,24.337899115029078,93.33333333333333,-1.081988762007483
N06,昌平,113,附表三,事務機器耗材-執行率,非收支,57.0,67.0,-10.0,-0.14925373134328357,84.25,26.924276530051213,74.0,-1.0120977612744853
N06,昌平,110,附表三,事務機器耗材-決算數,非收支,74809.0,,,,74809.0,,74809.0,
N06,昌平,111,附表三,事務機器耗材-決算數,非收支,63505.0,74809.0,-11304.0,-0.1511048135919475,69157.0,7993.135054532733,69157.0,-0.7071067811865476
N06,昌平,112,附表三,事務機器耗材-決算數,非收支,43521.0,63505.0,-19984.0,-0.3146838831588064,60611.666666666664,15843.398288666902,60611.666666666664,-1.0787248010353914
N06,昌平,113,附表三,事務機器耗材-決算數,非收支,36930.0,43521.0,-6591.0,-0.15144413041979735,54691.25,17537.03263335429,47985.333333333336,-1.0127853651945233
N06,昌平,112,附表三,五日未上課退費-執行率,非收支,,,,,,,,
N06,昌平,113,附表三,五日未上課退費-執行率,非收支,,,,,,,,
N06,昌平,112,附表三,五日未上課退費-決算數,非收支,-66786.0,,,,-66786.0,,-66786.0,
N06,昌平,113,附表三,五日未上課退費-決算數,非收支,-59154.0,-66786.0,7632.0,0.11427544694995957,-62970.0,5396.638954015731,-62970.0,0.7071067811865476
N06,昌平,112,附表三,人事費-執行率,非收支,76.0,,,,76.0,,76.0,
N06,昌平,113,附表三,人事費-執行率,非收支,87.0,76.0,11.0,0.14473684210526316,81.5,7.7781745930520225,81.5,0.7071067811865476
N06,昌平,112,附表三,人事費-決算數,非收支,6839375.0,,,,6839375.0,,6839375.0,
N06,昌平,113,附表三,人事費-決算數,非收支,7955962.0,6839375.0,1116587.0,0.163258631088367,7397668.5,789546.2394847436,7397668.5,0.7071067811865475
N06,昌平,112,附表三,代課費及代班費-執行率,非收支,72.0,,,,72.0,,72.0,
N06,昌平,113,附表三,代課費及代班費-執行率,非收支,57.0,72.0,-15.0,-0.20833333333333334,64.5,10.606601717798213,64.5,-0.7071067811865475
N06,昌平,112,附表三,代課費及代班費-決算數,非收支,109642.0,,,,109642.0,,109642.0,
N06,昌平,113,附表三,代課費及代班費-決算數,非收支,86146.0,109642.0,-23496.0,-0.2142974407617519,97894.0,16614.18093075912,97894.0,-0.7071067811865475
N06,昌平,111,附表三,保全-執行率,非收支,50.0,,,,50.0,,50.0,
N06,昌平,112,附表三,保全-執行率,非收支,54.0,50.0,4.0,0.08,52.0,2.8284271247461903,52.0,0.7071067811865475
N06,昌平,113,附表三,保全-執行率,非收支,58.0,54.0,4.0,0.07407407407407407,54.0,4.0,54.0,1.0
N06,昌平,111,附表三,保全-決算數,非收支,40320.0,,,,40320.0,,40320.0,
N06,昌平,112,附表三,保全-決算數,非收支,43050.0,40320.0,2730.0,0.06770833333333333,41685.0,1930.4015126392746,41685.0,0.7071067811865476
N06,昌平,113,附表三,保全-決算數,非收支,46013.0,43050.0,2963.0,0.06882694541231127,43127.666666666664,2847.294563850628,43127.666666666664,1.0133596186238156
N06,昌平,112,附表三,保險費-執行率,非收支,99.0,,,,99.0,,99.0,
N06,昌平,113,附表三,保險費-執行率,非收支,85.0,99.0,-14.0,-0.1414141414141414,92.0,9.899494936611665,92.0,-0.7071067811865476
N06,昌平,112,附表三,保險費-決算數,非收支,12911.0,,,,12911.0,,12911.0,
N06,昌平,113,附表三,保險費-決算數,非收支,10989.0,12911.0,-1922.0,-0.14886530865153744,11950.0,1359.0592334405444,11950.0,-0.7071067811865475
N06,昌平,112,附表三,修繕費-執行率,非收支,54.0,,,,54.0,,54.0,
N06,昌平,113,附表三,修繕費-執行率,非收支,36.0,54.0,-18.0,-0.3333333333333333,45.0,12.727922061357855,45.0,-0.7071067811865476
N06,昌平,112,附表三,修繕費-決算數,非收支,59498.0,,,,59498.0,,59498.0,
N06,昌平,113,附表三,修繕費-決算數,非收支,39671.0,59498.0,-19827.0,-0.3332380920367071,49584.5,14019.806150585679,49584.5,-0.7071067811865475
N06,昌平,110,附表三,修繕購置費-執行率,非收支,83.0,,,,83.0,,83.0,
N06,昌平,111,附表三,修繕購置費-執行率,非收支,69.0,83.0,-14.0,-0.1686746987951807,76.0,9.899494936611665,76.0,-0.7071067811865476
N06,昌平,112,附表三,修繕購置費-執行率,非收支,69.0,69.0,0.0,0.0,73.66666666666667,8.082903768654761,73.66666666666667,-0.5773502691896263
N06,昌平,113,附表三,修繕購置費-執行率,非收支,100.0,69.0,31.0,0.4492753623188406,80.25,14.72809107341025,79.33333333333333,1.3409748691502992
N06,昌平,110,附表三,修繕購置費-決算數,非收支,140166.0,,,,140166.0,,140166.0,
N06,昌平,111,附表三,修繕購置費-決算數,非收支,115092.0,140166.0,-25074.0,-0.1788878900731989,127629.0,17729.995431471492,127629.0,-0.7071067811865476
N06,昌平,112,附表三,修繕購置費-決算數,非收支,116753.0,115092.0,1661.0,0.014431932714697808,124003.66666666667,14021.608122228112,124003.66666666667,-0.5171066402271197
N06,昌平,113,附表三,修繕購置費-決算數,非收支,157505.0,116753.0,40752.0,0.34904456416537477,132379.0,20289.286910419825,129783.33333333333,1.2383875348076534
N06,昌平,112,附表三,健康檢查-執行率,非收支,460.0,,,,460.0,,460.0,
N06,昌平,113,附表三,健康檢查-執行率,非收支,21.0,460.0,-439.0,-0.9543478260869566,240.5,310.41987694089437,240.5,-0.7071067811865475
N06,昌平,112,附表三,健康檢查-決算數,非收支,4600.0,,,,4600.0,,4600.0,
N06,昌平,113,附表三,健康檢查-決算數,非收支,2780.0,4600.0,-1820.0,-0.39565217391304347,3690.0,1286.9343417595164,3690.0,-0.7071067811865476
N06,昌平,110,附表三,其他支出-執行率,非收支,,,,,,,,
N06,昌平,111,附表三,其他支出-執行率,非收支,,,,,,,,
N06,昌平,112,附表三,其他支出-執行率,非收支,,,,,,,,
N06,昌平,113,附表三,其他支出-執行率,非收支,,,,,,,,
N06,昌平,110,附表三,其他支出-決算數,非收支,1830781.0,,,,1830781.0,,1830781.0,
N06,昌平,111,附表三,其他支出-決算數,非收支,2000383.0,1830781.0,169602.0,0.09263915236175162,1915582.0,119926.72430280084,1915582.0,0.7071067811865475
N06,昌平,112,附表三,其他支出-決算數,非收支,3186160.0,2000383.0,1185777.0,0.5927749835906424,2339108.0,738453.808730783,2339108.0,1.147061590021277
N06,昌平,113,附表三,其他支出-決算數,非收支,2756369.0,3186160.0,-429791.0,-0.13489310015818415,2443423.25,638019.8826182849,2647637.3333333335,0.4904952941525013
N06,昌平,112,附表三,其他收入-執行率,非收支,,,,,,,,
N06,昌平,113,附表三,其他收入-執行率,非收支,,,,,,,,
N06,昌平,112,附表三,其他收入-決算數,非收支,3186160.0,,,,3186160.0,,3186160.0,
N06,昌平,113,附表三,其他收入-決算數,非收支,2756369.0,3186160.0,-429791.0,-0.13489310015818415,2971264.5,303908.1305929474,2971264.5,-0.7071067811865476
N06,昌平,112,附表三,利息收入-執行率,非收支,,,,,,,,
N06,昌平,113,附表三,利息收入-執行率,非收支,,,,,,,,
N06,昌平,112,附表三,利息收入-決算數,非收支,71787.0,,,,71787.0,,71787.0,
N06,昌平,113,附表三,利息收入-決算數,非收支,94566.0,71787.0,22779.0,0.3173137197542731,83176.5,16107.185368648366,83176.5,0.7071067811865475
N06,昌平,112,附表三,加班費-執行率,非收支,27.0,,,,27.0,,27.0,
N06,昌平,113,附表三,加班費-執行率,非收支,36.0,27.0,9.0,0.3333333333333333,31.5,6.363961030678928,31.5,0.7071067811865476
N06,昌平,112,附表三,加班費-決算數,非收支,181649.0,,,,181649.0,,181649.0,
N06,昌平,113,附表三,加班費-決算數,非收支,250777.0,181649.0,69128.0,0.3805581093207229,216213.0,48880.87756986366,216213.0,0.7071067811865475
N06,昌平,112,附表三,勞、健保費-執行率,非收支,78.0,,,,78.0,,78.0,
N06,昌平,113,附表三,勞、健保費-執行率,非收支,92.0,78.0,14.0,0.1794871794871795,85.0,9.899494936611665,85.0,0.7071067811865476
N06,昌平,112,附表三,勞、健保費-決算數,非收支,636889.0,,,,636889.0,,636889.0,
N06,昌平,113,附表三,勞、健保費-決算數,非收支,765042.0,636889.0,128153.0,0.2012171665706269,700965.5,90617.85532939962,700965.5,0.7071067811865476
N06,昌平,112,附表三,勞退金提撥-執行率,非收支,86.0,,,,86.0,,86.0,
N06,昌平,113,附表三,勞退金提撥-執行率,非收支,100.0,86.0,14.0,0.16279069767441862,93.0,9.899494936611665,93.0,0.7071067811865476
N06,昌平,112,附表三,勞退金提撥-決算數,非收支,317196.0,,,,317196.0,,317196.0,
N06,昌平,113,附表三,勞退金提撥-決算數,非收支,376207.0,317196.0,59011.0,0.18603954652643792,346701.5,41727.07826459935,346701.5,0.7071067811865476
N06,昌平,110,附表三,園務特支-執行率,非收支,74.0,,,,74.0,,74.0,
N06,昌平,111,附表三,園務特支-執行率,非收支,85.0,74.0,11.0,0.14864864864864866,79.5,7.7781745930520225,79.5,0.7071067811865476
N06,昌平,112,附表三,園務特支-執行率,非收支,70.0,85.0,-15.0,-0.17647058823529413,76.33333333333333,7.767453465154028,76.33333333333333,-0.8153680433034611
N06,昌平,113,附表三,園務特支-執行率,非收支,72.0,70.0,2.0,0.02857142857142857,75.25,6.701989754294366,75.66666666666667,-0.48493061301944407
N06,昌平,110,附表三,園務特支-決算數,非收支,31164.0,,,,31164.0,,31164.0,
N06,昌平,111,附表三,園務特支-決算數,非收支,35683.0,31164.0,4519.0,0.1450070594275446,33423.5,3195.4155441820085,33423.5,0.7071067811865475
N06,昌平,112,附表三,園務特支-決算數,非收支,29458.0,35683.0,-6225.0,-0.17445282067090773,32101.666666666668,3216.6862348282175,32101.666666666668,-0.8218602852969429
N06,昌平,113,附表三,園務特支-決算數,非收支,30039.0,29458.0,581.0,0.01972299545115079,31586.0,2821.647627421492,31726.666666666668,-0.5482612304122808
N06,昌平,110,附表三,園舍消毒、清潔-執行率,非收支,46.0,,,,46.0,,46.0,
N06,昌平,111,附表三,園舍消毒、清潔-執行率,非收支,123.0,46.0,77.0,1.673913043478261,84.5,54.44722215136416,84.5,0.7071067811865476
N06,昌平,112,附表三,園舍消毒、清潔-執行率,非收支,176.0,123.0,53.0,0.43089430894308944,115.0,65.36818798161687,115.0,0.9331756299739361
N06,昌平,113,附表三,園舍消毒、清潔-執行率,非收支,122.0,176.0,-54.0,-0.3068181818181818,116.75,53.48753748927564,140.33333333333334,0.09815370545059465
N06,昌平,110,附表三,園舍消毒、清潔-決算數,非收支,11400.0,,,,11400.0,,11400.0,
N06,昌平,111,附表三,園舍消毒、清潔-決算數,非收支,30700.0,11400.0,19300.0,1.6929824561403508,21050.0,13647.160876900367,21050.0,0.7071067811865476
N06,昌平,112,附表三,園舍消毒、清潔-決算數,非收支,44015.0,30700.0,13315.0,0.43371335504885994,28705.0,16398.767484173924,28705.0,0.9336067490910723
N06,昌平,113,附表三,園舍消毒、清潔-決算數,非收支,30575.0,44015.0,-13440.0,-0.3053504487106668,29172.5,13422.143706080138,35096.666666666664,0.10449150528500728
N06,昌平,112,附表三,園長及教保服務人員薪資(含職務加給)-執行率,非收支,80.0,,,,80.0,,80.0,
N06,昌平,112,附表三,園長及教保服務人員薪資(含職務加給)-決算數,非收支,4501398.0,,,,4501398.0,,4501398.0,
N06,昌平,113,附表三,園長及教保服務人員薪資（含職務加給）-執行率,非收支,91.0,,,,91.0,,91.0,
N06,昌平,113,附表三,園長及教保服務人員薪資（含職務加給）-決算數,非收支,5244044.0,,,,5244044.0,,5244044.0,
N06,昌平,110,附表三,差旅費-執行率,非收支,,,,,,,,
N06,昌平,111,附表三,差旅費-執行率,非收支,,,,,,,,
N06,昌平,112,附表三,差旅費-執行率,非收支,,,,,,,,
N06,昌平,113,附表三,差旅費-執行率,非收支,,,,,,,,
N06,昌平,110,附表三,差旅費-決算數,非收支,,,,,,,,
N06,昌平,111,附表三,差旅費-決算數,非收支,,,,,,,,
N06,昌平,112,附表三,差旅費-決算數,非收支,,,,,,,,
N06,昌平,113,附表三,差旅費-決算數,非收支,,,,,,,,
N06,昌平,110,附表三,延後托育支出-執行率,非收支,,,,,,,,
N06,昌平,111,附表三,延後托育支出-執行率,非收支,,,,,,,,
N06,昌平,110,附表三,延後托育支出-決算數,非收支,397224.0,,,,397224.0,,397224.0,
N06,昌平,111,附表三,延後托育支出-決算數,非收支,281821.0,397224.0,-115403.0,-0.2905237347189495,339522.5,81602.24386927114,339522.5,-0.7071067811865476
N06,昌平,112,附表三,延長照顧服務支出-執行率,非收支,,,,,,,,
N06,昌平,113,附表三,延長照顧服務支出-執行率,非收支,,,,,,,,
N06,昌平,112,附表三,延長照顧服務支出-決算數,非收支,266206.0,,,,266206.0,,266206.0,
N06,昌平,113,附表三,延長照顧服務支出-決算數,非收支,85320.0,266206.0,-180886.0,-0.6794963299099194,175763.0,127905.71722170984,175763.0,-0.7071067811865475
N06,昌平,112,附表三,延長照顧服務收入-執行率,非收支,,,,,,,,
N06,昌平,113,附表三,延長照顧服務收入-執行率,非收支,,,,,,,,
N06,昌平,112,附表三,延長照顧服務收入-決算數,非收支,275006.0,,,,275006.0,,275006.0,
N06,昌平,113,附表三,延長照顧服務收入-決算數,非收支,92310.0,275006.0,-182696.0,-0.6643345963360799,183658.0,129185.58049565749,183658.0,-0.7071067811865476
N06,昌平,112,附表三,延長照顧服務收入淨額-執行率,非收支,,,,,,,,
N06,昌平,112,附表三,延長照顧服務收入淨額-執行率,非收支,,,,,,,,
N06,昌平,113,附表三,延長照顧服務收入淨額-執行率,非收支,,,,,,,,
N06,昌平,113,附表三,延長照顧服務收入淨額-執行率,非收支,,,,,,,,
N06,昌平,113,附表三,延長照顧服務收入淨額-執行率,非收支,,,,,,,,
N06,昌平,113,附表三,延長照顧服務收入淨額-執行率,非收支,,,,,,,,
N06,昌平,112,附表三,延長照顧服務收入淨額-決算數,非收支,275006.0,,,,275006.0,,275006.0,
N06,昌平,112,附表三,延長照顧服務收入淨額-決算數,非收支,275006.0,,,,275006.0,0.0,275006.0,
N06,昌平,113,附表三,延長照顧服務收入淨額-決算數,非收支,92310.0,275006.0,-182696.0,-0.6643345963360799,214107.33333333334,105479.58477986787,214107.33333333334,-1.1547005383792515
N06,昌平,113,附表三,延長照顧服務收入淨額-決算數,非收支,92310.0,275006.0,-182696.0,-0.6643345963360799,183658.0,105479.58477986787,153208.66666666666,-0.8660254037844386
N06,昌平,113,附表三,延長照顧服務收入淨額-決算數,非收支,92310.0,275006.0,-182696.0,-0.6643345963360799,165388.4,100066.72036596382,92310.0,-0.7302967433402215
N06,昌平,113,附表三,延長照顧服務收入淨額-決算數,非收支,92310.0,275006.0,-182696.0,-0.6643345963360799,153208.66666666666,94343.8087224947,92310.0,-0.6454972243679027
N06,昌平,110,附表三,所得稅費用-執行率,非收支,,,,,,,,
N06,昌平,111,附表三,所得稅費用-執行率,非收支,,,,,,,,
N06,昌平,112,附表三,所得稅費用-執行率,非收支,,,,,,,,
N06,昌平,113,附表三,所得稅費用-執行率,非收支,,,,,,,,
N06,昌平,110,附表三,所得稅費用-決算數,非收支,30655.0,,,,30655.0,,30655.0,
N06,昌平,111,附表三,所得稅費用-決算數,非收支,,30655.0,,,30655.0,,30655.0,
N06,昌平,112,附表三,所得稅費用-決算數,非收支,,,,,30655.0,,30655.0,
N06,昌平,113,附表三,所得稅費用-決算數,非收支,,,,,30655.0,,,
N06,昌平,110,附表三,攝影照片-執行率,非收支,14.0,,,,14.0,,14.0,
N06,昌平,111,附表三,攝影照片-執行率,非收支,3.0,14.0,-11.0,-0.7857142857142857,8.5,7.7781745930520225,8.5,-0.7071067811865476
N06,昌平,112,附表三,攝影照片-執行率,非收支,,3.0,,,8.5,7.7781745930520225,8.5,
N06,昌平,113,附表三,攝影照片-執行率,非收支,,,,,8.5,7.7781745930520225,3.0,
N06,昌平,110,附表三,攝影照片-決算數,非收支,1360.0,,,,1360.0,,1360.0,
N06,昌平,111,附表三,攝影照片-決算數,非收支,290.0,1360.0,-1070.0,-0.7867647058823529,825.0,756.6042558696058,825.0,-0.7071067811865476
N06,昌平,112,附表三,攝影照片-決算數,非收支,,290.0,,,825.0,756.6042558696058,825.0,
N06,昌平,113,附表三,攝影照片-決算數,非收支,,,,,825.0,756.6042558696058,290.0,
N06,昌平,112,附表三,支出-執行率,非收支,122.0,,,,122.0,,122.0,
N06,昌平,113,附表三,支出-執行率,非收支,121.0,122.0,-1.0,-0.00819672131147541,121.5,0.7071067811865476,121.5,-0.7071067811865475
N06,昌平,112,附表三,支出-決算數,非收支,14950976.0,,,,14950976.0,,14950976.0,
N06,昌平,113,附表三,支出-決算數,非收支,15234973.0,14950976.0,283997.0,0.01899521476056145,15092974.5,200816.20453663592,15092974.5,0.7071067811865476
N06,昌平,112,附表三,收入-執行率,非收支,125.0,,,,125.0,,125.0,
N06,昌平,113,附表三,收入-執行率,非收支,123.0,125.0,-2.0,-0.016,124.0,1.4142135623730951,124.0,-0.7071067811865475
N06,昌平,112,附表三,收入-決算數,非收支,15138118.0,,,,15138118.0,,15138118.0,
N06,昌平,113,附表三,收入-決算數,非收支,14632460.0,15138118.0,-505658.0,-0.03340296330098629,14885289.0,357554.2007612272,14885289.0,-0.7071067811865476
N06,昌平,112,附表三,政府學費差額補助退費-執行率,非收支,,,,,,,,
N06,昌平,113,附表三,政府學費差額補助退費-執行率,非收支,,,,,,,,
N06,昌平,112,附表三,政府學費差額補助退費-決算數,非收支,-39624.0,,,,-39624.0,,-39624.0,
N06,昌平,113,附表三,政府學費差額補助退費-決算數,非收支,-9775.0,-39624.0,29849.0,0.7533060771249748,-24699.5,21106.430311637258,-24699.5,0.7071067811865475
N06,昌平,110,附表三,教保材料費-執行率,非收支,35.0,,,,35.0,,35.0,
N06,昌平,111,附表三,教保材料費-執行率,非收支,56.0,35.0,21.0,0.6,45.5,14.849242404917497,45.5,0.7071067811865476
N06,昌平,112,附表三,教保材料費-執行率,非收支,68.0,56.0,12.0,0.21428571428571427,53.0,16.703293088490067,53.0,0.8980265101338745
N06,昌平,113,附表三,教保材料費-執行率,非收支,69.0,68.0,1.0,0.014705882352941176,57.0,15.811388300841896,64.33333333333333,0.7589466384404111
N06,昌平,110,附表三,教保材料費-決算數,非收支,100311.0,,,,100311.0,,100311.0,
N06,昌平,111,附表三,教保材料費-決算數,非收支,161813.0,100311.0,61502.0,0.6131132178923547,131062.0,43488.481256535044,131062.0,0.7071067811865476
N06,昌平,112,附表三,教保材料費-決算數,非收支,194969.0,161813.0,33156.0,0.20490319072015228,152364.33333333334,48031.158817306634,152364.33333333334,0.8870214193398828
N06,昌平,113,附表三,教保材料費-決算數,非收支,184806.0,194969.0,-10163.0,-0.05212623545281558,160474.75,42439.48922387418,180529.33333333334,0.5733162779516334
N06,昌平,112,附表三,教保費收入(家長繳費)-執行率,非收支,61.0,,,,61.0,,61.0,
N06,昌平,112,附表三,教保費收入(家長繳費)-決算數,非收支,1749000.0,,,,1749000.0,,1749000.0,
N06,昌平,112,附表三,教保費收入(政府學費差額補助)-執行率,非收支,108.0,,,,108.0,,108.0,
N06,昌平,112,附表三,教保費收入(政府學費差額補助)-決算數,非收支,10004640.0,,,,10004640.0,,10004640.0,
N06,昌平,112,附表三,教保費收入-執行率,非收支,97.0,,,,97.0,,97.0,
N06,昌平,113,附表三,教保費收入-執行率,非收支,99.0,97.0,2.0,0.020618556701030927,98.0,1.4142135623730951,98.0,0.7071067811865475
N06,昌平,112,附表三,教保費收入-決算數,非收支,11753640.0,,,,11753640.0,,11753640.0,
N06,昌平,113,附表三,教保費收入-決算數,非收支,11765429.0,11753640.0,11789.0,0.0010030084297290031,11759534.5,8336.081843408208,11759534.5,0.7071067811865476
N06,昌平,112,附表三,教保費收入淨額-執行率,非收支,96.0,,,,96.0,,96.0,
N06,昌平,113,附表三,教保費收入淨額-執行率,非收支,98.0,96.0,2.0,0.020833333333333332,97.0,1.4142135623730951,97.0,0.7071067811865475
N06,昌平,112,附表三,教保費收入淨額-決算數,非收支,11605165.0,,,,11605165.0,,11605165.0,
N06,昌平,113,附表三,教保費收入淨額-決算數,非收支,11689215.0,11605165.0,84050.0,0.0072424648852472155,11647190.0,59432.32495872932,11647190.0,0.7071067811865476
N06,昌平,112,附表三,教保費收入減項-執行率,非收支,,,,,,,,
N06,昌平,113,附表三,教保費收入減項-執行率,非收支,,,,,,,,
N06,昌平,112,附表三,教保費收入減項-決算數,非收支,-148475.0,,,,-148475.0,,-148475.0,
N06,昌平,113,附表三,教保費收入減項-決算數,非收支,-76214.0,-148475.0,72261.0,0.4866879946118875,-112344.5,51096.24311532111,-112344.5,0.7071067811865476
N06,昌平,113,附表三,教保費收入（家長繳費）-執行率,非收支,54.0,,,,54.0,,54.0,
N06,昌平,113,附表三,教保費收入（家長繳費）-決算數,非收支,1445429.0,,,,1445429.0,,1445429.0,
N06,昌平,113,附表三,教保費收入（政府學費差額補助）-執行率,非收支,112.0,,,,112.0,,112.0,
N06,昌平,113,附表三,教保費收入（政府學費差額補助）-決算數,非收支,10320000.0,,,,10320000.0,,10320000.0,
N06,昌平,111,附表三,文宣費(一般文宣)-執行率,非收支,4.0,,,,4.0,,4.0,
N06,昌平,112,附表三,文宣費(一般文宣)-執行率,非收支,44.0,4.0,40.0,10.0,24.0,28.284271247461902,24.0,0.7071067811865475
N06,昌平,111,附表三,文宣費(一般文宣)-決算數,非收支,352.0,,,,352.0,,352.0,
N06,昌平,112,附表三,文宣費(一般文宣)-決算數,非收支,4389.0,352.0,4037.0,11.46875,2370.5,2854.5900756500923,2370.5,0.7071067811865476
N06,昌平,112,附表三,文宣費(園刊)-執行率,非收支,15.0,,,,15.0,,15.0,
N06,昌平,112,附表三,文宣費(園刊)-決算數,非收支,4543.0,,,,4543.0,,4543.0,
N06,昌平,111,附表三,文宣費(圖刊)-執行率,非收支,53.0,,,,53.0,,53.0,
N06,昌平,111,附表三,文宣費(圖刊)-決算數,非收支,15768.0,,,,15768.0,,15768.0,
N06,昌平,110,附表三,文宣費（一般文宣）-執行率,非收支,64.0,,,,64.0,,64.0,
N06,昌平,113,附表三,文宣費（一般文宣）-執行率,非收支,,,,,64.0,,64.0,
N06,昌平,110,附表三,文宣費（一般文宣）-決算數,非收支,6431.0,,,,6431.0,,6431.0,
N06,昌平,113,附表三,文宣費（一般文宣）-決算數,非收支,,,,,6431.0,,6431.0,
N06,昌平,110,附表三,文宣費（園刊）-執行率,非收支,13.0,,,,13.0,,13.0,
N06,昌平,110,附表三,文宣費（園刊）-決算數,非收支,3974.0,,,,3974.0,,3974.0,
N06,昌平,113,附表三,文宣費（圖刊）-執行率,非收支,37.0,,,,37.0,,37.0,
N06,昌平,113,附表三,文宣費（圖刊）-決算數,非收支,11019.0,,,,11019.0,,11019.0,
N06,昌平,110,附表三,日常消耗用品-執行率,非收支,98.0,,,,98.0,,98.0,
N06,昌平,111,附表三,日常消耗用品-執行率,非收支,88.0,98.0,-10.0,-0.10204081632653061,93.0,7.0710678118654755,93.0,-0.7071067811865475
N06,昌平,112,附表三,日常消耗用品-執行率,非收支,79.0,88.0,-9.0,-0.10227272727272728,88.33333333333333,9.504384952922166,88.33333333333333,-0.9820028733646519
N06,昌平,113,附表三,日常消耗用品-執行率,非收支,72.0,79.0,-7.0,-0.08860759493670886,84.25,11.26572974408079,79.66666666666667,-1.0873685307812717
N06,昌平,110,附表三,日常消耗用品-決算數,非收支,70276.0,,,,70276.0,,70276.0,
N06,昌平,111,附表三,日常消耗用品-決算數,非收支,63689.0,70276.0,-6587.0,-0.09373043428766578,66982.5,4657.712367675788,66982.5,-0.7071067811865476
N06,昌平,112,附表三,日常消耗用品-決算數,非收支,56524.0,63689.0,-7165.0,-0.11249980373376878,63496.333333333336,6878.024159112364,63496.333333333336,-1.0137116666122823
N06,昌平,113,附表三,日常消耗用品-決算數,非收支,48221.0,56524.0,-8303.0,-0.14689335503502937,59677.5,9480.08946863548,56144.666666666664,-1.208480156005215
N06,昌平,112,附表三,會計、總務、廚工、清潔薪資-執行率,非收支,82.0,,,,82.0,,82.0,
N06,昌平,113,附表三,會計、總務、廚工、清潔薪資-執行率,非收支,92.0,82.0,10.0,0.12195121951219512,87.0,7.0710678118654755,87.0,0.7071067811865475
N06,昌平,112,附表三,會計、總務、廚工、清潔薪資-決算數,非收支,1011121.0,,,,1011121.0,,1011121.0,
N06,昌平,113,附表三,會計、總務、廚工、清潔薪資-決算數,非收支,1158271.0,1011121.0,147150.0,0.14553154370248467,1084696.0,104050.76285160046,1084696.0,0.7071067811865476
N06,昌平,110,附表三,本期稅前餘絀-執行率,非收支,525.0,,,,525.0,,525.0,
N06,昌平,111,附表三,本期稅前餘絀-執行率,非收支,-69.0,525.0,-594.0,-1.1314285714285715,228.0,420.0214280248092,228.0,-0.7071067811865476
N06,昌平,112,附表三,本期稅前餘絀-執行率,非收支,-195.0,-69.0,-126.0,-1.826086956521739,87.0,384.51527928029077,87.0,-0.7333908824841192
N06,昌平,113,附表三,本期稅前餘絀-執行率,非收支,86.0,-195.0,281.0,1.441025641025641,86.75,313.95580899228474,-59.333333333333336,-0.0023888712312962195
N06,昌平,110,附表三,本期稅前餘絀-決算數,非收支,1642510.0,,,,1642510.0,,1642510.0,
N06,昌平,111,附表三,本期稅前餘絀-決算數,非收支,-67044.0,1642510.0,-1709554.0,-1.0408180163286678,787733.0,1208837.2262045871,787733.0,-0.7071067811865475
N06,昌平,112,附表三,本期稅前餘絀-決算數,非收支,187142.0,-67044.0,254186.0,3.7913310661655033,587536.0,922431.6972849534,587536.0,-0.4340635747649423
N06,昌平,113,附表三,本期稅前餘絀-決算數,非收支,-602513.0,187142.0,-789655.0,-4.2195498605337125,290023.75,959847.7204072095,-160805.0,-0.9298732820049276
N06,昌平,110,附表三,本期稅後餘絀-執行率,非收支,515.0,,,,515.0,,515.0,
N06,昌平,111,附表三,本期稅後餘絀-執行率,非收支,-69.0,515.0,-584.0,-1.133980582524272,223.0,412.95036021294374,223.0,-0.7071067811865476
N06,昌平,112,附表三,本期稅後餘絀-執行率,非收支,-195.0,-69.0,-126.0,-1.826086956521739,83.66666666666667,378.8209779478076,83.66666666666667,-0.735615720587312
N06,昌平,113,附表三,本期稅後餘絀-執行率,非收支,86.0,-195.0,281.0,1.441025641025641,84.25,309.30823353627903,-59.333333333333336,0.005657786667986453
N06,昌平,110,附表三,本期稅後餘絀-決算數,非收支,1611855.0,,,,1611855.0,,1611855.0,
N06,昌平,111,附表三,本期稅後餘絀-決算數,非收支,,1611855.0,,,1611855.0,,1611855.0,
N06,昌平,112,附表三,本期稅後餘絀-決算數,非收支,187142.0,,,,899498.5,1007424.2235446296,899498.5,-0.7071067811865476
N06,昌平,113,附表三,本期稅後餘絀-決算數,非收支,,187142.0,,,899498.5,1007424.2235446296,187142.0,
N06,昌平,110,附表三,材料費-執行率,非收支,81.0,,,,81.0,,81.0,
N06,昌平,111,附表三,材料費-執行率,非收支,87.0,81.0,6.0,0.07407407407407407,84.0,4.242640687119285,84.0,0.7071067811865476
N06,昌平,112,附表三,材料費-執行率,非收支,89.0,87.0,2.0,0.022988505747126436,85.66666666666667,4.163331998932264,85.66666666666667,0.8006407690254348
N06,昌平,113,附表三,材料費-執行率,非收支,84.0,89.0,-5.0,-0.056179775280898875,85.25,3.499999999999999,86.66666666666667,-0.3571428571428572
N06,昌平,110,附表三,材料費-決算數,非收支,1462619.0,,,,1462619.0,,1462619.0,
N06,昌平,111,附表三,材料費-決算數,非收支,1575211.0,1462619.0,112592.0,0.0769797192570314,1518915.0,79614.56670735576,1518915.0,0.7071067811865476
N06,昌平,112,附表三,材料費-決算數,非收支,1602786.0,1575211.0,27575.0,0.01750559131443343,1546872.0,74256.4553624801,1546872.0,0.7529850398468106
N06,昌平,113,附表三,材料費-決算數,非收支,1638179.0,1602786.0,35393.0,0.022082174413801968,1569698.75,75896.3514993749,1605392.0,0.9022864557667706
N06,昌平,110,附表三,業務發展費-執行率,非收支,,,,,,,,
N06,昌平,111,附表三,業務發展費-執行率,非收支,,,,,,,,
N06,昌平,112,附表三,業務發展費-執行率,非收支,,,,,,,,
N06,昌平,113,附表三,業務發展費-執行率,非收支,,,,,,,,
N06,昌平,110,附表三,業務發展費-決算數,非收支,613100.0,,,,613100.0,,613100.0,
N06,昌平,111,附表三,業務發展費-決算數,非收支,1382600.0,613100.0,769500.0,1.2550970477899202,997850.0,544118.6681230483,997850.0,0.7071067811865476
N06,昌平,112,附表三,業務發展費-決算數,非收支,2039112.0,1382600.0,656512.0,0.47483870967741937,1344937.3333333333,713751.6468501725,1344937.3333333333,0.9725717197712956
N06,昌平,113,附表三,業務發展費-決算數,非收支,1783086.0,2039112.0,-256026.0,-0.12555759565928698,1454474.5,622592.3003429559,1734932.6666666667,0.5278116992757281
N06,昌平,112,附表三,業務費-執行率,非收支,63.0,,,,63.0,,63.0,
N06,昌平,113,附表三,業務費-執行率,非收支,61.0,63.0,-2.0,-0.031746031746031744,62.0,1.4142135623730951,62.0,-0.7071067811865475
N06,昌平,112,附表三,業務費-決算數,非收支,514283.0,,,,514283.0,,514283.0,
N06,昌平,113,附表三,業務費-決算數,非收支,501842.0,514283.0,-12441.0,-0.024190961007849763,508062.5,8797.115464741837,508062.5,-0.7071067811865476
N06,昌平,112,附表三,水費-執行率,非收支,23.0,,,,23.0,,23.0,
N06,昌平,113,附表三,水費-執行率,非收支,29.0,23.0,6.0,0.2608695652173913,26.0,4.242640687119285,26.0,0.7071067811865476
N06,昌平,112,附表三,水費-決算數,非收支,7400.0,,,,7400.0,,7400.0,
N06,昌平,113,附表三,水費-決算數,非收支,9348.0,7400.0,1948.0,0.2632432432432432,8374.0,1377.4440097513946,8374.0,0.7071067811865476
N06,昌平,110,附表三,水電修繕-執行率,非收支,39.0,,,,39.0,,39.0,
N06,昌平,111,附表三,水電修繕-執行率,非收支,38.0,39.0,-1.0,-0.02564102564102564,38.5,0.7071067811865476,38.5,-0.7071067811865475
N06,昌平,110,附表三,水電修繕-決算數,非收支,42388.0,,,,42388.0,,42388.0,
N06,昌平,111,附表三,水電修繕-決算數,非收支,41843.0,42388.0,-545.0,-0.012857412475228838,42115.5,385.3731957466684,42115.5,-0.7071067811865476
N06,昌平,112,附表三,活動費-執行率,非收支,59.0,,,,59.0,,59.0,
N06,昌平,113,附表三,活動費-執行率,非收支,48.0,59.0,-11.0,-0.1864406779661017,53.5,7.7781745930520225,53.5,-0.7071067811865476
N06,昌平,112,附表三,活動費-決算數,非收支,68241.0,,,,68241.0,,68241.0,
N06,昌平,113,附表三,活動費-決算數,非收支,55090.0,68241.0,-13151.0,-0.1927140575313961,61665.5,9299.161279384287,61665.5,-0.7071067811865475
N06,昌平,110,附表三,火險-執行率,非收支,10.0,,,,10.0,,10.0,
N06,昌平,111,附表三,火險-執行率,非收支,9.0,10.0,-1.0,-0.1,9.5,0.7071067811865476,9.5,-0.7071067811865475
N06,昌平,112,附表三,火險-執行率,非收支,9.0,9.0,0.0,0.0,9.333333333333334,0.5773502691896258,9.333333333333334,-0.5773502691896267
N06,昌平,113,附表三,火險-執行率,非收支,9.0,9.0,0.0,0.0,9.25,0.5000000000000001,9.0,-0.4999999999999999
N06,昌平,110,附表三,火險-決算數,非收支,800.0,,,,800.0,,800.0,
N06,昌平,111,附表三,火險-決算數,非收支,720.0,800.0,-80.0,-0.1,760.0,56.568542494923804,760.0,-0.7071067811865475
N06,昌平,112,附表三,火險-決算數,非收支,720.0,720.0,0.0,0.0,746.6666666666666,46.18802153517005,746.6666666666666,-0.5773502691896251
N06,昌平,113,附表三,火險-決算數,非收支,720.0,720.0,0.0,0.0,740.0,39.99999999999999,720.0,-0.5000000000000001
N06,昌平,111,附表三,瓦斯費-執行率,非收支,62.0,,,,62.0,,62.0,
N06,昌平,112,附表三,瓦斯費-執行率,非收支,64.0,62.0,2.0,0.03225806451612903,63.0,1.4142135623730951,63.0,0.7071067811865475
N06,昌平,113,附表三,瓦斯費-執行率,非收支,67.0,64.0,3.0,0.046875,64.33333333333333,2.516611478423585,64.33333333333333,1.0596258856520362
N06,昌平,111,附表三,瓦斯費-決算數,非收支,21050.0,,,,21050.0,,21050.0,
N06,昌平,112,附表三,瓦斯費-決算數,非收支,21900.0,21050.0,850.0,0.040380047505938245,21475.0,601.0407640085654,21475.0,0.7071067811865476
N06,昌平,113,附表三,瓦斯費-決算數,非收支,22700.0,21900.0,800.0,0.0365296803652968,21883.333333333332,825.1262529657713,21883.333333333332,0.9897475249773027
N06,昌平,112,附表三,研習、進修-執行率,非收支,29.0,,,,29.0,,29.0,
N06,昌平,113,附表三,研習、進修-執行率,非收支,22.0,29.0,-7.0,-0.2413793103448276,25.5,4.949747468305833,25.5,-0.7071067811865476
N06,昌平,112,附表三,研習、進修-決算數,非收支,7550.0,,,,7550.0,,7550.0,
N06,昌平,113,附表三,研習、進修-決算數,非收支,5600.0,7550.0,-1950.0,-0.2582781456953642,6575.0,1378.8582233137677,6575.0,-0.7071067811865476
N06,昌平,110,附表三,維護費-執行率,非收支,38.0,,,,38.0,,38.0,
N06,昌平,111,附表三,維護費-執行率,非收支,51.0,38.0,13.0,0.34210526315789475,44.5,9.192388155425117,44.5,0.7071067811865476
N06,昌平,112,附表三,維護費-執行率,非收支,73.0,51.0,22.0,0.43137254901960786,54.0,17.69180601295413,54.0,1.0739434959940208
N06,昌平,113,附表三,維護費-執行率,非收支,50.0,73.0,-23.0,-0.3150684931506849,53.0,14.583095236151571,58.0,-0.20571764439712248
N06,昌平,110,附表三,維護費-決算數,非收支,54588.0,,,,54588.0,,54588.0,
N06,昌平,111,附表三,維護費-決算數,非收支,73263.0,54588.0,18675.0,0.34210815563860186,63925.5,13205.219138658775,63925.5,0.7071067811865476
N06,昌平,112,附表三,維護費-決算數,非收支,104233.0,73263.0,30970.0,0.42272361219169297,77361.33333333333,25074.962778304045,77361.33333333333,1.0716533023098727
N06,昌平,113,附表三,維護費-決算數,非收支,70966.0,104233.0,-33267.0,-0.3191599589381482,75762.5,20721.83013957342,82820.66666666667,-0.2314708675678171
N06,昌平,112,附表三,腸病毒退費-執行率,非收支,,,,,,,,
N06,昌平,113,附表三,腸病毒退費-執行率,非收支,,,,,,,,
N06,昌平,112,附表三,腸病毒退費-決算數,非收支,-40065.0,,,,-40065.0,,-40065.0,
N06,昌平,113,附表三,腸病毒退費-決算數,非收支,-7285.0,-40065.0,32780.0,0.8181704729814052,-23675.0,23178.960287295027,-23675.0,0.7071067811865476
N06,昌平,112,附表三,自強活動-執行率,非收支,100.0,,,,100.0,,100.0,
N06,昌平,113,附表三,自強活動-執行率,非收支,73.0,100.0,-27.0,-0.27,86.5,19.091883092036785,86.5,-0.7071067811865475
N06,昌平,112,附表三,自強活動-決算數,非收支,13000.0,,,,13000.0,,13000.0,
N06,昌平,113,附表三,自強活動-決算數,非收支,9552.0,13000.0,-3448.0,-0.2652307692307692,11276.0,2438.104181531216,11276.0,-0.7071067811865475
N06,昌平,110,附表三,藥品費-執行率,非收支,10.0,,,,10.0,,10.0,
N06,昌平,111,附表三,藥品費-執行率,非收支,16.0,10.0,6.0,0.6,13.0,4.242640687119285,13.0,0.7071067811865476
N06,昌平,112,附表三,藥品費-執行率,非收支,19.0,16.0,3.0,0.1875,15.0,4.58257569495584,15.0,0.8728715609439696
N06,昌平,113,附表三,藥品費-執行率,非收支,47.0,19.0,28.0,1.4736842105263157,23.0,16.431676725154983,27.333333333333332,1.460593486680443
N06,昌平,110,附表三,藥品費-決算數,非收支,878.0,,,,878.0,,878.0,
N06,昌平,111,附表三,藥品費-決算數,非收支,1308.0,878.0,430.0,0.489749430523918,1093.0,304.05591591021545,1093.0,0.7071067811865475
N06,昌平,112,附表三,藥品費-決算數,非收支,1577.0,1308.0,269.0,0.20565749235474007,1254.3333333333333,352.5767056022467,1254.3333333333333,0.9151672856988957
N06,昌平,113,附表三,藥品費-決算數,非收支,3672.0,1577.0,2095.0,1.3284717818642993,1858.75,1242.6389593656452,2185.6666666666665,1.4591929428364665
N06,昌平,110,附表三,行政管理費-執行率,非收支,100.0,,,,100.0,,100.0,
N06,昌平,111,附表三,行政管理費-執行率,非收支,100.0,100.0,0.0,0.0,100.0,0.0,100.0,
N06,昌平,112,附表三,行政管理費-執行率,非收支,100.0,100.0,0.0,0.0,100.0,0.0,100.0,
N06,昌平,113,附表三,行政管理費-執行率,非收支,100.0,100.0,0.0,0.0,100.0,0.0,100.0,
N06,昌平,110,附表三,行政管理費-決算數,非收支,262780.0,,,,262780.0,,262780.0,
N06,昌平,111,附表三,行政管理費-決算數,非收支,262780.0,262780.0,0.0,0.0,262780.0,0.0,262780.0,
N06,昌平,112,附表三,行政管理費-決算數,非收支,262780.0,262780.0,0.0,0.0,262780.0,0.0,262780.0,
N06,昌平,113,附表三,行政管理費-決算數,非收支,277604.0,262780.0,14824.0,0.05641220793058833,266486.0,7412.0,267721.3333333333,1.5
N06,昌平,112,附表三,資遣費-執行率,非收支,100.0,,,,100.0,,100.0,
N06,昌平,113,附表三,資遣費-執行率,非收支,100.0,100.0,0.0,0.0,100.0,0.0,100.0,
N06,昌平,112,附表三,資遣費-決算數,非收支,50969.0,,,,50969.0,,50969.0,
N06,昌平,113,附表三,資遣費-決算數,非收支,52154.0,50969.0,1185.0,0.023249426121760286,51561.5,837.9215357060588,51561.5,0.7071067811865476
N06,昌平,112,附表三,轉學/轉出退費-執行率,非收支,,,,,,,,
N06,昌平,113,附表三,轉學/轉出退費-執行率,非收支,,,,,,,,
N06,昌平,112,附表三,轉學/轉出退費-決算數,非收支,-2000.0,,,,-2000.0,,-2000.0,
N06,昌平,113,附表三,轉學/轉出退費-決算數,非收支,,-2000.0,,,-2000.0,,-2000.0,
N06,昌平,111,附表三,辦公文具-執行率,非收支,111.0,,,,111.0,,111.0,
N06,昌平,112,附表三,辦公文具-執行率,非收支,55.0,111.0,-56.0,-0.5045045045045045,83.0,39.59797974644666,83.0,-0.7071067811865476
N06,昌平,113,附表三,辦公文具-執行率,非收支,41.0,55.0,-14.0,-0.2545454545454545,69.0,37.04051835490427,69.0,-0.7559289460184544
N06,昌平,111,附表三,辦公文具-決算數,非收支,26617.0,,,,26617.0,,26617.0,
N06,昌平,112,附表三,辦公文具-決算數,非收支,13180.0,26617.0,-13437.0,-0.5048277416688582,19898.5,9501.393818803639,19898.5,-0.7071067811865476
N06,昌平,113,附表三,辦公文具-決算數,非收支,9813.0,13180.0,-3367.0,-0.2554628224582701,16536.666666666668,8890.669959757439,16536.666666666668,-0.7562609676324221
N06,昌平,110,附表三,郵資-執行率,非收支,91.0,,,,91.0,,91.0,
N06,昌平,111,附表三,郵資-執行率,非收支,34.0,91.0,-57.0,-0.6263736263736264,62.5,40.30508652763321,62.5,-0.7071067811865476
N06,昌平,112,附表三,郵資-執行率,非收支,15.0,34.0,-19.0,-0.5588235294117647,46.666666666666664,39.55165398985652,46.666666666666664,-0.8006407690254357
N06,昌平,113,附表三,郵資-執行率,非收支,15.0,15.0,0.0,0.0,38.75,35.96641952340173,21.333333333333332,-0.6603381797442178
N06,昌平,110,附表三,郵資-決算數,非收支,7652.0,,,,7652.0,,7652.0,
N06,昌平,111,附表三,郵資-決算數,非收支,2873.0,7652.0,-4779.0,-0.6245426032409828,5262.5,3379.2633072905105,5262.5,-0.7071067811865476
N06,昌平,112,附表三,郵資-決算數,非收支,1228.0,2873.0,-1645.0,-0.5725722241559346,3917.6666666666665,3336.980721150983,3917.6666666666665,-0.806018041883968
N06,昌平,113,附表三,郵資-決算數,非收支,1261.0,1228.0,33.0,0.02687296416938111,3253.5,3031.1872811380913,1787.3333333333333,-0.6573331883511647
N06,昌平,110,附表三,雜支-執行率,非收支,47.0,,,,47.0,,47.0,
N06,昌平,111,附表三,雜支-執行率,非收支,25.0,47.0,-22.0,-0.46808510638297873,36.0,15.556349186104045,36.0,-0.7071067811865476
N06,昌平,112,附表三,雜支-執行率,非收支,39.0,25.0,14.0,0.56,37.0,11.135528725660043,37.0,0.1796053020267749
N06,昌平,113,附表三,雜支-執行率,非收支,17.0,39.0,-22.0,-0.5641025641025641,32.0,13.515423288475528,27.0,-1.1098431532507278
N06,昌平,110,附表三,雜支-決算數,非收支,23313.0,,,,23313.0,,23313.0,
N06,昌平,111,附表三,雜支-決算數,非收支,12058.0,23313.0,-11255.0,-0.4827778492686484,17685.5,7958.486822254592,17685.5,-0.7071067811865476
N06,昌平,112,附表三,雜支-決算數,非收支,19288.0,12058.0,7230.0,0.5996019240338365,18219.666666666668,5703.048161582833,18219.666666666668,0.18732672477323517
N06,昌平,113,附表三,雜支-決算數,非收支,8140.0,19288.0,-11148.0,-0.5779759435918705,15699.75,6861.712049481529,13162.0,-1.101729414683208
N06,昌平,111,附表三,電話費(含網路)-執行率,非收支,75.0,,,,75.0,,75.0,
N06,昌平,112,附表三,電話費(含網路)-執行率,非收支,83.0,75.0,8.0,0.10666666666666667,79.0,5.656854249492381,79.0,0.7071067811865475
N06,昌平,111,附表三,電話費(含網路)-決算數,非收支,40511.0,,,,40511.0,,40511.0,
N06,昌平,112,附表三,電話費(含網路)-決算數,非收支,44649.0,40511.0,4138.0,0.10214509639357211,42580.0,2926.007860549934,42580.0,0.7071067811865475
N06,昌平,113,附表三,電話費（含ADSL）-執行率,非收支,72.0,,,,72.0,,72.0,
N06,昌平,113,附表三,電話費（含ADSL）-決算數,非收支,38690.0,,,,38690.0,,38690.0,
N06,昌平,110,附表三,電話費（含網路）-執行率,非收支,98.0,,,,98.0,,98.0,
N06,昌平,110,附表三,電話費（含網路）-決算數,非收支,52770.0,,,,52770.0,,52770.0,
N06,昌平,112,附表三,電費-執行率,非收支,85.0,,,,85.0,,85.0,
N06,昌平,113,附表三,電費-執行率,非收支,89.0,85.0,4.0,0.047058823529411764,87.0,2.8284271247461903,87.0,0.7071067811865475
N06,昌平,112,附表三,電費-決算數,非收支,225174.0,,,,225174.0,,225174.0,
N06,昌平,113,附表三,電費-決算數,非收支,235339.0,225174.0,10165.0,0.04514286729373729,230256.5,7187.740430761256,230256.5,0.7071067811865475
N06,昌平,110,附表三,餐點費-執行率,非收支,90.0,,,,90.0,,90.0,
N06,昌平,111,附表三,餐點費-執行率,非收支,94.0,90.0,4.0,0.044444444444444446,92.0,2.8284271247461903,92.0,0.7071067811865475
N06,昌平,112,附表三,餐點費-執行率,非收支,94.0,94.0,0.0,0.0,92.66666666666667,2.309401076758502,92.66666666666667,0.577350269189624
N06,昌平,113,附表三,餐點費-執行率,非收支,87.0,94.0,-7.0,-0.07446808510638298,91.25,3.4034296427770236,91.66666666666667,-1.2487403725296988
N06,昌平,110,附表三,餐點費-決算數,非收支,1291154.0,,,,1291154.0,,1291154.0,
N06,昌平,111,附表三,餐點費-決算數,非收支,1348401.0,1291154.0,57247.0,0.04433785590254919,1319777.5,40479.741902586284,1319777.5,0.7071067811865476
N06,昌平,112,附表三,餐點費-決算數,非收支,1349716.0,1348401.0,1315.0,0.0009752291788570314,1329757.0,33437.64365202787,1329757.0,0.5969021085249098
N06,昌平,113,附表三,餐點費-決算數,非收支,1401480.0,1349716.0,51764.0,0.038351771780137454,1347687.75,45071.401031215646,1366532.3333333333,1.1934896357613656
N06,昌平,112,附表二,事務機器耗材-差異率,非收支,-33.0,,,,-33.0,,-33.0,
N06,昌平,113,附表二,事務機器耗材-差異率,非收支,-43.0,-33.0,-10.0,-0.30303030303030304,-38.0,7.0710678118654755,-38.0,-0.7071067811865475
N06,昌平,112,附表二,事務機器耗材-決算數,非收支,43521.0,,,,43521.0,,43521.0,
N06,昌平,113,附表二,事務機器耗材-決算數,非收支,36930.0,43521.0,-6591.0,-0.15144413041979735,40225.5,4660.540794800535,40225.5,-0.7071067811865475
N06,昌平,110,附表二,五日未上課退費-差異率,非收支,,,,,,,,
N06,昌平,111,附表二,五日未上課退費-差異率,非收支,,,,,,,,
N06,昌平,110,附表二,五日未上課退費-決算數,非收支,-87620.0,,,,-87620.0,,-87620.0,
N06,昌平,111,附表二,五日未上課退費-決算數,非收支,-99799.0,-87620.0,-12179.0,-0.13899794567450355,-93709.5,8611.853488070963,-93709.5,-0.7071067811865475
N06,昌平,110,附表二,人事費-差異率,非收支,83.0,,,,83.0,,83.0,
N06,昌平,111,附表二,人事費-差異率,非收支,88.0,83.0,5.0,0.060240963855421686,85.5,3.5355339059327378,85.5,0.7071067811865475
N06,昌平,112,附表二,人事費-差異率,非收支,-24.0,88.0,-112.0,-1.2727272727272727,49.0,63.26926584053272,49.0,-1.153798752525328
N06,昌平,112,附表二,人事費-差異率,非收支,-20.0,88.0,-108.0,-1.2272727272727273,31.75,62.12017922275069,14.666666666666666,-0.8330626319417838
N06,昌平,113,附表二,人事費-差異率,非收支,-13.0,-24.0,11.0,0.4583333333333333,22.8,57.3994773495369,-19.0,-0.6236990588258176
N06,昌平,113,附表二,人事費-差異率,非收支,-13.0,-20.0,7.0,0.35,16.833333333333332,53.37945922044046,-15.333333333333334,-0.5588916367648276
N06,昌平,113,附表二,人事費-差異率,非收支,-9.0,-24.0,15.0,0.625,13.142857142857142,49.69717822783828,-11.666666666666666,-0.44555562171643864
N06,昌平,113,附表二,人事費-差異率,非收支,-9.0,-20.0,11.0,0.55,10.375,46.671917221631865,-10.333333333333334,-0.4151318641570594
N06,昌平,110,附表二,人事費-決算數,非收支,7099629.0,,,,7099629.0,,7099629.0,
N06,昌平,111,附表二,人事費-決算數,非收支,7770536.0,7099629.0,670907.0,0.09449888156127595,7435082.5,474402.889245523,7435082.5,0.7071067811865476
N06,昌平,112,附表二,人事費-決算數,非收支,6839375.0,7770536.0,-931161.0,-0.11983227411854215,7236513.333333333,480435.4197125075,7236513.333333333,-0.8266216790822386
N06,昌平,112,附表二,人事費-決算數,非收支,6606757.0,7770536.0,-1163779.0,-0.1497681755801659,7079074.25,503017.9468497288,7072222.666666667,-0.9389669950306956
N06,昌平,113,附表二,人事費-決算數,非收支,7955962.0,6839375.0,1116587.0,0.163258631088367,7254451.8,586137.1139585855,7134031.333333333,1.1968363430566973
N06,昌平,113,附表二,人事費-決算數,非收支,7955962.0,6606757.0,1349205.0,0.20421592621009066,7371370.166666667,597381.6199647983,7506227.0,0.9785902575438813
N06,昌平,113,附表二,人事費-決算數,非收支,7653031.0,6839375.0,813656.0,0.1189664260257699,7411607.428571428,555626.30782354,7854985.0,0.4345070923194029
N06,昌平,113,附表二,人事費-決算數,非收支,7653031.0,6606757.0,1046274.0,0.15836423225494747,7441785.375,521443.4960362951,7754008.0,0.40511700041474147
N06,昌平,110,附表二,代課費及廚工代班費-差異率,非收支,26.0,,,,26.0,,26.0,
N06,昌平,111,附表二,代課費及廚工代班費-差異率,非收支,50.0,26.0,24.0,0.9230769230769231,38.0,16.97056274847714,38.0,0.7071067811865476
N06,昌平,110,附表二,代課費及廚工代班費-決算數,非收支,38648.0,,,,38648.0,,38648.0,
N06,昌平,111,附表二,代課費及廚工代班費-決算數,非收支,74927.0,38648.0,36279.0,0.9387031670461602,56787.5,25653.12691466676,56787.5,0.7071067811865475
N06,昌平,110,附表二,保全-差異率,非收支,39.0,,,,39.0,,39.0,
N06,昌平,112,附表二,保全-差異率,非收支,-46.0,,,,-3.5,60.10407640085654,-3.5,-0.7071067811865475
N06,昌平,113,附表二,保全-差異率,非收支,-42.0,-46.0,4.0,0.08695652173913043,-16.333333333333332,47.9617903474561,-16.333333333333332,-0.5351482186283322
N06,昌平,110,附表二,保全-決算數,非收支,31220.0,,,,31220.0,,31220.0,
N06,昌平,112,附表二,保全-決算數,非收支,43050.0,,,,37135.0,8365.073221436856,37135.0,0.7071067811865476
N06,昌平,113,附表二,保全-決算數,非收支,46013.0,43050.0,2963.0,0.06882694541231127,40094.333333333336,7826.888675159071,40094.333333333336,0.7561966079128339
N06,昌平,110,附表二,保險費-差異率,非收支,95.0,,,,95.0,,95.0,
N06,昌平,111,附表二,保險費-差異率,非收支,92.0,95.0,-3.0,-0.031578947368421054,93.5,2.1213203435596424,93.5,-0.7071067811865476
N06,昌平,110,附表二,保險費-決算數,非收支,12315.0,,,,12315.0,,12315.0,
N06,昌平,111,附表二,保險費-決算數,非收支,11979.0,12315.0,-336.0,-0.02728380024360536,12147.0,237.58787847867995,12147.0,-0.7071067811865476
N06,昌平,112,附表二,修繕購置費-差異率,非收支,-31.0,,,,-31.0,,-31.0,
N06,昌平,113,附表二,修繕購置費-差異率,非收支,,-31.0,,,-31.0,,-31.0,
N06,昌平,112,附表二,修繕購置費-決算數,非收支,116753.0,,,,116753.0,,116753.0,
N06,昌平,113,附表二,修繕購置費-決算數,非收支,157505.0,116753.0,40752.0,0.34904456416537477,137129.0,28816.015546914186,137129.0,0.7071067811865475
N06,昌平,110,附表二,健康檢查-差異率,非收支,100.0,,,,100.0,,100.0,
N06,昌平,111,附表二,健康檢查-差異率,非收支,28.0,100.0,-72.0,-0.72,64.0,50.91168824543142,64.0,-0.7071067811865476
N06,昌平,110,附表二,健康檢查-決算數,非收支,1000.0,,,,1000.0,,1000.0,
N06,昌平,111,附表二,健康檢查-決算數,非收支,3680.0,1000.0,2680.0,2.68,2340.0,1895.0461735799474,2340.0,0.7071067811865475
N06,昌平,110,附表二,其他收入-差異率,非收支,,,,,,,,
N06,昌平,111,附表二,其他收入-差異率,非收支,,,,,,,,
N06,昌平,110,附表二,其他收入-決算數,非收支,1830781.0,,,,1830781.0,,1830781.0,
N06,昌平,111,附表二,其他收入-決算數,非收支,2000383.0,1830781.0,169602.0,0.09263915236175162,1915582.0,119926.72430280084,1915582.0,0.7071067811865475
N06,昌平,110,附表二,利息收入-差異率,非收支,,,,,,,,
N06,昌平,111,附表二,利息收入-差異率,非收支,,,,,,,,
N06,昌平,110,附表二,利息收入-決算數,非收支,28253.0,,,,28253.0,,28253.0,
N06,昌平,111,附表二,利息收入-決算數,非收支,38872.0,28253.0,10619.0,0.3758538916221286,33562.5,7508.766909419948,33562.5,0.7071067811865476
N06,昌平,110,附表二,加班費-差異率,非收支,28.0,,,,28.0,,28.0,
N06,昌平,111,附表二,加班費-差異率,非收支,41.0,28.0,13.0,0.4642857142857143,34.5,9.192388155425117,34.5,0.7071067811865476
N06,昌平,112,附表二,加班費-差異率,非收支,-73.0,41.0,-114.0,-2.7804878048780486,-1.3333333333333333,62.40459384799594,-1.3333333333333333,-1.1484197275801704
N06,昌平,113,附表二,加班費-差異率,非收支,-64.0,-73.0,9.0,0.1232876712328767,-17.0,59.81638571495272,-32.0,-0.7857378783126825
N06,昌平,110,附表二,加班費-決算數,非收支,182717.0,,,,182717.0,,182717.0,
N06,昌平,111,附表二,加班費-決算數,非收支,272630.0,182717.0,89913.0,0.4920888587268836,227673.5,63578.09201682605,227673.5,0.7071067811865475
N06,昌平,112,附表二,加班費-決算數,非收支,181649.0,272630.0,-90981.0,-0.33371602538238637,212332.0,52222.33008014866,212332.0,-0.5875455950147955
N06,昌平,113,附表二,加班費-決算數,非收支,250777.0,181649.0,69128.0,0.3805581093207229,221943.25,46771.989611839264,235018.66666666666,0.6164747371084978
N06,昌平,110,附表二,勞、健保費-差異率,非收支,89.0,,,,89.0,,89.0,
N06,昌平,111,附表二,勞、健保費-差異率,非收支,93.0,89.0,4.0,0.0449438202247191,91.0,2.8284271247461903,91.0,0.7071067811865475
N06,昌平,110,附表二,勞、健保費-決算數,非收支,694492.0,,,,694492.0,,694492.0,
N06,昌平,111,附表二,勞、健保費-決算數,非收支,738402.0,694492.0,43910.0,0.06322607027870732,716447.0,31049.058761901302,716447.0,0.7071067811865475
N06,昌平,110,附表二,勞退金提撥-差異率,非收支,98.0,,,,98.0,,98.0,
N06,昌平,111,附表二,勞退金提撥-差異率,非收支,101.0,98.0,3.0,0.030612244897959183,99.5,2.1213203435596424,99.5,0.7071067811865476
N06,昌平,110,附表二,勞退金提撥-決算數,非收支,341969.0,,,,341969.0,,341969.0,
N06,昌平,111,附表二,勞退金提撥-決算數,非收支,362434.0,341969.0,20465.0,0.059844605797601536,352201.5,14470.940276982696,352201.5,0.7071067811865475
N06,昌平,112,附表二,合 計-差異率,非收支,-23.0,,,,-23.0,,-23.0,
N06,昌平,112,附表二,合 計-決算數,非收支,9459498.0,,,,9459498.0,,9459498.0,
N06,昌平,113,附表二,合計-差異率,非收支,-16.0,,,,-16.0,,-16.0,
N06,昌平,113,附表二,合計-決算數,非收支,10610198.0,,,,10610198.0,,10610198.0,
N06,昌平,112,附表二,園務特支-差異率,非收支,-30.0,,,,-30.0,,-30.0,
N06,昌平,113,附表二,園務特支-差異率,非收支,-28.0,-30.0,2.0,0.06666666666666667,-29.0,1.4142135623730951,-29.0,0.7071067811865475
N06,昌平,112,附表二,園務特支-決算數,非收支,29458.0,,,,29458.0,,29458.0,
N06,昌平,113,附表二,園務特支-決算數,非收支,30039.0,29458.0,581.0,0.01972299545115079,29748.5,410.82903986938413,29748.5,0.7071067811865475
N06,昌平,110,附表二,園長及教保服務人員薪資（含職務加給）-差異率,非收支,87.0,,,,87.0,,87.0,
N06,昌平,111,附表二,園長及教保服務人員薪資（含職務加給）-差異率,非收支,92.0,87.0,5.0,0.05747126436781609,89.5,3.5355339059327378,89.5,0.7071067811865475
N06,昌平,110,附表二,園長及教保服務人員薪資（含職務加給）-決算數,非收支,4683859.0,,,,4683859.0,,4683859.0,
N06,昌平,111,附表二,園長及教保服務人員薪資（含職務加給）-決算數,非收支,5089969.0,4683859.0,406110.0,0.0867041471572906,4886914.0,287163.1349076688,4886914.0,0.7071067811865476
N06,昌平,112,附表二,差旅費-差異率,非收支,,,,,,,,
N06,昌平,113,附表二,差旅費-差異率,非收支,,,,,,,,
N06,昌平,112,附表二,差旅費-決算數,非收支,,,,,,,,
N06,昌平,113,附表二,差旅費-決算數,非收支,,,,,,,,
N06,昌平,110,附表二,延後托育收入-差異率,非收支,,,,,,,,
N06,昌平,111,附表二,延後托育收入-差異率,非收支,,,,,,,,
N06,昌平,110,附表二,延後托育收入-決算數,非收支,547530.0,,,,547530.0,,547530.0,
N06,昌平,111,附表二,延後托育收入-決算數,非收支,281880.0,547530.0,-265650.0,-0.48517889430716127,414705.0,187842.91642220636,414705.0,-0.7071067811865475
N06,昌平,110,附表二,延後托育收入淨額-差異率,非收支,,,,,,,,
N06,昌平,110,附表二,延後托育收入淨額-差異率,非收支,,,,,,,,
N06,昌平,111,附表二,延後托育收入淨額-差異率,非收支,,,,,,,,
N06,昌平,111,附表二,延後托育收入淨額-差異率,非收支,,,,,,,,
N06,昌平,111,附表二,延後托育收入淨額-差異率,非收支,,,,,,,,
N06,昌平,111,附表二,延後托育收入淨額-差異率,非收支,,,,,,,,
N06,昌平,110,附表二,延後托育收入淨額-決算數,非收支,547530.0,,,,547530.0,,547530.0,
N06,昌平,110,附表二,延後托育收入淨額-決算數,非收支,547530.0,,,,547530.0,0.0,547530.0,
N06,昌平,111,附表二,延後托育收入淨額-決算數,非收支,281880.0,547530.0,-265650.0,-0.48517889430716127,458980.0,153373.09901022408,458980.0,-1.1547005383792517
N06,昌平,111,附表二,延後托育收入淨額-決算數,非收支,281880.0,547530.0,-265650.0,-0.48517889430716127,414705.0,153373.09901022408,370430.0,-0.8660254037844387
N06,昌平,111,附表二,延後托育收入淨額-決算數,非收支,281880.0,547530.0,-265650.0,-0.48517889430716127,388140.0,145502.49740124738,281880.0,-0.7302967433402214
N06,昌平,111,附表二,延後托育收入淨額-決算數,非收支,281880.0,547530.0,-265650.0,-0.48517889430716127,370430.0,137181.07012266672,281880.0,-0.6454972243679028
N06,昌平,110,附表二,延後托育收入退費-差異率,非收支,,,,,,,,
N06,昌平,110,附表二,延後托育收入退費-決算數,非收支,,,,,,,,
N06,昌平,112,附表二,攝影照片-差異率,非收支,,,,,,,,
N06,昌平,113,附表二,攝影照片-差異率,非收支,,,,,,,,
N06,昌平,112,附表二,攝影照片-決算數,非收支,,,,,,,,
N06,昌平,113,附表二,攝影照片-決算數,非收支,,,,,,,,
N06,昌平,110,附表二,支出-差異率,非收支,105.0,,,,105.0,,105.0,
N06,昌平,111,附表二,支出-差異率,非收支,117.0,105.0,12.0,0.11428571428571428,111.0,8.48528137423857,111.0,0.7071067811865476
N06,昌平,110,附表二,支出-決算數,非收支,12416699.0,,,,12416699.0,,12416699.0,
N06,昌平,111,附表二,支出-決算數,非收支,14033020.0,12416699.0,1616321.0,0.13017316438129006,13224859.5,1142911.5396742218,13224859.5,0.7071067811865475
N06,昌平,110,附表二,收入-差異率,非收支,116.0,,,,116.0,,116.0,
N06,昌平,111,附表二,收入-差異率,非收支,115.0,116.0,-1.0,-0.008620689655172414,115.5,0.7071067811865476,115.5,-0.7071067811865475
N06,昌平,110,附表二,收入-決算數,非收支,14059209.0,,,,14059209.0,,14059209.0,
N06,昌平,111,附表二,收入-決算數,非收支,13965976.0,14059209.0,-93233.0,-0.006631454159334284,14012592.5,65925.68653036539,14012592.5,-0.7071067811865475
N06,昌平,112,附表二,教保材料費-差異率,非收支,-32.0,,,,-32.0,,-32.0,
N06,昌平,113,附表二,教保材料費-差異率,非收支,-31.0,-32.0,1.0,0.03125,-31.5,0.7071067811865476,-31.5,0.7071067811865475
N06,昌平,112,附表二,教保材料費-決算數,非收支,194969.0,,,,194969.0,,194969.0,
N06,昌平,113,附表二,教保材料費-決算數,非收支,184806.0,194969.0,-10163.0,-0.05212623545281558,189887.5,7186.326217198883,189887.5,-0.7071067811865475
N06,昌平,110,附表二,教保費收入-差異率,非收支,97.0,,,,97.0,,97.0,
N06,昌平,111,附表二,教保費收入-差異率,非收支,97.0,97.0,0.0,0.0,97.0,0.0,97.0,
N06,昌平,110,附表二,教保費收入-決算數,非收支,11741812.0,,,,11741812.0,,11741812.0,
N06,昌平,111,附表二,教保費收入-決算數,非收支,11744640.0,11741812.0,2828.0,0.0002408486867273978,11743226.0,1999.6979771955564,11743226.0,0.7071067811865476
N06,昌平,110,附表二,教保費收入淨額-差異率,非收支,96.0,,,,96.0,,96.0,
N06,昌平,111,附表二,教保費收入淨額-差異率,非收支,96.0,96.0,0.0,0.0,96.0,0.0,96.0,
N06,昌平,110,附表二,教保費收入淨額-決算數,非收支,11652645.0,,,,11652645.0,,11652645.0,
N06,昌平,111,附表二,教保費收入淨額-決算數,非收支,11644841.0,11652645.0,-7804.0,-0.0006697191925095117,11648743.0,5518.261320379817,11648743.0,-0.7071067811865475
N06,昌平,110,附表二,教保費收入減項-差異率,非收支,,,,,,,,
N06,昌平,111,附表二,教保費收入減項-差異率,非收支,,,,,,,,
N06,昌平,110,附表二,教保費收入減項-決算數,非收支,-89167.0,,,,-89167.0,,-89167.0,
N06,昌平,111,附表二,教保費收入減項-決算數,非收支,-99799.0,-89167.0,-10632.0,-0.1192369374320096,-94483.0,7517.959297575373,-94483.0,-0.7071067811865476
N06,昌平,110,附表二,教保費收入（家長繳費）-差異率,非收支,68.0,,,,68.0,,68.0,
N06,昌平,111,附表二,教保費收入（家長繳費）-差異率,非收支,63.0,68.0,-5.0,-0.07352941176470588,65.5,3.5355339059327378,65.5,-0.7071067811865475
N06,昌平,110,附表二,教保費收入（家長繳費）-決算數,非收支,2447000.0,,,,2447000.0,,2447000.0,
N06,昌平,111,附表二,教保費收入（家長繳費）-決算數,非收支,1806000.0,2447000.0,-641000.0,-0.2619534123416428,2126500.0,453255.44674057694,2126500.0,-0.7071067811865476
N06,昌平,110,附表二,教保費收入（政府學費差額補助）-差異率,非收支,109.0,,,,109.0,,109.0,
N06,昌平,111,附表二,教保費收入（政府學費差額補助）-差異率,非收支,107.0,109.0,-2.0,-0.01834862385321101,108.0,1.4142135623730951,108.0,-0.7071067811865475
N06,昌平,110,附表二,教保費收入（政府學費差額補助）-決算數,非收支,9294812.0,,,,9294812.0,,9294812.0,
N06,昌平,111,附表二,教保費收入（政府學費差額補助）-決算數,非收支,9938640.0,9294812.0,643828.0,0.06926745801851614,9616726.0,455255.1447177725,9616726.0,0.7071067811865476
N06,昌平,112,附表二,文宣費(一般文宣)-差異率,非收支,-56.0,,,,-56.0,,-56.0,
N06,昌平,112,附表二,文宣費(一般文宣)-決算數,非收支,4389.0,,,,4389.0,,4389.0,
N06,昌平,112,附表二,文宣費(園刊)-差異率,非收支,-85.0,,,,-85.0,,-85.0,
N06,昌平,112,附表二,文宣費(園刊)-決算數,非收支,4543.0,,,,4543.0,,4543.0,
N06,昌平,113,附表二,文宣費（一般文宣）-差異率,非收支,,,,,,,,
N06,昌平,113,附表二,文宣費（一般文宣）-決算數,非收支,,,,,,,,
N06,昌平,113,附表二,文宣費（園刊）-差異率,非收支,-63.0,,,,-63.0,,-63.0,
N06,昌平,113,附表二,文宣費（園刊）-決算數,非收支,11019.0,,,,11019.0,,11019.0,
N06,昌平,112,附表二,日常消耗用品-差異率,非收支,-21.0,,,,-21.0,,-21.0,
N06,昌平,113,附表二,日常消耗用品-差異率,非收支,-28.0,-21.0,-7.0,-0.3333333333333333,-24.5,4.949747468305833,-24.5,-0.7071067811865476
N06,昌平,112,附表二,日常消耗用品-決算數,非收支,56524.0,,,,56524.0,,56524.0,
N06,昌平,113,附表二,日常消耗用品-決算數,非收支,48221.0,56524.0,-8303.0,-0.14689335503502937,52372.5,5871.107604191904,52372.5,-0.7071067811865476
N06,昌平,110,附表二,會計、總務、廚工、清潔薪資-差異率,非收支,91.0,,,,91.0,,91.0,
N06,昌平,111,附表二,會計、總務、廚工、清潔薪資-差異率,非收支,95.0,91.0,4.0,0.04395604395604396,93.0,2.8284271247461903,93.0,0.7071067811865475
N06,昌平,110,附表二,會計、總務、廚工、清潔薪資-決算數,非收支,1085846.0,,,,1085846.0,,1085846.0,
N06,昌平,111,附表二,會計、總務、廚工、清潔薪資-決算數,非收支,1153730.0,1085846.0,67884.0,0.06251715252439112,1119788.0,48001.23673406759,1119788.0,0.7071067811865476
N06,昌平,112,附表二,材料費-差異率,非收支,-11.0,,,,-11.0,,-11.0,
N06,昌平,113,附表二,材料費-差異率,非收支,-16.0,-11.0,-5.0,-0.45454545454545453,-13.5,3.5355339059327378,-13.5,-0.7071067811865475
N06,昌平,112,附表二,材料費-決算數,非收支,1602786.0,,,,1602786.0,,1602786.0,
N06,昌平,113,附表二,材料費-決算數,非收支,1638179.0,1602786.0,35393.0,0.022082174413801968,1620482.5,25026.630306535477,1620482.5,0.7071067811865475
N06,昌平,110,附表二,業務費-差異率,非收支,65.0,,,,65.0,,65.0,
N06,昌平,111,附表二,業務費-差異率,非收支,68.0,65.0,3.0,0.046153846153846156,66.5,2.1213203435596424,66.5,0.7071067811865476
N06,昌平,112,附表二,業務費-差異率,非收支,-37.0,68.0,-105.0,-1.5441176470588236,32.0,59.77457653551382,32.0,-1.1543369104255399
N06,昌平,113,附表二,業務費-差異率,非收支,-39.0,-37.0,-2.0,-0.05405405405405406,14.25,60.35105632878351,-2.6666666666666665,-0.882337497290884
N06,昌平,110,附表二,業務費-決算數,非收支,532499.0,,,,532499.0,,532499.0,
N06,昌平,111,附表二,業務費-決算數,非收支,559276.0,532499.0,26777.0,0.05028554044232947,545887.5,18934.198279832184,545887.5,0.7071067811865475
N06,昌平,112,附表二,業務費-決算數,非收支,514283.0,559276.0,-44993.0,-0.08044865147083015,535352.6666666666,22631.837581896278,535352.6666666666,-0.9309746321050277
N06,昌平,113,附表二,業務費-決算數,非收支,501842.0,514283.0,-12441.0,-0.024190961007849763,526975.0,24944.09569417178,525133.6666666666,-1.0075731070047311
N06,昌平,110,附表二,水費-差異率,非收支,14.0,,,,14.0,,14.0,
N06,昌平,111,附表二,水費-差異率,非收支,76.0,14.0,62.0,4.428571428571429,45.0,43.840620433565945,45.0,0.7071067811865476
N06,昌平,112,附表二,水費-差異率,非收支,-77.0,76.0,-153.0,-2.013157894736842,4.333333333333333,76.95669778085163,4.333333333333333,-1.0568714053316708
N06,昌平,113,附表二,水費-差異率,非收支,-71.0,-77.0,6.0,0.07792207792207792,-14.5,73.25981162956946,-24.0,-0.7712277542520355
N06,昌平,110,附表二,水費-決算數,非收支,4525.0,,,,4525.0,,4525.0,
N06,昌平,111,附表二,水費-決算數,非收支,24404.0,4525.0,19879.0,4.393149171270718,14464.5,14056.575703207378,14464.5,0.7071067811865476
N06,昌平,112,附表二,水費-決算數,非收支,7400.0,24404.0,-17004.0,-0.6967710211440747,12109.666666666666,10743.806603496423,12109.666666666666,-0.4383610800602061
N06,昌平,113,附表二,水費-決算數,非收支,9348.0,7400.0,1948.0,0.2632432432432432,11419.25,8880.293965667279,13717.333333333334,-0.23324115260235792
N06,昌平,110,附表二,活動費-差異率,非收支,58.0,,,,58.0,,58.0,
N06,昌平,111,附表二,活動費-差異率,非收支,48.0,58.0,-10.0,-0.1724137931034483,53.0,7.0710678118654755,53.0,-0.7071067811865475
N06,昌平,112,附表二,活動費-差異率,非收支,-41.0,48.0,-89.0,-1.8541666666666667,21.666666666666668,54.50076452063158,21.666666666666668,-1.149830965085707
N06,昌平,113,附表二,活動費-差異率,非收支,-52.0,-41.0,-11.0,-0.2682926829268293,3.25,57.7660511604062,-15.0,-0.9564441205541371
N06,昌平,110,附表二,活動費-決算數,非收支,66648.0,,,,66648.0,,66648.0,
N06,昌平,111,附表二,活動費-決算數,非收支,55086.0,66648.0,-11562.0,-0.1734785740007202,60867.0,8175.568604078862,60867.0,-0.7071067811865476
N06,昌平,112,附表二,活動費-決算數,非收支,68241.0,55086.0,13155.0,0.23880840867007952,63325.0,7179.502280799136,63325.0,0.6847271311755625
N06,昌平,113,附表二,活動費-決算數,非收支,55090.0,68241.0,-13151.0,-0.1927140575313961,61266.25,7163.61000124937,59472.333333333336,-0.8621700509830701
N06,昌平,110,附表二,瓦斯費-差異率,非收支,55.0,,,,55.0,,55.0,
N06,昌平,112,附表二,瓦斯費-差異率,非收支,-36.0,,,,9.5,64.34671708797582,9.5,-0.7071067811865476
N06,昌平,113,附表二,瓦斯費-差異率,非收支,-33.0,-36.0,3.0,0.08333333333333333,-4.666666666666667,51.69461609619839,-4.666666666666667,-0.5480906034896922
N06,昌平,110,附表二,瓦斯費-決算數,非收支,18720.0,,,,18720.0,,18720.0,
N06,昌平,112,附表二,瓦斯費-決算數,非收支,21900.0,,,,20310.0,2248.599564173221,20310.0,0.7071067811865476
N06,昌平,113,附表二,瓦斯費-決算數,非收支,22700.0,21900.0,800.0,0.0365296803652968,21106.666666666668,2105.263245614033,21106.666666666668,0.7568333017986125
N06,昌平,110,附表二,研習、進修-差異率,非收支,44.0,,,,44.0,,44.0,
N06,昌平,111,附表二,研習、進修-差異率,非收支,14.0,44.0,-30.0,-0.6818181818181818,29.0,21.213203435596427,29.0,-0.7071067811865475
N06,昌平,112,附表二,研習、進修-差異率,非收支,-71.0,14.0,-85.0,-6.071428571428571,-4.333333333333333,59.651767227244264,-4.333333333333333,-1.1175975124542252
N06,昌平,113,附表二,研習、進修-差異率,非收支,-78.0,-71.0,-7.0,-0.09859154929577464,-22.75,61.06485623226068,-45.0,-0.9047757320488264
N06,昌平,110,附表二,研習、進修-決算數,非收支,11500.0,,,,11500.0,,11500.0,
N06,昌平,111,附表二,研習、進修-決算數,非收支,3600.0,11500.0,-7900.0,-0.6869565217391305,7550.0,5586.1435713737255,7550.0,-0.7071067811865475
N06,昌平,112,附表二,研習、進修-決算數,非收支,7550.0,3600.0,3950.0,1.0972222222222223,7550.0,3950.0,7550.0,0.0
N06,昌平,113,附表二,研習、進修-決算數,非收支,5600.0,7550.0,-1950.0,-0.2582781456953642,7062.5,3369.3162016448778,5583.333333333333,-0.43406433604718286
N06,昌平,112,附表二,維護費-差異率,非收支,-27.0,,,,-27.0,,-27.0,
N06,昌平,113,附表二,維護費-差異率,非收支,-50.0,-27.0,-23.0,-0.8518518518518519,-38.5,16.263455967290593,-38.5,-0.7071067811865476
N06,昌平,112,附表二,維護費-決算數,非收支,104233.0,,,,104233.0,,104233.0,
N06,昌平,113,附表二,維護費-決算數,非收支,70966.0,104233.0,-33267.0,-0.3191599589381482,87599.5,23523.321289732878,87599.5,-0.7071067811865475
N06,昌平,110,附表二,自強活動-差異率,非收支,78.0,,,,78.0,,78.0,
N06,昌平,111,附表二,自強活動-差異率,非收支,100.0,78.0,22.0,0.28205128205128205,89.0,15.556349186104045,89.0,0.7071067811865476
N06,昌平,110,附表二,自強活動-決算數,非收支,10183.0,,,,10183.0,,10183.0,
N06,昌平,111,附表二,自強活動-決算數,非收支,13000.0,10183.0,2817.0,0.27663753314347445,11591.5,1991.9198026025044,11591.5,0.7071067811865475
N06,昌平,112,附表二,藥品費-差異率,非收支,-81.0,,,,-81.0,,-81.0,
N06,昌平,113,附表二,藥品費-差異率,非收支,-53.0,-81.0,28.0,0.345679012345679,-67.0,19.79898987322333,-67.0,0.7071067811865476
N06,昌平,112,附表二,藥品費-決算數,非收支,1577.0,,,,1577.0,,1577.0,
N06,昌平,113,附表二,藥品費-決算數,非收支,3672.0,1577.0,2095.0,1.3284717818642993,2624.5,1481.388706585817,2624.5,0.7071067811865475
N06,昌平,112,附表二,行政管理費-差異率,非收支,,,,,,,,
N06,昌平,113,附表二,行政管理費-差異率,非收支,,,,,,,,
N06,昌平,112,附表二,行政管理費-決算數,非收支,262780.0,,,,262780.0,,262780.0,
N06,昌平,113,附表二,行政管理費-決算數,非收支,277604.0,262780.0,14824.0,0.05641220793058833,270192.0,10482.15092430938,270192.0,0.7071067811865476
N06,昌平,110,附表二,資遣費-差異率,非收支,100.0,,,,100.0,,100.0,
N06,昌平,111,附表二,資遣費-差異率,非收支,100.0,100.0,0.0,0.0,100.0,0.0,100.0,
N06,昌平,112,附表二,資遣費-差異率,非收支,,100.0,,,100.0,0.0,100.0,
N06,昌平,113,附表二,資遣費-差異率,非收支,,,,,100.0,0.0,100.0,
N06,昌平,110,附表二,資遣費-決算數,非收支,48600.0,,,,48600.0,,48600.0,
N06,昌平,111,附表二,資遣費-決算數,非收支,49785.0,48600.0,1185.0,0.024382716049382715,49192.5,837.9215357060588,49192.5,0.7071067811865476
N06,昌平,112,附表二,資遣費-決算數,非收支,50969.0,49785.0,1184.0,0.023782263734056442,49784.666666666664,1184.5000351765868,49784.666666666664,0.9998592639609114
N06,昌平,113,附表二,資遣費-決算數,非收支,52154.0,50969.0,1185.0,0.023249426121760286,50377.0,1529.3120457687294,50969.333333333336,1.161960376181283
N06,昌平,110,附表二,轉學/轉出退費-差異率,非收支,,,,,,,,
N06,昌平,111,附表二,轉學/轉出退費-差異率,非收支,,,,,,,,
N06,昌平,110,附表二,轉學/轉出退費-決算數,非收支,-1547.0,,,,-1547.0,,-1547.0,
N06,昌平,111,附表二,轉學/轉出退費-決算數,非收支,,-1547.0,,,-1547.0,,-1547.0,
N06,昌平,110,附表二,辦公文具-差異率,非收支,49.0,,,,49.0,,49.0,
N06,昌平,112,附表二,辦公文具-差異率,非收支,-45.0,,,,2.0,66.46803743153546,2.0,-0.7071067811865476
N06,昌平,113,附表二,辦公文具-差異率,非收支,-59.0,-45.0,-14.0,-0.3111111111111111,-18.333333333333332,58.73102530463208,-18.333333333333332,-0.692422215613173
N06,昌平,110,附表二,辦公文具-決算數,非收支,11703.0,,,,11703.0,,11703.0,
N06,昌平,112,附表二,辦公文具-決算數,非收支,13180.0,,,,12441.5,1044.3967158125306,12441.5,0.7071067811865476
N06,昌平,113,附表二,辦公文具-決算數,非收支,9813.0,13180.0,-3367.0,-0.2554628224582701,11565.333333333334,1687.7163071243147,11565.333333333334,-1.0382866634257506
N06,昌平,112,附表二,郵資-差異率,非收支,-85.0,,,,-85.0,,-85.0,
N06,昌平,113,附表二,郵資-差異率,非收支,-85.0,-85.0,0.0,0.0,-85.0,0.0,-85.0,
N06,昌平,112,附表二,郵資-決算數,非收支,1228.0,,,,1228.0,,1228.0,
N06,昌平,113,附表二,郵資-決算數,非收支,1261.0,1228.0,33.0,0.02687296416938111,1244.5,23.33452377915607,1244.5,0.7071067811865476
N06,昌平,112,附表二,雜支-差異率,非收支,-61.0,,,,-61.0,,-61.0,
N06,昌平,113,附表二,雜支-差異率,非收支,-83.0,-61.0,-22.0,-0.36065573770491804,-72.0,15.556349186104045,-72.0,-0.7071067811865476
N06,昌平,112,附表二,雜支-決算數,非收支,19288.0,,,,19288.0,,19288.0,
N06,昌平,113,附表二,雜支-決算數,非收支,8140.0,19288.0,-11148.0,-0.5779759435918705,13714.0,7882.826396667632,13714.0,-0.7071067811865475
N06,昌平,112,附表二,電話費(含 ADSL)-差異率,非收支,-17.0,,,,-17.0,,-17.0,
N06,昌平,112,附表二,電話費(含 ADSL)-決算數,非收支,44649.0,,,,44649.0,,44649.0,
N06,昌平,113,附表二,電話費（含 ADSL）-差異率,非收支,-28.0,,,,-28.0,,-28.0,
N06,昌平,113,附表二,電話費（含 ADSL）-決算數,非收支,38690.0,,,,38690.0,,38690.0,
N06,昌平,110,附表二,電費-差異率,非收支,80.0,,,,80.0,,80.0,
N06,昌平,111,附表二,電費-差異率,非收支,87.0,80.0,7.0,0.0875,83.5,4.949747468305833,83.5,0.7071067811865476
N06,昌平,112,附表二,電費-差異率,非收支,-15.0,87.0,-102.0,-1.1724137931034482,50.666666666666664,56.97660338536629,50.666666666666664,-1.152519854904729
N06,昌平,113,附表二,電費-差異率,非收支,-11.0,-15.0,4.0,0.26666666666666666,35.25,55.81143849307834,20.333333333333332,-0.8286831740725669
N06,昌平,110,附表二,電費-決算數,非收支,210023.0,,,,210023.0,,210023.0,
N06,昌平,111,附表二,電費-決算數,非收支,229217.0,210023.0,19194.0,0.09138999062007494,219620.0,13572.207558094593,219620.0,0.7071067811865476
N06,昌平,112,附表二,電費-決算數,非收支,225174.0,229217.0,-4043.0,-0.017638307804394963,221471.33333333334,10118.533210566307,221471.33333333334,0.3659291904878206
N06,昌平,113,附表二,電費-決算數,非收支,235339.0,225174.0,10165.0,0.04514286729373729,224938.25,10785.848177898048,229910.0,0.964295976399225
N06,昌平,112,附表二,餐點費-差異率,非收支,-6.0,,,,-6.0,,-6.0,
N06,昌平,113,附表二,餐點費-差異率,非收支,-13.0,-6.0,-7.0,-1.1666666666666667,-9.5,4.949747468305833,-9.5,-0.7071067811865476
N06,昌平,112,附表二,餐點費-決算數,非收支,1349716.0,,,,1349716.0,,1349716.0,
N06,昌平,113,附表二,餐點費-決算數,非收支,1401480.0,1349716.0,51764.0,0.038351771780137454,1375598.0,36602.67542134045,1375598.0,0.7071067811865475
N06,昌平,110,附表四,帳面價值總額,非收支,654156.0,,,,654156.0,,654156.0,
N06,昌平,111,附表四,帳面價值總額,非收支,1290445.0,654156.0,636289.0,0.972686943175634,972300.5,449924.26669440715,972300.5,0.7071067811865475
N06,昌平,112,附表四,帳面價值總額,非收支,1381355.0,1290445.0,90910.0,0.07044856619228251,1108652.0,396221.0463074873,1108652.0,0.6882597543502746
N06,昌平,113,附表四,帳面價值總額,非收支,1595418.0,1381355.0,214063.0,0.1549659573389896,1230343.5,404840.74611341517,1422406.0,0.9017731132669271
N06,昌平,110,附表四,財產筆數,非收支,109.0,,,,109.0,,109.0,
N06,昌平,111,附表四,財產筆數,非收支,171.0,109.0,62.0,0.5688073394495413,140.0,43.840620433565945,140.0,0.7071067811865476
N06,昌平,112,附表四,財產筆數,非收支,182.0,171.0,11.0,0.06432748538011696,154.0,39.35733730830886,154.0,0.7114302418545176
N06,昌平,113,附表四,財產筆數,非收支,173.0,182.0,-9.0,-0.04945054945054945,158.75,33.509948771471834,175.33333333333334,0.4252468452632047
N07,北大,109,收支餘絀表,人事費,收支,8654975.0,,,,8654975.0,,8654975.0,
N07,北大,110,收支餘絀表,人事費,收支,9226416.0,8654975.0,571441.0,0.06602456968391011,8940695.5,404069.8061480219,8940695.5,0.7071067811865476
N07,北大,111,收支餘絀表,人事費,收支,14516199.0,9226416.0,5289783.0,0.5733302075258692,10799196.666666666,3231673.8640562627,10799196.666666666,1.1501786658223943
N07,北大,112,收支餘絀表,人事費,收支,14991246.0,14516199.0,475047.0,0.03272530226404309,11847209.0,3369836.303495765,12911287.0,0.9329939845263321
N07,北大,113,收支餘絀表,人事費,收支,17915419.0,14991246.0,2924173.0,0.1950587029256941,13060851.0,3985157.720227457,15807621.333333334,1.218162075583528
N07,北大,109,收支餘絀表,修繕購置費,收支,205754.0,,,,205754.0,,205754.0,
N07,北大,110,收支餘絀表,修繕購置費,收支,202136.0,205754.0,-3618.0,-0.01758410529078414,203945.0,2558.312334332929,203945.0,-0.7071067811865476
N07,北大,111,收支餘絀表,修繕購置費,收支,227960.0,202136.0,25824.0,0.12775557050698538,211950.0,13982.580448543824,211950.0,1.1449960941699653
N07,北大,112,收支餘絀表,修繕購置費,收支,243262.0,227960.0,15302.0,0.06712581154588525,219778.0,19376.584838407412,224452.66666666666,1.2119782818203881
N07,北大,113,收支餘絀表,修繕購置費,收支,172003.0,243262.0,-71259.0,-0.2929310784257303,210223.0,27167.612243257594,214408.33333333334,-1.406822199086906
N07,北大,109,收支餘絀表,公共事務管理費,收支,150000.0,,,,150000.0,,150000.0,
N07,北大,109,收支餘絀表,其他支出,收支,1289207.0,,,,1289207.0,,1289207.0,
N07,北大,110,收支餘絀表,其他支出,收支,1832078.0,1289207.0,542871.0,0.4210890880983426,1560642.5,383867.7654095222,1560642.5,0.7071067811865476
N07,北大,111,收支餘絀表,其他支出,收支,1412744.0,1832078.0,-419334.0,-0.22888435972704219,1511343.0,284549.7368844329,1511343.0,-0.34650884263528603
N07,北大,112,收支餘絀表,其他支出,收支,2813277.0,1412744.0,1400533.0,0.9913565373485925,1836826.5,691185.2647901285,2019366.3333333333,1.4127189188509242
N07,北大,113,收支餘絀表,其他支出,收支,2652139.0,2813277.0,-161138.0,-0.05727768719539526,1999889.0,700892.0724537409,2292720.0,0.9305997679736187
N07,北大,109,收支餘絀表,其他收入,收支,1289207.0,,,,1289207.0,,1289207.0,
N07,北大,110,收支餘絀表,其他收入,收支,1832078.0,1289207.0,542871.0,0.4210890880983426,1560642.5,383867.7654095222,1560642.5,0.7071067811865476
N07,北大,111,收支餘絀表,其他收入,收支,1412744.0,1832078.0,-419334.0,-0.22888435972704219,1511343.0,284549.7368844329,1511343.0,-0.34650884263528603
N07,北大,112,收支餘絀表,其他收入,收支,2813277.0,1412744.0,1400533.0,0.9913565373485925,1836826.5,691185.2647901285,2019366.3333333333,1.4127189188509242
N07,北大,113,收支餘絀表,其他收入,收支,2652139.0,2813277.0,-161138.0,-0.05727768719539526,1999889.0,700892.0724537409,2292720.0,0.9305997679736187
N07,北大,113,收支餘絀表,其他收入-其它,收支,7029239.0,,,,7029239.0,,7029239.0,
N07,北大,109,收支餘絀表,利息收入,收支,19021.0,,,,19021.0,,19021.0,
N07,北大,110,收支餘絀表,利息收入,收支,27037.0,19021.0,8016.0,0.42142894695336736,23029.0,5668.167957991365,23029.0,0.7071067811865475
N07,北大,111,收支餘絀表,利息收入,收支,67581.0,27037.0,40544.0,1.4995746569515849,37879.666666666664,26032.498253785274,37879.666666666664,1.1409328848803282
N07,北大,112,收支餘絀表,利息收入,收支,125882.0,67581.0,58301.0,0.8626832985602462,59880.25,48866.10936954841,73500.0,1.3506651307323005
N07,北大,113,收支餘絀表,利息收入,收支,197821.0,125882.0,71939.0,0.5714796396625411,87468.4,74809.44182254001,130428.0,1.4751159387310235
N07,北大,111,收支餘絀表,呆帳損失,收支,1714.0,,,,1714.0,,1714.0,
N07,北大,109,收支餘絀表,延後托育支出,收支,204801.0,,,,204801.0,,204801.0,
N07,北大,110,收支餘絀表,延後托育支出,收支,182692.0,204801.0,-22109.0,-0.10795357444543728,193746.5,15633.42382525338,193746.5,-0.7071067811865475
N07,北大,111,收支餘絀表,延後托育支出,收支,291910.0,182692.0,109218.0,0.5978258489698509,226467.66666666666,57742.75897749721,226467.66666666666,1.1333426821332995
N07,北大,109,收支餘絀表,延後托育收入淨額,收支,242250.0,,,,242250.0,,242250.0,
N07,北大,110,收支餘絀表,延後托育收入淨額,收支,188370.0,242250.0,-53880.0,-0.22241486068111455,215310.0,38098.91337033118,215310.0,-0.7071067811865475
N07,北大,111,收支餘絀表,延後托育收入淨額,收支,291910.0,188370.0,103540.0,0.5496628974889844,240843.33333333334,51784.33096346165,240843.33333333334,0.9861412847584847
N07,北大,112,收支餘絀表,延長照顧服務支出,收支,385564.0,,,,385564.0,,385564.0,
N07,北大,113,收支餘絀表,延長照顧服務支出,收支,337990.0,385564.0,-47574.0,-0.12338807565021631,361777.0,33639.89800816881,361777.0,-0.7071067811865475
N07,北大,112,收支餘絀表,延長照顧服務收入淨額,收支,418145.0,,,,418145.0,,418145.0,
N07,北大,113,收支餘絀表,延長照顧服務收入淨額,收支,337990.0,418145.0,-80155.0,-0.19169187721962477,378067.5,56678.144046007714,378067.5,-0.7071067811865476
N07,北大,109,收支餘絀表,所得稅費用,收支,,,,,,,,
N07,北大,110,收支餘絀表,所得稅費用,收支,,,,,,,,
N07,北大,111,收支餘絀表,所得稅費用,收支,,,,,,,,
N07,北大,112,收支餘絀表,所得稅費用,收支,,,,,,,,
N07,北大,113,收支餘絀表,所得稅費用,收支,1109813.0,,,,1109813.0,,1109813.0,
N07,北大,109,收支餘絀表,支出合計,收支,13604626.0,,,,13604626.0,,13604626.0,
N07,北大,110,收支餘絀表,支出合計,收支,14636905.0,13604626.0,1032279.0,0.07587705828884969,14120765.5,729931.4809764681,14120765.5,0.7071067811865476
N07,北大,111,收支餘絀表,支出合計,收支,21332856.0,14636905.0,6695951.0,0.4574704146812458,16524795.666666666,4195769.668391049,16524795.666666666,1.145930476011349
N07,北大,112,收支餘絀表,支出合計,收支,23849400.0,21332856.0,2516544.0,0.1179656394811834,18355946.75,5014855.85370423,19939720.333333332,1.0954359228375934
N07,北大,113,收支餘絀表,支出合計,收支,25409886.0,23849400.0,1560486.0,0.06543082844851443,19766734.6,5367792.489805451,23530714.0,1.0512983522961277
N07,北大,109,收支餘絀表,收入合計,收支,12866751.0,,,,12866751.0,,12866751.0,
N07,北大,110,收支餘絀表,收入合計,收支,16159911.0,12866751.0,3293160.0,0.2559434001637243,14513331.0,2328615.767532291,14513331.0,0.7071067811865475
N07,北大,111,收支餘絀表,收入合計,收支,21855494.0,16159911.0,5695583.0,0.35245138416913313,16960718.666666668,4547564.718534122,16960718.666666668,1.0763508902653134
N07,北大,112,收支餘絀表,收入合計,收支,23797554.0,21855494.0,1942060.0,0.0888591216469415,18669927.5,5047026.443687708,20604319.666666668,1.015969810582843
N07,北大,113,收支餘絀表,收入合計,收支,29145666.0,23797554.0,5348112.0,0.22473368481483433,20765075.2,6407228.446570225,24932904.666666668,1.3079900100153463
N07,北大,109,收支餘絀表,教保費收入,收支,12282361.0,,,,12282361.0,,12282361.0,
N07,北大,110,收支餘絀表,教保費收入,收支,14247593.0,12282361.0,1965232.0,0.1600044160890565,13264977.0,1389628.8738048011,13264977.0,0.7071067811865476
N07,北大,111,收支餘絀表,教保費收入,收支,20293031.0,14247593.0,6045438.0,0.424312934823447,15607661.666666666,4174930.96299344,15607661.666666666,1.1222627092194855
N07,北大,112,收支餘絀表,教保費收入,收支,20772125.0,20293031.0,479094.0,0.02360879456597686,16898777.5,4276441.598359202,18437583.0,0.9057407685600425
N07,北大,113,收支餘絀表,教保費收入,收支,19063795.0,20772125.0,-1708330.0,-0.08224146542541988,17331781.0,3827979.194456783,20042983.666666668,0.4524617068212109
N07,北大,109,收支餘絀表,教保費收入減項,收支,-966088.0,,,,-966088.0,,-966088.0,
N07,北大,110,收支餘絀表,教保費收入減項,收支,-135167.0,-966088.0,830921.0,0.8600883149361135,-550627.5,587549.8737303072,-550627.5,0.7071067811865476
N07,北大,111,收支餘絀表,教保費收入減項,收支,-209772.0,-135167.0,-74605.0,-0.5519468509325501,-437009.0,459711.7767547401,-437009.0,0.49430319493692837
N07,北大,112,收支餘絀表,教保費收入減項,收支,-331875.0,-209772.0,-122103.0,-0.5820748240947314,-410725.5,379016.14030759514,-225604.66666666666,0.20803995295822475
N07,北大,113,收支餘絀表,教保費收入減項,收支,-135318.0,-331875.0,196557.0,0.5922621468926553,-355644.0,350584.917204805,-225655.0,0.6284525921897826
N07,北大,109,收支餘絀表,本期稅前餘絀,收支,-737875.0,,,,-737875.0,,-737875.0,
N07,北大,110,收支餘絀表,本期稅前餘絀,收支,1523006.0,-737875.0,2260881.0,3.0640433677790955,392565.5,1598684.2865558227,392565.5,0.7071067811865476
N07,北大,111,收支餘絀表,本期稅前餘絀,收支,522638.0,1523006.0,-1000368.0,-0.6568378588134256,435923.0,1132932.1879349179,435923.0,0.07654032688228415
N07,北大,112,收支餘絀表,本期稅前餘絀,收支,-51846.0,522638.0,-574484.0,-1.0992005939101253,313980.75,956645.115832538,664599.3333333334,-0.38240591411124547
N07,北大,113,收支餘絀表,本期稅前餘絀,收支,3735780.0,-51846.0,3787626.0,73.05531767156579,998340.6,1740149.2550050986,1402190.6666666667,1.5731060954262681
N07,北大,109,收支餘絀表,本期稅後餘絀,收支,,,,,,,,
N07,北大,110,收支餘絀表,本期稅後餘絀,收支,1523006.0,,,,1523006.0,,1523006.0,
N07,北大,111,收支餘絀表,本期稅後餘絀,收支,522638.0,1523006.0,-1000368.0,-0.6568378588134256,1022822.0,707366.9964820242,1022822.0,-0.7071067811865475
N07,北大,112,收支餘絀表,本期稅後餘絀,收支,,522638.0,,,1022822.0,707366.9964820242,1022822.0,
N07,北大,113,收支餘絀表,本期稅後餘絀,收支,2625967.0,,,,1557203.6666666667,1052081.4278677928,1574302.5,1.0158560972788475
N07,北大,109,收支餘絀表,材料費,收支,1736479.0,,,,1736479.0,,1736479.0,
N07,北大,110,收支餘絀表,材料費,收支,1973721.0,1736479.0,237242.0,0.1366224411582288,1855100.0,167755.4269822589,1855100.0,0.7071067811865475
N07,北大,111,收支餘絀表,材料費,收支,2312942.0,1973721.0,339221.0,0.17186876969946613,2007714.0,289730.97975363286,2007714.0,1.0534876189613716
N07,北大,112,收支餘絀表,材料費,收支,2438717.0,2312942.0,125775.0,0.054378795490764575,2115464.75,320005.609724137,2241793.3333333335,1.0101455730062414
N07,北大,113,收支餘絀表,材料費,收支,2067204.0,2438717.0,-371513.0,-0.1523395293508841,2105812.6,277972.1437290075,2272954.3333333335,-0.13889377360646346
N07,北大,109,收支餘絀表,業務發展費,收支,728000.0,,,,728000.0,,728000.0,
N07,北大,110,收支餘絀表,業務發展費,收支,99000.0,728000.0,-629000.0,-0.864010989010989,413500.0,444770.1653663384,413500.0,-0.7071067811865476
N07,北大,111,收支餘絀表,業務發展費,收支,1400000.0,99000.0,1301000.0,13.141414141414142,742333.3333333334,650618.4237579915,742333.3333333334,1.0108331437464746
N07,北大,112,收支餘絀表,業務發展費,收支,1772000.0,1400000.0,372000.0,0.26571428571428574,999750.0,739767.7000248119,1090333.3333333333,1.0439087837629282
N07,北大,113,收支餘絀表,業務發展費,收支,1170239.0,1772000.0,-601761.0,-0.33959424379232506,1033847.8,645178.647604057,1447413.0,0.2114006725214852
N07,北大,109,收支餘絀表,業務費,收支,456122.0,,,,456122.0,,456122.0,
N07,北大,110,收支餘絀表,業務費,收支,685944.0,456122.0,229822.0,0.5038608091694766,571033.0,162508.69466585474,571033.0,0.7071067811865475
N07,北大,111,收支餘絀表,業務費,收支,588451.0,685944.0,-97493.0,-0.14212967822446146,576839.0,115350.19214981828,576839.0,0.10066736590189801
N07,北大,112,收支餘絀表,業務費,收支,653272.0,588451.0,64821.0,0.11015530604927173,595947.25,101641.25847763135,642555.6666666666,0.5639909507084243
N07,北大,113,收支餘絀表,業務費,收支,596627.0,653272.0,-56645.0,-0.08670967070378036,596083.2,88024.43683830075,612783.3333333334,0.0061778299246491855
N07,北大,109,收支餘絀表,維護費,收支,74894.0,,,,74894.0,,74894.0,
N07,北大,110,收支餘絀表,維護費,收支,67720.0,74894.0,-7174.0,-0.09578871471679974,71307.0,5072.784048232292,71307.0,-0.7071067811865476
N07,北大,111,收支餘絀表,維護費,收支,191755.0,67720.0,124035.0,1.8315859421145895,111456.33333333333,69633.13485929908,111456.33333333333,1.153167480236505
N07,北大,112,收支餘絀表,維護費,收支,155492.0,191755.0,-36263.0,-0.18911110531668013,122465.25,60969.669767707725,138322.33333333334,0.5416914693130329
N07,北大,113,收支餘絀表,維護費,收支,129310.0,155492.0,-26182.0,-0.16838165307539937,123834.2,52889.93849684456,158852.33333333334,0.10353197896659858
N07,北大,109,收支餘絀表,行政管理費,收支,69472.0,,,,69472.0,,69472.0,
N07,北大,110,收支餘絀表,行政管理費,收支,315990.0,69472.0,246518.0,3.548451174573929,192731.0,174314.54948454534,192731.0,0.7071067811865475
N07,北大,111,收支餘絀表,行政管理費,收支,358913.0,315990.0,42923.0,0.13583657710687047,248125.0,156199.4455463911,248125.0,0.709272684115233
N07,北大,112,收支餘絀表,行政管理費,收支,358913.0,358913.0,0.0,0.0,275822.0,139046.77784352525,344605.3333333333,0.5975758754618934
N07,北大,113,收支餘絀表,行政管理費,收支,355553.0,358913.0,-3360.0,-0.00936160016494248,291768.2,125586.27032323238,357793.0,0.5078962838519805
N07,北大,109,收支餘絀表,雜支,收支,34922.0,,,,34922.0,,34922.0,
N07,北大,110,收支餘絀表,雜支,收支,51208.0,34922.0,16286.0,0.4663535879961056,43065.0,11515.941038404113,43065.0,0.7071067811865476
N07,北大,111,收支餘絀表,雜支,收支,30268.0,51208.0,-20940.0,-0.40892048117481644,38799.333333333336,10995.280138920216,38799.333333333336,-0.7759086831389409
N07,北大,112,收支餘絀表,雜支,收支,37657.0,30268.0,7389.0,0.24411920179727764,38513.75,8995.759459323044,39711.0,-0.0952393184671117
N07,北大,113,收支餘絀表,雜支,收支,13402.0,37657.0,-24255.0,-0.6441033539580955,33491.4,13667.94658315579,27109.0,-1.4698184454977261
N07,北大,110,現金流量表,其他應付款,非收支,71141.0,,,,71141.0,,71141.0,
N07,北大,111,現金流量表,其他應付款,非收支,579819.0,71141.0,508678.0,7.150279023347999,325480.0,359689.6632404106,325480.0,0.7071067811865476
N07,北大,112,現金流量表,其他應付款,非收支,47993.0,579819.0,-531826.0,-0.9172276175841081,232984.33333333334,300590.53873555857,232984.33333333334,-0.6154263341471222
N07,北大,113,現金流量表,其他應付款,非收支,2256779.0,47993.0,2208786.0,46.02308670014377,738933.0,1041236.1217284002,961530.3333333334,1.4577346754744265
N07,北大,110,現金流量表,其他應收款,非收支,315175.0,,,,315175.0,,315175.0,
N07,北大,111,現金流量表,其他應收款,非收支,12328.0,315175.0,-302847.0,-0.9608852224954391,163751.5,214145.16736200236,163751.5,-0.7071067811865475
N07,北大,112,現金流量表,其他應收款,非收支,-3102.0,12328.0,-15430.0,-1.251622323166775,108133.66666666667,179468.9569433481,108133.66666666667,-0.6198044974528925
N07,北大,113,現金流量表,其他應收款,非收支,-228426.0,-3102.0,-225324.0,-72.63829787234043,23993.75,223138.61157940223,-73066.66666666667,-1.1312239876968953
N07,北大,110,現金流量表,其他流動負債,非收支,10040.0,,,,10040.0,,10040.0,
N07,北大,111,現金流量表,其他流動負債,非收支,16698.0,10040.0,6658.0,0.6631474103585657,13369.0,4707.9169491400335,13369.0,0.7071067811865475
N07,北大,112,現金流量表,其他流動負債,非收支,14810.0,16698.0,-1888.0,-0.11306743322553599,13849.333333333334,3431.3847544880964,13849.333333333334,0.2799647184449827
N07,北大,113,現金流量表,其他流動負債,非收支,-1946.0,14810.0,-16756.0,-1.1313977042538825,9900.5,8379.900934179752,9854.0,-1.4136801965857093
N07,北大,113,現金流量表,應付帳款,非收支,18326.0,,,,18326.0,,18326.0,
N07,北大,110,現金流量表,應收帳款淨額,非收支,-2351.0,,,,-2351.0,,-2351.0,
N07,北大,111,現金流量表,應收帳款淨額,非收支,-108139.0,-2351.0,-105788.0,-44.99702254359847,-55245.0,74803.4121681625,-55245.0,-0.7071067811865475
N07,北大,112,現金流量表,應收帳款淨額,非收支,33069.0,-108139.0,141208.0,1.3058008674021397,-25807.0,73468.10714861246,-25807.0,0.8013817462440497
N07,北大,113,現金流量表,應收帳款淨額,非收支,-11360.0,33069.0,-44429.0,-1.343524146481599,-22195.25,60419.81571402437,-28810.0,0.17933272175613357
N07,北大,110,現金流量表,投資活動之淨現金流入,非收支,,,,,,,,
N07,北大,111,現金流量表,投資活動之淨現金流入,非收支,,,,,,,,
N07,北大,112,現金流量表,投資活動之淨現金流入,非收支,,,,,,,,
N07,北大,113,現金流量表,投資活動之淨現金流入,非收支,,,,,,,,
N07,北大,110,現金流量表,投資活動之現金流量：,非收支,,,,,,,,
N07,北大,111,現金流量表,投資活動之現金流量：,非收支,,,,,,,,
N07,北大,112,現金流量表,投資活動之現金流量：,非收支,,,,,,,,
N07,北大,113,現金流量表,投資活動之現金流量：,非收支,,,,,,,,
N07,北大,110,現金流量表,期初現金及約當現金餘額,非收支,3835528.0,,,,3835528.0,,3835528.0,
N07,北大,111,現金流量表,期初現金及約當現金餘額,非收支,6036334.0,3835528.0,2200806.0,0.5737947943542584,4935931.0,1556204.846676041,4935931.0,0.7071067811865476
N07,北大,112,現金流量表,期初現金及約當現金餘額,非收支,8778113.0,6036334.0,2741779.0,0.4542126065257489,6216658.333333333,2476221.773074927,6216658.333333333,1.0344205412126313
N07,北大,113,現金流量表,期初現金及約當現金餘額,非收支,9280051.0,8778113.0,501938.0,0.0571806264056979,6982506.5,2536508.7233926477,8031499.333333333,0.905790103858572
N07,北大,110,現金流量表,期末現金及約當現金餘額,非收支,6036334.0,,,,6036334.0,,6036334.0,
N07,北大,111,現金流量表,期末現金及約當現金餘額,非收支,8778113.0,6036334.0,2741779.0,0.4542126065257489,7407223.5,1938730.5234148712,7407223.5,0.7071067811865475
N07,北大,112,現金流量表,期末現金及約當現金餘額,非收支,9280051.0,8778113.0,501938.0,0.0571806264056979,8031499.333333333,1745995.1229778205,8031499.333333333,0.7150945900337017
N07,北大,113,現金流量表,期末現金及約當現金餘額,非收支,10214084.0,9280051.0,934033.0,0.10064955461990456,8577145.5,1795341.6396609126,9424082.666666666,0.9117699182363808
N07,北大,110,現金流量表,本期現金及約當現金增加數,非收支,2200806.0,,,,2200806.0,,2200806.0,
N07,北大,111,現金流量表,本期現金及約當現金增加數,非收支,2741779.0,2200806.0,540973.0,0.24580676352209146,2471292.5,382525.67673883017,2471292.5,0.7071067811865476
N07,北大,112,現金流量表,本期現金及約當現金增加數,非收支,501938.0,2741779.0,-2239841.0,-0.8169298109001492,1814841.0,1168738.0639985164,1814841.0,-1.1233509375986805
N07,北大,113,現金流量表,本期現金及約當現金增加數,非收支,934033.0,501938.0,432095.0,0.8608533324832948,1594639.0,1050993.8747246184,1392583.3333333333,-0.6285536156650695
N07,北大,110,現金流量表,本期稅前餘絀,非收支,1523006.0,,,,1523006.0,,1523006.0,
N07,北大,111,現金流量表,本期稅前餘絀,非收支,522638.0,1523006.0,-1000368.0,-0.6568378588134256,1022822.0,707366.9964820242,1022822.0,-0.7071067811865475
N07,北大,112,現金流量表,本期稅前餘絀,非收支,,522638.0,,,1022822.0,707366.9964820242,1022822.0,
N07,北大,113,現金流量表,本期稅前餘絀,非收支,3735780.0,,,,1927141.3333333333,1644251.928317961,2129209.0,1.0999766127790833
N07,北大,110,現金流量表,營業活動之淨現金流入,非收支,2200806.0,,,,2200806.0,,2200806.0,
N07,北大,111,現金流量表,營業活動之淨現金流入,非收支,2741779.0,2200806.0,540973.0,0.24580676352209146,2471292.5,382525.67673883017,2471292.5,0.7071067811865476
N07,北大,112,現金流量表,營業活動之淨現金流入,非收支,501938.0,2741779.0,-2239841.0,-0.8169298109001492,1814841.0,1168738.0639985164,1814841.0,-1.1233509375986805
N07,北大,113,現金流量表,營業活動之淨現金流入,非收支,934033.0,501938.0,432095.0,0.8608533324832948,1594639.0,1050993.8747246184,1392583.3333333333,-0.6285536156650695
N07,北大,110,現金流量表,營業活動之現金流量：,非收支,,,,,,,,
N07,北大,111,現金流量表,營業活動之現金流量：,非收支,,,,,,,,
N07,北大,112,現金流量表,營業活動之現金流量：,非收支,,,,,,,,
N07,北大,113,現金流量表,營業活動之現金流量：,非收支,,,,,,,,
N07,北大,110,現金流量表,籌資活動之淨現金流入,非收支,,,,,,,,
N07,北大,111,現金流量表,籌資活動之淨現金流入,非收支,,,,,,,,
N07,北大,112,現金流量表,籌資活動之淨現金流入,非收支,,,,,,,,
N07,北大,113,現金流量表,籌資活動之淨現金流入,非收支,,,,,,,,
N07,北大,110,現金流量表,籌資活動之現金流量：,非收支,,,,,,,,
N07,北大,111,現金流量表,籌資活動之現金流量：,非收支,,,,,,,,
N07,北大,112,現金流量表,籌資活動之現金流量：,非收支,,,,,,,,
N07,北大,113,現金流量表,籌資活動之現金流量：,非收支,,,,,,,,
N07,北大,110,現金流量表,調整項目：,非收支,,,,,,,,
N07,北大,111,現金流量表,調整項目：,非收支,,,,,,,,
N07,北大,112,現金流量表,調整項目：,非收支,,,,,,,,
N07,北大,113,現金流量表,調整項目：,非收支,,,,,,,,
N07,北大,111,現金流量表,資產/負債淨變動數,非收支,,,,,,,,
N07,北大,112,現金流量表,資產/負債淨變動數,非收支,,,,,,,,
N07,北大,110,現金流量表,資產／負債淨變動數,非收支,,,,,,,,
N07,北大,113,現金流量表,資產／負債淨變動數,非收支,,,,,,,,
N07,北大,110,現金流量表,預付款項,非收支,58795.0,,,,58795.0,,58795.0,
N07,北大,111,現金流量表,預付款項,非收支,-33990.0,58795.0,-92785.0,-1.578110383536015,12402.5,65608.9026923938,12402.5,-0.7071067811865476
N07,北大,112,現金流量表,預付款項,非收支,31794.0,-33990.0,65784.0,1.9353927625772287,18866.333333333332,47724.28606415536,18866.333333333332,0.27088234802063066
N07,北大,113,現金流量表,預付款項,非收支,11126.0,31794.0,-20668.0,-0.6500597597030886,16931.25,39158.436854867774,2976.6666666666665,-0.14825029971231732
N07,北大,110,現金流量表,預收款項,非收支,225000.0,,,,225000.0,,225000.0,
N07,北大,111,現金流量表,預收款項,非收支,1752425.0,225000.0,1527425.0,6.788555555555556,988712.5,1080052.5752538624,988712.5,0.7071067811865475
N07,北大,112,現金流量表,預收款項,非收支,429220.0,1752425.0,-1323205.0,-0.7550708304207028,802215.0,829216.9409599637,802215.0,-0.44981594269913616
N07,北大,113,現金流量表,預收款項,非收支,-4846095.0,429220.0,-5275315.0,-12.29046875728065,-609862.5,2904178.3612825274,-888150.0,-1.4586681577398772
N07,北大,110,資產負債表,代管財產,非收支,2367179.0,,,,2367179.0,,2367179.0,
N07,北大,110,資產負債表,代管財產,非收支,2994505.0,,,,2680842.0,443586.4686146321,2680842.0,0.7071067811865476
N07,北大,111,資產負債表,代管財產,非收支,2329996.0,2367179.0,-37183.0,-0.015707726369657723,2563893.3333333335,373383.7830896427,2563893.3333333335,-0.6264260632797193
N07,北大,111,資產負債表,代管財產,非收支,2329996.0,2994505.0,-664509.0,-0.22190946416853538,2505419.0,326528.13602812245,2551499.0,-0.5372370115906079
N07,北大,112,資產負債表,代管財產,非收支,1929317.0,2329996.0,-400679.0,-0.17196553127129832,2390198.6,382549.56619280076,2196436.3333333335,-1.2047630966799237
N07,北大,113,資產負債表,代管財產,非收支,1571292.0,1929317.0,-358025.0,-0.18557085227570172,2253714.1666666665,478375.7307069066,1943535.0,-1.426540108249714
N07,北大,110,資產負債表,其他應付款,非收支,1710583.0,,,,1710583.0,,1710583.0,
N07,北大,110,資產負債表,其他應付款,非收支,1639442.0,,,,1675012.5,50304.28352039218,1675012.5,-0.7071067811865475
N07,北大,111,資產負債表,其他應付款,非收支,2290402.0,1710583.0,579819.0,0.33895987508352415,1880142.3333333333,357071.4298853009,1880142.3333333333,1.1489568538105976
N07,北大,111,資產負債表,其他應付款,非收支,2290402.0,1639442.0,650960.0,0.39706192716790223,1982707.25,356480.3676925982,2073415.3333333333,0.8631464110958637
N07,北大,112,資產負債表,其他應付款,非收支,2338395.0,2290402.0,47993.0,0.02095396354002485,2053844.8,347291.58428142196,2306399.6666666665,0.8193409022241651
N07,北大,113,資產負債表,其他應付款,非收支,4594993.0,2338395.0,2256598.0,0.9650200244184579,2477369.5,1082925.7521504879,3074596.6666666665,1.955465086867494
N07,北大,110,資產負債表,其他應收款,非收支,13800.0,,,,13800.0,,13800.0,
N07,北大,110,資產負債表,其他應收款,非收支,328975.0,,,,171387.5,222862.37976047012,171387.5,0.7071067811865475
N07,北大,111,資產負債表,其他應收款,非收支,1472.0,13800.0,-12328.0,-0.8933333333333333,114749.0,185627.52813901284,114749.0,-0.6102381534444021
N07,北大,111,資產負債表,其他應收款,非收支,1472.0,328975.0,-327503.0,-0.9955254958583479,86429.75,161801.23346537462,110639.66666666667,-0.5250747981360779
N07,北大,112,資產負債表,其他應收款,非收支,4574.0,1472.0,3102.0,2.1073369565217392,70058.6,144826.8004369357,2506.0,-0.4521580246365729
N07,北大,113,資產負債表,其他應收款,非收支,233000.0,4574.0,228426.0,49.940096195889815,97215.5,145618.7659798695,79682.0,0.9324656687364801
N07,北大,110,資產負債表,其他流動負債,非收支,33899.0,,,,33899.0,,33899.0,
N07,北大,110,資產負債表,其他流動負債,非收支,23859.0,,,,28879.0,7099.352083112937,28879.0,-0.7071067811865476
N07,北大,111,資產負債表,其他流動負債,非收支,50597.0,33899.0,16698.0,0.4925809020915071,36118.333333333336,13506.451841003,36118.333333333336,1.0719815120291034
N07,北大,111,資產負債表,其他流動負債,非收支,50597.0,23859.0,26738.0,1.1206672534473365,39738.0,13191.819738004306,41684.333333333336,0.8231616422650404
N07,北大,112,資產負債表,其他流動負債,非收支,65407.0,50597.0,14810.0,0.29270510109295017,44871.8,16195.604131985938,55533.666666666664,1.2679489960762538
N07,北大,113,資產負債表,其他流動負債,非收支,63461.0,65407.0,-1946.0,-0.02975216719922944,47970.0,16353.32180323007,59821.666666666664,0.9472693185148631
N07,北大,110,資產負債表,應付代管財產,非收支,2367179.0,,,,2367179.0,,2367179.0,
N07,北大,110,資產負債表,應付代管財產,非收支,2994505.0,,,,2680842.0,443586.4686146321,2680842.0,0.7071067811865476
N07,北大,111,資產負債表,應付代管財產,非收支,2329996.0,2367179.0,-37183.0,-0.015707726369657723,2563893.3333333335,373383.7830896427,2563893.3333333335,-0.6264260632797193
N07,北大,111,資產負債表,應付代管財產,非收支,2329996.0,2994505.0,-664509.0,-0.22190946416853538,2505419.0,326528.13602812245,2551499.0,-0.5372370115906079
N07,北大,112,資產負債表,應付代管財產,非收支,1929317.0,2329996.0,-400679.0,-0.17196553127129832,2390198.6,382549.56619280076,2196436.3333333335,-1.2047630966799237
N07,北大,113,資產負債表,應付代管財產,非收支,1571292.0,1929317.0,-358025.0,-0.18557085227570172,2253714.1666666665,478375.7307069066,1943535.0,-1.426540108249714
N07,北大,113,資產負債表,應付帳款,非收支,18356.0,,,,18356.0,,18356.0,
N07,北大,113,資產負債表,應付所得稅,非收支,1109813.0,,,,1109813.0,,1109813.0,
N07,北大,110,資產負債表,應付購置財產,非收支,402575.0,,,,402575.0,,402575.0,
N07,北大,110,資產負債表,應付購置財產,非收支,252425.0,,,,327500.0,106172.08319516011,327500.0,-0.7071067811865475
N07,北大,111,資產負債表,應付購置財產,非收支,491345.0,402575.0,88770.0,0.22050549587033472,382115.0,120766.92552184973,382115.0,0.9044694938452962
N07,北大,111,資產負債表,應付購置財產,非收支,491345.0,252425.0,238920.0,0.9464989600871546,409422.5,112720.443687026,411705.0,0.7267758830639627
N07,北大,112,資產負債表,應付購置財產,非收支,519345.0,491345.0,28000.0,0.05698643519319419,431407.0,109297.8271513208,500678.3333333333,0.8045722617911835
N07,北大,113,資產負債表,應付購置財產,非收支,580811.0,519345.0,61466.0,0.11835292531939269,456307.6666666667,115226.17419087846,530500.3333333334,1.080512602345772
N07,北大,110,資產負債表,應收帳款淨額,非收支,2351.0,,,,2351.0,,2351.0,
N07,北大,110,資產負債表,應收帳款淨額,非收支,,,,,2351.0,,2351.0,
N07,北大,111,資產負債表,應收帳款淨額,非收支,110490.0,2351.0,108139.0,45.99702254359847,56420.5,76465.82021073207,56420.5,0.7071067811865475
N07,北大,111,資產負債表,應收帳款淨額,非收支,110490.0,,,,74443.66666666667,62434.08075989694,110490.0,0.5773502691896257
N07,北大,112,資產負債表,應收帳款淨額,非收支,77421.0,110490.0,-33069.0,-0.2992940537605213,75188.0,50998.94530281974,99467.0,0.04378521921857347
N07,北大,113,資產負債表,應收帳款淨額,非收支,88781.0,77421.0,11360.0,0.14673021531625785,77906.6,44582.76849075212,92230.66666666667,0.24391486594771902
N07,北大,110,資產負債表,本期餘絀,非收支,1523006.0,,,,1523006.0,,1523006.0,
N07,北大,110,資產負債表,本期餘絀,非收支,-737875.0,,,,392565.5,1598684.2865558227,392565.5,-0.7071067811865476
N07,北大,111,資產負債表,本期餘絀,非收支,522638.0,1523006.0,-1000368.0,-0.6568378588134256,435923.0,1132932.1879349179,435923.0,0.07654032688228415
N07,北大,111,資產負債表,本期餘絀,非收支,522638.0,-737875.0,1260513.0,1.7083015415890226,457601.75,926050.8091418365,102467.0,0.07022967785133577
N07,北大,112,資產負債表,本期餘絀,非收支,-51846.0,522638.0,-574484.0,-1.0992005939101253,355712.2,833717.5647845018,331143.3333333333,-0.4888444447075373
N07,北大,113,資產負債表,本期餘絀,非收支,2625967.0,-51846.0,2677813.0,51.64936542838406,734088.0,1189570.2830930168,1032253.0,1.5903885855999205
N07,北大,110,資產負債表,業務發展準備,非收支,2687000.0,,,,2687000.0,,2687000.0,
N07,北大,110,資產負債表,業務發展準備,非收支,2588000.0,,,,2637500.0,70003.57133746821,2637500.0,-0.7071067811865475
N07,北大,111,資產負債表,業務發展準備,非收支,4087000.0,2687000.0,1400000.0,0.5210271678451805,3120666.6666666665,838331.875412914,3120666.6666666665,1.1526859012218442
N07,北大,111,資產負債表,業務發展準備,非收支,4087000.0,2588000.0,1499000.0,0.5792117465224111,3362250.0,837844.6057195412,3587333.3333333335,0.8650172061173378
N07,北大,112,資產負債表,業務發展準備,非收支,5859000.0,4087000.0,1772000.0,0.43356985563983363,3861600.0,1331630.5043066563,4677666.666666667,1.4999656387715388
N07,北大,113,資產負債表,業務發展準備,非收支,,5859000.0,,,3861600.0,1331630.5043066563,4973000.0,
N07,北大,110,資產負債表,業務發展準備金,非收支,2687000.0,,,,2687000.0,,2687000.0,
N07,北大,110,資產負債表,業務發展準備金,非收支,2588000.0,,,,2637500.0,70003.57133746821,2637500.0,-0.7071067811865475
N07,北大,111,資產負債表,業務發展準備金,非收支,4087000.0,2687000.0,1400000.0,0.5210271678451805,3120666.6666666665,838331.875412914,3120666.6666666665,1.1526859012218442
N07,北大,111,資產負債表,業務發展準備金,非收支,4087000.0,2588000.0,1499000.0,0.5792117465224111,3362250.0,837844.6057195412,3587333.3333333335,0.8650172061173378
N07,北大,112,資產負債表,業務發展準備金,非收支,5859000.0,4087000.0,1772000.0,0.43356985563983363,3861600.0,1331630.5043066563,4677666.666666667,1.4999656387715388
N07,北大,113,資產負債表,業務發展準備金,非收支,,5859000.0,,,3861600.0,1331630.5043066563,4973000.0,
N07,北大,110,資產負債表,流動負債合計,非收支,4408932.0,,,,4408932.0,,4408932.0,
N07,北大,110,資產負債表,流動負債合計,非收支,4102751.0,,,,4255841.5,216502.6613704783,4255841.5,-0.7071067811865476
N07,北大,111,資產負債表,流動負債合計,非收支,6757874.0,4408932.0,2348942.0,0.5327689336102258,5089852.333333333,1452638.6032122145,5089852.333333333,1.1482702325121863
N07,北大,111,資產負債表,流動負債合計,非收支,6757874.0,4102751.0,2655123.0,0.6471567492153436,5506857.75,1449947.1293161865,5872833.0,0.8628012875131489
N07,北大,112,資產負債表,流動負債合計,非收支,7249897.0,6757874.0,492023.0,0.07280736515655663,5855465.6,1477970.626828321,6921881.666666667,0.9434770723369562
N07,北大,113,資產負債表,流動負債合計,非收支,5786623.0,7249897.0,-1463274.0,-0.2018337639831297,5843991.833333333,1322235.8424059479,6598131.333333333,-0.04338774634103427
N07,北大,110,資產負債表,流動資產合計,非收支,6061415.0,,,,6061415.0,,6061415.0,
N07,北大,110,資產負債表,流動資產合計,非收支,4232228.0,,,,5146821.5,1293430.5317582772,5146821.5,-0.7071067811865476
N07,北大,111,資產負債表,流動資產合計,非收支,8932995.0,6061415.0,2871580.0,0.4737474665569013,6408879.333333333,2369567.7230829117,6408879.333333333,1.0652219989655674
N07,北大,111,資產負債表,流動資產合計,非收支,8932995.0,4232228.0,4700767.0,1.1107074099032472,7039908.25,2309983.572278293,7366072.666666667,0.8195239016928958
N07,北大,112,資產負債表,流動資產合計,非收支,9373172.0,8932995.0,440177.0,0.04927541099037892,7506561.0,2256289.437009246,9079720.666666666,0.8272923541556919
N07,北大,113,資產負債表,流動資產合計,非收支,10535865.0,9373172.0,1162693.0,0.12404477374361636,8011445.0,2366879.958845315,9614010.666666666,1.0665602159357255
N07,北大,110,資產負債表,現金及銀行存款,非收支,6036334.0,,,,6036334.0,,6036334.0,
N07,北大,110,資產負債表,現金及銀行存款,非收支,3835528.0,,,,4935931.0,1556204.846676041,4935931.0,-0.7071067811865476
N07,北大,111,資產負債表,現金及銀行存款,非收支,8778113.0,6036334.0,2741779.0,0.4542126065257489,6216658.333333333,2476221.773074927,6216658.333333333,1.0344205412126313
N07,北大,111,資產負債表,現金及銀行存款,非收支,8778113.0,3835528.0,4942585.0,1.2886322300345612,6857022.0,2393333.522233651,7130584.666666667,0.802684198484415
N07,北大,112,資產負債表,現金及銀行存款,非收支,9280051.0,8778113.0,501938.0,0.0571806264056979,7341627.8,2338856.1132429033,8945425.666666666,0.8287911295715882
N07,北大,113,資產負債表,現金及銀行存款,非收支,10214084.0,9280051.0,934033.0,0.10064955461990456,7820370.5,2398200.5278088613,9424082.666666666,0.9981290022427937
N07,北大,110,資產負債表,累積餘絀,非收支,129477.0,,,,129477.0,,129477.0,
N07,北大,110,資產負債表,累積餘絀,非收支,867352.0,,,,498414.5,521756.4161680238,498414.5,0.7071067811865475
N07,北大,111,資產負債表,累積餘絀,非收支,1652483.0,129477.0,1523006.0,11.762753230303451,883104.0,761625.1789016695,883104.0,1.010180625999671
N07,北大,111,資產負債表,累積餘絀,非收支,1652483.0,867352.0,785131.0,0.9052045766885878,1075448.75,731232.7172897262,1390772.6666666667,0.7891253172297127
N07,北大,112,資產負債表,累積餘絀,非收支,2175121.0,1652483.0,522638.0,0.31627435804180737,1295383.2,801799.0874341277,1826695.6666666667,1.0972047908102358
N07,北大,113,資產負債表,累積餘絀,非收支,2123275.0,2175121.0,-51846.0,-0.023835915335284796,1433365.1666666667,792804.8688292514,1983626.3333333333,0.870213920800127
N07,北大,110,資產負債表,負債及餘絀總計,非收支,11779938.0,,,,11779938.0,,11779938.0,
N07,北大,110,資產負債表,負債及餘絀總計,非收支,10269638.0,,,,11024788.0,1067943.3716260428,11024788.0,-0.7071067811865475
N07,北大,111,資產負債表,負債及餘絀總計,非收支,16195719.0,11779938.0,4415781.0,0.37485604762945274,12748431.666666666,3079463.2635282944,12748431.666666666,1.1194442142438825
N07,北大,111,資產負債表,負債及餘絀總計,非收支,16195719.0,10269638.0,5926081.0,0.5770486749386882,13610253.5,3048443.8900178233,14220358.666666666,0.8481263206011915
N07,北大,112,資產負債表,負債及餘絀總計,非收支,18129973.0,16195719.0,1934254.0,0.119429955533311,14514197.4,3324955.711686443,16840470.333333332,1.0874657930905343
N07,北大,113,資產負債表,負債及餘絀總計,非收支,12687968.0,18129973.0,-5442005.0,-0.3001661944008411,14209825.833333334,3065960.9735467555,15671220.0,-0.49637221297465606
N07,北大,110,資產負債表,負債總額,非收支,10127455.0,,,,10127455.0,,10127455.0,
N07,北大,110,資產負債表,負債總額,非收支,10140161.0,,,,10133808.0,8984.498761756273,10133808.0,0.7071067811865476
N07,北大,111,資產負債表,負債總額,非收支,14020598.0,10127455.0,3893143.0,0.384414741907024,11429404.666666666,2244048.2456137915,11429404.666666666,1.1546959110162052
N07,北大,111,資產負債表,負債總額,非收支,14020598.0,10140161.0,3880437.0,0.3826800185914208,12077203.0,2244045.248007714,12727119.0,0.8660230900982794
N07,北大,112,資產負債表,負債總額,非收支,16006698.0,14020598.0,1986100.0,0.1416558694572086,12863102.0,2620112.6879076213,14682631.333333334,1.1997941975962965
N07,北大,113,資產負債表,負債總額,非收支,7938726.0,16006698.0,-8067972.0,-0.5040372474073042,12042372.666666666,3087648.333186645,12655340.666666666,-1.3290524774339982
N07,北大,110,資產負債表,資產總計,非收支,11779938.0,,,,11779938.0,,11779938.0,
N07,北大,110,資產負債表,資產總計,非收支,10269638.0,,,,11024788.0,1067943.3716260428,11024788.0,-0.7071067811865475
N07,北大,111,資產負債表,資產總計,非收支,16195719.0,11779938.0,4415781.0,0.37485604762945274,12748431.666666666,3079463.2635282944,12748431.666666666,1.1194442142438825
N07,北大,111,資產負債表,資產總計,非收支,16195719.0,10269638.0,5926081.0,0.5770486749386882,13610253.5,3048443.8900178233,14220358.666666666,0.8481263206011915
N07,北大,112,資產負債表,資產總計,非收支,18129973.0,16195719.0,1934254.0,0.119429955533311,14514197.4,3324955.711686443,16840470.333333332,1.0874657930905343
N07,北大,113,資產負債表,資產總計,非收支,12687968.0,18129973.0,-5442005.0,-0.3001661944008411,14209825.833333334,3065960.9735467555,15671220.0,-0.49637221297465606
N07,北大,111,資產負債表,資遣費準備,非收支,354383.0,,,,354383.0,,354383.0,
N07,北大,112,資產負債表,資遣費準備,非收支,449139.0,354383.0,94756.0,0.2673830290956395,401761.0,67002.6101581125,401761.0,0.7071067811865476
N07,北大,113,資產負債表,資遣費準備,非收支,,449139.0,,,401761.0,67002.6101581125,401761.0,
N07,北大,111,資產負債表,資遣費準備金,非收支,354383.0,,,,354383.0,,354383.0,
N07,北大,112,資產負債表,資遣費準備金,非收支,449139.0,354383.0,94756.0,0.2673830290956395,401761.0,67002.6101581125,401761.0,0.7071067811865476
N07,北大,113,資產負債表,資遣費準備金,非收支,,449139.0,,,401761.0,67002.6101581125,401761.0,
N07,北大,110,資產負債表,資遺費準備,非收支,261769.0,,,,261769.0,,261769.0,
N07,北大,110,資產負債表,資遺費準備,非收支,202480.0,,,,232124.5,41923.653949769214,232124.5,-0.7071067811865476
N07,北大,110,資產負債表,資遺費準備金,非收支,261769.0,,,,261769.0,,261769.0,
N07,北大,110,資產負債表,資遺費準備金,非收支,202480.0,,,,232124.5,41923.653949769214,232124.5,-0.7071067811865476
N07,北大,110,資產負債表,購置財產,非收支,402575.0,,,,402575.0,,402575.0,
N07,北大,110,資產負債表,購置財產,非收支,252425.0,,,,327500.0,106172.08319516011,327500.0,-0.7071067811865475
N07,北大,111,資產負債表,購置財產,非收支,491345.0,402575.0,88770.0,0.22050549587033472,382115.0,120766.92552184973,382115.0,0.9044694938452962
N07,北大,111,資產負債表,購置財產,非收支,491345.0,252425.0,238920.0,0.9464989600871546,409422.5,112720.443687026,411705.0,0.7267758830639627
N07,北大,112,資產負債表,購置財產,非收支,519345.0,491345.0,28000.0,0.05698643519319419,431407.0,109297.8271513208,500678.3333333333,0.8045722617911835
N07,北大,113,資產負債表,購置財產,非收支,580811.0,519345.0,61466.0,0.11835292531939269,456307.6666666667,115226.17419087846,530500.3333333334,1.080512602345772
N07,北大,110,資產負債表,非流動負債合計,非收支,5718523.0,,,,5718523.0,,5718523.0,
N07,北大,110,資產負債表,非流動負債合計,非收支,6037410.0,,,,5877966.5,225487.16013223457,5877966.5,0.7071067811865476
N07,北大,111,資產負債表,非流動負債合計,非收支,7262724.0,5718523.0,1544201.0,0.27003493734308665,6339552.333333333,815234.1223810087,6339552.333333333,1.132400670338002
N07,北大,111,資產負債表,非流動負債合計,非收支,7262724.0,6037410.0,1225314.0,0.20295358440125816,6570345.25,810020.1218057796,6854286.0,0.8547673463425557
N07,北大,112,資產負債表,非流動負債合計,非收支,8756801.0,7262724.0,1494077.0,0.20571854307006573,7007636.4,1203418.9618081062,7760749.666666667,1.4534959606851505
N07,北大,113,資產負債表,非流動負債合計,非收支,2152103.0,8756801.0,-6604698.0,-0.7542363929476072,6198380.833333333,2255646.512908742,6057209.333333333,-1.7938439423806278
N07,北大,110,資產負債表,非流動資產合計,非收支,5718523.0,,,,5718523.0,,5718523.0,
N07,北大,110,資產負債表,非流動資產合計,非收支,6037410.0,,,,5877966.5,225487.16013223457,5877966.5,0.7071067811865476
N07,北大,111,資產負債表,非流動資產合計,非收支,7262724.0,5718523.0,1544201.0,0.27003493734308665,6339552.333333333,815234.1223810087,6339552.333333333,1.132400670338002
N07,北大,111,資產負債表,非流動資產合計,非收支,7262724.0,6037410.0,1225314.0,0.20295358440125816,6570345.25,810020.1218057796,6854286.0,0.8547673463425557
N07,北大,112,資產負債表,非流動資產合計,非收支,8756801.0,7262724.0,1494077.0,0.20571854307006573,7007636.4,1203418.9618081062,7760749.666666667,1.4534959606851505
N07,北大,113,資產負債表,非流動資產合計,非收支,2152103.0,8756801.0,-6604698.0,-0.7542363929476072,6198380.833333333,2255646.512908742,6057209.333333333,-1.7938439423806278
N07,北大,110,資產負債表,預付款項,非收支,8930.0,,,,8930.0,,8930.0,
N07,北大,110,資產負債表,預付款項,非收支,67725.0,,,,38327.5,41574.34319986306,38327.5,0.7071067811865475
N07,北大,111,資產負債表,預付款項,非收支,42920.0,8930.0,33990.0,3.8062709966405377,39858.333333333336,29516.83178007649,39858.333333333336,0.10372612784049719
N07,北大,111,資產負債表,預付款項,非收支,42920.0,67725.0,-24805.0,-0.3662606127722407,40623.75,24148.961804806433,51188.333333333336,0.09508690346857773
N07,北大,112,資產負債表,預付款項,非收支,11126.0,42920.0,-31794.0,-0.7407735321528425,34724.2,24726.558963996587,32322.0,-0.9543665187849408
N07,北大,113,資產負債表,預付款項,非收支,,11126.0,,,34724.2,24726.558963996587,27023.0,
N07,北大,110,資產負債表,預收款項,非收支,2664450.0,,,,2664450.0,,2664450.0,
N07,北大,110,資產負債表,預收款項,非收支,2439450.0,,,,2551950.0,159099.02576697318,2551950.0,-0.7071067811865476
N07,北大,111,資產負債表,預收款項,非收支,4416875.0,2664450.0,1752425.0,0.6577060931899642,3173591.6666666665,1082576.2491429108,3173591.6666666665,1.1484487437422135
N07,北大,111,資產負債表,預收款項,非收支,4416875.0,2439450.0,1977425.0,0.8106027998114329,3484412.5,1080626.0154226962,3757733.3333333335,0.8628910341708359
N07,北大,112,資產負債表,預收款項,非收支,4846095.0,4416875.0,429220.0,0.09717730295740767,3756749.0,1116534.9457439745,4559948.333333333,0.975648817936587
N07,北大,113,資產負債表,預收款項,非收支,,4846095.0,,,3756749.0,1116534.9457439745,4631485.0,
N07,北大,110,資產負債表,餘絀總額,非收支,1652483.0,,,,1652483.0,,1652483.0,
N07,北大,110,資產負債表,餘絀總額,非收支,129477.0,,,,890980.0,1076927.870387799,890980.0,-0.7071067811865475
N07,北大,111,資產負債表,餘絀總額,非收支,2175121.0,1652483.0,522638.0,0.31627435804180737,1319027.0,1062807.3774847444,1319027.0,0.8055025003929166
N07,北大,111,資產負債表,餘絀總額,非收支,2175121.0,129477.0,2045644.0,15.799284815063679,1533050.5,967607.3146166613,1493239.6666666667,0.663565157374167
N07,北大,112,資產負債表,餘絀總額,非收支,2123275.0,2175121.0,-51846.0,-0.023835915335284796,1651095.4,878561.8524354447,2157839.0,0.5374460531049464
N07,北大,113,資產負債表,餘絀總額,非收支,4749242.0,2123275.0,2625967.0,1.2367531290106086,2167453.1666666665,1489042.914769674,3015879.3333333335,1.733857908140066
N07,北大,111,附表三,事務機器耗材-執行率,非收支,96.0,,,,96.0,,96.0,
N07,北大,111,附表三,事務機器耗材-決算數,非收支,76440.0,,,,76440.0,,76440.0,
N07,北大,111,附表三,五日未上課退費-執行率,非收支,,,,,,,,
N07,北大,112,附表三,五日未上課退費-執行率,非收支,,,,,,,,
N07,北大,113,附表三,五日未上課退費-執行率,非收支,,,,,,,,
N07,北大,111,附表三,五日未上課退費-決算數,非收支,-145669.0,,,,-145669.0,,-145669.0,
N07,北大,112,附表三,五日未上課退費-決算數,非收支,-193128.0,-145669.0,-47459.0,-0.3258002732221681,-169398.5,33558.58072833236,-169398.5,-0.7071067811865476
N07,北大,113,附表三,五日未上課退費-決算數,非收支,-46925.0,-193128.0,146203.0,0.7570264280684313,-128574.0,74585.57884068474,-128574.0,1.0947022369351422
N07,北大,111,附表三,人事費-執行率,非收支,88.0,,,,88.0,,88.0,
N07,北大,112,附表三,人事費-執行率,非收支,89.0,88.0,1.0,0.011363636363636364,88.5,0.7071067811865476,88.5,0.7071067811865475
N07,北大,113,附表三,人事費-執行率,非收支,105.0,89.0,16.0,0.1797752808988764,94.0,9.539392014169456,94.0,1.1531133203941102
N07,北大,111,附表三,人事費-決算數,非收支,14516199.0,,,,14516199.0,,14516199.0,
N07,北大,112,附表三,人事費-決算數,非收支,14991246.0,14516199.0,475047.0,0.03272530226404309,14753722.5,335908.95508232585,14753722.5,0.7071067811865475
N07,北大,113,附表三,人事費-決算數,非收支,17915419.0,14991246.0,2924173.0,0.1950587029256941,15807621.333333334,1840794.8461890947,15807621.333333334,1.1450475706352252
N07,北大,112,附表三,代課費及代班費-執行率,非收支,60.0,,,,60.0,,60.0,
N07,北大,112,附表三,代課費及代班費-決算數,非收支,189424.0,,,,189424.0,,189424.0,
N07,北大,111,附表三,代課費及廚工代班費-執行率,非收支,52.0,,,,52.0,,52.0,
N07,北大,111,附表三,代課費及廚工代班費-決算數,非收支,165101.0,,,,165101.0,,165101.0,
N07,北大,111,附表三,保全-執行率,非收支,20.0,,,,20.0,,20.0,
N07,北大,111,附表三,保全-決算數,非收支,24000.0,,,,24000.0,,24000.0,
N07,北大,111,附表三,保險費-執行率,非收支,84.0,,,,84.0,,84.0,
N07,北大,112,附表三,保險費-執行率,非收支,97.0,84.0,13.0,0.15476190476190477,90.5,9.192388155425117,90.5,0.7071067811865476
N07,北大,113,附表三,保險費-執行率,非收支,93.0,97.0,-4.0,-0.041237113402061855,91.33333333333333,6.658328118479393,91.33333333333333,0.25031308716088013
N07,北大,111,附表三,保險費-決算數,非收支,19369.0,,,,19369.0,,19369.0,
N07,北大,112,附表三,保險費-決算數,非收支,22195.0,19369.0,2826.0,0.1459032474572771,20782.0,1998.2837636331833,20782.0,0.7071067811865476
N07,北大,113,附表三,保險費-決算數,非收支,21483.0,22195.0,-712.0,-0.032079297138995266,21015.666666666668,1469.8194900508474,21015.666666666668,0.3179528755038927
N07,北大,111,附表三,修繕費-執行率,非收支,122.0,,,,122.0,,122.0,
N07,北大,111,附表三,修繕費-決算數,非收支,164975.0,,,,164975.0,,164975.0,
N07,北大,110,附表三,修繕購置費-執行率,非收支,96.0,,,,96.0,,96.0,
N07,北大,111,附表三,修繕購置費-執行率,非收支,89.0,96.0,-7.0,-0.07291666666666667,92.5,4.949747468305833,92.5,-0.7071067811865476
N07,北大,110,附表三,修繕購置費-決算數,非收支,202136.0,,,,202136.0,,202136.0,
N07,北大,111,附表三,修繕購置費-決算數,非收支,227960.0,202136.0,25824.0,0.12775557050698538,215048.0,18260.3255173614,215048.0,0.7071067811865476
N07,北大,111,附表三,健康檢查-執行率,非收支,115.0,,,,115.0,,115.0,
N07,北大,112,附表三,健康檢查-執行率,非收支,,115.0,,,115.0,,115.0,
N07,北大,113,附表三,健康檢查-執行率,非收支,100.0,,,,107.5,10.606601717798213,107.5,-0.7071067811865475
N07,北大,111,附表三,健康檢查-決算數,非收支,26478.0,,,,26478.0,,26478.0,
N07,北大,112,附表三,健康檢查-決算數,非收支,,26478.0,,,26478.0,,26478.0,
N07,北大,113,附表三,健康檢查-決算數,非收支,23072.0,,,,24775.0,2408.405696721381,24775.0,-0.7071067811865475
N07,北大,110,附表三,其他支出-執行率,非收支,,,,,,,,
N07,北大,111,附表三,其他支出-執行率,非收支,,,,,,,,
N07,北大,110,附表三,其他支出-決算數,非收支,1832078.0,,,,1832078.0,,1832078.0,
N07,北大,111,附表三,其他支出-決算數,非收支,1412744.0,1832078.0,-419334.0,-0.22888435972704219,1622411.0,296513.9149820797,1622411.0,-0.7071067811865476
N07,北大,113,附表三,其他收入-其它-執行率,非收支,,,,,,,,
N07,北大,113,附表三,其他收入-其它-決算數,非收支,7029239.0,,,,7029239.0,,7029239.0,
N07,北大,111,附表三,其他收入-執行率,非收支,,,,,,,,
N07,北大,112,附表三,其他收入-執行率,非收支,,,,,,,,
N07,北大,113,附表三,其他收入-執行率,非收支,,,,,,,,
N07,北大,111,附表三,其他收入-決算數,非收支,1412744.0,,,,1412744.0,,1412744.0,
N07,北大,112,附表三,其他收入-決算數,非收支,2813277.0,1412744.0,1400533.0,0.9913565373485925,2113010.5,990326.381575539,2113010.5,0.7071067811865475
N07,北大,113,附表三,其他收入-決算數,非收支,2652139.0,2813277.0,-161138.0,-0.05727768719539526,2292720.0,766328.7050561267,2292720.0,0.4690141418801163
N07,北大,111,附表三,利息收入-執行率,非收支,,,,,,,,
N07,北大,112,附表三,利息收入-執行率,非收支,,,,,,,,
N07,北大,113,附表三,利息收入-執行率,非收支,,,,,,,,
N07,北大,111,附表三,利息收入-決算數,非收支,67581.0,,,,67581.0,,67581.0,
N07,北大,112,附表三,利息收入-決算數,非收支,125882.0,67581.0,58301.0,0.8626832985602462,96731.5,41225.03244995691,96731.5,0.7071067811865475
N07,北大,113,附表三,利息收入-決算數,非收支,197821.0,125882.0,71939.0,0.5714796396625411,130428.0,65238.89933927457,130428.0,1.033018654246802
N07,北大,111,附表三,加班費-執行率,非收支,26.0,,,,26.0,,26.0,
N07,北大,112,附表三,加班費-執行率,非收支,26.0,26.0,0.0,0.0,26.0,0.0,26.0,
N07,北大,113,附表三,加班費-執行率,非收支,49.0,26.0,23.0,0.8846153846153846,33.666666666666664,13.279056191361393,33.666666666666664,1.1547005383792517
N07,北大,111,附表三,加班費-決算數,非收支,319617.0,,,,319617.0,,319617.0,
N07,北大,112,附表三,加班費-決算數,非收支,333335.0,319617.0,13718.0,0.04292012001864732,326476.0,9700.09082431706,326476.0,0.7071067811865475
N07,北大,113,附表三,加班費-決算數,非收支,630725.0,333335.0,297390.0,0.8921655391723041,427892.3333333333,175792.1041495702,427892.3333333333,1.1538212574899804
N07,北大,111,附表三,勞、健保費-執行率,非收支,93.0,,,,93.0,,93.0,
N07,北大,112,附表三,勞、健保費-執行率,非收支,91.0,93.0,-2.0,-0.021505376344086023,92.0,1.4142135623730951,92.0,-0.7071067811865475
N07,北大,113,附表三,勞、健保費-執行率,非收支,107.0,91.0,16.0,0.17582417582417584,97.0,8.717797887081348,97.0,1.1470786693528088
N07,北大,111,附表三,勞、健保費-決算數,非收支,1469410.0,,,,1469410.0,,1469410.0,
N07,北大,112,附表三,勞、健保費-決算數,非收支,1466280.0,1469410.0,-3130.0,-0.0021301066414411225,1467845.0,2213.2442251138937,1467845.0,-0.7071067811865476
N07,北大,113,附表三,勞、健保費-決算數,非收支,1631882.0,1466280.0,165602.0,0.1129402296969201,1522524.0,94719.73578932746,1522524.0,1.1545429164121666
N07,北大,111,附表三,勞退金提撥-執行率,非收支,100.0,,,,100.0,,100.0,
N07,北大,112,附表三,勞退金提撥-執行率,非收支,100.0,100.0,0.0,0.0,100.0,0.0,100.0,
N07,北大,113,附表三,勞退金提撥-執行率,非收支,107.0,100.0,7.0,0.07,102.33333333333333,4.041451884327382,102.33333333333333,1.1547005383792521
N07,北大,111,附表三,勞退金提撥-決算數,非收支,664268.0,,,,664268.0,,664268.0,
N07,北大,112,附表三,勞退金提撥-決算數,非收支,684558.0,664268.0,20290.0,0.03054490055218677,674413.0,14347.196590275049,674413.0,0.7071067811865476
N07,北大,113,附表三,勞退金提撥-決算數,非收支,748631.0,684558.0,64073.0,0.09359762065449531,699152.3333333334,44034.360064991655,699152.3333333334,1.1236376909676797
N07,北大,111,附表三,呆帳損失-執行率,非收支,,,,,,,,
N07,北大,111,附表三,呆帳損失-決算數,非收支,1714.0,,,,1714.0,,1714.0,
N07,北大,110,附表三,園務特支-執行率,非收支,100.0,,,,100.0,,100.0,
N07,北大,111,附表三,園務特支-執行率,非收支,40.0,100.0,-60.0,-0.6,70.0,42.42640687119285,70.0,-0.7071067811865475
N07,北大,110,附表三,園務特支-決算數,非收支,41900.0,,,,41900.0,,41900.0,
N07,北大,111,附表三,園務特支-決算數,非收支,18144.0,41900.0,-23756.0,-0.5669689737470167,30022.0,16798.02869386762,30022.0,-0.7071067811865476
N07,北大,110,附表三,園舍消毒、清潔-執行率,非收支,91.0,,,,91.0,,91.0,
N07,北大,111,附表三,園舍消毒、清潔-執行率,非收支,52.0,91.0,-39.0,-0.42857142857142855,71.5,27.577164466275352,71.5,-0.7071067811865476
N07,北大,110,附表三,園舍消毒、清潔-決算數,非收支,22829.0,,,,22829.0,,22829.0,
N07,北大,111,附表三,園舍消毒、清潔-決算數,非收支,23214.0,22829.0,385.0,0.016864514433396118,23021.5,272.2361107568208,23021.5,0.7071067811865476
N07,北大,111,附表三,園長及教保服務人員薪資(含職務加給)-執行率,非收支,92.0,,,,92.0,,92.0,
N07,北大,112,附表三,園長及教保服務人員薪資(含職務加給)-執行率,非收支,93.0,92.0,1.0,0.010869565217391304,92.5,0.7071067811865476,92.5,0.7071067811865475
N07,北大,113,附表三,園長及教保服務人員薪資(含職務加給)-執行率,非收支,97.0,93.0,4.0,0.043010752688172046,94.0,2.6457513110645907,94.0,1.1338934190276817
N07,北大,111,附表三,園長及教保服務人員薪資(含職務加給)-決算數,非收支,8668599.0,,,,8668599.0,,8668599.0,
N07,北大,112,附表三,園長及教保服務人員薪資(含職務加給)-決算數,非收支,8951272.0,8668599.0,282673.0,0.03260884486639652,8809935.5,199879.99515834494,8809935.5,0.7071067811865476
N07,北大,113,附表三,園長及教保服務人員薪資(含職務加給)-決算數,非收支,9557963.0,8951272.0,606691.0,0.06777707123635612,9059278.0,454412.8664012497,9059278.0,1.0974271128134336
N07,北大,111,附表三,學前特教師、社工人員、護理人員薪資-執行率,非收支,102.0,,,,102.0,,102.0,
N07,北大,112,附表三,學前特教師、社工人員、護理人員薪資-執行率,非收支,108.0,102.0,6.0,0.058823529411764705,105.0,4.242640687119285,105.0,0.7071067811865476
N07,北大,113,附表三,學前特教師、社工人員、護理人員薪資-執行率,非收支,131.0,108.0,23.0,0.21296296296296297,113.66666666666667,15.307950004273376,113.66666666666667,1.1323092464042896
N07,北大,111,附表三,學前特教師、社工人員、護理人員薪資-決算數,非收支,519812.0,,,,519812.0,,519812.0,
N07,北大,112,附表三,學前特教師、社工人員、護理人員薪資-決算數,非收支,566004.0,519812.0,46192.0,0.08886289658568867,542908.0,32662.676436569003,542908.0,0.7071067811865476
N07,北大,113,附表三,學前特教師、社工人員、護理人員薪資-決算數,非收支,701808.0,566004.0,135804.0,0.23993470010812645,595874.6666666666,94603.53349285288,595874.6666666666,1.1197608527099725
N07,北大,110,附表三,差旅費-執行率,非收支,,,,,,,,
N07,北大,111,附表三,差旅費-執行率,非收支,,,,,,,,
N07,北大,110,附表三,差旅費-決算數,非收支,,,,,,,,
N07,北大,111,附表三,差旅費-決算數,非收支,,,,,,,,
N07,北大,110,附表三,延後托育支出-執行率,非收支,,,,,,,,
N07,北大,111,附表三,延後托育支出-執行率,非收支,,,,,,,,
N07,北大,110,附表三,延後托育支出-決算數,非收支,182692.0,,,,182692.0,,182692.0,
N07,北大,111,附表三,延後托育支出-決算數,非收支,291910.0,182692.0,109218.0,0.5978258489698509,237301.0,77228.78842763235,237301.0,0.7071067811865476
N07,北大,111,附表三,延後托育收入-執行率,非收支,,,,,,,,
N07,北大,111,附表三,延後托育收入-決算數,非收支,291910.0,,,,291910.0,,291910.0,
N07,北大,111,附表三,延後托育收入淨額-執行率,非收支,,,,,,,,
N07,北大,111,附表三,延後托育收入淨額-執行率,非收支,,,,,,,,
N07,北大,111,附表三,延後托育收入淨額-決算數,非收支,291910.0,,,,291910.0,,291910.0,
N07,北大,111,附表三,延後托育收入淨額-決算數,非收支,291910.0,,,,291910.0,0.0,291910.0,
N07,北大,112,附表三,延長照顧服務收入-執行率,非收支,,,,,,,,
N07,北大,113,附表三,延長照顧服務收入-執行率,非收支,,,,,,,,
N07,北大,112,附表三,延長照顧服務收入-決算數,非收支,418145.0,,,,418145.0,,418145.0,
N07,北大,113,附表三,延長照顧服務收入-決算數,非收支,337990.0,418145.0,-80155.0,-0.19169187721962477,378067.5,56678.144046007714,378067.5,-0.7071067811865476
N07,北大,112,附表三,延長照顧服務收入淨額-執行率,非收支,,,,,,,,
N07,北大,112,附表三,延長照顧服務收入淨額-執行率,非收支,,,,,,,,
N07,北大,113,附表三,延長照顧服務收入淨額-執行率,非收支,,,,,,,,
N07,北大,113,附表三,延長照顧服務收入淨額-執行率,非收支,,,,,,,,
N07,北大,113,附表三,延長照顧服務收入淨額-執行率,非收支,,,,,,,,
N07,北大,113,附表三,延長照顧服務收入淨額-執行率,非收支,,,,,,,,
N07,北大,112,附表三,延長照顧服務收入淨額-決算數,非收支,418145.0,,,,418145.0,,418145.0,
N07,北大,112,附表三,延長照顧服務收入淨額-決算數,非收支,418145.0,,,,418145.0,0.0,418145.0,
N07,北大,113,附表三,延長照顧服務收入淨額-決算數,非收支,337990.0,418145.0,-80155.0,-0.19169187721962477,391426.6666666667,46277.51082689446,391426.6666666667,-1.1547005383792517
N07,北大,113,附表三,延長照顧服務收入淨額-決算數,非收支,337990.0,418145.0,-80155.0,-0.19169187721962477,378067.5,46277.51082689446,364708.3333333333,-0.8660254037844385
N07,北大,113,附表三,延長照顧服務收入淨額-決算數,非收支,337990.0,418145.0,-80155.0,-0.19169187721962477,370052.0,43902.7015968266,337990.0,-0.7302967433402213
N07,北大,113,附表三,延長照顧服務收入淨額-決算數,非收支,337990.0,418145.0,-80155.0,-0.19169187721962477,364708.3333333333,41391.864015367406,337990.0,-0.6454972243679022
N07,北大,110,附表三,所得稅費用-執行率,非收支,,,,,,,,
N07,北大,111,附表三,所得稅費用-執行率,非收支,,,,,,,,
N07,北大,110,附表三,所得稅費用-決算數,非收支,,,,,,,,
N07,北大,111,附表三,所得稅費用-決算數,非收支,,,,,,,,
N07,北大,110,附表三,攝影照片-執行率,非收支,,,,,,,,
N07,北大,111,附表三,攝影照片-執行率,非收支,,,,,,,,
N07,北大,110,附表三,攝影照片-決算數,非收支,,,,,,,,
N07,北大,111,附表三,攝影照片-決算數,非收支,,,,,,,,
N07,北大,111,附表三,支出-執行率,非收支,102.0,,,,102.0,,102.0,
N07,北大,112,附表三,支出-執行率,非收支,112.0,102.0,10.0,0.09803921568627451,107.0,7.0710678118654755,107.0,0.7071067811865475
N07,北大,113,附表三,支出-執行率,非收支,119.0,112.0,7.0,0.0625,111.0,8.54400374531753,111.0,0.9363291775690445
N07,北大,111,附表三,支出-決算數,非收支,21332856.0,,,,21332856.0,,21332856.0,
N07,北大,112,附表三,支出-決算數,非收支,23849400.0,21332856.0,2516544.0,0.1179656394811834,22591128.0,1779465.327554319,22591128.0,0.7071067811865476
N07,北大,113,附表三,支出-決算數,非收支,25409886.0,23849400.0,1560486.0,0.06543082844851443,23530714.0,2057113.0207579748,23530714.0,0.9134996381033018
N07,北大,111,附表三,收入-執行率,非收支,103.0,,,,103.0,,103.0,
N07,北大,112,附表三,收入-執行率,非收支,112.0,103.0,9.0,0.08737864077669903,107.5,6.363961030678928,107.5,0.7071067811865476
N07,北大,113,附表三,收入-執行率,非收支,143.0,112.0,31.0,0.2767857142857143,119.33333333333333,20.98412098071619,119.33333333333333,1.1278369338613545
N07,北大,111,附表三,收入-決算數,非收支,21855494.0,,,,21855494.0,,21855494.0,
N07,北大,112,附表三,收入-決算數,非收支,23797554.0,21855494.0,1942060.0,0.0888591216469415,22826524.0,1373243.7954711465,22826524.0,0.7071067811865476
N07,北大,113,附表三,收入-決算數,非收支,29145666.0,23797554.0,5348112.0,0.22473368481483433,24932904.666666668,3775369.8891130295,24932904.666666668,1.115853931420495
N07,北大,111,附表三,政府學費差額補助退費-執行率,非收支,,,,,,,,
N07,北大,112,附表三,政府學費差額補助退費-執行率,非收支,,,,,,,,
N07,北大,113,附表三,政府學費差額補助退費-執行率,非收支,,,,,,,,
N07,北大,111,附表三,政府學費差額補助退費-決算數,非收支,-43702.0,,,,-43702.0,,-43702.0,
N07,北大,112,附表三,政府學費差額補助退費-決算數,非收支,-114673.0,-43702.0,-70971.0,-1.6239760194041462,-79187.5,50184.07536759046,-79187.5,-0.7071067811865476
N07,北大,113,附表三,政府學費差額補助退費-決算數,非收支,-18326.0,-114673.0,96347.0,0.8401890593252117,-58900.333333333336,49939.24413057663,-58900.333333333336,0.8124739178519248
N07,北大,110,附表三,教保材料費-執行率,非收支,101.0,,,,101.0,,101.0,
N07,北大,111,附表三,教保材料費-執行率,非收支,103.0,101.0,2.0,0.019801980198019802,102.0,1.4142135623730951,102.0,0.7071067811865475
N07,北大,110,附表三,教保材料費-決算數,非收支,362540.0,,,,362540.0,,362540.0,
N07,北大,111,附表三,教保材料費-決算數,非收支,413117.0,362540.0,50577.0,0.13950736470458433,387828.5,35763.33967207201,387828.5,0.7071067811865476
N07,北大,111,附表三,教保費收入(家長繳費)-執行率,非收支,60.0,,,,60.0,,60.0,
N07,北大,112,附表三,教保費收入(家長繳費)-執行率,非收支,62.0,60.0,2.0,0.03333333333333333,61.0,1.4142135623730951,61.0,0.7071067811865475
N07,北大,113,附表三,教保費收入(家長繳費)-執行率,非收支,58.0,62.0,-4.0,-0.06451612903225806,60.0,2.0,60.0,-1.0
N07,北大,111,附表三,教保費收入(家長繳費)-決算數,非收支,2629114.0,,,,2629114.0,,2629114.0,
N07,北大,112,附表三,教保費收入(家長繳費)-決算數,非收支,2715395.0,2629114.0,86281.0,0.03281751951417854,2672254.5,61009.880187556504,2672254.5,0.7071067811865476
N07,北大,113,附表三,教保費收入(家長繳費)-決算數,非收支,2263795.0,2715395.0,-451600.0,-0.16631097869739025,2536101.3333333335,239737.6839804985,2536101.3333333335,-1.1358511887329499
N07,北大,111,附表三,教保費收入(政府學費差額補助)-執行率,非收支,104.0,,,,104.0,,104.0,
N07,北大,112,附表三,教保費收入(政府學費差額補助)-執行率,非收支,107.0,104.0,3.0,0.028846153846153848,105.5,2.1213203435596424,105.5,0.7071067811865476
N07,北大,113,附表三,教保費收入(政府學費差額補助)-執行率,非收支,102.0,107.0,-5.0,-0.04672897196261682,104.33333333333333,2.516611478423582,104.33333333333333,-0.9271726499455293
N07,北大,111,附表三,教保費收入(政府學費差額補助)-決算數,非收支,17663917.0,,,,17663917.0,,17663917.0,
N07,北大,112,附表三,教保費收入(政府學費差額補助)-決算數,非收支,18056730.0,17663917.0,392813.0,0.022238159293887082,17860323.5,277760.7360382313,17860323.5,0.7071067811865476
N07,北大,113,附表三,教保費收入(政府學費差額補助)-決算數,非收支,16800000.0,18056730.0,-1256730.0,-0.06959898054631154,17506882.333333332,642913.2819644752,17506882.333333332,-1.0994987242655714
N07,北大,111,附表三,教保費收入-執行率,非收支,95.0,,,,95.0,,95.0,
N07,北大,112,附表三,教保費收入-執行率,非收支,98.0,95.0,3.0,0.031578947368421054,96.5,2.1213203435596424,96.5,0.7071067811865476
N07,北大,113,附表三,教保費收入-執行率,非收支,93.0,98.0,-5.0,-0.05102040816326531,95.33333333333333,2.516611478423582,95.33333333333333,-0.9271726499455293
N07,北大,111,附表三,教保費收入-決算數,非收支,20293031.0,,,,20293031.0,,20293031.0,
N07,北大,112,附表三,教保費收入-決算數,非收支,20772125.0,20293031.0,479094.0,0.02360879456597686,20532578.0,338770.6162257878,20532578.0,0.7071067811865476
N07,北大,113,附表三,教保費收入-決算數,非收支,19063795.0,20772125.0,-1708330.0,-0.08224146542541988,20042983.666666668,881187.0396830257,20042983.666666668,-1.111215465696017
N07,北大,111,附表三,教保費收入淨額-執行率,非收支,94.0,,,,94.0,,94.0,
N07,北大,112,附表三,教保費收入淨額-執行率,非收支,96.0,94.0,2.0,0.02127659574468085,95.0,1.4142135623730951,95.0,0.7071067811865475
N07,北大,113,附表三,教保費收入淨額-執行率,非收支,93.0,96.0,-3.0,-0.03125,94.33333333333333,1.5275252316519452,94.33333333333333,-0.8728715609439672
N07,北大,111,附表三,教保費收入淨額-決算數,非收支,20083259.0,,,,20083259.0,,20083259.0,
N07,北大,112,附表三,教保費收入淨額-決算數,非收支,20440250.0,20083259.0,356991.0,0.01777555126884536,20261754.5,252430.7569225668,20261754.5,0.7071067811865475
N07,北大,113,附表三,教保費收入淨額-決算數,非收支,18928477.0,20440250.0,-1511773.0,-0.07396059245850711,19817328.666666668,790192.1332956525,19817328.666666668,-1.1248551196777123
N07,北大,111,附表三,教保費收入減項-執行率,非收支,,,,,,,,
N07,北大,112,附表三,教保費收入減項-執行率,非收支,-209772.0,,,,-209772.0,,-209772.0,
N07,北大,113,附表三,教保費收入減項-執行率,非收支,,-209772.0,,,-209772.0,,-209772.0,
N07,北大,111,附表三,教保費收入減項-決算數,非收支,-209772.0,,,,-209772.0,,-209772.0,
N07,北大,112,附表三,教保費收入減項-決算數,非收支,-331875.0,-209772.0,-122103.0,-0.5820748240947314,-270823.5,86339.85930322102,-270823.5,-0.7071067811865475
N07,北大,113,附表三,教保費收入減項-決算數,非收支,-135318.0,-331875.0,196557.0,0.5922621468926553,-225655.0,99236.41382577264,-225655.0,0.9103210859534167
N07,北大,110,附表三,文宣費(一般文宣)-執行率,非收支,,,,,,,,
N07,北大,111,附表三,文宣費(一般文宣)-執行率,非收支,,,,,,,,
N07,北大,110,附表三,文宣費(一般文宣)-決算數,非收支,,,,,,,,
N07,北大,111,附表三,文宣費(一般文宣)-決算數,非收支,,,,,,,,
N07,北大,110,附表三,文宣費(園刊)-執行率,非收支,,,,,,,,
N07,北大,111,附表三,文宣費(園刊)-執行率,非收支,,,,,,,,
N07,北大,110,附表三,文宣費(園刊)-決算數,非收支,,,,,,,,
N07,北大,111,附表三,文宣費(園刊)-決算數,非收支,,,,,,,,
N07,北大,110,附表三,日常消耗用品-執行率,非收支,100.0,,,,100.0,,100.0,
N07,北大,111,附表三,日常消耗用品-執行率,非收支,118.0,100.0,18.0,0.18,109.0,12.727922061357855,109.0,0.7071067811865476
N07,北大,110,附表三,日常消耗用品-決算數,非收支,89766.0,,,,89766.0,,89766.0,
N07,北大,111,附表三,日常消耗用品-決算數,非收支,86129.0,89766.0,-3637.0,-0.04051645389122831,87947.5,2571.7473631754733,87947.5,-0.7071067811865476
N07,北大,111,附表三,會計、總務、廚工、清潔薪資-執行率,非收支,98.0,,,,98.0,,98.0,
N07,北大,112,附表三,會計、總務、廚工、清潔薪資-執行率,非收支,101.0,98.0,3.0,0.030612244897959183,99.5,2.1213203435596424,99.5,0.7071067811865476
N07,北大,113,附表三,會計、總務、廚工、清潔薪資-執行率,非收支,99.0,101.0,-2.0,-0.019801980198019802,99.33333333333333,1.5275252316519463,99.33333333333333,-0.21821789023598934
N07,北大,111,附表三,會計、總務、廚工、清潔薪資-決算數,非收支,2547931.0,,,,2547931.0,,2547931.0,
N07,北大,112,附表三,會計、總務、廚工、清潔薪資-決算數,非收支,2660436.0,2547931.0,112505.0,0.04415543435045925,2604183.5,79553.04841739254,2604183.5,0.7071067811865475
N07,北大,113,附表三,會計、總務、廚工、清潔薪資-決算數,非收支,2648022.0,2660436.0,-12414.0,-0.004666152465235021,2618796.3333333335,61684.264203549756,2618796.3333333335,0.4737945251357097
N07,北大,110,附表三,本期稅前餘絀-執行率,非收支,401.0,,,,401.0,,401.0,
N07,北大,111,附表三,本期稅前餘絀-執行率,非收支,143.0,401.0,-258.0,-0.6433915211970075,272.0,182.43354954612926,272.0,-0.7071067811865476
N07,北大,110,附表三,本期稅前餘絀-決算數,非收支,1523006.0,,,,1523006.0,,1523006.0,
N07,北大,111,附表三,本期稅前餘絀-決算數,非收支,522638.0,1523006.0,-1000368.0,-0.6568378588134256,1022822.0,707366.9964820242,1022822.0,-0.7071067811865475
N07,北大,110,附表三,本期稅後餘絀-執行率,非收支,401.0,,,,401.0,,401.0,
N07,北大,111,附表三,本期稅後餘絀-執行率,非收支,143.0,401.0,-258.0,-0.6433915211970075,272.0,182.43354954612926,272.0,-0.7071067811865476
N07,北大,110,附表三,本期稅後餘絀-決算數,非收支,1523006.0,,,,1523006.0,,1523006.0,
N07,北大,111,附表三,本期稅後餘絀-決算數,非收支,522638.0,1523006.0,-1000368.0,-0.6568378588134256,1022822.0,707366.9964820242,1022822.0,-0.7071067811865475
N07,北大,110,附表三,材料費-執行率,非收支,87.0,,,,87.0,,87.0,
N07,北大,111,附表三,材料費-執行率,非收支,94.0,87.0,7.0,0.08045977011494253,90.5,4.949747468305833,90.5,0.7071067811865476
N07,北大,110,附表三,材料費-決算數,非收支,1973721.0,,,,1973721.0,,1973721.0,
N07,北大,111,附表三,材料費-決算數,非收支,2312942.0,1973721.0,339221.0,0.17186876969946613,2143331.5,239865.46942088183,2143331.5,0.7071067811865476
N07,北大,110,附表三,業務發展費-執行率,非收支,,,,,,,,
N07,北大,111,附表三,業務發展費-執行率,非收支,,,,,,,,
N07,北大,110,附表三,業務發展費-決算數,非收支,99000.0,,,,99000.0,,99000.0,
N07,北大,111,附表三,業務發展費-決算數,非收支,1400000.0,99000.0,1301000.0,13.141414141414142,749500.0,919945.9223236983,749500.0,0.7071067811865476
N07,北大,111,附表三,業務費-執行率,非收支,52.0,,,,52.0,,52.0,
N07,北大,112,附表三,業務費-執行率,非收支,57.0,52.0,5.0,0.09615384615384616,54.5,3.5355339059327378,54.5,0.7071067811865475
N07,北大,111,附表三,業務費-決算數,非收支,588451.0,,,,588451.0,,588451.0,
N07,北大,112,附表三,業務費-決算數,非收支,653272.0,588451.0,64821.0,0.11015530604927173,620861.5,45835.3686632932,620861.5,0.7071067811865475
N07,北大,111,附表三,水費-執行率,非收支,62.0,,,,62.0,,62.0,
N07,北大,112,附表三,水費-執行率,非收支,50.0,62.0,-12.0,-0.1935483870967742,56.0,8.48528137423857,56.0,-0.7071067811865476
N07,北大,111,附表三,水費-決算數,非收支,30974.0,,,,30974.0,,30974.0,
N07,北大,112,附表三,水費-決算數,非收支,24924.0,30974.0,-6050.0,-0.1953251113837412,27949.0,4277.996026178613,27949.0,-0.7071067811865475
N07,北大,110,附表三,水電修繕-執行率,非收支,38.0,,,,38.0,,38.0,
N07,北大,110,附表三,水電修繕-決算數,非收支,41325.0,,,,41325.0,,41325.0,
N07,北大,111,附表三,活動費-執行率,非收支,61.0,,,,61.0,,61.0,
N07,北大,112,附表三,活動費-執行率,非收支,90.0,61.0,29.0,0.47540983606557374,75.5,20.506096654409877,75.5,0.7071067811865476
N07,北大,111,附表三,活動費-決算數,非收支,75791.0,,,,75791.0,,75791.0,
N07,北大,112,附表三,活動費-決算數,非收支,112892.0,75791.0,37101.0,0.48951722500032985,94341.5,26234.3686888021,94341.5,0.7071067811865475
N07,北大,110,附表三,火險-執行率,非收支,45.0,,,,45.0,,45.0,
N07,北大,111,附表三,火險-執行率,非收支,36.0,45.0,-9.0,-0.2,40.5,6.363961030678928,40.5,-0.7071067811865476
N07,北大,110,附表三,火險-決算數,非收支,3566.0,,,,3566.0,,3566.0,
N07,北大,111,附表三,火險-決算數,非收支,3566.0,3566.0,0.0,0.0,3566.0,0.0,3566.0,
N07,北大,111,附表三,瓦斯費-執行率,非收支,69.0,,,,69.0,,69.0,
N07,北大,111,附表三,瓦斯費-決算數,非收支,27460.0,,,,27460.0,,27460.0,
N07,北大,111,附表三,研習、進修-執行率,非收支,70.0,,,,70.0,,70.0,
N07,北大,112,附表三,研習、進修-執行率,非收支,96.0,70.0,26.0,0.37142857142857144,83.0,18.384776310850235,83.0,0.7071067811865476
N07,北大,111,附表三,研習、進修-決算數,非收支,32000.0,,,,32000.0,,32000.0,
N07,北大,112,附表三,研習、進修-決算數,非收支,44000.0,32000.0,12000.0,0.375,38000.0,8485.28137423857,38000.0,0.7071067811865476
N07,北大,110,附表三,維護費-執行率,非收支,47.0,,,,47.0,,47.0,
N07,北大,111,附表三,維護費-執行率,非收支,101.0,47.0,54.0,1.148936170212766,74.0,38.18376618407357,74.0,0.7071067811865475
N07,北大,110,附表三,維護費-決算數,非收支,67720.0,,,,67720.0,,67720.0,
N07,北大,111,附表三,維護費-決算數,非收支,191755.0,67720.0,124035.0,1.8315859421145895,129737.5,87705.98960447342,129737.5,0.7071067811865476
N07,北大,113,附表三,腸病毒退費-執行率,非收支,,,,,,,,
N07,北大,113,附表三,腸病毒退費-決算數,非收支,-44953.0,,,,-44953.0,,-44953.0,
N07,北大,111,附表三,自強活動-執行率,非收支,100.0,,,,100.0,,100.0,
N07,北大,112,附表三,自強活動-執行率,非收支,100.0,100.0,0.0,0.0,100.0,0.0,100.0,
N07,北大,113,附表三,自強活動-執行率,非收支,93.0,100.0,-7.0,-0.07,97.66666666666667,4.041451884327382,97.66666666666667,-1.1547005383792521
N07,北大,111,附表三,自強活動-決算數,非收支,23000.0,,,,23000.0,,23000.0,
N07,北大,112,附表三,自強活動-決算數,非收支,22986.0,23000.0,-14.0,-0.000608695652173913,22993.0,9.899494936611665,22993.0,-0.7071067811865476
N07,北大,113,附表三,自強活動-決算數,非收支,21494.0,22986.0,-1492.0,-0.06490907508918473,22493.333333333332,865.4763620881465,22493.333333333332,-1.1546627696708285
N07,北大,110,附表三,藥品費-執行率,非收支,78.0,,,,78.0,,78.0,
N07,北大,111,附表三,藥品費-執行率,非收支,110.0,78.0,32.0,0.41025641025641024,94.0,22.627416997969522,94.0,0.7071067811865475
N07,北大,110,附表三,藥品費-決算數,非收支,8175.0,,,,8175.0,,8175.0,
N07,北大,111,附表三,藥品費-決算數,非收支,12993.0,8175.0,4818.0,0.5893577981651377,10584.0,3406.840471756786,10584.0,0.7071067811865476
N07,北大,110,附表三,行政管理費-執行率,非收支,100.0,,,,100.0,,100.0,
N07,北大,111,附表三,行政管理費-執行率,非收支,100.0,100.0,0.0,0.0,100.0,0.0,100.0,
N07,北大,110,附表三,行政管理費-決算數,非收支,315990.0,,,,315990.0,,315990.0,
N07,北大,111,附表三,行政管理費-決算數,非收支,358913.0,315990.0,42923.0,0.13583657710687047,337451.5,30351.14436887018,337451.5,0.7071067811865475
N07,北大,111,附表三,資遣費-執行率,非收支,100.0,,,,100.0,,100.0,
N07,北大,112,附表三,資遣費-執行率,非收支,100.0,100.0,0.0,0.0,100.0,0.0,100.0,
N07,北大,111,附表三,資遣費-決算數,非收支,92614.0,,,,92614.0,,92614.0,
N07,北大,112,附表三,資遣費-決算數,非收支,94756.0,92614.0,2142.0,0.02312825274796467,93685.0,1514.6227253015848,93685.0,0.7071067811865476
N07,北大,111,附表三,轉學/轉出退費-執行率,非收支,,,,,,,,
N07,北大,112,附表三,轉學/轉出退費-執行率,非收支,,,,,,,,
N07,北大,113,附表三,轉學/轉出退費-執行率,非收支,,,,,,,,
N07,北大,111,附表三,轉學/轉出退費-決算數,非收支,-20401.0,,,,-20401.0,,-20401.0,
N07,北大,112,附表三,轉學/轉出退費-決算數,非收支,-24074.0,-20401.0,-3673.0,-0.18004019410813196,-22237.5,2597.203207298189,-22237.5,-0.7071067811865475
N07,北大,113,附表三,轉學/轉出退費-決算數,非收支,-25114.0,-24074.0,-1040.0,-0.04320013292348592,-23196.333333333332,2476.0485321037904,-23196.333333333332,-0.7744867040377881
N07,北大,111,附表三,辦公文具-執行率,非收支,62.0,,,,62.0,,62.0,
N07,北大,111,附表三,辦公文具-決算數,非收支,23489.0,,,,23489.0,,23489.0,
N07,北大,110,附表三,郵資-執行率,非收支,59.0,,,,59.0,,59.0,
N07,北大,111,附表三,郵資-執行率,非收支,64.0,59.0,5.0,0.0847457627118644,61.5,3.5355339059327378,61.5,0.7071067811865475
N07,北大,110,附表三,郵資-決算數,非收支,4949.0,,,,4949.0,,4949.0,
N07,北大,111,附表三,郵資-決算數,非收支,5757.0,4949.0,808.0,0.16326530612244897,5353.0,571.3422791987304,5353.0,0.7071067811865476
N07,北大,110,附表三,雜支-執行率,非收支,95.0,,,,95.0,,95.0,
N07,北大,111,附表三,雜支-執行率,非收支,44.0,95.0,-51.0,-0.5368421052631579,69.5,36.062445840513924,69.5,-0.7071067811865476
N07,北大,110,附表三,雜支-決算數,非收支,51208.0,,,,51208.0,,51208.0,
N07,北大,111,附表三,雜支-決算數,非收支,30268.0,51208.0,-20940.0,-0.40892048117481644,40738.0,14806.815998046306,40738.0,-0.7071067811865475
N07,北大,111,附表三,電話費(含網路)-執行率,非收支,46.0,,,,46.0,,46.0,
N07,北大,111,附表三,電話費(含網路)-決算數,非收支,28805.0,,,,28805.0,,28805.0,
N07,北大,111,附表三,電費-執行率,非收支,55.0,,,,55.0,,55.0,
N07,北大,111,附表三,電費-決算數,非收支,245591.0,,,,245591.0,,245591.0,
N07,北大,110,附表三,餐點費-執行率,非收支,84.0,,,,84.0,,84.0,
N07,北大,111,附表三,餐點費-執行率,非收支,92.0,84.0,8.0,0.09523809523809523,88.0,5.656854249492381,88.0,0.7071067811865475
N07,北大,110,附表三,餐點費-決算數,非收支,1513240.0,,,,1513240.0,,1513240.0,
N07,北大,111,附表三,餐點費-決算數,非收支,1800703.0,1513240.0,287463.0,0.18996524014696942,1656971.5,203267.0366402285,1656971.5,0.7071067811865476
N07,北大,110,附表二,事務機器耗材-差異率,非收支,102.0,,,,102.0,,102.0,
N07,北大,111,附表二,事務機器耗材-差異率,非收支,4.0,102.0,-98.0,-0.9607843137254902,53.0,69.29646455628166,53.0,-0.7071067811865475
N07,北大,110,附表二,事務機器耗材-決算數,非收支,66396.0,,,,66396.0,,66396.0,
N07,北大,111,附表二,事務機器耗材-決算數,非收支,76440.0,66396.0,10044.0,0.15127417314296043,71418.0,7102.180510237683,71418.0,0.7071067811865476
N07,北大,110,附表二,五日未上課退費-差異率,非收支,,,,,,,,
N07,北大,110,附表二,五日未上課退費-決算數,非收支,-128619.0,,,,-128619.0,,-128619.0,
N07,北大,110,附表二,人事費-差異率,非收支,88.0,,,,88.0,,88.0,
N07,北大,111,附表二,人事費-差異率,非收支,12.0,88.0,-76.0,-0.8636363636363636,50.0,53.74011537017761,50.0,-0.7071067811865475
N07,北大,111,附表二,人事費-差異率,非收支,7.0,88.0,-81.0,-0.9204545454545454,35.666666666666664,45.39089482851526,35.666666666666664,-0.6315510362809112
N07,北大,110,附表二,人事費-決算數,非收支,9226416.0,,,,9226416.0,,9226416.0,
N07,北大,111,附表二,人事費-決算數,非收支,14516199.0,9226416.0,5289783.0,0.5733302075258692,11871307.5,3740441.430305319,11871307.5,0.7071067811865476
N07,北大,111,附表二,人事費-決算數,非收支,14103968.0,9226416.0,4877552.0,0.5286507783737477,12615527.666666666,2942285.1690807156,12615527.666666666,0.5058790184495885
N07,北大,110,附表二,代課費及廚工代班費-差異率,非收支,80.0,,,,80.0,,80.0,
N07,北大,110,附表二,代課費及廚工代班費-決算數,非收支,164301.0,,,,164301.0,,164301.0,
N07,北大,110,附表二,保全-差異率,非收支,30.0,,,,30.0,,30.0,
N07,北大,111,附表二,保全-差異率,非收支,80.0,30.0,50.0,1.6666666666666667,55.0,35.35533905932738,55.0,0.7071067811865475
N07,北大,110,附表二,保全-決算數,非收支,24000.0,,,,24000.0,,24000.0,
N07,北大,111,附表二,保全-決算數,非收支,24000.0,24000.0,0.0,0.0,24000.0,0.0,24000.0,
N07,北大,110,附表二,保險費-差異率,非收支,92.0,,,,92.0,,92.0,
N07,北大,110,附表二,保險費-決算數,非收支,14791.0,,,,14791.0,,14791.0,
N07,北大,111,附表二,修繕購置費-差異率,非收支,11.0,,,,11.0,,11.0,
N07,北大,111,附表二,修繕購置費-決算數,非收支,227960.0,,,,227960.0,,227960.0,
N07,北大,110,附表二,健康檢查-差異率,非收支,68.0,,,,68.0,,68.0,
N07,北大,110,附表二,健康檢查-決算數,非收支,1350.0,,,,1350.0,,1350.0,
N07,北大,110,附表二,其他收入-差異率,非收支,,,,,,,,
N07,北大,110,附表二,其他收入-決算數,非收支,1832078.0,,,,1832078.0,,1832078.0,
N07,北大,110,附表二,利息收入-差異率,非收支,,,,,,,,
N07,北大,110,附表二,利息收入-決算數,非收支,27037.0,,,,27037.0,,27037.0,
N07,北大,110,附表二,加班費-差異率,非收支,25.0,,,,25.0,,25.0,
N07,北大,111,附表二,加班費-差異率,非收支,74.0,25.0,49.0,1.96,49.5,34.64823227814083,49.5,0.7071067811865475
N07,北大,110,附表二,加班費-決算數,非收支,194872.0,,,,194872.0,,194872.0,
N07,北大,111,附表二,加班費-決算數,非收支,319617.0,194872.0,124745.0,0.6401381419598505,257244.5,88208.03541911587,257244.5,0.7071067811865476
N07,北大,110,附表二,勞、健保費-差異率,非收支,92.0,,,,92.0,,92.0,
N07,北大,110,附表二,勞、健保費-決算數,非收支,871738.0,,,,871738.0,,871738.0,
N07,北大,110,附表二,勞退金提撥-差異率,非收支,101.0,,,,101.0,,101.0,
N07,北大,110,附表二,勞退金提撥-決算數,非收支,431155.0,,,,431155.0,,431155.0,
N07,北大,111,附表二,合計-差異率,非收支,13.0,,,,13.0,,13.0,
N07,北大,111,附表二,合計-決算數,非收支,18226488.0,,,,18226488.0,,18226488.0,
N07,北大,111,附表二,園務特支-差異率,非收支,60.0,,,,60.0,,60.0,
N07,北大,111,附表二,園務特支-決算數,非收支,18144.0,,,,18144.0,,18144.0,
N07,北大,110,附表二,園長及教保服務人員薪資(含職務加給)-差異率,非收支,93.0,,,,93.0,,93.0,
N07,北大,110,附表二,園長及教保服務人員薪資(含職務加給)-決算數,非收支,5938705.0,,,,5938705.0,,5938705.0,
N07,北大,111,附表二,差旅費-差異率,非收支,,,,,,,,
N07,北大,111,附表二,差旅費-決算數,非收支,,,,,,,,
N07,北大,110,附表二,延後托育收入-差異率,非收支,,,,,,,,
N07,北大,110,附表二,延後托育收入-決算數,非收支,188370.0,,,,188370.0,,188370.0,
N07,北大,110,附表二,延後托育收入淨額-差異率,非收支,,,,,,,,
N07,北大,110,附表二,延後托育收入淨額-差異率,非收支,,,,,,,,
N07,北大,110,附表二,延後托育收入淨額-決算數,非收支,188370.0,,,,188370.0,,188370.0,
N07,北大,110,附表二,延後托育收入淨額-決算數,非收支,188370.0,,,,188370.0,0.0,188370.0,
N07,北大,111,附表二,攝影照片-差異率,非收支,,,,,,,,
N07,北大,111,附表二,攝影照片-決算數,非收支,,,,,,,,
N07,北大,110,附表二,支出-差異率,非收支,102.0,,,,102.0,,102.0,
N07,北大,110,附表二,支出-決算數,非收支,14636905.0,,,,14636905.0,,14636905.0,
N07,北大,110,附表二,收入-差異率,非收支,110.0,,,,110.0,,110.0,
N07,北大,110,附表二,收入-決算數,非收支,16159911.0,,,,16159911.0,,16159911.0,
N07,北大,111,附表二,教保材料費-差異率,非收支,3.0,,,,3.0,,3.0,
N07,北大,111,附表二,教保材料費-決算數,非收支,413117.0,,,,413117.0,,413117.0,
N07,北大,110,附表二,教保費收入(家長繳費)-差異率,非收支,65.0,,,,65.0,,65.0,
N07,北大,110,附表二,教保費收入(家長繳費)-決算數,非收支,2928961.0,,,,2928961.0,,2928961.0,
N07,北大,110,附表二,教保費收入(政府學費差額補助)-差異率,非收支,111.0,,,,111.0,,111.0,
N07,北大,110,附表二,教保費收入(政府學費差額補助)-決算數,非收支,11318632.0,,,,11318632.0,,11318632.0,
N07,北大,110,附表二,教保費收入-差異率,非收支,97.0,,,,97.0,,97.0,
N07,北大,110,附表二,教保費收入-決算數,非收支,14247593.0,,,,14247593.0,,14247593.0,
N07,北大,110,附表二,教保費收入淨額-差異率,非收支,96.0,,,,96.0,,96.0,
N07,北大,110,附表二,教保費收入淨額-決算數,非收支,14112426.0,,,,14112426.0,,14112426.0,
N07,北大,110,附表二,教保費收入減項-差異率,非收支,,,,,,,,
N07,北大,110,附表二,教保費收入減項-決算數,非收支,-135167.0,,,,-135167.0,,-135167.0,
N07,北大,111,附表二,文宣費(一般文宣)-差異率,非收支,,,,,,,,
N07,北大,111,附表二,文宣費(一般文宣)-決算數,非收支,,,,,,,,
N07,北大,111,附表二,文宣費(園刊)-差異率,非收支,,,,,,,,
N07,北大,111,附表二,文宣費(園刊)-決算數,非收支,,,,,,,,
N07,北大,111,附表二,日常消耗用品-差異率,非收支,18.0,,,,18.0,,18.0,
N07,北大,111,附表二,日常消耗用品-決算數,非收支,86129.0,,,,86129.0,,86129.0,
N07,北大,110,附表二,會計、總務、廚工、清潔薪資-差異率,非收支,95.0,,,,95.0,,95.0,
N07,北大,110,附表二,會計、總務、廚工、清潔薪資-決算數,非收支,1535215.0,,,,1535215.0,,1535215.0,
N07,北大,111,附表二,材料費-差異率,非收支,6.0,,,,6.0,,6.0,
N07,北大,111,附表二,材料費-決算數,非收支,2312942.0,,,,2312942.0,,2312942.0,
N07,北大,110,附表二,業務費-差異率,非收支,76.0,,,,76.0,,76.0,
N07,北大,111,附表二,業務費-差異率,非收支,48.0,76.0,-28.0,-0.3684210526315789,62.0,19.79898987322333,62.0,-0.7071067811865476
N07,北大,110,附表二,業務費-決算數,非收支,685944.0,,,,685944.0,,685944.0,
N07,北大,111,附表二,業務費-決算數,非收支,588451.0,685944.0,-97493.0,-0.14212967822446146,637197.5,68937.96141822007,637197.5,-0.7071067811865476
N07,北大,110,附表二,水費-差異率,非收支,211.0,,,,211.0,,211.0,
N07,北大,111,附表二,水費-差異率,非收支,38.0,211.0,-173.0,-0.8199052132701422,124.5,122.32947314527271,124.5,-0.7071067811865476
N07,北大,110,附表二,水費-決算數,非收支,80249.0,,,,80249.0,,80249.0,
N07,北大,111,附表二,水費-決算數,非收支,30974.0,80249.0,-49275.0,-0.6140263430073895,55611.5,34842.68664296713,55611.5,-0.7071067811865476
N07,北大,110,附表二,活動費-差異率,非收支,91.0,,,,91.0,,91.0,
N07,北大,111,附表二,活動費-差異率,非收支,39.0,91.0,-52.0,-0.5714285714285714,65.0,36.76955262170047,65.0,-0.7071067811865476
N07,北大,110,附表二,活動費-決算數,非收支,104803.0,,,,104803.0,,104803.0,
N07,北大,111,附表二,活動費-決算數,非收支,75791.0,104803.0,-29012.0,-0.2768241367136437,90297.0,20514.581935784117,90297.0,-0.7071067811865475
N07,北大,110,附表二,瓦斯費-差異率,非收支,60.0,,,,60.0,,60.0,
N07,北大,111,附表二,瓦斯費-差異率,非收支,31.0,60.0,-29.0,-0.48333333333333334,45.5,20.506096654409877,45.5,-0.7071067811865476
N07,北大,110,附表二,瓦斯費-決算數,非收支,21760.0,,,,21760.0,,21760.0,
N07,北大,111,附表二,瓦斯費-決算數,非收支,27460.0,21760.0,5700.0,0.2619485294117647,24610.0,4030.5086527633207,24610.0,0.7071067811865476
N07,北大,110,附表二,研習、進修-差異率,非收支,100.0,,,,100.0,,100.0,
N07,北大,111,附表二,研習、進修-差異率,非收支,30.0,100.0,-70.0,-0.7,65.0,49.49747468305833,65.0,-0.7071067811865475
N07,北大,110,附表二,研習、進修-決算數,非收支,32000.0,,,,32000.0,,32000.0,
N07,北大,111,附表二,研習、進修-決算數,非收支,32000.0,32000.0,0.0,0.0,32000.0,0.0,32000.0,
N07,北大,111,附表二,維護費-差異率,非收支,1.0,,,,1.0,,1.0,
N07,北大,111,附表二,維護費-決算數,非收支,191755.0,,,,191755.0,,191755.0,
N07,北大,110,附表二,自強活動-差異率,非收支,94.0,,,,94.0,,94.0,
N07,北大,110,附表二,自強活動-決算數,非收支,15000.0,,,,15000.0,,15000.0,
N07,北大,111,附表二,藥品費-差異率,非收支,10.0,,,,10.0,,10.0,
N07,北大,111,附表二,藥品費-決算數,非收支,12993.0,,,,12993.0,,12993.0,
N07,北大,111,附表二,行政管理費-差異率,非收支,,,,,,,,
N07,北大,111,附表二,行政管理費-決算數,非收支,358913.0,,,,358913.0,,358913.0,
N07,北大,110,附表二,資遣費-差異率,非收支,100.0,,,,100.0,,100.0,
N07,北大,111,附表二,資遣費-差異率,非收支,,100.0,,,100.0,,100.0,
N07,北大,110,附表二,資遣費-決算數,非收支,59289.0,,,,59289.0,,59289.0,
N07,北大,111,附表二,資遣費-決算數,非收支,92614.0,59289.0,33325.0,0.5620772824638635,75951.5,23564.333483041697,75951.5,0.7071067811865475
N07,北大,110,附表二,轉學/轉出退費-差異率,非收支,,,,,,,,
N07,北大,110,附表二,轉學/轉出退費-決算數,非收支,-6548.0,,,,-6548.0,,-6548.0,
N07,北大,110,附表二,辦公文具-差異率,非收支,105.0,,,,105.0,,105.0,
N07,北大,111,附表二,辦公文具-差異率,非收支,38.0,105.0,-67.0,-0.638095238095238,71.5,47.37615433949868,71.5,-0.7071067811865476
N07,北大,110,附表二,辦公文具-決算數,非收支,31466.0,,,,31466.0,,31466.0,
N07,北大,111,附表二,辦公文具-決算數,非收支,23489.0,31466.0,-7977.0,-0.25351172694336743,27477.5,5640.59079352509,27477.5,-0.7071067811865475
N07,北大,111,附表二,郵資-差異率,非收支,36.0,,,,36.0,,36.0,
N07,北大,111,附表二,郵資-決算數,非收支,5757.0,,,,5757.0,,5757.0,
N07,北大,111,附表二,雜支-差異率,非收支,56.0,,,,56.0,,56.0,
N07,北大,111,附表二,雜支-決算數,非收支,30268.0,,,,30268.0,,30268.0,
N07,北大,110,附表二,電話費(含網路)-差異率,非收支,55.0,,,,55.0,,55.0,
N07,北大,111,附表二,電話費(含網路)-差異率,非收支,54.0,55.0,-1.0,-0.01818181818181818,54.5,0.7071067811865476,54.5,-0.7071067811865475
N07,北大,110,附表二,電話費(含網路)-決算數,非收支,29770.0,,,,29770.0,,29770.0,
N07,北大,111,附表二,電話費(含網路)-決算數,非收支,28805.0,29770.0,-965.0,-0.032415183070204905,29287.5,682.3580438450184,29287.5,-0.7071067811865475
N07,北大,110,附表二,電費-差異率,非收支,77.0,,,,77.0,,77.0,
N07,北大,111,附表二,電費-差異率,非收支,45.0,77.0,-32.0,-0.4155844155844156,61.0,22.627416997969522,61.0,-0.7071067811865475
N07,北大,110,附表二,電費-決算數,非收支,248651.0,,,,248651.0,,248651.0,
N07,北大,111,附表二,電費-決算數,非收支,245591.0,248651.0,-3060.0,-0.012306405363340586,247121.0,2163.7467504308356,247121.0,-0.7071067811865475
N07,北大,111,附表二,餐點費-差異率,非收支,8.0,,,,8.0,,8.0,
N07,北大,111,附表二,餐點費-決算數,非收支,1800703.0,,,,1800703.0,,1800703.0,
N07,北大,110,附表四,帳面價值總額,非收支,2003003.0,,,,2003003.0,,2003003.0,
N07,北大,111,附表四,帳面價值總額,非收支,1499274.0,2003003.0,-503729.0,-0.25148689243101485,1751138.5,356190.1917803184,1751138.5,-0.7071067811865476
N07,北大,112,附表四,帳面價值總額,非收支,631945.0,1499274.0,-867329.0,-0.578499327007605,1378074.0,693517.90881058,1378074.0,-1.0758611861655465
N07,北大,113,附表四,帳面價值總額,非收支,652645.0,631945.0,20700.0,0.03275601515954711,1196716.75,672463.0362115948,927954.6666666666,-0.8090730950285338
N07,北大,110,附表四,財產筆數,非收支,190.0,,,,190.0,,190.0,
N07,北大,111,附表四,財產筆數,非收支,177.0,190.0,-13.0,-0.06842105263157895,183.5,9.192388155425117,183.5,-0.7071067811865476
N07,北大,112,附表四,財產筆數,非收支,171.0,177.0,-6.0,-0.03389830508474576,179.33333333333334,9.712534856222314,179.33333333333334,-0.8579977788182259
N07,北大,113,附表四,財產筆數,非收支,140.0,171.0,-31.0,-0.18128654970760233,169.5,21.2053452380919,162.66666666666666,-1.391158675738423
N08,鷺江,109,收支餘絀表,人事費,收支,7007700.0,,,,7007700.0,,7007700.0,
N08,鷺江,110,收支餘絀表,人事費,收支,6903487.0,7007700.0,-104213.0,-0.014871213094167843,6955593.5,73689.71898779368,6955593.5,-0.7071067811865476
N08,鷺江,111,收支餘絀表,人事費,收支,7382340.0,6903487.0,478853.0,0.06936393158993419,7097842.333333333,251831.84686678014,7097842.333333333,1.129712823085347
N08,鷺江,112,收支餘絀表,人事費,收支,6549857.0,7382340.0,-832483.0,-0.11276681919283046,6960846.0,342566.0531702852,6945228.0,-1.1997365068619412
N08,鷺江,113,收支餘絀表,人事費,收支,7810400.0,6549857.0,1260543.0,0.1924535146339836,7130756.8,482039.4437924142,7247532.333333333,1.4099327529153034
N08,鷺江,109,收支餘絀表,修繕購置費,收支,115199.0,,,,115199.0,,115199.0,
N08,鷺江,110,收支餘絀表,修繕購置費,收支,139375.0,115199.0,24176.0,0.20986293283795868,127287.0,17095.013541965975,127287.0,0.7071067811865475
N08,鷺江,111,收支餘絀表,修繕購置費,收支,153431.0,139375.0,14056.0,0.10085022421524664,136001.66666666666,19337.941703638822,136001.66666666666,0.9013024033500765
N08,鷺江,112,收支餘絀表,修繕購置費,收支,135491.0,153431.0,-17940.0,-0.11692552352523285,135874.0,15791.427674532792,142765.66666666666,-0.02425366520961706
N08,鷺江,113,收支餘絀表,修繕購置費,收支,130993.0,135491.0,-4498.0,-0.03319777697411636,134897.8,13848.888879617747,139971.66666666666,-0.28195763818618835
N08,鷺江,109,收支餘絀表,公共事務管理費,收支,,,,,,,,
N08,鷺江,109,收支餘絀表,其他支出,收支,991414.0,,,,991414.0,,991414.0,
N08,鷺江,110,收支餘絀表,其他支出,收支,2217058.0,991414.0,1225644.0,1.236258515615071,1604236.0,866661.1837206049,1604236.0,0.7071067811865475
N08,鷺江,111,收支餘絀表,其他支出,收支,2616558.0,2217058.0,399500.0,0.18019375226087905,1941676.6666666667,846846.7477916729,1941676.6666666667,0.7969344336424803
N08,鷺江,112,收支餘絀表,其他支出,收支,5003631.0,2616558.0,2387073.0,0.9122950838467941,2707165.25,1679878.178425919,3279082.3333333335,1.367043026984157
N08,鷺江,113,收支餘絀表,其他支出,收支,3739546.0,5003631.0,-1264085.0,-0.2526335375250493,2913641.4,1526320.7472080695,3786578.3333333335,0.5411081527331241
N08,鷺江,109,收支餘絀表,其他收入,收支,991414.0,,,,991414.0,,991414.0,
N08,鷺江,110,收支餘絀表,其他收入,收支,2217058.0,991414.0,1225644.0,1.236258515615071,1604236.0,866661.1837206049,1604236.0,0.7071067811865475
N08,鷺江,111,收支餘絀表,其他收入,收支,2616558.0,2217058.0,399500.0,0.18019375226087905,1941676.6666666667,846846.7477916729,1941676.6666666667,0.7969344336424803
N08,鷺江,112,收支餘絀表,其他收入,收支,5003631.0,2616558.0,2387073.0,0.9122950838467941,2707165.25,1679878.178425919,3279082.3333333335,1.367043026984157
N08,鷺江,113,收支餘絀表,其他收入,收支,3739546.0,5003631.0,-1264085.0,-0.2526335375250493,2913641.4,1526320.7472080695,3786578.3333333335,0.5411081527331241
N08,鷺江,109,收支餘絀表,利息收入,收支,746.0,,,,746.0,,746.0,
N08,鷺江,110,收支餘絀表,利息收入,收支,1094.0,746.0,348.0,0.46648793565683644,920.0,246.07315985291854,920.0,0.7071067811865476
N08,鷺江,111,收支餘絀表,利息收入,收支,35454.0,1094.0,34360.0,31.407678244972576,12431.333333333334,19938.97342726885,12431.333333333334,1.1546565699907352
N08,鷺江,112,收支餘絀表,利息收入,收支,107460.0,35454.0,72006.0,2.030969707226265,36188.5,50226.02558767052,48002.666666666664,1.4190153245471153
N08,鷺江,113,收支餘絀表,利息收入,收支,178840.0,107460.0,71380.0,0.664247161734599,64718.8,77213.21341065918,107251.33333333333,1.4780009140798913
N08,鷺江,110,收支餘絀表,呆帳損失,收支,11833.0,,,,11833.0,,11833.0,
N08,鷺江,109,收支餘絀表,延後托育支出,收支,181610.0,,,,181610.0,,181610.0,
N08,鷺江,110,收支餘絀表,延後托育支出,收支,96196.0,181610.0,-85414.0,-0.47031551126039317,138903.0,60396.81860826777,138903.0,-0.7071067811865475
N08,鷺江,111,收支餘絀表,延後托育支出,收支,134092.0,96196.0,37896.0,0.39394569420765935,137299.33333333334,42797.232262534606,137299.33333333334,-0.074942540995603
N08,鷺江,109,收支餘絀表,延後托育收入淨額,收支,231060.0,,,,231060.0,,231060.0,
N08,鷺江,110,收支餘絀表,延後托育收入淨額,收支,233235.0,231060.0,2175.0,0.009413139444300183,232147.5,1537.957249080741,232147.5,0.7071067811865475
N08,鷺江,111,收支餘絀表,延後托育收入淨額,收支,254145.0,233235.0,20910.0,0.08965206765708406,239480.0,12746.737817967387,239480.0,1.1504904399405387
N08,鷺江,112,收支餘絀表,延長照顧服務支出,收支,113754.0,,,,113754.0,,113754.0,
N08,鷺江,113,收支餘絀表,延長照顧服務支出,收支,131674.0,113754.0,17920.0,0.1575329219192292,122714.0,12671.353518862932,122714.0,0.7071067811865475
N08,鷺江,112,收支餘絀表,延長照顧服務收入淨額,收支,219505.0,,,,219505.0,,219505.0,
N08,鷺江,113,收支餘絀表,延長照顧服務收入淨額,收支,178000.0,219505.0,-41505.0,-0.18908453110407508,198752.5,29348.466953147654,198752.5,-0.7071067811865476
N08,鷺江,109,收支餘絀表,所得稅費用,收支,21084.0,,,,21084.0,,21084.0,
N08,鷺江,110,收支餘絀表,所得稅費用,收支,1927.0,21084.0,-19157.0,-0.9086036805160311,11505.5,13546.044607190692,11505.5,-0.7071067811865475
N08,鷺江,111,收支餘絀表,所得稅費用,收支,,1927.0,,,11505.5,13546.044607190692,11505.5,
N08,鷺江,112,收支餘絀表,所得稅費用,收支,,,,,11505.5,13546.044607190692,1927.0,
N08,鷺江,113,收支餘絀表,所得稅費用,收支,,,,,11505.5,13546.044607190692,,
N08,鷺江,109,收支餘絀表,支出合計,收支,11458447.0,,,,11458447.0,,11458447.0,
N08,鷺江,110,收支餘絀表,支出合計,收支,12190875.0,11458447.0,732428.0,0.06392035500098749,11824661.0,517904.8055309006,11824661.0,0.7071067811865476
N08,鷺江,111,收支餘絀表,支出合計,收支,13753629.0,12190875.0,1562754.0,0.12819047033129288,12467650.333333334,1172355.979273076,12467650.333333334,1.0969182478721542
N08,鷺江,112,收支餘絀表,支出合計,收支,16642820.0,13753629.0,2889191.0,0.21006753926545496,13511442.75,2296582.1266514543,14195774.666666666,1.3634945659730113
N08,鷺江,113,收支餘絀表,支出合計,收支,16288934.0,16642820.0,-353886.0,-0.02126358393589548,14066941.0,2344911.219450856,15561794.333333334,0.9475808642854966
N08,鷺江,109,收支餘絀表,收入合計,收支,10410496.0,,,,10410496.0,,10410496.0,
N08,鷺江,110,收支餘絀表,收入合計,收支,13749148.0,10410496.0,3338652.0,0.32070056988639156,12079822.0,2360783.469222029,12079822.0,0.7071067811865476
N08,鷺江,111,收支餘絀表,收入合計,收支,14209848.0,13749148.0,460700.0,0.0335075307939081,12789830.666666666,2073399.6755332374,12789830.666666666,0.6848739054462009
N08,鷺江,112,收支餘絀表,收入合計,收支,16561545.0,14209848.0,2351697.0,0.16549768864522688,13732759.25,2534254.932467447,14840180.333333334,1.1162198852843057
N08,鷺江,113,收支餘絀表,收入合計,收支,15523274.0,16561545.0,-1038271.0,-0.06269167520300793,14090862.2,2336241.567356681,15431555.666666666,0.6131265790380958
N08,鷺江,109,收支餘絀表,教保費收入,收支,9806351.0,,,,9806351.0,,9806351.0,
N08,鷺江,110,收支餘絀表,教保費收入,收支,11370572.0,9806351.0,1564221.0,0.15951101485149777,10588461.5,1106071.2763744025,10588461.5,0.7071067811865476
N08,鷺江,111,收支餘絀表,教保費收入,收支,11365099.0,11370572.0,-5473.0,-0.0004813302268346746,10847340.666666666,901527.6496105561,10847340.666666666,0.5743122061281164
N08,鷺江,112,收支餘絀表,教保費收入,收支,11397036.0,11365099.0,31937.0,0.002810094307141539,10984764.5,785732.7632303918,11377569.0,0.5246968426071781
N08,鷺江,113,收支餘絀表,教保費收入,收支,11529155.0,11397036.0,132119.0,0.011592399988909397,11093642.6,722706.1537777995,11430430.0,0.6026133826638225
N08,鷺江,109,收支餘絀表,教保費收入減項,收支,-619075.0,,,,-619075.0,,-619075.0,
N08,鷺江,110,收支餘絀表,教保費收入減項,收支,-72811.0,-619075.0,546264.0,0.8823874328635464,-345943.0,386266.9787180882,-345943.0,0.7071067811865476
N08,鷺江,111,收支餘絀表,教保費收入減項,收支,-61408.0,-72811.0,11403.0,0.15661095164192224,-251098.0,318728.4290724629,-251098.0,0.5951461579753653
N08,鷺江,112,收支餘絀表,教保費收入減項,收支,-166087.0,-61408.0,-104679.0,-1.7046476029181865,-229845.25,263689.06916338037,-100102.0,0.24179329921520457
N08,鷺江,113,收支餘絀表,教保費收入減項,收支,-102267.0,-166087.0,63820.0,0.3842564439119257,-204329.6,235380.93778341525,-109920.66666666667,0.4336060556182866
N08,鷺江,109,收支餘絀表,本期稅前餘絀,收支,-1047951.0,,,,-1047951.0,,-1047951.0,
N08,鷺江,110,收支餘絀表,本期稅前餘絀,收支,1558273.0,-1047951.0,2606224.0,2.4869712419760086,255161.0,1842878.6636911286,255161.0,0.7071067811865476
N08,鷺江,111,收支餘絀表,本期稅前餘絀,收支,456219.0,1558273.0,-1102054.0,-0.7072278092478019,322180.3333333333,1308272.0121080833,322180.3333333333,0.10245473833127682
N08,鷺江,112,收支餘絀表,本期稅前餘絀,收支,-81275.0,456219.0,-537494.0,-1.178149090677942,221316.5,1087080.7191475402,644405.6666666666,-0.2783523750078874
N08,鷺江,113,收支餘絀表,本期稅前餘絀,收支,-765660.0,-81275.0,-684385.0,-8.42060904337127,23921.2,1039775.4035209719,-130238.66666666667,-0.7593766858941421
N08,鷺江,109,收支餘絀表,本期稅後餘絀,收支,,,,,,,,
N08,鷺江,110,收支餘絀表,本期稅後餘絀,收支,1556346.0,,,,1556346.0,,1556346.0,
N08,鷺江,111,收支餘絀表,本期稅後餘絀,收支,456219.0,1556346.0,-1100127.0,-0.7068653114410292,1006282.5,777907.2618664129,1006282.5,-0.7071067811865476
N08,鷺江,112,收支餘絀表,本期稅後餘絀,收支,,456219.0,,,1006282.5,777907.2618664129,1006282.5,
N08,鷺江,113,收支餘絀表,本期稅後餘絀,收支,,,,,1006282.5,777907.2618664129,456219.0,
N08,鷺江,109,收支餘絀表,材料費,收支,1046905.0,,,,1046905.0,,1046905.0,
N08,鷺江,110,收支餘絀表,材料費,收支,1222323.0,1046905.0,175418.0,0.16755866100553538,1134614.0,124039.2573421818,1134614.0,0.7071067811865476
N08,鷺江,111,收支餘絀表,材料費,收支,1126007.0,1222323.0,-96316.0,-0.07879750278772468,1131745.0,87849.65659580007,1131745.0,-0.06531613465947599
N08,鷺江,112,收支餘絀表,材料費,收支,1263486.0,1126007.0,137479.0,0.12209426762000591,1164680.25,97385.64685268905,1203938.6666666667,1.0145822633335184
N08,鷺江,113,收支餘絀表,材料費,收支,1386265.0,1263486.0,122779.0,0.09717480051223361,1208997.2,130126.60545099915,1258586.0,1.3622717613021307
N08,鷺江,109,收支餘絀表,業務發展費,收支,1566008.0,,,,1566008.0,,1566008.0,
N08,鷺江,110,收支餘絀表,業務發展費,收支,836278.0,1566008.0,-729730.0,-0.465981016699787,1201143.0,515997.0314352593,1201143.0,-0.7071067811865476
N08,鷺江,111,收支餘絀表,業務發展費,收支,1573640.0,836278.0,737362.0,0.88171875859463,1325308.6666666667,423530.17196102254,1325308.6666666667,0.5863368179497426
N08,鷺江,112,收支餘絀表,業務發展費,收支,2729845.0,1573640.0,1156205.0,0.7347328486820366,1676442.75,782793.5757832861,1713254.3333333333,1.3456960846235035
N08,鷺江,113,收支餘絀表,業務發展費,收支,2245150.0,2729845.0,-484695.0,-0.1775540369508159,1790184.2,724057.9562135893,2182878.3333333335,0.6283555012353045
N08,鷺江,109,收支餘絀表,業務費,收支,387199.0,,,,387199.0,,387199.0,
N08,鷺江,110,收支餘絀表,業務費,收支,443209.0,387199.0,56010.0,0.1446542992104835,415204.0,39605.050814258524,415204.0,0.7071067811865476
N08,鷺江,111,收支餘絀表,業務費,收支,415654.0,443209.0,-27555.0,-0.06217157142567051,415354.0,28006.205116009558,415354.0,0.010711911833728128
N08,鷺江,112,收支餘絀表,業務費,收支,481885.0,415654.0,66231.0,0.15934166398013733,431986.75,40366.96471435523,446916.0,1.2361159763457585
N08,鷺江,113,收支餘絀表,業務費,收支,493617.0,481885.0,11732.0,0.024346057669360946,444312.8,44517.14751868094,463718.6666666667,1.1075327766521936
N08,鷺江,109,收支餘絀表,維護費,收支,80856.0,,,,80856.0,,80856.0,
N08,鷺江,110,收支餘絀表,維護費,收支,73357.0,80856.0,-7499.0,-0.09274512713960621,77106.5,5302.59375211792,77106.5,-0.7071067811865475
N08,鷺江,111,收支餘絀表,維護費,收支,108915.0,73357.0,35558.0,0.4847253840805922,87709.33333333333,18743.50485723877,87709.33333333333,1.13136080088442
N08,鷺江,112,收支餘絀表,維護費,收支,122799.0,108915.0,13884.0,0.12747555433135932,96481.75,23281.619923235587,101690.33333333333,1.130387408040056
N08,鷺江,113,收支餘絀表,維護費,收支,92427.0,122799.0,-30372.0,-0.24733100432413946,95670.8,20243.85262740272,108047.0,-0.16023629788773963
N08,鷺江,109,收支餘絀表,行政管理費,收支,70849.0,,,,70849.0,,70849.0,
N08,鷺江,110,收支餘絀表,行政管理費,收支,241682.0,70849.0,170833.0,2.411226693390168,156265.5,120797.17275044147,156265.5,0.7071067811865476
N08,鷺江,111,收支餘絀表,行政管理費,收支,241682.0,241682.0,0.0,0.0,184737.66666666666,98630.47853647135,184737.66666666666,0.5773502691896258
N08,鷺江,112,收支餘絀表,行政管理費,收支,241682.0,241682.0,0.0,0.0,198973.75,85416.5,241682.0,0.5
N08,鷺江,113,收支餘絀表,行政管理費,收支,256640.0,241682.0,14958.0,0.061891245520973845,210507.0,78339.4098267277,246668.0,0.5888862336598868
N08,鷺江,109,收支餘絀表,雜支,收支,10707.0,,,,10707.0,,10707.0,
N08,鷺江,110,收支餘絀表,雜支,收支,6077.0,10707.0,-4630.0,-0.4324273839544223,8392.0,3273.904396893715,8392.0,-0.7071067811865476
N08,鷺江,111,收支餘絀表,雜支,收支,1310.0,6077.0,-4767.0,-0.7844331084416652,6031.333333333333,4698.666442016643,6031.333333333333,-1.0048241116062204
N08,鷺江,112,收支餘絀表,雜支,收支,390.0,1310.0,-920.0,-0.7022900763358778,4621.0,4761.771869098028,2592.3333333333335,-0.888534796775435
N08,鷺江,113,收支餘絀表,雜支,收支,2222.0,390.0,1832.0,4.697435897435898,4141.2,4261.090670239252,1307.3333333333333,-0.4504011175834098
N08,鷺江,110,現金流量表,其他應付款,非收支,141209.0,,,,141209.0,,141209.0,
N08,鷺江,111,現金流量表,其他應付款,非收支,-536437.0,141209.0,-677646.0,-4.798886756509854,-197614.0,479168.0818439392,-197614.0,-0.7071067811865475
N08,鷺江,112,現金流量表,其他應付款,非收支,-239804.0,-536437.0,296633.0,0.5529689413668334,-211677.33333333334,339697.4497436407,-211677.33333333334,-0.08279916934287553
N08,鷺江,113,現金流量表,其他應付款,非收支,126807.0,-239804.0,366611.0,1.5287943487181197,-127056.25,324919.1938819815,-216478.0,0.7813119531873801
N08,鷺江,110,現金流量表,其他應收款,非收支,-529011.0,,,,-529011.0,,-529011.0,
N08,鷺江,111,現金流量表,其他應收款,非收支,353914.0,-529011.0,882925.0,1.669010663294336,-87548.5,624322.2547791324,-87548.5,0.7071067811865476
N08,鷺江,112,現金流量表,其他應收款,非收支,-59933.0,353914.0,-413847.0,-1.169343399808993,-78343.33333333333,441750.318829917,-78343.33333333333,0.041675880126351844
N08,鷺江,113,現金流量表,其他應收款,非收支,175514.0,-59933.0,235447.0,3.928503495570053,-14879.0,382369.5191992514,156498.33333333334,0.4979293339038013
N08,鷺江,110,現金流量表,其他流動負債,非收支,42875.0,,,,42875.0,,42875.0,
N08,鷺江,111,現金流量表,其他流動負債,非收支,9562.0,42875.0,-33313.0,-0.7769795918367347,26218.5,23555.848201667457,26218.5,-0.7071067811865476
N08,鷺江,112,現金流量表,其他流動負債,非收支,8740.0,9562.0,-822.0,-0.08596527923028655,20392.333333333332,19474.897851679052,20392.333333333332,-0.5983257741364078
N08,鷺江,113,現金流量表,其他流動負債,非收支,4909.0,8740.0,-3831.0,-0.4383295194508009,16521.5,17685.62034535402,7737.0,-0.6566068802359304
N08,鷺江,110,現金流量表,應付帳款,非收支,-47998.0,,,,-47998.0,,-47998.0,
N08,鷺江,111,現金流量表,應付帳款,非收支,63804.0,-47998.0,111802.0,2.3293053877244887,7903.0,79055.95235021839,7903.0,0.7071067811865475
N08,鷺江,112,現金流量表,應付帳款,非收支,-104531.0,63804.0,-168335.0,-2.6383142122750924,-29575.0,85666.34842807298,-29575.0,-0.8749760130482791
N08,鷺江,113,現金流量表,應付帳款,非收支,-1042.0,-104531.0,103489.0,0.9900316652476299,-22441.75,71386.37958964347,-13923.0,0.29977357197569116
N08,鷺江,110,現金流量表,應收帳款淨額,非收支,280887.0,,,,280887.0,,280887.0,
N08,鷺江,111,現金流量表,應收帳款淨額,非收支,-5461.0,280887.0,-286348.0,-1.0194419820069993,137713.0,202478.6125792055,137713.0,-0.7071067811865476
N08,鷺江,112,現金流量表,應收帳款淨額,非收支,1285.0,-5461.0,6746.0,1.2353048892144296,92237.0,163410.50763032347,92237.0,-0.5565859951047749
N08,鷺江,113,現金流量表,應收帳款淨額,非收支,1496.0,1285.0,211.0,0.1642023346303502,69551.75,140927.2091290985,-893.3333333333334,-0.48291419677272185
N08,鷺江,112,現金流量表,投資活動之淨現金流人,非收支,,,,,,,,
N08,鷺江,110,現金流量表,投資活動之淨現金流入,非收支,,,,,,,,
N08,鷺江,111,現金流量表,投資活動之淨現金流入,非收支,,,,,,,,
N08,鷺江,110,現金流量表,投資活動之現金流量：,非收支,,,,,,,,
N08,鷺江,111,現金流量表,投資活動之現金流量：,非收支,,,,,,,,
N08,鷺江,112,現金流量表,投資活動之現金流量：,非收支,,,,,,,,
N08,鷺江,113,現金流量表,投資活動之現金流量：投資活動之淨現金流入,非收支,,,,,,,,
N08,鷺江,110,現金流量表,期初現金及約當現金餘額,非收支,3399462.0,,,,3399462.0,,3399462.0,
N08,鷺江,111,現金流量表,期初現金及約當現金餘額,非收支,4995159.0,3399462.0,1595697.0,0.46939692221886875,4197310.5,1128328.1694190304,4197310.5,0.7071067811865475
N08,鷺江,112,現金流量表,期初現金及約當現金餘額,非收支,5697457.0,4995159.0,702298.0,0.1405957247807327,4697359.333333333,1177585.9782225387,4697359.333333333,0.8492778320749246
N08,鷺江,113,現金流量表,期初現金及約當現金餘額,非收支,5361714.0,5697457.0,-335743.0,-0.05892857111514839,4863448.0,1017258.2128043991,5351443.333333333,0.48981270805017113
N08,鷺江,110,現金流量表,期末現金及約當現金餘額,非收支,4995159.0,,,,4995159.0,,4995159.0,
N08,鷺江,111,現金流量表,期末現金及約當現金餘額,非收支,5697457.0,4995159.0,702298.0,0.1405957247807327,5346308.0,496599.67821374995,5346308.0,0.7071067811865476
N08,鷺江,112,現金流量表,期末現金及約當現金餘額,非收支,5361714.0,5697457.0,-335743.0,-0.05892857111514839,5351443.333333333,351261.63346760964,5351443.333333333,0.029239363733739657
N08,鷺江,113,現金流量表,期末現金及約當現金餘額,非收支,4356499.0,5361714.0,-1005215.0,-0.1874801602621848,5102707.25,574225.6061040672,5138556.666666667,-1.2995036133320121
N08,鷺江,110,現金流量表,本期支付所得稅,非收支,-1927.0,,,,-1927.0,,-1927.0,
N08,鷺江,111,現金流量表,本期支付所得稅,非收支,,-1927.0,,,-1927.0,,-1927.0,
N08,鷺江,111,現金流量表,本期現金及約當現金增加數,非收支,702298.0,,,,702298.0,,702298.0,
N08,鷺江,110,現金流量表,本期現金及約當現金增加（減少）數,非收支,1595697.0,,,,1595697.0,,1595697.0,
N08,鷺江,112,現金流量表,本期現金及約當現金（減少）增加數,非收支,-335743.0,,,,-335743.0,,-335743.0,
N08,鷺江,113,現金流量表,本期現金及約當現金（減少）數,非收支,-1005215.0,,,,-1005215.0,,-1005215.0,
N08,鷺江,110,現金流量表,本期稅前餘絀,非收支,1558273.0,,,,1558273.0,,1558273.0,
N08,鷺江,111,現金流量表,本期稅前餘絀,非收支,456219.0,1558273.0,-1102054.0,-0.7072278092478019,1007246.0,779269.8566337595,1007246.0,-0.7071067811865476
N08,鷺江,112,現金流量表,本期稅前餘絀,非收支,,456219.0,,,1007246.0,779269.8566337595,1007246.0,
N08,鷺江,111,現金流量表,營業活動之淨現金流入,非收支,702298.0,,,,702298.0,,702298.0,
N08,鷺江,110,現金流量表,營業活動之淨現金流入（出）,非收支,1595697.0,,,,1595697.0,,1595697.0,
N08,鷺江,113,現金流量表,營業活動之淨現金流（出）,非收支,-1005215.0,,,,-1005215.0,,-1005215.0,
N08,鷺江,112,現金流量表,營業活動之淨現金流（出）入,非收支,-335743.0,,,,-335743.0,,-335743.0,
N08,鷺江,110,現金流量表,營業活動之現金流量：,非收支,,,,,,,,
N08,鷺江,111,現金流量表,營業活動之現金流量：,非收支,,,,,,,,
N08,鷺江,112,現金流量表,營業活動之現金流量：,非收支,,,,,,,,
N08,鷺江,113,現金流量表,營業活動之現金流量：本期稅前餘絀,非收支,,,,,,,,
N08,鷺江,110,現金流量表,營運產生之現金,非收支,1597624.0,,,,1597624.0,,1597624.0,
N08,鷺江,111,現金流量表,營運產生之現金,非收支,702298.0,1597624.0,-895326.0,-0.5604109602760099,1149961.0,633091.0859726268,1149961.0,-0.7071067811865476
N08,鷺江,110,現金流量表,籌資活動之淨現金流入,非收支,,,,,,,,
N08,鷺江,111,現金流量表,籌資活動之淨現金流入,非收支,,,,,,,,
N08,鷺江,112,現金流量表,籌資活動之淨現金流入,非收支,,,,,,,,
N08,鷺江,110,現金流量表,籌資活動之現金流量：,非收支,,,,,,,,
N08,鷺江,111,現金流量表,籌資活動之現金流量：,非收支,,,,,,,,
N08,鷺江,112,現金流量表,籌資活動之現金流量：,非收支,,,,,,,,
N08,鷺江,113,現金流量表,籌資活動之現金流量：籌資活動之淨現金流入,非收支,,,,,,,,
N08,鷺江,110,現金流量表,調整項目：,非收支,,,,,,,,
N08,鷺江,111,現金流量表,調整項目：,非收支,,,,,,,,
N08,鷺江,112,現金流量表,調整項目：,非收支,,,,,,,,
N08,鷺江,113,現金流量表,調整項目：,非收支,,,,,,,,
N08,鷺江,111,現金流量表,資產/負債淨變動數,非收支,,,,,,,,
N08,鷺江,113,現金流量表,資產/負債淨變動數,非收支,,,,,,,,
N08,鷺江,110,現金流量表,資產／負債淨變動數,非收支,,,,,,,,
N08,鷺江,112,現金流量表,資產／負債淨變動數,非收支,,,,,,,,
N08,鷺江,110,現金流量表,資遣費準備淨變動,非收支,-22441.0,,,,-22441.0,,-22441.0,
N08,鷺江,111,現金流量表,資遣費準備淨變動,非收支,24453.0,-22441.0,46894.0,2.089657323648679,1006.0,33159.06539696196,1006.0,0.7071067811865476
N08,鷺江,112,現金流量表,資遣費準備淨變動,非收支,-24453.0,24453.0,-48906.0,-2.0,-7480.333333333333,27673.369316607135,-7480.333333333333,-0.6133212935687292
N08,鷺江,113,現金流量表,資遣費準備淨變動,非收支,,-24453.0,,,-7480.333333333333,27673.369316607135,0.0,
N08,鷺江,110,現金流量表,預付款項,非收支,-20.0,,,,-20.0,,-20.0,
N08,鷺江,111,現金流量表,預付款項,非收支,2355.0,-20.0,2375.0,118.75,1167.5,1679.3786053180504,1167.5,0.7071067811865475
N08,鷺江,112,現金流量表,預付款項,非收支,7350.0,2355.0,4995.0,2.121019108280255,3228.3333333333335,3761.8158292682715,3228.3333333333335,1.0956588131185547
N08,鷺江,113,現金流量表,預付款項,非收支,,7350.0,,,3228.3333333333335,3761.8158292682715,4852.5,
N08,鷺江,110,現金流量表,預收款項,非收支,173850.0,,,,173850.0,,173850.0,
N08,鷺江,111,現金流量表,預收款項,非收支,333889.0,173850.0,160039.0,0.9205579522576934,253869.5,113164.66215431388,253869.5,0.7071067811865476
N08,鷺江,112,現金流量表,預收款項,非收支,156878.0,333889.0,-177011.0,-0.5301492412148948,221539.0,97667.31321685879,221539.0,-0.6620536377040275
N08,鷺江,113,現金流量表,預收款項,非收支,-547239.0,156878.0,-704117.0,-4.488309386912123,29344.5,392573.7799467339,-18824.0,-1.4687264648144187
N08,鷺江,110,資產負債表,代管財產,非收支,1562257.0,,,,1562257.0,,1562257.0,
N08,鷺江,111,資產負債表,代管財產,非收支,1354972.0,1562257.0,-207285.0,-0.1326830348655823,1458614.5,146572.6291382535,1458614.5,-0.7071067811865475
N08,鷺江,112,資產負債表,代管財產,非收支,1079110.0,1354972.0,-275862.0,-0.20359239895732162,1332113.0,242383.28389763186,1332113.0,-1.0438137314240419
N08,鷺江,113,資產負債表,代管財產,非收支,803020.0,1079110.0,-276090.0,-0.25584972801660627,1199839.75,330380.5203159684,1079034.0,-1.2010991132906101
N08,鷺江,110,資產負債表,其他應付款,非收支,1492214.0,,,,1492214.0,,1492214.0,
N08,鷺江,111,資產負債表,其他應付款,非收支,955777.0,1492214.0,-536437.0,-0.35949066286739034,1223995.5,379318.240379368,1223995.5,-0.7071067811865475
N08,鷺江,112,資產負債表,其他應付款,非收支,715973.0,955777.0,-239804.0,-0.2508995299112659,1054654.6666666667,397454.5473942063,1054654.6666666667,-0.8521267875462323
N08,鷺江,113,資產負債表,其他應付款,非收支,842780.0,715973.0,126807.0,0.17711142738622826,1001686.0,341373.8860692189,838176.6666666666,-0.4654896185227809
N08,鷺江,110,資產負債表,其他應收款,非收支,529319.0,,,,529319.0,,529319.0,
N08,鷺江,111,資產負債表,其他應收款,非收支,175405.0,529319.0,-353914.0,-0.6686213795461716,352362.0,250254.98935685577,352362.0,-0.7071067811865476
N08,鷺江,112,資產負債表,其他應收款,非收支,235338.0,175405.0,59933.0,0.34168353239645394,313354.0,189416.60972839736,313354.0,-0.4118751788022517
N08,鷺江,113,資產負債表,其他應收款,非收支,59824.0,235338.0,-175514.0,-0.7457954091561924,249971.5,199971.164385435,156855.66666666666,-0.9508745952666439
N08,鷺江,110,資產負債表,其他流動負債,非收支,68695.0,,,,68695.0,,68695.0,
N08,鷺江,111,資產負債表,其他流動負債,非收支,78257.0,68695.0,9562.0,0.1391949923575224,73476.0,6761.355041705768,73476.0,0.7071067811865475
N08,鷺江,112,資產負債表,其他流動負債,非收支,86997.0,78257.0,8740.0,0.11168329989649488,77983.0,9154.076032019835,77983.0,0.9846979606101297
N08,鷺江,113,資產負債表,其他流動負債,非收支,91906.0,86997.0,4909.0,0.05642723312298125,81463.75,10214.069752878462,85720.0,1.0223397972250223
N08,鷺江,110,資產負債表,存出保證金,非收支,3000.0,,,,3000.0,,3000.0,
N08,鷺江,111,資產負債表,存出保證金,非收支,3000.0,3000.0,0.0,0.0,3000.0,0.0,3000.0,
N08,鷺江,112,資產負債表,存出保證金,非收支,3000.0,3000.0,0.0,0.0,3000.0,0.0,3000.0,
N08,鷺江,113,資產負債表,存出保證金,非收支,3000.0,3000.0,0.0,0.0,3000.0,0.0,3000.0,
N08,鷺江,110,資產負債表,應付代管財產,非收支,1562257.0,,,,1562257.0,,1562257.0,
N08,鷺江,111,資產負債表,應付代管財產,非收支,1354972.0,1562257.0,-207285.0,-0.1326830348655823,1458614.5,146572.6291382535,1458614.5,-0.7071067811865475
N08,鷺江,112,資產負債表,應付代管財產,非收支,1079110.0,1354972.0,-275862.0,-0.20359239895732162,1332113.0,242383.28389763186,1332113.0,-1.0438137314240419
N08,鷺江,113,資產負債表,應付代管財產,非收支,803020.0,1079110.0,-276090.0,-0.25584972801660627,1199839.75,330380.5203159684,1079034.0,-1.2010991132906101
N08,鷺江,110,資產負債表,應付帳款,非收支,43084.0,,,,43084.0,,43084.0,
N08,鷺江,111,資產負債表,應付帳款,非收支,106888.0,43084.0,63804.0,1.480920991551388,74986.0,45116.24106682648,74986.0,0.7071067811865476
N08,鷺江,112,資產負債表,應付帳款,非收支,2357.0,106888.0,-104531.0,-0.977948881071776,50776.333333333336,52688.342964391406,50776.333333333336,-0.9189762024980893
N08,鷺江,113,資產負債表,應付帳款,非收支,1315.0,2357.0,-1042.0,-0.44208739923631735,38411.0,49621.70422305143,36853.333333333336,-0.7475760976134976
N08,鷺江,110,資產負債表,應付購置財產,非收支,222968.0,,,,222968.0,,222968.0,
N08,鷺江,111,資產負債表,應付購置財產,非收支,264893.0,222968.0,41925.0,0.18803146639876575,243930.5,29645.451801246007,243930.5,0.7071067811865475
N08,鷺江,112,資產負債表,應付購置財產,非收支,351143.0,264893.0,86250.0,0.3256031680716365,279668.0,65352.376582646175,279668.0,1.0936863162062822
N08,鷺江,113,資產負債表,應付購置財產,非收支,428453.0,351143.0,77310.0,0.22016671270678898,316864.25,91550.71166435572,348163.0,1.218873649055924
N08,鷺江,110,資產負債表,應收帳款淨額,非收支,19660.0,,,,19660.0,,19660.0,
N08,鷺江,111,資產負債表,應收帳款淨額,非收支,25121.0,19660.0,5461.0,0.27777212614445573,22390.5,3861.510132059736,22390.5,0.7071067811865476
N08,鷺江,112,資產負債表,應收帳款淨額,非收支,23836.0,25121.0,-1285.0,-0.051152422276183274,22872.333333333332,2855.1918207597428,22872.333333333332,0.3375138089356967
N08,鷺江,113,資產負債表,應收帳款淨額,非收支,22340.0,23836.0,-1496.0,-0.06276220842423226,22739.25,2346.399706642782,23765.666666666668,-0.17015430016876584
N08,鷺江,110,資產負債表,本期餘絀,非收支,1556346.0,,,,1556346.0,,1556346.0,
N08,鷺江,111,資產負債表,本期餘絀,非收支,456219.0,1556346.0,-1100127.0,-0.7068653114410292,1006282.5,777907.2618664129,1006282.5,-0.7071067811865476
N08,鷺江,112,資產負債表,本期餘絀,非收支,-81275.0,456219.0,-537494.0,-1.178149090677942,643763.3333333334,834763.6148241807,643763.3333333334,-0.8685552657755
N08,鷺江,113,資產負債表,本期餘絀,非收支,-765660.0,-81275.0,-684385.0,-8.42060904337127,291407.5,980393.8298250352,-130238.66666666667,-1.0782070101243377
N08,鷺江,110,資產負債表,業務發展準備,非收支,4977012.0,,,,4977012.0,,4977012.0,
N08,鷺江,111,資產負債表,業務發展準備,非收支,6550652.0,4977012.0,1573640.0,0.3161816768776125,5763832.0,1112731.5151463987,5763832.0,0.7071067811865475
N08,鷺江,112,資產負債表,業務發展準備,非收支,9280497.0,6550652.0,2729845.0,0.4167287470010619,6936053.666666667,2177474.826446527,6936053.666666667,1.0766798793073928
N08,鷺江,113,資產負債表,業務發展準備,非收支,11525647.0,9280497.0,2245150.0,0.24192131089531088,8083452.0,2902933.485496467,9118932.0,1.185764337074126
N08,鷺江,110,資產負債表,業務發展準備金,非收支,4977012.0,,,,4977012.0,,4977012.0,
N08,鷺江,111,資產負債表,業務發展準備金,非收支,6550652.0,4977012.0,1573640.0,0.3161816768776125,5763832.0,1112731.5151463987,5763832.0,0.7071067811865475
N08,鷺江,112,資產負債表,業務發展準備金,非收支,9280497.0,6550652.0,2729845.0,0.4167287470010619,6936053.666666667,2177474.826446527,6936053.666666667,1.0766798793073928
N08,鷺江,113,資產負債表,業務發展準備金,非收支,11525647.0,9280497.0,2245150.0,0.24192131089531088,8083452.0,2902933.485496467,9118932.0,1.185764337074126
N08,鷺江,110,資產負債表,流動負債合計,非收支,3810085.0,,,,3810085.0,,3810085.0,
N08,鷺江,111,資產負債表,流動負債合計,非收支,3680903.0,3810085.0,-129182.0,-0.03390528032839162,3745494.0,91345.46820724058,3745494.0,-0.7071067811865475
N08,鷺江,112,資產負債表,流動負債合計,非收支,3502186.0,3680903.0,-178717.0,-0.04855248834321361,3664391.3333333335,154612.17578940332,3664391.3333333335,-1.0491109933946778
N08,鷺江,113,資產負債表,流動負債合計,非收支,3085621.0,3502186.0,-416565.0,-0.1189442822282997,3519698.75,315722.0158434474,3422903.3333333335,-1.3748732372697126
N08,鷺江,110,資產負債表,流動資產合計,非收支,5553843.0,,,,5553843.0,,5553843.0,
N08,鷺江,111,資產負債表,流動資產合計,非收支,5905333.0,5553843.0,351490.0,0.06328770906919767,5729588.0,248540.9625192596,5729588.0,0.7071067811865475
N08,鷺江,112,資產負債表,流動資產合計,非收支,5620888.0,5905333.0,-284445.0,-0.04816747844702407,5693354.666666667,186614.22335484868,5693354.666666667,-0.38832338373732067
N08,鷺江,113,資產負債表,流動資產合計,非收支,4438663.0,5620888.0,-1182225.0,-0.2103270871079445,5379681.75,645584.5208075006,5321628.0,-1.4576228513393858
N08,鷺江,110,資產負債表,現金及銀行存款,非收支,4995159.0,,,,4995159.0,,4995159.0,
N08,鷺江,111,資產負債表,現金及銀行存款,非收支,5697457.0,4995159.0,702298.0,0.1405957247807327,5346308.0,496599.67821374995,5346308.0,0.7071067811865476
N08,鷺江,112,資產負債表,現金及銀行存款,非收支,5361714.0,5697457.0,-335743.0,-0.05892857111514839,5351443.333333333,351261.63346760964,5351443.333333333,0.029239363733739657
N08,鷺江,113,資產負債表,現金及銀行存款,非收支,4356499.0,5361714.0,-1005215.0,-0.1874801602621848,5102707.25,574225.6061040672,5138556.666666667,-1.2995036133320121
N08,鷺江,110,資產負債表,累積餘絀,非收支,190412.0,,,,190412.0,,190412.0,
N08,鷺江,111,資產負債表,累積餘絀,非收支,1746758.0,190412.0,1556346.0,8.173570993424784,968585.0,1100502.8104725585,968585.0,0.7071067811865476
N08,鷺江,112,資產負債表,累積餘絀,非收支,2202977.0,1746758.0,456219.0,0.2611804268250095,1380049.0,1055206.6564502898,1380049.0,0.7798737763542223
N08,鷺江,113,資產負債表,累積餘絀,非收支,2121702.0,2202977.0,-81275.0,-0.036893258531523476,1565462.25,937987.038812504,2023812.3333333333,0.5930143242748878
N08,鷺江,110,資產負債表,負債及餘絀總計,非收支,12511079.0,,,,12511079.0,,12511079.0,
N08,鷺江,111,資產負債表,負債及餘絀總計,非收支,14295302.0,12511079.0,1784223.0,0.14261144062794265,13403190.5,1261636.1824490053,13403190.5,0.7071067811865476
N08,鷺江,112,資產負債表,負債及餘絀總計,非收支,16625634.0,14295302.0,2330332.0,0.16301383489484866,14477338.333333334,2063308.90367786,14477338.333333334,1.0411895489024046
N08,鷺江,113,資產負債表,負債及餘絀總計,非收支,17541054.0,16625634.0,915420.0,0.05506075738224479,15243267.25,2277004.796410315,16153996.666666666,1.0091268817801557
N08,鷺江,110,資產負債表,負債總額,非收支,10764321.0,,,,10764321.0,,10764321.0,
N08,鷺江,111,資產負債表,負債總額,非收支,12092325.0,10764321.0,1328004.0,0.12337090281867291,11428323.0,939040.6338428599,11428323.0,0.7071067811865475
N08,鷺江,112,資產負債表,負債總額,非收支,14503932.0,12092325.0,2411607.0,0.19943286340716115,12453526.0,1895790.6608143738,12453526.0,1.08155717948268
N08,鷺江,113,資產負債表,負債總額,非收支,16185012.0,14503932.0,1681080.0,0.11590512145258265,13386397.5,2424254.887961041,14260423.0,1.1544225460359163
N08,鷺江,110,資產負債表,資產總計,非收支,12511079.0,,,,12511079.0,,12511079.0,
N08,鷺江,111,資產負債表,資產總計,非收支,14295302.0,12511079.0,1784223.0,0.14261144062794265,13403190.5,1261636.1824490053,13403190.5,0.7071067811865476
N08,鷺江,112,資產負債表,資產總計,非收支,16625634.0,14295302.0,2330332.0,0.16301383489484866,14477338.333333334,2063308.90367786,14477338.333333334,1.0411895489024046
N08,鷺江,113,資產負債表,資產總計,非收支,17541054.0,16625634.0,915420.0,0.05506075738224479,15243267.25,2277004.796410315,16153996.666666666,1.0091268817801557
N08,鷺江,110,資產負債表,資遣費準備,非收支,191999.0,,,,191999.0,,191999.0,
N08,鷺江,111,資產負債表,資遣費準備,非收支,240905.0,191999.0,48906.0,0.254720076667066,216452.0,34581.76424070929,216452.0,0.7071067811865476
N08,鷺江,113,資產負債表,資遣費準備,非收支,342271.0,,,,258391.66666666666,76646.95773044963,258391.66666666666,1.0943595912615132
N08,鷺江,110,資產負債表,資遣費準備金,非收支,191999.0,,,,191999.0,,191999.0,
N08,鷺江,111,資產負債表,資遣費準備金,非收支,216452.0,191999.0,24453.0,0.127360038333533,204225.5,17290.882120354647,204225.5,0.7071067811865476
N08,鷺江,113,資產負債表,資遣費準備金,非收支,342271.0,,,,250240.66666666666,80632.95847439392,250240.66666666666,1.1413488364383755
N08,鷺江,112,資產負債表,資遺費準備,非收支,290996.0,,,,290996.0,,290996.0,
N08,鷺江,112,資產負債表,資遺費準備金,非收支,290996.0,,,,290996.0,,290996.0,
N08,鷺江,110,資產負債表,購置財產,非收支,222968.0,,,,222968.0,,222968.0,
N08,鷺江,111,資產負債表,購置財產,非收支,264893.0,222968.0,41925.0,0.18803146639876575,243930.5,29645.451801246007,243930.5,0.7071067811865475
N08,鷺江,112,資產負債表,購置財產,非收支,351143.0,264893.0,86250.0,0.3256031680716365,279668.0,65352.376582646175,279668.0,1.0936863162062822
N08,鷺江,113,資產負債表,購置財產,非收支,428453.0,351143.0,77310.0,0.22016671270678898,316864.25,91550.71166435572,348163.0,1.218873649055924
N08,鷺江,110,資產負債表,非流動負債合計,非收支,6954236.0,,,,6954236.0,,6954236.0,
N08,鷺江,111,資產負債表,非流動負債合計,非收支,8411422.0,6954236.0,1457186.0,0.20953933688761786,7682829.0,1030386.1020501005,7682829.0,0.7071067811865475
N08,鷺江,112,資產負債表,非流動負債合計,非收支,11001746.0,8411422.0,2590324.0,0.3079531617840598,8789134.666666666,2050020.5959807658,8789134.666666666,1.0793117579751836
N08,鷺江,113,資產負債表,非流動負債合計,非收支,13099391.0,11001746.0,2097645.0,0.19066473630640082,9866698.75,2728791.01020768,10837519.666666666,1.1846609864615354
N08,鷺江,110,資產負債表,非流動資產合計,非收支,6957236.0,,,,6957236.0,,6957236.0,
N08,鷺江,111,資產負債表,非流動資產合計,非收支,8389969.0,6957236.0,1432733.0,0.20593422445350423,7673602.5,1013095.2199297458,7673602.5,0.7071067811865476
N08,鷺江,112,資產負債表,非流動資產合計,非收支,11004746.0,8389969.0,2614777.0,0.31165514437538444,8783983.666666666,2052320.6299665591,8783983.666666666,1.0820737758551495
N08,鷺江,113,資產負債表,非流動資產合計,非收支,13102391.0,11004746.0,2097645.0,0.19061275925859625,9863585.5,2733161.866094103,10832368.666666666,1.1850031789842363
N08,鷺江,110,資產負債表,預付款項,非收支,9705.0,,,,9705.0,,9705.0,
N08,鷺江,111,資產負債表,預付款項,非收支,7350.0,9705.0,-2355.0,-0.2426584234930448,8527.5,1665.2364696943193,8527.5,-0.7071067811865476
N08,鷺江,112,資產負債表,預付款項,非收支,,7350.0,,,8527.5,1665.2364696943193,8527.5,
N08,鷺江,110,資產負債表,預收款項,非收支,2206092.0,,,,2206092.0,,2206092.0,
N08,鷺江,111,資產負債表,預收款項,非收支,2539981.0,2206092.0,333889.0,0.151348629159618,2373036.5,236095.17606359517,2373036.5,0.7071067811865476
N08,鷺江,112,資產負債表,預收款項,非收支,2696859.0,2539981.0,156878.0,0.061763454136074245,2480977.3333333335,250647.4348209718,2480977.3333333335,0.8612961342327832
N08,鷺江,113,資產負債表,預收款項,非收支,2149620.0,2696859.0,-547239.0,-0.20291717142053034,2398138.0,263310.0421746197,2462153.3333333335,-0.9438227192079137
N08,鷺江,110,資產負債表,餘絀總額,非收支,1746758.0,,,,1746758.0,,1746758.0,
N08,鷺江,111,資產負債表,餘絀總額,非收支,2202977.0,1746758.0,456219.0,0.2611804268250095,1974867.5,322595.54860614554,1974867.5,0.7071067811865475
N08,鷺江,112,資產負債表,餘絀總額,非收支,2121702.0,2202977.0,-81275.0,-0.036893258531523476,2023812.3333333333,243353.10583662856,2023812.3333333333,0.40225361550299465
N08,鷺江,113,資產負債表,餘絀總額,非收支,1356042.0,2121702.0,-765660.0,-0.3608706594988363,1856869.75,388535.4474608248,1893573.6666666667,-1.2890143055750336
N08,鷺江,111,附表三,事務機器耗材-執行率,非收支,51.0,,,,51.0,,51.0,
N08,鷺江,112,附表三,事務機器耗材-執行率,非收支,38.0,51.0,-13.0,-0.2549019607843137,44.5,9.192388155425117,44.5,-0.7071067811865476
N08,鷺江,111,附表三,事務機器耗材-決算數,非收支,33025.0,,,,33025.0,,33025.0,
N08,鷺江,112,附表三,事務機器耗材-決算數,非收支,24960.0,33025.0,-8065.0,-0.24420893262679788,28992.5,5702.816190269506,28992.5,-0.7071067811865476
N08,鷺江,112,附表三,五日未上課退費-執行率,非收支,,,,,,,,
N08,鷺江,113,附表三,五日未上課退費-執行率,非收支,,,,,,,,
N08,鷺江,112,附表三,五日未上課退費-決算數,非收支,-74411.0,,,,-74411.0,,-74411.0,
N08,鷺江,113,附表三,五日未上課退費-決算數,非收支,-47987.0,-74411.0,26424.0,0.355108787679241,-61199.0,18684.589586073333,-61199.0,0.7071067811865475
N08,鷺江,112,附表三,人事費-執行率,非收支,74.0,,,,74.0,,74.0,
N08,鷺江,113,附表三,人事費-執行率,非收支,86.0,74.0,12.0,0.16216216216216217,80.0,8.48528137423857,80.0,0.7071067811865476
N08,鷺江,112,附表三,人事費-決算數,非收支,6549857.0,,,,6549857.0,,6549857.0,
N08,鷺江,113,附表三,人事費-決算數,非收支,7810400.0,6549857.0,1260543.0,0.1924535146339836,7180128.5,891338.5032772342,7180128.5,0.7071067811865476
N08,鷺江,112,附表三,代課費及代班費-執行率,非收支,26.0,,,,26.0,,26.0,
N08,鷺江,112,附表三,代課費及代班費-決算數,非收支,42605.0,,,,42605.0,,42605.0,
N08,鷺江,111,附表三,保全-執行率,非收支,32.0,,,,32.0,,32.0,
N08,鷺江,112,附表三,保全-執行率,非收支,32.0,32.0,0.0,0.0,32.0,0.0,32.0,
N08,鷺江,111,附表三,保全-決算數,非收支,25200.0,,,,25200.0,,25200.0,
N08,鷺江,112,附表三,保全-決算數,非收支,25200.0,25200.0,0.0,0.0,25200.0,0.0,25200.0,
N08,鷺江,112,附表三,保險費-執行率,非收支,173.0,,,,173.0,,173.0,
N08,鷺江,113,附表三,保險費-執行率,非收支,168.0,173.0,-5.0,-0.028901734104046242,170.5,3.5355339059327378,170.5,-0.7071067811865475
N08,鷺江,112,附表三,保險費-決算數,非收支,22485.0,,,,22485.0,,22485.0,
N08,鷺江,113,附表三,保險費-決算數,非收支,21836.0,22485.0,-649.0,-0.028863686902379365,22160.5,458.91230099006935,22160.5,-0.7071067811865475
N08,鷺江,111,附表三,修繕費-執行率,非收支,79.0,,,,79.0,,79.0,
N08,鷺江,112,附表三,修繕費-執行率,非收支,91.0,79.0,12.0,0.1518987341772152,85.0,8.48528137423857,85.0,0.7071067811865476
N08,鷺江,111,附表三,修繕費-決算數,非收支,87405.0,,,,87405.0,,87405.0,
N08,鷺江,112,附表三,修繕費-決算數,非收支,99939.0,87405.0,12534.0,0.14340140724214862,93672.0,8862.876395392186,93672.0,0.7071067811865476
N08,鷺江,110,附表三,修繕購置費-執行率,非收支,94.0,,,,94.0,,94.0,
N08,鷺江,111,附表三,修繕購置費-執行率,非收支,103.0,94.0,9.0,0.09574468085106383,98.5,6.363961030678928,98.5,0.7071067811865476
N08,鷺江,112,附表三,修繕購置費-執行率,非收支,91.0,103.0,-12.0,-0.11650485436893204,96.0,6.244997998398398,96.0,-0.8006407690254357
N08,鷺江,110,附表三,修繕購置費-決算數,非收支,139375.0,,,,139375.0,,139375.0,
N08,鷺江,111,附表三,修繕購置費-決算數,非收支,153431.0,139375.0,14056.0,0.10085022421524664,146403.0,9939.092916358111,146403.0,0.7071067811865476
N08,鷺江,112,附表三,修繕購置費-決算數,非收支,135491.0,153431.0,-17940.0,-0.11692552352523285,142765.66666666666,9438.398451714851,142765.66666666666,-0.7707522313115455
N08,鷺江,112,附表三,健康檢查-執行率,非收支,144.0,,,,144.0,,144.0,
N08,鷺江,113,附表三,健康檢查-執行率,非收支,79.0,144.0,-65.0,-0.4513888888888889,111.5,45.96194077712559,111.5,-0.7071067811865475
N08,鷺江,112,附表三,健康檢查-決算數,非收支,1442.0,,,,1442.0,,1442.0,
N08,鷺江,113,附表三,健康檢查-決算數,非收支,10220.0,1442.0,8778.0,6.087378640776699,5831.0,6206.9833252555145,5831.0,0.7071067811865475
N08,鷺江,110,附表三,其他支出-執行率,非收支,,,,,,,,
N08,鷺江,111,附表三,其他支出-執行率,非收支,,,,,,,,
N08,鷺江,112,附表三,其他支出-執行率,非收支,,,,,,,,
N08,鷺江,110,附表三,其他支出-決算數,非收支,2217058.0,,,,2217058.0,,2217058.0,
N08,鷺江,111,附表三,其他支出-決算數,非收支,2616558.0,2217058.0,399500.0,0.18019375226087905,2416808.0,282489.1590840257,2416808.0,0.7071067811865476
N08,鷺江,112,附表三,其他支出-決算數,非收支,5003631.0,2616558.0,2387073.0,0.9122950838467941,3279082.3333333335,1506801.626053122,3279082.3333333335,1.1445094276835268
N08,鷺江,112,附表三,其他收入-執行率,非收支,,,,,,,,
N08,鷺江,113,附表三,其他收入-執行率,非收支,,,,,,,,
N08,鷺江,112,附表三,其他收入-決算數,非收支,5003631.0,,,,5003631.0,,5003631.0,
N08,鷺江,113,附表三,其他收入-決算數,非收支,3739546.0,5003631.0,-1264085.0,-0.2526335375250493,4371588.5,893843.075496197,4371588.5,-0.7071067811865475
N08,鷺江,112,附表三,利息收入-執行率,非收支,,,,,,,,
N08,鷺江,113,附表三,利息收入-執行率,非收支,,,,,,,,
N08,鷺江,112,附表三,利息收入-決算數,非收支,107460.0,,,,107460.0,,107460.0,
N08,鷺江,113,附表三,利息收入-決算數,非收支,178840.0,107460.0,71380.0,0.664247161734599,143150.0,50473.282041095765,143150.0,0.7071067811865475
N08,鷺江,112,附表三,加班費-執行率,非收支,14.0,,,,14.0,,14.0,
N08,鷺江,113,附表三,加班費-執行率,非收支,21.0,14.0,7.0,0.5,17.5,4.949747468305833,17.5,0.7071067811865476
N08,鷺江,112,附表三,加班費-決算數,非收支,91992.0,,,,91992.0,,91992.0,
N08,鷺江,113,附表三,加班費-決算數,非收支,146791.0,91992.0,54799.0,0.595693103748152,119391.5,38748.74450224162,119391.5,0.7071067811865475
N08,鷺江,112,附表三,勞、健保保費-執行率,非收支,80.0,,,,80.0,,80.0,
N08,鷺江,112,附表三,勞、健保保費-決算數,非收支,642871.0,,,,642871.0,,642871.0,
N08,鷺江,113,附表三,勞、健保費-執行率,非收支,92.0,,,,92.0,,92.0,
N08,鷺江,113,附表三,勞、健保費-決算數,非收支,757082.0,,,,757082.0,,757082.0,
N08,鷺江,112,附表三,勞退金提撥-執行率,非收支,83.0,,,,83.0,,83.0,
N08,鷺江,113,附表三,勞退金提撥-執行率,非收支,95.0,83.0,12.0,0.14457831325301204,89.0,8.48528137423857,89.0,0.7071067811865476
N08,鷺江,112,附表三,勞退金提撥-決算數,非收支,300710.0,,,,300710.0,,300710.0,
N08,鷺江,113,附表三,勞退金提撥-決算數,非收支,352330.0,300710.0,51620.0,0.1716604037112168,326520.0,36500.852044849584,326520.0,0.7071067811865475
N08,鷺江,110,附表三,呆帳損失-執行率,非收支,,,,,,,,
N08,鷺江,111,附表三,呆帳損失-執行率,非收支,,,,,,,,
N08,鷺江,112,附表三,呆帳損失-執行率,非收支,,,,,,,,
N08,鷺江,110,附表三,呆帳損失-決算數,非收支,11833.0,,,,11833.0,,11833.0,
N08,鷺江,111,附表三,呆帳損失-決算數,非收支,,11833.0,,,11833.0,,11833.0,
N08,鷺江,112,附表三,呆帳損失-決算數,非收支,,,,,11833.0,,11833.0,
N08,鷺江,110,附表三,園務特支-執行率,非收支,44.0,,,,44.0,,44.0,
N08,鷺江,111,附表三,園務特支-執行率,非收支,83.0,44.0,39.0,0.8863636363636364,63.5,27.577164466275352,63.5,0.7071067811865476
N08,鷺江,112,附表三,園務特支-執行率,非收支,91.0,83.0,8.0,0.0963855421686747,72.66666666666667,25.146238950056393,72.66666666666667,0.7290686042451774
N08,鷺江,110,附表三,園務特支-決算數,非收支,18668.0,,,,18668.0,,18668.0,
N08,鷺江,111,附表三,園務特支-決算數,非收支,34865.0,18668.0,16197.0,0.8676344546818084,26766.5,11453.00853487851,26766.5,0.7071067811865475
N08,鷺江,112,附表三,園務特支-決算數,非收支,38145.0,34865.0,3280.0,0.09407715473971032,30559.333333333332,10427.965109901996,30559.333333333332,0.7274349872405701
N08,鷺江,110,附表三,園舍消毒、清潔-執行率,非收支,34.0,,,,34.0,,34.0,
N08,鷺江,111,附表三,園舍消毒、清潔-執行率,非收支,81.0,34.0,47.0,1.3823529411764706,57.5,33.23401871576773,57.5,0.7071067811865476
N08,鷺江,112,附表三,園舍消毒、清潔-執行率,非收支,87.0,81.0,6.0,0.07407407407407407,67.33333333333333,29.02297940138699,67.33333333333333,0.6776239749433448
N08,鷺江,110,附表三,園舍消毒、清潔-決算數,非收支,8465.0,,,,8465.0,,8465.0,
N08,鷺江,111,附表三,園舍消毒、清潔-決算數,非收支,20350.0,8465.0,11885.0,1.4040165386887182,14407.5,8403.964094402118,14407.5,0.7071067811865475
N08,鷺江,112,附表三,園舍消毒、清潔-決算數,非收支,21700.0,20350.0,1350.0,0.06633906633906633,16838.333333333332,7282.8674526818995,16838.333333333332,0.6675484207633589
N08,鷺江,112,附表三,園長及教保服務人員薪資(含職務加給)-執行率,非收支,79.0,,,,79.0,,79.0,
N08,鷺江,113,附表三,園長及教保服務人員薪資(含職務加給)-執行率,非收支,89.0,79.0,10.0,0.12658227848101267,84.0,7.0710678118654755,84.0,0.7071067811865475
N08,鷺江,112,附表三,園長及教保服務人員薪資(含職務加給)-決算數,非收支,4376320.0,,,,4376320.0,,4376320.0,
N08,鷺江,113,附表三,園長及教保服務人員薪資(含職務加給)-決算數,非收支,5087722.0,4376320.0,711402.0,0.16255712562152677,4732021.0,503037.1783496723,4732021.0,0.7071067811865475
N08,鷺江,113,附表三,學前特教師、社工人員、護理人員薪資-執行率,非收支,,,,,,,,
N08,鷺江,113,附表三,學前特教師、社工人員、護理人員薪資-決算數,非收支,40480.0,,,,40480.0,,40480.0,
N08,鷺江,110,附表三,差旅費-執行率,非收支,,,,,,,,
N08,鷺江,111,附表三,差旅費-執行率,非收支,,,,,,,,
N08,鷺江,112,附表三,差旅費-執行率,非收支,,,,,,,,
N08,鷺江,110,附表三,差旅費-決算數,非收支,,,,,,,,
N08,鷺江,111,附表三,差旅費-決算數,非收支,,,,,,,,
N08,鷺江,112,附表三,差旅費-決算數,非收支,,,,,,,,
N08,鷺江,110,附表三,延後托育支出-執行率,非收支,,,,,,,,
N08,鷺江,111,附表三,延後托育支出-執行率,非收支,,,,,,,,
N08,鷺江,110,附表三,延後托育支出-決算數,非收支,96196.0,,,,96196.0,,96196.0,
N08,鷺江,111,附表三,延後托育支出-決算數,非收支,134092.0,96196.0,37896.0,0.39394569420765935,115144.0,26796.518579845404,115144.0,0.7071067811865476
N08,鷺江,112,附表三,延長照顧服務支出-執行率,非收支,,,,,,,,
N08,鷺江,112,附表三,延長照顧服務支出-決算數,非收支,113754.0,,,,113754.0,,113754.0,
N08,鷺江,112,附表三,延長照顧服務收入-執行率,非收支,,,,,,,,
N08,鷺江,113,附表三,延長照顧服務收入-執行率,非收支,,,,,,,,
N08,鷺江,112,附表三,延長照顧服務收入-決算數,非收支,229900.0,,,,229900.0,,229900.0,
N08,鷺江,113,附表三,延長照顧服務收入-決算數,非收支,185105.0,229900.0,-44795.0,-0.1948455850369726,207502.5,31674.848263251395,207502.5,-0.7071067811865476
N08,鷺江,112,附表三,延長照顧服務收入淨額-執行率,非收支,,,,,,,,
N08,鷺江,112,附表三,延長照顧服務收入淨額-執行率,非收支,,,,,,,,
N08,鷺江,113,附表三,延長照顧服務收入淨額-執行率,非收支,,,,,,,,
N08,鷺江,113,附表三,延長照顧服務收入淨額-執行率,非收支,,,,,,,,
N08,鷺江,113,附表三,延長照顧服務收入淨額-執行率,非收支,,,,,,,,
N08,鷺江,113,附表三,延長照顧服務收入淨額-執行率,非收支,,,,,,,,
N08,鷺江,112,附表三,延長照顧服務收入淨額-決算數,非收支,219505.0,,,,219505.0,,219505.0,
N08,鷺江,112,附表三,延長照顧服務收入淨額-決算數,非收支,219505.0,,,,219505.0,0.0,219505.0,
N08,鷺江,113,附表三,延長照顧服務收入淨額-決算數,非收支,178000.0,219505.0,-41505.0,-0.18908453110407508,205670.0,23962.922922715417,205670.0,-1.1547005383792515
N08,鷺江,113,附表三,延長照顧服務收入淨額-決算數,非收支,178000.0,219505.0,-41505.0,-0.18908453110407508,198752.5,23962.922922715417,191835.0,-0.8660254037844386
N08,鷺江,113,附表三,延長照顧服務收入淨額-決算數,非收支,178000.0,219505.0,-41505.0,-0.18908453110407508,194602.0,22733.22474925192,178000.0,-0.7302967433402214
N08,鷺江,113,附表三,延長照顧服務收入淨額-決算數,非收支,178000.0,219505.0,-41505.0,-0.18908453110407508,191835.0,21433.089837911844,178000.0,-0.6454972243679028
N08,鷺江,112,附表三,延長照顧服務收入退費-執行率,非收支,,,,,,,,
N08,鷺江,113,附表三,延長照顧服務收入退費-執行率,非收支,,,,,,,,
N08,鷺江,112,附表三,延長照顧服務收入退費-決算數,非收支,-10395.0,,,,-10395.0,,-10395.0,
N08,鷺江,113,附表三,延長照顧服務收入退費-決算數,非收支,-7105.0,-10395.0,3290.0,0.3164983164983165,-8750.0,2326.3813101037413,-8750.0,0.7071067811865476
N08,鷺江,110,附表三,所得稅費用-執行率,非收支,,,,,,,,
N08,鷺江,111,附表三,所得稅費用-執行率,非收支,,,,,,,,
N08,鷺江,112,附表三,所得稅費用-執行率,非收支,,,,,,,,
N08,鷺江,110,附表三,所得稅費用-決算數,非收支,1927.0,,,,1927.0,,1927.0,
N08,鷺江,111,附表三,所得稅費用-決算數,非收支,,1927.0,,,1927.0,,1927.0,
N08,鷺江,112,附表三,所得稅費用-決算數,非收支,,,,,1927.0,,1927.0,
N08,鷺江,110,附表三,攝影照片-執行率,非收支,,,,,,,,
N08,鷺江,111,附表三,攝影照片-執行率,非收支,,,,,,,,
N08,鷺江,112,附表三,攝影照片-執行率,非收支,,,,,,,,
N08,鷺江,110,附表三,攝影照片-決算數,非收支,,,,,,,,
N08,鷺江,111,附表三,攝影照片-決算數,非收支,,,,,,,,
N08,鷺江,112,附表三,攝影照片-決算數,非收支,,,,,,,,
N08,鷺江,112,附表三,支出-執行率,非收支,141.0,,,,141.0,,141.0,
N08,鷺江,113,附表三,支出-執行率,非收支,133.0,141.0,-8.0,-0.05673758865248227,137.0,5.656854249492381,137.0,-0.7071067811865475
N08,鷺江,112,附表三,支出-決算數,非收支,16642820.0,,,,16642820.0,,16642820.0,
N08,鷺江,113,附表三,支出-決算數,非收支,16288934.0,16642820.0,-353886.0,-0.02126358393589548,16465877.0,250235.19036698257,16465877.0,-0.7071067811865475
N08,鷺江,112,附表三,收入-執行率,非收支,141.0,,,,141.0,,141.0,
N08,鷺江,113,附表三,收入-執行率,非收支,135.0,141.0,-6.0,-0.0425531914893617,138.0,4.242640687119285,138.0,-0.7071067811865476
N08,鷺江,112,附表三,收入-決算數,非收支,16561545.0,,,,16561545.0,,16561545.0,
N08,鷺江,113,附表三,收入-決算數,非收支,15523274.0,16561545.0,-1038271.0,-0.06269167520300793,16042409.5,734168.4648093379,16042409.5,-0.7071067811865476
N08,鷺江,112,附表三,政府學費差額補助退費-執行率,非收支,,,,,,,,
N08,鷺江,113,附表三,政府學費差額補助退費-執行率,非收支,,,,,,,,
N08,鷺江,112,附表三,政府學費差額補助退費-決算數,非收支,-25421.0,,,,-25421.0,,-25421.0,
N08,鷺江,113,附表三,政府學費差額補助退費-決算數,非收支,-9227.0,-25421.0,16194.0,0.6370323748082294,-17324.0,11450.88721453495,-17324.0,0.7071067811865476
N08,鷺江,110,附表三,教保材料費-執行率,非收支,43.0,,,,43.0,,43.0,
N08,鷺江,111,附表三,教保材料費-執行率,非收支,65.0,43.0,22.0,0.5116279069767442,54.0,15.556349186104045,54.0,0.7071067811865476
N08,鷺江,112,附表三,教保材料費-執行率,非收支,77.0,65.0,12.0,0.18461538461538463,61.666666666666664,17.243356208503418,61.666666666666664,0.8892313739811181
N08,鷺江,110,附表三,教保材料費-決算數,非收支,108866.0,,,,108866.0,,108866.0,
N08,鷺江,111,附表三,教保材料費-決算數,非收支,164774.0,108866.0,55908.0,0.5135487663733397,136820.0,39532.9259225775,136820.0,0.7071067811865475
N08,鷺江,112,附表三,教保材料費-決算數,非收支,195478.0,164774.0,30704.0,0.18634007792491533,156372.66666666666,43912.94157003529,156372.66666666666,0.8905195583622096
N08,鷺江,112,附表三,教保費收入(家長繳費)-執行率,非收支,53.0,,,,53.0,,53.0,
N08,鷺江,113,附表三,教保費收入(家長繳費)-執行率,非收支,50.0,53.0,-3.0,-0.05660377358490566,51.5,2.1213203435596424,51.5,-0.7071067811865476
N08,鷺江,112,附表三,教保費收入(家長繳費)-決算數,非收支,1353826.0,,,,1353826.0,,1353826.0,
N08,鷺江,113,附表三,教保費收入(家長繳費)-決算數,非收支,1199155.0,1353826.0,-154671.0,-0.11424732572723525,1276490.5,109368.91295290449,1276490.5,-0.7071067811865476
N08,鷺江,112,附表三,教保費收入(政府學費差額補助)-執行率,非收支,109.0,,,,109.0,,109.0,
N08,鷺江,113,附表三,教保費收入(政府學費差額補助)-執行率,非收支,113.0,109.0,4.0,0.03669724770642202,111.0,2.8284271247461903,111.0,0.7071067811865475
N08,鷺江,112,附表三,教保費收入(政府學費差額補助)-決算數,非收支,10043210.0,,,,10043210.0,,10043210.0,
N08,鷺江,113,附表三,教保費收入(政府學費差額補助)-決算數,非收支,10330000.0,10043210.0,286790.0,0.028555611203987568,10186605.0,202791.15377648995,10186605.0,0.7071067811865476
N08,鷺江,112,附表三,教保費收入-執行率,非收支,97.0,,,,97.0,,97.0,
N08,鷺江,113,附表三,教保費收入-執行率,非收支,100.0,97.0,3.0,0.030927835051546393,98.5,2.1213203435596424,98.5,0.7071067811865476
N08,鷺江,112,附表三,教保費收入-決算數,非收支,11397036.0,,,,11397036.0,,11397036.0,
N08,鷺江,113,附表三,教保費收入-決算數,非收支,11529155.0,11397036.0,132119.0,0.011592399988909397,11463095.5,93422.24082358547,11463095.5,0.7071067811865476
N08,鷺江,112,附表三,教保費收入淨額-執行率,非收支,96.0,,,,96.0,,96.0,
N08,鷺江,113,附表三,教保費收入淨額-執行率,非收支,99.0,96.0,3.0,0.03125,97.5,2.1213203435596424,97.5,0.7071067811865476
N08,鷺江,112,附表三,教保費收入淨額-決算數,非收支,11230949.0,,,,11230949.0,,11230949.0,
N08,鷺江,113,附表三,教保費收入淨額-決算數,非收支,11426888.0,11230949.0,195939.0,0.0174463440266713,11328918.5,138549.79559891095,11328918.5,0.7071067811865475
N08,鷺江,112,附表三,教保費收入減項-執行率,非收支,,,,,,,,
N08,鷺江,113,附表三,教保費收入減項-執行率,非收支,,,,,,,,
N08,鷺江,112,附表三,教保費收入減項-決算數,非收支,-166087.0,,,,-166087.0,,-166087.0,
N08,鷺江,113,附表三,教保費收入減項-決算數,非收支,-102267.0,-166087.0,63820.0,0.3842564439119257,-134177.0,45127.554775325465,-134177.0,0.7071067811865475
N08,鷺江,111,附表三,文宣費(一般文宣)-執行率,非收支,37.0,,,,37.0,,37.0,
N08,鷺江,112,附表三,文宣費(一般文宣)-執行率,非收支,30.0,37.0,-7.0,-0.1891891891891892,33.5,4.949747468305833,33.5,-0.7071067811865476
N08,鷺江,111,附表三,文宣費(一般文宣)-決算數,非收支,3710.0,,,,3710.0,,3710.0,
N08,鷺江,112,附表三,文宣費(一般文宣)-決算數,非收支,3045.0,3710.0,-665.0,-0.1792452830188679,3377.5,470.2260094890541,3377.5,-0.7071067811865476
N08,鷺江,111,附表三,文宣費(園刊)-執行率,非收支,,,,,,,,
N08,鷺江,112,附表三,文宣費(園刊)-執行率,非收支,24.0,,,,24.0,,24.0,
N08,鷺江,111,附表三,文宣費(園刊)-決算數,非收支,,,,,,,,
N08,鷺江,112,附表三,文宣費(園刊)-決算數,非收支,7118.0,,,,7118.0,,7118.0,
N08,鷺江,110,附表三,文宣費（一般文宣）-執行率,非收支,98.0,,,,98.0,,98.0,
N08,鷺江,110,附表三,文宣費（一般文宣）-決算數,非收支,9828.0,,,,9828.0,,9828.0,
N08,鷺江,110,附表三,文宣費（園刊）-執行率,非收支,,,,,,,,
N08,鷺江,110,附表三,文宣費（園刊）-決算數,非收支,,,,,,,,
N08,鷺江,110,附表三,日常消耗用品-執行率,非收支,84.0,,,,84.0,,84.0,
N08,鷺江,111,附表三,日常消耗用品-執行率,非收支,81.0,84.0,-3.0,-0.03571428571428571,82.5,2.1213203435596424,82.5,-0.7071067811865476
N08,鷺江,112,附表三,日常消耗用品-執行率,非收支,76.0,81.0,-5.0,-0.06172839506172839,80.33333333333333,4.041451884327379,80.33333333333333,-1.0722219284950185
N08,鷺江,110,附表三,日常消耗用品-決算數,非收支,53562.0,,,,53562.0,,53562.0,
N08,鷺江,111,附表三,日常消耗用品-決算數,非收支,51560.0,53562.0,-2002.0,-0.03737724506179754,52561.0,1415.6277759354682,52561.0,-0.7071067811865475
N08,鷺江,112,附表三,日常消耗用品-決算數,非收支,48191.0,51560.0,-3369.0,-0.06534134988363072,51104.333333333336,2714.338654872184,51104.333333333336,-1.0733123989904354
N08,鷺江,112,附表三,會計、總務、廚工、清潔薪資-執行率,非收支,83.0,,,,83.0,,83.0,
N08,鷺江,113,附表三,會計、總務、廚工、清潔薪資-執行率,非收支,95.0,83.0,12.0,0.14457831325301204,89.0,8.48528137423857,89.0,0.7071067811865476
N08,鷺江,112,附表三,會計、總務、廚工、清潔薪資-決算數,非收支,1009341.0,,,,1009341.0,,1009341.0,
N08,鷺江,113,附表三,會計、總務、廚工、清潔薪資-決算數,非收支,1174551.0,1009341.0,165210.0,0.16368105526279028,1091946.0,116821.11131982952,1091946.0,0.7071067811865475
N08,鷺江,110,附表三,本期稅前餘絀-執行率,非收支,499.0,,,,499.0,,499.0,
N08,鷺江,111,附表三,本期稅前餘絀-執行率,非收支,477.0,499.0,-22.0,-0.04408817635270541,488.0,15.556349186104045,488.0,-0.7071067811865476
N08,鷺江,112,附表三,本期稅前餘絀-執行率,非收支,84.0,477.0,-393.0,-0.8238993710691824,353.3333333333333,233.5087435907558,353.3333333333333,-1.15341862232518
N08,鷺江,110,附表三,本期稅前餘絀-決算數,非收支,1558273.0,,,,1558273.0,,1558273.0,
N08,鷺江,111,附表三,本期稅前餘絀-決算數,非收支,456219.0,1558273.0,-1102054.0,-0.7072278092478019,1007246.0,779269.8566337595,1007246.0,-0.7071067811865476
N08,鷺江,112,附表三,本期稅前餘絀-決算數,非收支,-81275.0,456219.0,-537494.0,-1.178149090677942,644405.6666666666,835817.01179704,644405.6666666666,-0.8682291176467253
N08,鷺江,110,附表三,本期稅後餘絀-執行率,非收支,499.0,,,,499.0,,499.0,
N08,鷺江,111,附表三,本期稅後餘絀-執行率,非收支,477.0,499.0,-22.0,-0.04408817635270541,488.0,15.556349186104045,488.0,-0.7071067811865476
N08,鷺江,112,附表三,本期稅後餘絀-執行率,非收支,84.0,477.0,-393.0,-0.8238993710691824,353.3333333333333,233.5087435907558,353.3333333333333,-1.15341862232518
N08,鷺江,110,附表三,本期稅後餘絀-決算數,非收支,1556346.0,,,,1556346.0,,1556346.0,
N08,鷺江,111,附表三,本期稅後餘絀-決算數,非收支,456219.0,1556346.0,-1100127.0,-0.7068653114410292,1006282.5,777907.2618664129,1006282.5,-0.7071067811865476
N08,鷺江,112,附表三,本期稅後餘絀-決算數,非收支,,456219.0,,,1006282.5,777907.2618664129,1006282.5,
N08,鷺江,110,附表三,材料費-執行率,非收支,77.0,,,,77.0,,77.0,
N08,鷺江,111,附表三,材料費-執行率,非收支,70.0,77.0,-7.0,-0.09090909090909091,73.5,4.949747468305833,73.5,-0.7071067811865476
N08,鷺江,112,附表三,材料費-執行率,非收支,79.0,70.0,9.0,0.12857142857142856,75.33333333333333,4.72581562625261,75.33333333333333,0.7758801774444589
N08,鷺江,110,附表三,材料費-決算數,非收支,1222323.0,,,,1222323.0,,1222323.0,
N08,鷺江,111,附表三,材料費-決算數,非收支,1126007.0,1222323.0,-96316.0,-0.07879750278772468,1174165.0,68105.69673676351,1174165.0,-0.7071067811865476
N08,鷺江,112,附表三,材料費-決算數,非收支,1263486.0,1126007.0,137479.0,0.12209426762000591,1203938.6666666667,70559.24209012827,1203938.6666666667,0.8439338571305932
N08,鷺江,110,附表三,業務發展費-執行率,非收支,,,,,,,,
N08,鷺江,111,附表三,業務發展費-執行率,非收支,,,,,,,,
N08,鷺江,112,附表三,業務發展費-執行率,非收支,,,,,,,,
N08,鷺江,110,附表三,業務發展費-決算數,非收支,836278.0,,,,836278.0,,836278.0,
N08,鷺江,111,附表三,業務發展費-決算數,非收支,1573640.0,836278.0,737362.0,0.88171875859463,1204959.0,521393.67038927507,1204959.0,0.7071067811865475
N08,鷺江,112,附表三,業務發展費-決算數,非收支,2729845.0,1573640.0,1156205.0,0.7347328486820366,1713254.3333333333,954472.6907703192,1713254.3333333333,1.0650809357847781
N08,鷺江,112,附表三,業務費-執行率,非收支,59.0,,,,59.0,,59.0,
N08,鷺江,112,附表三,業務費-決算數,非收支,481885.0,,,,481885.0,,481885.0,
N08,鷺江,111,附表三,水費-執行率,非收支,60.0,,,,60.0,,60.0,
N08,鷺江,112,附表三,水費-執行率,非收支,113.0,60.0,53.0,0.8833333333333333,86.5,37.476659402887016,86.5,0.7071067811865476
N08,鷺江,111,附表三,水費-決算數,非收支,19256.0,,,,19256.0,,19256.0,
N08,鷺江,112,附表三,水費-決算數,非收支,36115.0,19256.0,16859.0,0.8755193186539261,27685.5,11921.113224024004,27685.5,0.7071067811865476
N08,鷺江,110,附表三,水電修繕-執行率,非收支,58.0,,,,58.0,,58.0,
N08,鷺江,110,附表三,水電修繕-決算數,非收支,63587.0,,,,63587.0,,63587.0,
N08,鷺江,112,附表三,活動費-執行率,非收支,54.0,,,,54.0,,54.0,
N08,鷺江,112,附表三,活動費-決算數,非收支,62027.0,,,,62027.0,,62027.0,
N08,鷺江,110,附表三,火險-執行率,非收支,16.0,,,,16.0,,16.0,
N08,鷺江,111,附表三,火險-執行率,非收支,15.0,16.0,-1.0,-0.0625,15.5,0.7071067811865476,15.5,-0.7071067811865475
N08,鷺江,112,附表三,火險-執行率,非收支,15.0,15.0,0.0,0.0,15.333333333333334,0.5773502691896258,15.333333333333334,-0.5773502691896267
N08,鷺江,110,附表三,火險-決算數,非收支,1305.0,,,,1305.0,,1305.0,
N08,鷺江,111,附表三,火險-決算數,非收支,1160.0,1305.0,-145.0,-0.1111111111111111,1232.5,102.5304832720494,1232.5,-0.7071067811865475
N08,鷺江,112,附表三,火險-決算數,非收支,1160.0,1160.0,0.0,0.0,1208.3333333333333,83.71578903249572,1208.3333333333333,-0.577350269189625
N08,鷺江,111,附表三,瓦斯費-執行率,非收支,55.0,,,,55.0,,55.0,
N08,鷺江,112,附表三,瓦斯費-執行率,非收支,51.0,55.0,-4.0,-0.07272727272727272,53.0,2.8284271247461903,53.0,-0.7071067811865475
N08,鷺江,111,附表三,瓦斯費-決算數,非收支,18590.0,,,,18590.0,,18590.0,
N08,鷺江,112,附表三,瓦斯費-決算數,非收支,17375.0,18590.0,-1215.0,-0.06535771920387305,17982.5,859.1347391416552,17982.5,-0.7071067811865476
N08,鷺江,111,附表三,研習、進修-執行率,非收支,89.0,,,,89.0,,89.0,
N08,鷺江,112,附表三,研習、進修-執行率,非收支,75.0,89.0,-14.0,-0.15730337078651685,82.0,9.899494936611665,82.0,-0.7071067811865476
N08,鷺江,111,附表三,研習、進修-決算數,非收支,23055.0,,,,23055.0,,23055.0,
N08,鷺江,112,附表三,研習、進修-決算數,非收支,19619.0,23055.0,-3436.0,-0.14903491650401215,21337.0,2429.6189001569774,21337.0,-0.7071067811865475
N08,鷺江,110,附表三,維護費-執行率,非收支,51.0,,,,51.0,,51.0,
N08,鷺江,111,附表三,維護費-執行率,非收支,76.0,51.0,25.0,0.49019607843137253,63.5,17.67766952966369,63.5,0.7071067811865475
N08,鷺江,112,附表三,維護費-執行率,非收支,86.0,76.0,10.0,0.13157894736842105,71.0,18.027756377319946,71.0,0.8320502943378437
N08,鷺江,110,附表三,維護費-決算數,非收支,73357.0,,,,73357.0,,73357.0,
N08,鷺江,111,附表三,維護費-決算數,非收支,108915.0,73357.0,35558.0,0.4847253840805922,91136.0,25143.302925431257,91136.0,0.7071067811865476
N08,鷺江,112,附表三,維護費-決算數,非收支,122799.0,108915.0,13884.0,0.12747555433135932,101690.33333333333,25500.48425683978,101690.33333333333,0.8277751298391469
N08,鷺江,112,附表三,腸病毒退費-執行率,非收支,,,,,,,,
N08,鷺江,113,附表三,腸病毒退費-執行率,非收支,,,,,,,,
N08,鷺江,112,附表三,腸病毒退費-決算數,非收支,-66255.0,,,,-66255.0,,-66255.0,
N08,鷺江,113,附表三,腸病毒退費-決算數,非收支,-45053.0,-66255.0,21202.0,0.32000603728020527,-55654.0,14992.07797471718,-55654.0,0.7071067811865476
N08,鷺江,112,附表三,自強活動-執行率,非收支,92.0,,,,92.0,,92.0,
N08,鷺江,113,附表三,自強活動-執行率,非收支,100.0,92.0,8.0,0.08695652173913043,96.0,5.656854249492381,96.0,0.7071067811865475
N08,鷺江,112,附表三,自強活動-決算數,非收支,12000.0,,,,12000.0,,12000.0,
N08,鷺江,113,附表三,自強活動-決算數,非收支,13000.0,12000.0,1000.0,0.08333333333333333,12500.0,707.1067811865476,12500.0,0.7071067811865475
N08,鷺江,110,附表三,藥品費-執行率,非收支,24.0,,,,24.0,,24.0,
N08,鷺江,111,附表三,藥品費-執行率,非收支,39.0,24.0,15.0,0.625,31.5,10.606601717798213,31.5,0.7071067811865475
N08,鷺江,112,附表三,藥品費-執行率,非收支,48.0,39.0,9.0,0.23076923076923078,37.0,12.12435565298214,37.0,0.9072647087265548
N08,鷺江,110,附表三,藥品費-決算數,非收支,1756.0,,,,1756.0,,1756.0,
N08,鷺江,111,附表三,藥品費-決算數,非收支,2915.0,1756.0,1159.0,0.6600227790432802,2335.5,819.5367593952086,2335.5,0.7071067811865475
N08,鷺江,112,附表三,藥品費-決算數,非收支,3562.0,2915.0,647.0,0.22195540308747855,2744.3333333333335,915.0160290034996,2744.3333333333335,0.8936091180360505
N08,鷺江,110,附表三,行政管理費-執行率,非收支,100.0,,,,100.0,,100.0,
N08,鷺江,111,附表三,行政管理費-執行率,非收支,100.0,100.0,0.0,0.0,100.0,0.0,100.0,
N08,鷺江,112,附表三,行政管理費-執行率,非收支,100.0,100.0,0.0,0.0,100.0,0.0,100.0,
N08,鷺江,110,附表三,行政管理費-決算數,非收支,241682.0,,,,241682.0,,241682.0,
N08,鷺江,111,附表三,行政管理費-決算數,非收支,241682.0,241682.0,0.0,0.0,241682.0,0.0,241682.0,
N08,鷺江,112,附表三,行政管理費-決算數,非收支,241682.0,241682.0,0.0,0.0,241682.0,0.0,241682.0,
N08,鷺江,112,附表三,資遣費-執行率,非收支,100.0,,,,100.0,,100.0,
N08,鷺江,112,附表三,資遣費-決算數,非收支,50091.0,,,,50091.0,,50091.0,
N08,鷺江,112,附表三,轉學/轉出退費-執行率,非收支,,,,,,,,
N08,鷺江,113,附表三,轉學/轉出退費-執行率,非收支,,,,,,,,
N08,鷺江,112,附表三,轉學/轉出退費-決算數,非收支,,,,,,,,
N08,鷺江,113,附表三,轉學/轉出退費-決算數,非收支,,,,,,,,
N08,鷺江,111,附表三,辦公文具-執行率,非收支,21.0,,,,21.0,,21.0,
N08,鷺江,112,附表三,辦公文具-執行率,非收支,60.0,21.0,39.0,1.8571428571428572,40.5,27.577164466275352,40.5,0.7071067811865476
N08,鷺江,111,附表三,辦公文具-決算數,非收支,4932.0,,,,4932.0,,4932.0,
N08,鷺江,112,附表三,辦公文具-決算數,非收支,14507.0,4932.0,9575.0,1.9414030819140309,9719.5,6770.5474298611925,9719.5,0.7071067811865476
N08,鷺江,111,附表三,郵費-執行率,非收支,49.0,,,,49.0,,49.0,
N08,鷺江,111,附表三,郵費-決算數,非收支,4125.0,,,,4125.0,,4125.0,
N08,鷺江,110,附表三,郵資-執行率,非收支,118.0,,,,118.0,,118.0,
N08,鷺江,112,附表三,郵資-執行率,非收支,52.0,,,,85.0,46.66904755831214,85.0,-0.7071067811865476
N08,鷺江,110,附表三,郵資-決算數,非收支,9926.0,,,,9926.0,,9926.0,
N08,鷺江,112,附表三,郵資-決算數,非收支,4385.0,,,,7155.5,3918.0786745546598,7155.5,-0.7071067811865476
N08,鷺江,110,附表三,雜支-執行率,非收支,12.0,,,,12.0,,12.0,
N08,鷺江,111,附表三,雜支-執行率,非收支,3.0,12.0,-9.0,-0.75,7.5,6.363961030678928,7.5,-0.7071067811865476
N08,鷺江,112,附表三,雜支-執行率,非收支,1.0,3.0,-2.0,-0.6666666666666666,5.333333333333333,5.8594652770823155,5.333333333333333,-0.7395441611851465
N08,鷺江,110,附表三,雜支-決算數,非收支,6077.0,,,,6077.0,,6077.0,
N08,鷺江,111,附表三,雜支-決算數,非收支,1310.0,6077.0,-4767.0,-0.7844331084416652,3693.5,3370.778025916272,3693.5,-0.7071067811865476
N08,鷺江,112,附表三,雜支-決算數,非收支,390.0,1310.0,-920.0,-0.7022900763358778,2592.3333333333335,3052.667085244202,2592.3333333333335,-0.7214456315851929
N08,鷺江,112,附表三,電話費(含ADSL)-執行率,非收支,91.0,,,,91.0,,91.0,
N08,鷺江,112,附表三,電話費(含ADSL)-決算數,非收支,49274.0,,,,49274.0,,49274.0,
N08,鷺江,111,附表三,電話費(含網路)-執行率,非收支,83.0,,,,83.0,,83.0,
N08,鷺江,111,附表三,電話費(含網路)-決算數,非收支,44912.0,,,,44912.0,,44912.0,
N08,鷺江,110,附表三,電話費（含網路）-執行率,非收支,100.0,,,,100.0,,100.0,
N08,鷺江,110,附表三,電話費（含網路）-決算數,非收支,53805.0,,,,53805.0,,53805.0,
N08,鷺江,111,附表三,電費-執行率,非收支,64.0,,,,64.0,,64.0,
N08,鷺江,112,附表三,電費-執行率,非收支,68.0,64.0,4.0,0.0625,66.0,2.8284271247461903,66.0,0.7071067811865475
N08,鷺江,111,附表三,電費-決算數,非收支,169860.0,,,,169860.0,,169860.0,
N08,鷺江,112,附表三,電費-決算數,非收支,180115.0,169860.0,10255.0,0.0603732485576357,174987.5,7251.380041068045,174987.5,0.7071067811865475
N08,鷺江,110,附表三,餐點費-執行率,非收支,83.0,,,,83.0,,83.0,
N08,鷺江,111,附表三,餐點費-執行率,非收支,71.0,83.0,-12.0,-0.14457831325301204,77.0,8.48528137423857,77.0,-0.7071067811865476
N08,鷺江,112,附表三,餐點費-執行率,非收支,80.0,71.0,9.0,0.1267605633802817,78.0,6.244997998398398,78.0,0.32025630761017426
N08,鷺江,110,附表三,餐點費-決算數,非收支,1058139.0,,,,1058139.0,,1058139.0,
N08,鷺江,111,附表三,餐點費-決算數,非收支,906758.0,1058139.0,-151381.0,-0.14306343495514295,982448.5,107042.53164280075,982448.5,-0.7071067811865476
N08,鷺江,112,附表三,餐點費-決算數,非收支,1016255.0,906758.0,109497.0,0.120756585549838,993717.3333333334,78166.56321172969,993717.3333333334,0.288328739817035
N08,鷺江,110,附表二,事務機器耗材-差異率,非收支,72.0,,,,72.0,,72.0,
N08,鷺江,112,附表二,事務機器耗材-差異率,非收支,-62.0,,,,5.0,94.75230867899737,5.0,-0.7071067811865476
N08,鷺江,110,附表二,事務機器耗材-決算數,非收支,46998.0,,,,46998.0,,46998.0,
N08,鷺江,112,附表二,事務機器耗材-決算數,非收支,24960.0,,,,35979.0,15583.219243789134,35979.0,-0.7071067811865476
N08,鷺江,110,附表二,五日未上課退費-差異率,非收支,,,,,,,,
N08,鷺江,111,附表二,五日未上課退費-差異率,非收支,,,,,,,,
N08,鷺江,110,附表二,五日未上課退費-決算數,非收支,-59336.0,,,,-59336.0,,-59336.0,
N08,鷺江,111,附表二,五日未上課退費-決算數,非收支,-55934.0,-59336.0,3402.0,0.057334501820142915,-57635.0,2405.577269596635,-57635.0,0.7071067811865475
N08,鷺江,110,附表二,人事費-差異率,非收支,82.0,,,,82.0,,82.0,
N08,鷺江,111,附表二,人事費-差異率,非收支,85.0,82.0,3.0,0.036585365853658534,83.5,2.1213203435596424,83.5,0.7071067811865476
N08,鷺江,112,附表二,人事費-差異率,非收支,-26.0,85.0,-111.0,-1.3058823529411765,47.0,63.23764701504951,47.0,-1.1543756519376378
N08,鷺江,112,附表二,人事費-差異率,非收支,-21.0,85.0,-106.0,-1.2470588235294118,30.0,61.82232606429493,12.666666666666666,-0.8249446963053484
N08,鷺江,110,附表二,人事費-決算數,非收支,6903487.0,,,,6903487.0,,6903487.0,
N08,鷺江,111,附表二,人事費-決算數,非收支,7382340.0,6903487.0,478853.0,0.06936393158993419,7142913.5,338600.2034915218,7142913.5,0.7071067811865476
N08,鷺江,112,附表二,人事費-決算數,非收支,6549857.0,7382340.0,-832483.0,-0.11276681919283046,6945228.0,417808.2330842704,6945228.0,-0.9462977717824319
N08,鷺江,112,附表二,人事費-決算數,非收支,6407774.0,7382340.0,-974566.0,-0.13201315572027297,6810864.5,434269.5172558933,6779990.333333333,-0.928203532559894
N08,鷺江,110,附表二,代課費及廚工代班費-差異率,非收支,14.0,,,,14.0,,14.0,
N08,鷺江,111,附表二,代課費及廚工代班費-差異率,非收支,29.0,14.0,15.0,1.0714285714285714,21.5,10.606601717798213,21.5,0.7071067811865475
N08,鷺江,110,附表二,代課費及廚工代班費-決算數,非收支,23153.0,,,,23153.0,,23153.0,
N08,鷺江,111,附表二,代課費及廚工代班費-決算數,非收支,47690.0,23153.0,24537.0,1.0597762708936207,35421.5,17350.279089974316,35421.5,0.7071067811865476
N08,鷺江,110,附表二,保全-差異率,非收支,32.0,,,,32.0,,32.0,
N08,鷺江,112,附表二,保全-差異率,非收支,-69.0,,,,-18.5,71.4177848998413,-18.5,-0.7071067811865476
N08,鷺江,110,附表二,保全-決算數,非收支,25200.0,,,,25200.0,,25200.0,
N08,鷺江,112,附表二,保全-決算數,非收支,25200.0,,,,25200.0,0.0,25200.0,
N08,鷺江,110,附表二,保險費-差異率,非收支,99.0,,,,99.0,,99.0,
N08,鷺江,111,附表二,保險費-差異率,非收支,101.0,99.0,2.0,0.020202020202020204,100.0,1.4142135623730951,100.0,0.7071067811865475
N08,鷺江,110,附表二,保險費-決算數,非收支,12882.0,,,,12882.0,,12882.0,
N08,鷺江,111,附表二,保險費-決算數,非收支,13072.0,12882.0,190.0,0.014749262536873156,12977.0,134.35028842544403,12977.0,0.7071067811865475
N08,鷺江,112,附表二,修繕購置費-差異率,非收支,-9.0,,,,-9.0,,-9.0,
N08,鷺江,112,附表二,修繕購置費-決算數,非收支,135491.0,,,,135491.0,,135491.0,
N08,鷺江,110,附表二,健康檢查-差異率,非收支,174.0,,,,174.0,,174.0,
N08,鷺江,111,附表二,健康檢查-差異率,非收支,50.0,174.0,-124.0,-0.7126436781609196,112.0,87.68124086713189,112.0,-0.7071067811865476
N08,鷺江,110,附表二,健康檢查-決算數,非收支,1740.0,,,,1740.0,,1740.0,
N08,鷺江,111,附表二,健康檢查-決算數,非收支,6442.0,1740.0,4702.0,2.7022988505747128,4091.0,3324.8160851391463,4091.0,0.7071067811865476
N08,鷺江,110,附表二,其他收入-差異率,非收支,,,,,,,,
N08,鷺江,111,附表二,其他收入-差異率,非收支,,,,,,,,
N08,鷺江,110,附表二,其他收入-決算數,非收支,2217058.0,,,,2217058.0,,2217058.0,
N08,鷺江,111,附表二,其他收入-決算數,非收支,2616558.0,2217058.0,399500.0,0.18019375226087905,2416808.0,282489.1590840257,2416808.0,0.7071067811865476
N08,鷺江,110,附表二,利息收入-差異率,非收支,,,,,,,,
N08,鷺江,111,附表二,利息收入-差異率,非收支,,,,,,,,
N08,鷺江,110,附表二,利息收入-決算數,非收支,1094.0,,,,1094.0,,1094.0,
N08,鷺江,111,附表二,利息收入-決算數,非收支,35454.0,1094.0,34360.0,31.407678244972576,18274.0,24296.18900156977,18274.0,0.7071067811865476
N08,鷺江,110,附表二,加班費-差異率,非收支,7.0,,,,7.0,,7.0,
N08,鷺江,111,附表二,加班費-差異率,非收支,9.0,7.0,2.0,0.2857142857142857,8.0,1.4142135623730951,8.0,0.7071067811865475
N08,鷺江,112,附表二,加班費-差異率,非收支,-86.0,9.0,-95.0,-10.555555555555555,-23.333333333333332,54.28013755816517,-23.333333333333332,-1.1545045662331772
N08,鷺江,110,附表二,加班費-決算數,非收支,42914.0,,,,42914.0,,42914.0,
N08,鷺江,111,附表二,加班費-決算數,非收支,58501.0,42914.0,15587.0,0.36321480169641607,50707.5,11021.673398354716,50707.5,0.7071067811865475
N08,鷺江,112,附表二,加班費-決算數,非收支,91992.0,58501.0,33491.0,0.572485940411275,64469.0,25077.38600811496,64469.0,1.0975226840267023
N08,鷺江,110,附表二,勞、健保費-差異率,非收支,96.0,,,,96.0,,96.0,
N08,鷺江,111,附表二,勞、健保費-差異率,非收支,94.0,96.0,-2.0,-0.020833333333333332,95.0,1.4142135623730951,95.0,-0.7071067811865475
N08,鷺江,110,附表二,勞、健保費-決算數,非收支,729609.0,,,,729609.0,,729609.0,
N08,鷺江,111,附表二,勞、健保費-決算數,非收支,731855.0,729609.0,2246.0,0.0030783611496020473,730732.0,1588.1618305449858,730732.0,0.7071067811865475
N08,鷺江,110,附表二,勞退金提撥-差異率,非收支,100.0,,,,100.0,,100.0,
N08,鷺江,111,附表二,勞退金提撥-差異率,非收支,98.0,100.0,-2.0,-0.02,99.0,1.4142135623730951,99.0,-0.7071067811865475
N08,鷺江,110,附表二,勞退金提撥-決算數,非收支,345026.0,,,,345026.0,,345026.0,
N08,鷺江,111,附表二,勞退金提撥-決算數,非收支,345123.0,345026.0,97.0,0.0002811382330606969,345074.5,68.58935777509511,345074.5,0.7071067811865476
N08,鷺江,112,附表二,合計-差異率,非收支,-26.0,,,,-26.0,,-26.0,
N08,鷺江,112,附表二,合計-決算數,非收支,8795590.0,,,,8795590.0,,8795590.0,
N08,鷺江,112,附表二,園務特支-差異率,非收支,-9.0,,,,-9.0,,-9.0,
N08,鷺江,112,附表二,園務特支-決算數,非收支,38145.0,,,,38145.0,,38145.0,
N08,鷺江,111,附表二,園長及教保服務人員薪資(含職務加給)-差異率,非收支,92.0,,,,92.0,,92.0,
N08,鷺江,111,附表二,園長及教保服務人員薪資(含職務加給)-決算數,非收支,4977990.0,,,,4977990.0,,4977990.0,
N08,鷺江,110,附表二,園長及教保服務人員薪資（含職務加給）-差異率,非收支,91.0,,,,91.0,,91.0,
N08,鷺江,110,附表二,園長及教保服務人員薪資（含職務加給）-決算數,非收支,4806881.0,,,,4806881.0,,4806881.0,
N08,鷺江,112,附表二,差旅費-差異率,非收支,,,,,,,,
N08,鷺江,112,附表二,差旅費-決算數,非收支,,,,,,,,
N08,鷺江,110,附表二,延後托育收入-差異率,非收支,,,,,,,,
N08,鷺江,111,附表二,延後托育收入-差異率,非收支,,,,,,,,
N08,鷺江,110,附表二,延後托育收入-決算數,非收支,240550.0,,,,240550.0,,240550.0,
N08,鷺江,111,附表二,延後托育收入-決算數,非收支,257960.0,240550.0,17410.0,0.07237580544585326,249255.0,12310.729060457792,249255.0,0.7071067811865476
N08,鷺江,110,附表二,延後托育收入淨額-差異率,非收支,,,,,,,,
N08,鷺江,110,附表二,延後托育收入淨額-差異率,非收支,,,,,,,,
N08,鷺江,111,附表二,延後托育收入淨額-差異率,非收支,,,,,,,,
N08,鷺江,111,附表二,延後托育收入淨額-差異率,非收支,,,,,,,,
N08,鷺江,111,附表二,延後托育收入淨額-差異率,非收支,,,,,,,,
N08,鷺江,111,附表二,延後托育收入淨額-差異率,非收支,,,,,,,,
N08,鷺江,110,附表二,延後托育收入淨額-決算數,非收支,233235.0,,,,233235.0,,233235.0,
N08,鷺江,110,附表二,延後托育收入淨額-決算數,非收支,233235.0,,,,233235.0,0.0,233235.0,
N08,鷺江,111,附表二,延後托育收入淨額-決算數,非收支,254145.0,233235.0,20910.0,0.08965206765708406,240205.0,12072.394128755075,240205.0,1.1547005383792515
N08,鷺江,111,附表二,延後托育收入淨額-決算數,非收支,254145.0,233235.0,20910.0,0.08965206765708406,243690.0,12072.394128755075,247175.0,0.8660254037844386
N08,鷺江,111,附表二,延後托育收入淨額-決算數,非收支,254145.0,233235.0,20910.0,0.08965206765708406,245781.0,11452.878677433024,254145.0,0.7302967433402214
N08,鷺江,111,附表二,延後托育收入淨額-決算數,非收支,254145.0,233235.0,20910.0,0.08965206765708406,247175.0,10797.877569226279,254145.0,0.6454972243679028
N08,鷺江,110,附表二,延後托育收入退費-差異率,非收支,,,,,,,,
N08,鷺江,111,附表二,延後托育收入退費-差異率,非收支,,,,,,,,
N08,鷺江,110,附表二,延後托育收入退費-決算數,非收支,-7315.0,,,,-7315.0,,-7315.0,
N08,鷺江,111,附表二,延後托育收入退費-決算數,非收支,-3815.0,-7315.0,3500.0,0.4784688995215311,-5565.0,2474.8737341529163,-5565.0,0.7071067811865476
N08,鷺江,112,附表二,攝影照片-差異率,非收支,,,,,,,,
N08,鷺江,112,附表二,攝影照片-決算數,非收支,,,,,,,,
N08,鷺江,110,附表二,支出-差異率,非收支,107.0,,,,107.0,,107.0,
N08,鷺江,111,附表二,支出-差異率,非收支,118.0,107.0,11.0,0.102803738317757,112.5,7.7781745930520225,112.5,0.7071067811865476
N08,鷺江,110,附表二,支出-決算數,非收支,12190875.0,,,,12190875.0,,12190875.0,
N08,鷺江,111,附表二,支出-決算數,非收支,13753629.0,12190875.0,1562754.0,0.12819047033129288,12972252.0,1105033.950726402,12972252.0,0.7071067811865475
N08,鷺江,110,附表二,收入-差異率,非收支,117.0,,,,117.0,,117.0,
N08,鷺江,111,附表二,收入-差異率,非收支,121.0,117.0,4.0,0.03418803418803419,119.0,2.8284271247461903,119.0,0.7071067811865475
N08,鷺江,110,附表二,收入-決算數,非收支,13749148.0,,,,13749148.0,,13749148.0,
N08,鷺江,111,附表二,收入-決算數,非收支,14209848.0,13749148.0,460700.0,0.0335075307939081,13979498.0,325764.0940926424,13979498.0,0.7071067811865476
N08,鷺江,111,附表二,政府學費差額補助退費-差異率,非收支,,,,,,,,
N08,鷺江,111,附表二,政府學費差額補助退費-決算數,非收支,-3421.0,,,,-3421.0,,-3421.0,
N08,鷺江,112,附表二,教保材料費-差異率,非收支,-23.0,,,,-23.0,,-23.0,
N08,鷺江,112,附表二,教保材料費-決算數,非收支,195478.0,,,,195478.0,,195478.0,
N08,鷺江,111,附表二,教保費收入(家長繳費)-差異率,非收支,48.0,,,,48.0,,48.0,
N08,鷺江,111,附表二,教保費收入(家長繳費)-決算數,非收支,1208731.0,,,,1208731.0,,1208731.0,
N08,鷺江,111,附表二,教保費收入(政府學費差額補助)-差異率,非收支,110.0,,,,110.0,,110.0,
N08,鷺江,111,附表二,教保費收入(政府學費差額補助)-決算數,非收支,10156368.0,,,,10156368.0,,10156368.0,
N08,鷺江,110,附表二,教保費收入-差異率,非收支,97.0,,,,97.0,,97.0,
N08,鷺江,111,附表二,教保費收入-差異率,非收支,97.0,97.0,0.0,0.0,97.0,0.0,97.0,
N08,鷺江,110,附表二,教保費收入-決算數,非收支,11370572.0,,,,11370572.0,,11370572.0,
N08,鷺江,111,附表二,教保費收入-決算數,非收支,11365099.0,11370572.0,-5473.0,-0.0004813302268346746,11367835.5,3869.9954134339746,11367835.5,-0.7071067811865476
N08,鷺江,110,附表二,教保費收入淨額-差異率,非收支,96.0,,,,96.0,,96.0,
N08,鷺江,111,附表二,教保費收入淨額-差異率,非收支,96.0,96.0,0.0,0.0,96.0,0.0,96.0,
N08,鷺江,110,附表二,教保費收入淨額-決算數,非收支,11297761.0,,,,11297761.0,,11297761.0,
N08,鷺江,111,附表二,教保費收入淨額-決算數,非收支,11303691.0,11297761.0,5930.0,0.0005248827621685394,11300726.0,4193.143212436227,11300726.0,0.7071067811865475
N08,鷺江,110,附表二,教保費收入減項-差異率,非收支,,,,,,,,
N08,鷺江,111,附表二,教保費收入減項-差異率,非收支,,,,,,,,
N08,鷺江,110,附表二,教保費收入減項-決算數,非收支,-72811.0,,,,-72811.0,,-72811.0,
N08,鷺江,111,附表二,教保費收入減項-決算數,非收支,-61408.0,-72811.0,11403.0,0.15661095164192224,-67109.5,8063.138625870201,-67109.5,0.7071067811865476
N08,鷺江,110,附表二,教保費收入（家長繳費）-差異率,非收支,55.0,,,,55.0,,55.0,
N08,鷺江,110,附表二,教保費收入（家長繳費）-決算數,非收支,1752980.0,,,,1752980.0,,1752980.0,
N08,鷺江,110,附表二,教保費收入（政府學費差額補助）-差異率,非收支,112.0,,,,112.0,,112.0,
N08,鷺江,110,附表二,教保費收入（政府學費差額補助）-決算數,非收支,9617592.0,,,,9617592.0,,9617592.0,
N08,鷺江,112,附表二,文宣費(一般文宣)-差異率,非收支,-70.0,,,,-70.0,,-70.0,
N08,鷺江,112,附表二,文宣費(一般文宣)-決算數,非收支,3045.0,,,,3045.0,,3045.0,
N08,鷺江,112,附表二,文宣費(園刊)-差異率,非收支,-76.0,,,,-76.0,,-76.0,
N08,鷺江,112,附表二,文宣費(園刊)-決算數,非收支,7118.0,,,,7118.0,,7118.0,
N08,鷺江,112,附表二,日常消耗用品-差異率,非收支,-24.0,,,,-24.0,,-24.0,
N08,鷺江,112,附表二,日常消耗用品-決算數,非收支,48191.0,,,,48191.0,,48191.0,
N08,鷺江,110,附表二,會計、總務、廚工、清潔薪資-差異率,非收支,75.0,,,,75.0,,75.0,
N08,鷺江,111,附表二,會計、總務、廚工、清潔薪資-差異率,非收支,96.0,75.0,21.0,0.28,85.5,14.849242404917497,85.5,0.7071067811865476
N08,鷺江,110,附表二,會計、總務、廚工、清潔薪資-決算數,非收支,882719.0,,,,882719.0,,882719.0,
N08,鷺江,111,附表二,會計、總務、廚工、清潔薪資-決算數,非收支,1143151.0,882719.0,260432.0,0.29503386694973144,1012935.0,184153.23323797496,1012935.0,0.7071067811865475
N08,鷺江,112,附表二,材料費-差異率,非收支,-21.0,,,,-21.0,,-21.0,
N08,鷺江,112,附表二,材料費-決算數,非收支,1263486.0,,,,1263486.0,,1263486.0,
N08,鷺江,110,附表二,業務費-差異率,非收支,54.0,,,,54.0,,54.0,
N08,鷺江,111,附表二,業務費-差異率,非收支,51.0,54.0,-3.0,-0.05555555555555555,52.5,2.1213203435596424,52.5,-0.7071067811865476
N08,鷺江,112,附表二,業務費-差異率,非收支,-41.0,51.0,-92.0,-1.803921568627451,21.333333333333332,54.00308633155454,21.333333333333332,-1.1542550170305979
N08,鷺江,110,附表二,業務費-決算數,非收支,443209.0,,,,443209.0,,443209.0,
N08,鷺江,111,附表二,業務費-決算數,非收支,415654.0,443209.0,-27555.0,-0.06217157142567051,429431.5,19484.327355595316,429431.5,-0.7071067811865476
N08,鷺江,112,附表二,業務費-決算數,非收支,481885.0,415654.0,66231.0,0.15934166398013733,446916.0,33270.7488193458,446916.0,1.0510433711569103
N08,鷺江,110,附表二,水費-差異率,非收支,109.0,,,,109.0,,109.0,
N08,鷺江,112,附表二,水費-差異率,非收支,13.0,,,,61.0,67.88225099390856,61.0,-0.7071067811865476
N08,鷺江,110,附表二,水費-決算數,非收支,34905.0,,,,34905.0,,34905.0,
N08,鷺江,112,附表二,水費-決算數,非收支,36115.0,,,,35510.0,855.5992052357225,35510.0,0.7071067811865476
N08,鷺江,110,附表二,活動費-差異率,非收支,32.0,,,,32.0,,32.0,
N08,鷺江,111,附表二,活動費-差異率,非收支,30.0,32.0,-2.0,-0.0625,31.0,1.4142135623730951,31.0,-0.7071067811865475
N08,鷺江,112,附表二,活動費-差異率,非收支,-46.0,30.0,-76.0,-2.533333333333333,5.333333333333333,44.467216388406115,5.333333333333333,-1.1544085171636111
N08,鷺江,110,附表二,活動費-決算數,非收支,36846.0,,,,36846.0,,36846.0,
N08,鷺江,111,附表二,活動費-決算數,非收支,34124.0,36846.0,-2722.0,-0.0738750474949791,35485.0,1924.7446583897824,35485.0,-0.7071067811865475
N08,鷺江,112,附表二,活動費-決算數,非收支,62027.0,34124.0,27903.0,0.8176942914078068,44332.333333333336,15384.350565861834,44332.333333333336,1.1501731315153119
N08,鷺江,110,附表二,瓦斯費-差異率,非收支,60.0,,,,60.0,,60.0,
N08,鷺江,112,附表二,瓦斯費-差異率,非收支,-49.0,,,,5.5,77.07463914933368,5.5,-0.7071067811865476
N08,鷺江,110,附表二,瓦斯費-決算數,非收支,20540.0,,,,20540.0,,20540.0,
N08,鷺江,112,附表二,瓦斯費-決算數,非收支,17375.0,,,,18957.5,2237.992962455423,18957.5,-0.7071067811865476
N08,鷺江,110,附表二,研習、進修-差異率,非收支,45.0,,,,45.0,,45.0,
N08,鷺江,112,附表二,研習、進修-差異率,非收支,-25.0,,,,10.0,49.49747468305833,10.0,-0.7071067811865475
N08,鷺江,110,附表二,研習、進修-決算數,非收支,11576.0,,,,11576.0,,11576.0,
N08,鷺江,112,附表二,研習、進修-決算數,非收支,19619.0,,,,15597.5,5687.259841083402,15597.5,0.7071067811865476
N08,鷺江,112,附表二,維護費-差異率,非收支,-14.0,,,,-14.0,,-14.0,
N08,鷺江,112,附表二,維護費-決算數,非收支,122799.0,,,,122799.0,,122799.0,
N08,鷺江,111,附表二,腸病毒退費-差異率,非收支,,,,,,,,
N08,鷺江,111,附表二,腸病毒退費-決算數,非收支,-2053.0,,,,-2053.0,,-2053.0,
N08,鷺江,110,附表二,自強活動-差異率,非收支,83.0,,,,83.0,,83.0,
N08,鷺江,111,附表二,自強活動-差異率,非收支,74.0,83.0,-9.0,-0.10843373493975904,78.5,6.363961030678928,78.5,-0.7071067811865476
N08,鷺江,110,附表二,自強活動-決算數,非收支,10841.0,,,,10841.0,,10841.0,
N08,鷺江,111,附表二,自強活動-決算數,非收支,9610.0,10841.0,-1231.0,-0.11355041047873812,10225.5,870.44844764064,10225.5,-0.7071067811865476
N08,鷺江,112,附表二,藥品費-差異率,非收支,-52.0,,,,-52.0,,-52.0,
N08,鷺江,112,附表二,藥品費-決算數,非收支,3562.0,,,,3562.0,,3562.0,
N08,鷺江,112,附表二,行政管理費-差異率,非收支,,,,,,,,
N08,鷺江,112,附表二,行政管理費-決算數,非收支,241682.0,,,,241682.0,,241682.0,
N08,鷺江,111,附表二,資遣費-差異率,非收支,100.0,,,,100.0,,100.0,
N08,鷺江,112,附表二,資遣費-差異率,非收支,,100.0,,,100.0,,100.0,
N08,鷺江,111,附表二,資遣費-決算數,非收支,48906.0,,,,48906.0,,48906.0,
N08,鷺江,112,附表二,資遣費-決算數,非收支,50091.0,48906.0,1185.0,0.024230155809103177,49498.5,837.9215357060588,49498.5,0.7071067811865476
N08,鷺江,110,附表二,資遺費-差異率,非收支,100.0,,,,100.0,,100.0,
N08,鷺江,110,附表二,資遺費-決算數,非收支,47722.0,,,,47722.0,,47722.0,
N08,鷺江,110,附表二,轉學/轉出退費-差異率,非收支,,,,,,,,
N08,鷺江,111,附表二,轉學/轉出退費-差異率,非收支,,,,,,,,
N08,鷺江,110,附表二,轉學/轉出退費-決算數,非收支,-13475.0,,,,-13475.0,,-13475.0,
N08,鷺江,111,附表二,轉學/轉出退費-決算數,非收支,,-13475.0,,,-13475.0,,-13475.0,
N08,鷺江,110,附表二,辦公文具-差異率,非收支,58.0,,,,58.0,,58.0,
N08,鷺江,112,附表二,辦公文具-差異率,非收支,-40.0,,,,9.0,69.29646455628166,9.0,-0.7071067811865475
N08,鷺江,110,附表二,辦公文具-決算數,非收支,14032.0,,,,14032.0,,14032.0,
N08,鷺江,112,附表二,辦公文具-決算數,非收支,14507.0,,,,14269.5,335.87572106361006,14269.5,0.7071067811865476
N08,鷺江,112,附表二,郵資-差異率,非收支,-48.0,,,,-48.0,,-48.0,
N08,鷺江,112,附表二,郵資-決算數,非收支,4385.0,,,,4385.0,,4385.0,
N08,鷺江,112,附表二,雜支-差異率,非收支,-99.0,,,,-99.0,,-99.0,
N08,鷺江,112,附表二,雜支-決算數,非收支,390.0,,,,390.0,,390.0,
N08,鷺江,112,附表二,電話費(含 ADSL)-差異率,非收支,-9.0,,,,-9.0,,-9.0,
N08,鷺江,112,附表二,電話費(含 ADSL)-決算數,非收支,49274.0,,,,49274.0,,49274.0,
N08,鷺江,110,附表二,電費-差異率,非收支,61.0,,,,61.0,,61.0,
N08,鷺江,112,附表二,電費-差異率,非收支,-32.0,,,,14.5,65.76093065034893,14.5,-0.7071067811865475
N08,鷺江,110,附表二,電費-決算數,非收支,160885.0,,,,160885.0,,160885.0,
N08,鷺江,112,附表二,電費-決算數,非收支,180115.0,,,,170500.0,13597.66340221731,170500.0,0.7071067811865475
N08,鷺江,112,附表二,餐點費-差異率,非收支,-20.0,,,,-20.0,,-20.0,
N08,鷺江,112,附表二,餐點費-決算數,非收支,1016255.0,,,,1016255.0,,1016255.0,
N08,鷺江,110,附表四,帳面價值總額,非收支,1211518.0,,,,1211518.0,,1211518.0,
N08,鷺江,111,附表四,帳面價值總額,非收支,1133978.0,1211518.0,-77540.0,-0.06400235076986062,1172748.0,54829.0598132049,1172748.0,-0.7071067811865475
N08,鷺江,112,附表四,帳面價值總額,非收支,1079110.0,1133978.0,-54868.0,-0.04838541841199741,1141535.3333333333,66526.72080700604,1141535.3333333333,-0.9383497724835873
N08,鷺江,113,附表四,帳面價值總額,非收支,803020.0,1079110.0,-276090.0,-0.25584972801660627,1056906.5,177760.21521420364,1005369.3333333334,-1.4282526587519209
N08,鷺江,110,附表四,財產筆數,非收支,134.0,,,,134.0,,134.0,
N08,鷺江,111,附表四,財產筆數,非收支,122.0,134.0,-12.0,-0.08955223880597014,128.0,8.48528137423857,128.0,-0.7071067811865476
N08,鷺江,112,附表四,財產筆數,非收支,157.0,122.0,35.0,0.28688524590163933,137.66666666666666,17.785762095938804,137.66666666666666,1.087011803545259
N08,鷺江,113,附表四,財產筆數,非收支,142.0,157.0,-15.0,-0.09554140127388536,138.75,14.682756326158023,140.33333333333334,0.22134808531896505
N09,安興,109,收支餘絀表,人事費,收支,4400396.0,,,,4400396.0,,4400396.0,
N09,安興,110,收支餘絀表,人事費,收支,4234041.0,4400396.0,-166355.0,-0.03780455213576233,4317218.5,117630.74858428811,4317218.5,-0.7071067811865476
N09,安興,111,收支餘絀表,人事費,收支,4104465.0,4234041.0,-129576.0,-0.030603388110790615,4246300.666666667,148345.9259984357,4246300.666666667,-0.9561143368922893
N09,安興,112,收支餘絀表,人事費,收支,3361395.0,4104465.0,-743070.0,-0.18103942901206369,4025074.25,458732.5134522842,3899967.0,-1.4467674091930998
N09,安興,113,收支餘絀表,人事費,收支,4817555.0,3361395.0,1456160.0,0.4332010965685378,4183570.4,532383.1205042099,4094471.6666666665,1.1908427889290807
N09,安興,109,收支餘絀表,修繕購置費,收支,102495.0,,,,102495.0,,102495.0,
N09,安興,110,收支餘絀表,修繕購置費,收支,62469.0,102495.0,-40026.0,-0.3905166105663691,82482.0,28302.65602377275,82482.0,-0.7071067811865476
N09,安興,111,收支餘絀表,修繕購置費,收支,68974.0,62469.0,6505.0,0.10413164929805184,77979.33333333333,21478.877771739688,77979.33333333333,-0.4192646109836277
N09,安興,112,收支餘絀表,修繕購置費,收支,67046.0,68974.0,-1928.0,-0.027952561834894307,75246.0,18369.700723383237,66163.0,-0.4463872396985772
N09,安興,113,收支餘絀表,修繕購置費,收支,98986.0,67046.0,31940.0,0.47638934462906063,79994.0,19125.949610411506,78335.33333333333,0.9929964465482756
N09,安興,109,收支餘絀表,公共事務管理費,收支,71860.0,,,,71860.0,,71860.0,
N09,安興,110,收支餘絀表,公共事務管理費,收支,72360.0,71860.0,500.0,0.006957973838018369,72110.0,353.5533905932738,72110.0,0.7071067811865475
N09,安興,111,收支餘絀表,公共事務管理費,收支,72360.0,72360.0,0.0,0.0,72193.33333333333,288.6751345948139,72193.33333333333,0.5773502691896405
N09,安興,112,收支餘絀表,公共事務管理費,收支,71860.0,72360.0,-500.0,-0.006909894969596462,72110.0,288.67513459481285,72193.33333333333,-0.8660254037844387
N09,安興,113,收支餘絀表,公共事務管理費,收支,72360.0,71860.0,500.0,0.006957973838018369,72160.0,273.8612787525831,72193.33333333333,0.7302967433402214
N09,安興,109,收支餘絀表,其他支出,收支,1145960.0,,,,1145960.0,,1145960.0,
N09,安興,110,收支餘絀表,其他支出,收支,1392098.0,1145960.0,246138.0,0.21478760166148905,1269029.0,174045.84890769442,1269029.0,0.7071067811865476
N09,安興,111,收支餘絀表,其他支出,收支,1475690.0,1392098.0,83592.0,0.06004749665612622,1337916.0,171412.47057317622,1337916.0,0.8037571568702412
N09,安興,112,收支餘絀表,其他支出,收支,2611976.0,1475690.0,1136286.0,0.7700031849507688,1656431.0,652223.4108125834,1826588.0,1.4650578071239706
N09,安興,113,收支餘絀表,其他支出,收支,1983942.0,2611976.0,-628034.0,-0.24044401633093107,1721933.2,583523.1137094742,2023869.3333333333,0.4490118623312145
N09,安興,109,收支餘絀表,其他收入,收支,1146360.0,,,,1146360.0,,1146360.0,
N09,安興,110,收支餘絀表,其他收入,收支,1392098.0,1146360.0,245738.0,0.2143637251823162,1269229.0,173763.00619521982,1269229.0,0.7071067811865476
N09,安興,111,收支餘絀表,其他收入,收支,1475690.0,1392098.0,83592.0,0.06004749665612622,1338049.3333333333,171188.51013234895,1338049.3333333333,0.8040298181242085
N09,安興,112,收支餘絀表,其他收入,收支,2611976.0,1475690.0,1136286.0,0.7700031849507688,1656531.0,652119.0780923375,1826588.0,1.4651388559202876
N09,安興,113,收支餘絀表,其他收入,收支,1983942.0,2611976.0,-628034.0,-0.24044401633093107,1722013.2,583424.4266339901,2023869.3333333333,0.4489506918851041
N09,安興,113,收支餘絀表,其他收入-其它,收支,6724000.0,,,,6724000.0,,6724000.0,
N09,安興,109,收支餘絀表,利息收入,收支,5675.0,,,,5675.0,,5675.0,
N09,安興,110,收支餘絀表,利息收入,收支,11218.0,5675.0,5543.0,0.9767400881057269,8446.5,3919.492888117033,8446.5,0.7071067811865475
N09,安興,111,收支餘絀表,利息收入,收支,41897.0,11218.0,30679.0,2.734801212337315,19596.666666666668,19510.50646019558,19596.666666666668,1.142991002249451
N09,安興,112,收支餘絀表,利息收入,收支,77347.0,41897.0,35450.0,0.8461226340788123,34034.25,32978.000114975635,43487.333333333336,1.3133831599549075
N09,安興,113,收支餘絀表,利息收入,收支,120327.0,77347.0,42980.0,0.5556776604134614,51292.8,48009.88553621014,79857.0,1.4379163630359595
N09,安興,113,收支餘絀表,呆帳損失,收支,7617.0,,,,7617.0,,7617.0,
N09,安興,109,收支餘絀表,延後托育支出,收支,351559.0,,,,351559.0,,351559.0,
N09,安興,110,收支餘絀表,延後托育支出,收支,454065.0,351559.0,102506.0,0.2915755250185602,402812.0,72482.68771230824,402812.0,0.7071067811865476
N09,安興,111,收支餘絀表,延後托育支出,收支,345177.0,454065.0,-108888.0,-0.23980707607941595,383600.3333333333,61107.56432172152,383600.3333333333,-0.6287819480259536
N09,安興,109,收支餘絀表,延後托育收入淨額,收支,603180.0,,,,603180.0,,603180.0,
N09,安興,110,收支餘絀表,延後托育收入淨額,收支,567480.0,603180.0,-35700.0,-0.059186312543519345,585330.0,25243.712088359745,585330.0,-0.7071067811865476
N09,安興,111,收支餘絀表,延後托育收入淨額,收支,650220.0,567480.0,82740.0,0.14580249524212308,606960.0,41499.31565700813,606960.0,1.0424268283733624
N09,安興,112,收支餘絀表,延長照顧服務支出,收支,291020.0,,,,291020.0,,291020.0,
N09,安興,113,收支餘絀表,延長照顧服務支出,收支,214470.0,291020.0,-76550.0,-0.2630403408700433,252745.0,54129.02409983021,252745.0,-0.7071067811865476
N09,安興,112,收支餘絀表,延長照顧服務收入淨額,收支,481110.0,,,,481110.0,,481110.0,
N09,安興,113,收支餘絀表,延長照顧服務收入淨額,收支,214470.0,481110.0,-266640.0,-0.5542183700193303,347790.0,188542.95213558103,347790.0,-0.7071067811865476
N09,安興,109,收支餘絀表,所得稅費用,收支,,,,,,,,
N09,安興,110,收支餘絀表,所得稅費用,收支,34386.0,,,,34386.0,,34386.0,
N09,安興,111,收支餘絀表,所得稅費用,收支,,34386.0,,,34386.0,,34386.0,
N09,安興,112,收支餘絀表,所得稅費用,收支,,,,,34386.0,,34386.0,
N09,安興,113,收支餘絀表,所得稅費用,收支,1278682.0,,,,656534.0,879850.1394032963,1278682.0,0.7071067811865476
N09,安興,109,收支餘絀表,支出合計,收支,7834724.0,,,,7834724.0,,7834724.0,
N09,安興,110,收支餘絀表,支出合計,收支,8259804.0,7834724.0,425080.0,0.05425589976111475,8047264.0,300576.95054677763,8047264.0,0.7071067811865475
N09,安興,111,收支餘絀表,支出合計,收支,8883790.0,8259804.0,623986.0,0.07554489186426215,8326106.0,527666.4045512088,8326106.0,1.056887448565769
N09,安興,112,收支餘絀表,支出合計,收支,9801505.0,8883790.0,917715.0,0.10330219422116012,8694955.75,854296.0700453424,8981699.666666666,1.2952760627135613
N09,安興,113,收支餘絀表,支出合計,收支,10105038.0,9801505.0,303533.0,0.030967999302147987,8976972.2,972127.9349057922,9596777.666666666,1.160408789311584
N09,安興,109,收支餘絀表,收入合計,收支,7993780.0,,,,7993780.0,,7993780.0,
N09,安興,110,收支餘絀表,收入合計,收支,8902973.0,7993780.0,909193.0,0.11373755594975093,8448376.5,642896.5357073407,8448376.5,0.7071067811865476
N09,安興,111,收支餘絀表,收入合計,收支,9125442.0,8902973.0,222469.0,0.024988169682194927,8674065.0,599553.0626299895,8674065.0,0.7528557989846589
N09,安興,112,收支餘絀表,收入合計,收支,9878078.0,9125442.0,752636.0,0.08247666250029313,8975068.25,775921.6515312075,9302164.333333334,1.1637898597339
N09,安興,113,收支餘絀表,收入合計,收支,15297334.0,9878078.0,5419256.0,0.5486144166911823,10239521.4,2906157.196317983,11433618.0,1.7403781895928072
N09,安興,109,收支餘絀表,教保費收入,收支,6779833.0,,,,6779833.0,,6779833.0,
N09,安興,110,收支餘絀表,教保費收入,收支,6990138.0,6779833.0,210305.0,0.03101920062042826,6884985.5,148708.09161743688,6884985.5,0.7071067811865476
N09,安興,111,收支餘絀表,教保費收入,收支,6981806.0,6990138.0,-8332.0,-0.0011919650227220121,6917259.0,119087.29849568341,6917259.0,0.5420141426949882
N09,安興,112,收支餘絀表,教保費收入,收支,6873638.0,6981806.0,-108168.0,-0.015492839531777308,6906353.75,99650.49432349378,6948527.333333333,-0.32830494441698793
N09,安興,113,收支餘絀表,教保費收入,收支,6342600.0,6873638.0,-531038.0,-0.07725719626200855,6793603.0,266479.49994699407,6732681.333333333,-1.6924491380751985
N09,安興,109,收支餘絀表,教保費收入減項,收支,-541268.0,,,,-541268.0,,-541268.0,
N09,安興,110,收支餘絀表,教保費收入減項,收支,-57961.0,-541268.0,483307.0,0.8929162632928604,-299614.5,341749.65709492675,-299614.5,0.7071067811865475
N09,安興,111,收支餘絀表,教保費收入減項,收支,-24171.0,-57961.0,33790.0,0.5829782094856887,-207800.0,289285.53592082683,-207800.0,0.6347673049587123
N09,安興,112,收支餘絀表,教保費收入減項,收支,-165993.0,-24171.0,-141822.0,-5.867444458235075,-197348.25,237123.81542332828,-82708.33333333333,0.1322315514534997
N09,安興,113,收支餘絀表,教保費收入減項,收支,-88005.0,-165993.0,77988.0,0.46982704089931504,-175479.6,211097.0562201188,-92723.0,0.4143809561644809
N09,安興,109,收支餘絀表,本期稅前餘絀,收支,159056.0,,,,159056.0,,159056.0,
N09,安興,110,收支餘絀表,本期稅前餘絀,收支,643169.0,159056.0,484113.0,3.043663866814204,401112.5,342319.58516056306,401112.5,0.7071067811865476
N09,安興,111,收支餘絀表,本期稅前餘絀,收支,241652.0,643169.0,-401517.0,-0.6242791552453554,347959.0,258973.42118256073,347959.0,-0.41049386270825045
N09,安興,112,收支餘絀表,本期稅前餘絀,收支,76573.0,241652.0,-165079.0,-0.6831269759819907,280112.5,251245.05733446777,320464.6666666667,-0.8101233996776296
N09,安興,113,收支餘絀表,本期稅前餘絀,收支,5192296.0,76573.0,5115723.0,66.80844422968931,1262549.2,2207544.429147622,1836840.3333333333,1.7801439228642637
N09,安興,109,收支餘絀表,本期稅後餘絀,收支,159056.0,,,,159056.0,,159056.0,
N09,安興,110,收支餘絀表,本期稅後餘絀,收支,608783.0,159056.0,449727.0,2.8274758575596017,383919.5,318005.0113826825,383919.5,0.7071067811865475
N09,安興,111,收支餘絀表,本期稅後餘絀,收支,241652.0,608783.0,-367131.0,-0.6030572469993413,336497.0,239395.6435505876,336497.0,-0.3961851543884003
N09,安興,112,收支餘絀表,本期稅後餘絀,收支,76573.0,241652.0,-165079.0,-0.6831269759819907,271516.0,234727.43955064137,309002.6666666667,-0.8305079302751988
N09,安興,113,收支餘絀表,本期稅後餘絀,收支,3913614.0,76573.0,3837041.0,50.10958170634558,999935.6,1641431.7824628898,1410613.0,1.7750834552674282
N09,安興,109,收支餘絀表,材料費,收支,631215.0,,,,631215.0,,631215.0,
N09,安興,110,收支餘絀表,材料費,收支,708169.0,631215.0,76954.0,0.12191408632557844,669692.0,54414.69523942958,669692.0,0.7071067811865475
N09,安興,111,收支餘絀表,材料費,收支,798212.0,708169.0,90043.0,0.12714902798625752,712532.0,83583.94779501624,712532.0,1.0250772099222232
N09,安興,112,收支餘絀表,材料費,收支,868837.0,798212.0,70625.0,0.0884790005662656,751608.25,103756.11215208801,791739.3333333334,1.129849100630944
N09,安興,113,收支餘絀表,材料費,收支,850077.0,868837.0,-18760.0,-0.021592082289313187,771302.0,100066.06343811072,839042.0,0.7872299288431696
N09,安興,109,收支餘絀表,業務發展費,收支,540000.0,,,,540000.0,,540000.0,
N09,安興,110,收支餘絀表,業務發展費,收支,820000.0,540000.0,280000.0,0.5185185185185185,680000.0,197989.8987322333,680000.0,0.7071067811865476
N09,安興,111,收支餘絀表,業務發展費,收支,1375000.0,820000.0,555000.0,0.676829268292683,911666.6666666666,424980.3917045272,911666.6666666666,1.0902463793093577
N09,安興,112,收支餘絀表,業務發展費,收支,1930000.0,1375000.0,555000.0,0.4036363636363636,1166250.0,616162.5191457202,1375000.0,1.239526871999457
N09,安興,113,收支餘絀表,業務發展費,收支,1419000.0,1930000.0,-511000.0,-0.26476683937823836,1216800.0,545452.7477243103,1574666.6666666667,0.37070122177145676
N09,安興,109,收支餘絀表,業務費,收支,302092.0,,,,302092.0,,302092.0,
N09,安興,110,收支餘絀表,業務費,收支,257048.0,302092.0,-45044.0,-0.14910689458840354,279570.0,31850.917851766848,279570.0,-0.7071067811865475
N09,安興,111,收支餘絀表,業務費,收支,356779.0,257048.0,99731.0,0.3879859014658741,305306.3333333333,49943.13811058867,305306.3333333333,1.030625399483132
N09,安興,112,收支餘絀表,業務費,收支,356119.0,356779.0,-660.0,-0.001849884662494149,318009.5,48045.39315064453,323315.3333333333,0.7931977969356832
N09,安興,113,收支餘絀表,業務費,收支,345000.0,356119.0,-11119.0,-0.031222709262914924,323407.6,43323.98031460176,352632.6666666667,0.49839372659678266
N09,安興,109,收支餘絀表,維護費,收支,220535.0,,,,220535.0,,220535.0,
N09,安興,110,收支餘絀表,維護費,收支,111992.0,220535.0,-108543.0,-0.4921803795315936,166263.5,76751.49135033143,166263.5,-0.7071067811865475
N09,安興,111,收支餘絀表,維護費,收支,136426.0,111992.0,24434.0,0.21817629830702193,156317.66666666666,56939.92021713179,156317.66666666666,-0.34934482856338384
N09,安興,112,收支餘絀表,維護費,收支,87109.0,136426.0,-49317.0,-0.36149267734889245,139015.5,57955.98526755743,111842.33333333333,-0.8956193180112528
N09,安興,113,收支餘絀表,維護費,收支,116894.0,87109.0,29785.0,0.3419279293758395,134591.2,51157.055463542856,113476.33333333333,-0.34593859712297054
N09,安興,109,收支餘絀表,行政管理費,收支,59996.0,,,,59996.0,,59996.0,
N09,安興,110,收支餘絀表,行政管理費,收支,147220.0,59996.0,87224.0,1.4538302553503566,103608.0,61676.681882215424,103608.0,0.7071067811865475
N09,安興,111,收支餘絀表,行政管理費,收支,147220.0,147220.0,0.0,0.0,118145.33333333333,50358.79987979592,118145.33333333333,0.5773502691896258
N09,安興,112,收支餘絀表,行政管理費,收支,147220.0,147220.0,0.0,0.0,125414.0,43612.0,147220.0,0.5
N09,安興,113,收支餘絀表,行政管理費,收支,150144.0,147220.0,2924.0,0.019861431870669747,130360.0,39355.04399692624,148194.66666666666,0.5027055744505126
N09,安興,109,收支餘絀表,雜支,收支,8616.0,,,,8616.0,,8616.0,
N09,安興,110,收支餘絀表,雜支,收支,342.0,8616.0,-8274.0,-0.9603064066852368,4479.0,5850.601507537494,4479.0,-0.7071067811865475
N09,安興,111,收支餘絀表,雜支,收支,3487.0,342.0,3145.0,9.195906432748538,4148.333333333333,4176.456672028735,4148.333333333333,-0.15834794546356135
N09,安興,112,收支餘絀表,雜支,收支,8923.0,3487.0,5436.0,1.5589331803842845,5342.0,4162.677904106122,4250.666666666667,0.8602635328733105
N09,安興,113,收支餘絀表,雜支,收支,28993.0,8923.0,20070.0,2.2492435279614478,10072.2,11174.51903662972,13801.0,1.6932093397468129
N09,安興,110,現金流量表,其他應付款,非收支,429892.0,,,,429892.0,,429892.0,
N09,安興,111,現金流量表,其他應付款,非收支,-67608.0,429892.0,-497500.0,-1.1572674066974962,181142.0,351785.6236403074,181142.0,-0.7071067811865475
N09,安興,112,現金流量表,其他應付款,非收支,-61084.0,-67608.0,6524.0,0.09649745592237605,100400.0,285367.08673566405,100400.0,-0.565881657367105
N09,安興,113,現金流量表,其他應付款,非收支,418207.0,-61084.0,479291.0,7.846424595638792,179851.75,282028.1991342651,96505.0,0.8451468708862204
N09,安興,111,現金流量表,其他應收款,非收支,-2077.0,,,,-2077.0,,-2077.0,
N09,安興,112,現金流量表,其他應收款,非收支,2077.0,-2077.0,4154.0,2.0,0.0,2937.3215690489183,0.0,0.7071067811865476
N09,安興,113,現金流量表,其他應收款,非收支,,2077.0,,,0.0,2937.3215690489183,0.0,
N09,安興,112,現金流量表,其他流動資產,非收支,-3306.0,,,,-3306.0,,-3306.0,
N09,安興,113,現金流量表,其他流動資產,非收支,3306.0,-3306.0,6612.0,2.0,0.0,4675.390037205452,0.0,0.7071067811865476
N09,安興,110,現金流量表,存出保證金減少,非收支,3600.0,,,,3600.0,,3600.0,
N09,安興,110,現金流量表,應付帳款,非收支,-302944.0,,,,-302944.0,,-302944.0,
N09,安興,111,現金流量表,應付帳款,非收支,-76740.0,-302944.0,226204.0,0.7466858561318264,-189842.0,159950.3823315218,-189842.0,0.7071067811865475
N09,安興,112,現金流量表,應付帳款,非收支,-5938.0,-76740.0,70802.0,0.9226218399791504,-128540.66666666667,155130.985974219,-128540.66666666667,0.790317072354854
N09,安興,113,現金流量表,應付帳款,非收支,157618.0,-5938.0,163556.0,27.54395419333109,-57001.0,191090.14670219566,24980.0,1.1231295998452127
N09,安興,110,現金流量表,應收帳款淨額,非收支,-214660.0,,,,-214660.0,,-214660.0,
N09,安興,112,現金流量表,應收帳款淨額,非收支,439980.0,,,,112660.0,462900.3832359615,112660.0,0.7071067811865475
N09,安興,113,現金流量表,應收帳款淨額,非收支,-16223.0,439980.0,-456203.0,-1.0368721305513886,69699.0,335671.4538994938,69699.0,-0.2559705301176031
N09,安興,110,現金流量表,投資活動之淨現金流入,非收支,3600.0,,,,3600.0,,3600.0,
N09,安興,111,現金流量表,投資活動之淨現金流入,非收支,,3600.0,,,3600.0,,3600.0,
N09,安興,112,現金流量表,投資活動之淨現金流入,非收支,,,,,3600.0,,3600.0,
N09,安興,113,現金流量表,投資活動之淨現金流入,非收支,,,,,3600.0,,,
N09,安興,110,現金流量表,投資活動之現金流量：,非收支,,,,,,,,
N09,安興,112,現金流量表,投資活動之現金流量：,非收支,,,,,,,,
N09,安興,113,現金流量表,投資活動之現金流量：,非收支,,,,,,,,
N09,安興,111,現金流量表,"投資活動之現金流量：
存出保證金減少",非收支,,,,,,,,
N09,安興,110,現金流量表,期初現金及約當現金餘額,非收支,3345960.0,,,,3345960.0,,3345960.0,
N09,安興,111,現金流量表,期初現金及約當現金餘額,非收支,3960631.0,3345960.0,614671.0,0.1837054238544394,3653295.5,434638.03229871637,3653295.5,0.7071067811865475
N09,安興,112,現金流量表,期初現金及約當現金餘額,非收支,3830890.0,3960631.0,-129741.0,-0.03275765906998153,3712493.6666666665,323988.2380123287,3712493.6666666665,0.3654340480373493
N09,安興,113,現金流量表,期初現金及約當現金餘額,非收支,4398152.0,3830890.0,567262.0,0.14807577351477072,3883908.25,433025.122170662,4063224.3333333335,1.1875610066737154
N09,安興,110,現金流量表,期末現金及約當現金餘額,非收支,3960631.0,,,,3960631.0,,3960631.0,
N09,安興,111,現金流量表,期末現金及約當現金餘額,非收支,3830890.0,3960631.0,-129741.0,-0.03275765906998153,3895760.5,91740.74089792387,3895760.5,-0.7071067811865475
N09,安興,112,現金流量表,期末現金及約當現金餘額,非收支,4398152.0,3830890.0,567262.0,0.14807577351477072,4063224.3333333335,297221.4463902854,4063224.3333333335,1.1268623806737976
N09,安興,113,現金流量表,期末現金及約當現金餘額,非收支,8589308.0,4398152.0,4191156.0,0.9529356875342189,5194745.25,2276016.710149463,5606116.666666667,1.4914489576735506
N09,安興,110,現金流量表,本期支付所得稅,非收支,-34386.0,,,,-34386.0,,-34386.0,
N09,安興,111,現金流量表,本期支付所得稅,非收支,,-34386.0,,,-34386.0,,-34386.0,
N09,安興,110,現金流量表,本期現金及約當現金增加數,非收支,614671.0,,,,614671.0,,614671.0,
N09,安興,113,現金流量表,本期現金及約當現金增加數,非收支,4191156.0,,,,2402913.5,2528956.7963119694,2402913.5,0.7071067811865476
N09,安興,112,現金流量表,本期現金及約當現金增加（減少）數,非收支,567262.0,,,,567262.0,,567262.0,
N09,安興,111,現金流量表,本期現金及約當現金（減少）增加數,非收支,-129741.0,,,,-129741.0,,-129741.0,
N09,安興,110,現金流量表,本期稅前餘絀,非收支,643169.0,,,,643169.0,,643169.0,
N09,安興,113,現金流量表,本期稅前餘絀,非收支,5192296.0,,,,2917732.5,3216718.5501788156,2917732.5,0.7071067811865475
N09,安興,112,現金流量表,本期稅前餘額,非收支,76573.0,,,,76573.0,,76573.0,
N09,安興,110,現金流量表,營業活動之淨現金流入,非收支,611071.0,,,,611071.0,,611071.0,
N09,安興,113,現金流量表,營業活動之淨現金流入,非收支,4191156.0,,,,2401113.5,2531502.380724241,2401113.5,0.7071067811865475
N09,安興,112,現金流量表,營業活動之淨現金流入（出）,非收支,567262.0,,,,567262.0,,567262.0,
N09,安興,111,現金流量表,營業活動之淨現金流（出）入,非收支,-129741.0,,,,-129741.0,,-129741.0,
N09,安興,110,現金流量表,營業活動之現金流量：,非收支,,,,,,,,
N09,安興,112,現金流量表,營業活動之現金流量：,非收支,,,,,,,,
N09,安興,113,現金流量表,營業活動之現金流量：,非收支,,,,,,,,
N09,安興,111,現金流量表,"營業活動之現金流量：
本期稅前餘絀",非收支,241652.0,,,,241652.0,,241652.0,
N09,安興,110,現金流量表,營運產生之現金,非收支,645457.0,,,,645457.0,,645457.0,
N09,安興,111,現金流量表,營運產生之現金,非收支,-129741.0,645457.0,-775198.0,-1.2010064187079852,257858.0,548147.7625622493,257858.0,-0.7071067811865475
N09,安興,110,現金流量表,籌資活動之淨現金流入,非收支,,,,,,,,
N09,安興,112,現金流量表,籌資活動之淨現金流入,非收支,,,,,,,,
N09,安興,113,現金流量表,籌資活動之淨現金流入,非收支,,,,,,,,
N09,安興,110,現金流量表,籌資活動之現金流量：,非收支,,,,,,,,
N09,安興,112,現金流量表,籌資活動之現金流量：,非收支,,,,,,,,
N09,安興,113,現金流量表,籌資活動之現金流量：,非收支,,,,,,,,
N09,安興,111,現金流量表,"籌資活動之現金流量：
籌資活動之淨現金流入",非收支,,,,,,,,
N09,安興,110,現金流量表,調整項目：,非收支,,,,,,,,
N09,安興,112,現金流量表,調整項目：,非收支,,,,,,,,
N09,安興,113,現金流量表,調整項目：,非收支,,,,,,,,
N09,安興,111,現金流量表,"調整項目：
資產／負債淨變動數
應收帳款淨額",非收支,-286576.0,,,,-286576.0,,-286576.0,
N09,安興,112,現金流量表,資產/負債淨變動數,非收支,,,,,,,,
N09,安興,110,現金流量表,資產／負債淨變動數,非收支,,,,,,,,
N09,安興,113,現金流量表,資產／負債淨變動數,非收支,,,,,,,,
N09,安興,110,現金流量表,資遣費準備淨變動,非收支,,,,,,,,
N09,安興,111,現金流量表,預付款項,非收支,-39820.0,,,,-39820.0,,-39820.0,
N09,安興,112,現金流量表,預付款項,非收支,7394.0,-39820.0,47214.0,1.185685585133099,-16213.0,33385.33956694166,-16213.0,0.7071067811865475
N09,安興,113,現金流量表,預付款項,非收支,32426.0,7394.0,25032.0,3.3854476602650796,0.0,36686.163004598886,0.0,0.8838754817704746
N09,安興,110,現金流量表,預收款項,非收支,90000.0,,,,90000.0,,90000.0,
N09,安興,111,現金流量表,預收款項,非收支,101428.0,90000.0,11428.0,0.12697777777777777,95714.0,8080.816295399865,95714.0,0.7071067811865475
N09,安興,112,現金流量表,預收款項,非收支,111566.0,101428.0,10138.0,0.09995267578972276,100998.0,10789.428344449023,100998.0,0.9794772867125121
N09,安興,113,現金流量表,預收款項,非收支,-1596474.0,111566.0,-1708040.0,-15.309682161231917,-323370.0,848781.718428635,-461160.0,-1.4999192046182621
N09,安興,110,資產負債表,代管財產,非收支,1416752.0,,,,1416752.0,,1416752.0,
N09,安興,111,資產負債表,代管財產,非收支,1220512.0,1416752.0,-196240.0,-0.13851400950907428,1318632.0,138762.6347400481,1318632.0,-0.7071067811865475
N09,安興,112,資產負債表,代管財產,非收支,958198.0,1220512.0,-262314.0,-0.2149212789386749,1198487.3333333333,230069.0270013183,1198487.3333333333,-1.0444227824371874
N09,安興,113,資產負債表,代管財產,非收支,766730.0,958198.0,-191468.0,-0.1998209138403545,1090548.0,286166.7989920098,981813.3333333334,-1.131570822124063
N09,安興,110,資產負債表,其他應付款,非收支,1228124.0,,,,1228124.0,,1228124.0,
N09,安興,111,資產負債表,其他應付款,非收支,1160516.0,1228124.0,-67608.0,-0.05504981581664392,1194320.0,47806.07526246011,1194320.0,-0.7071067811865475
N09,安興,112,資產負債表,其他應付款,非收支,1099432.0,1160516.0,-61084.0,-0.05263520709753248,1162690.6666666667,64373.55510870389,1162690.6666666667,-0.9826809558652695
N09,安興,113,資產負債表,其他應付款,非收支,1517639.0,1099432.0,418207.0,0.3803845985927279,1251427.75,185093.80387319828,1259195.6666666667,1.438250467759432
N09,安興,111,資產負債表,其他應收款,非收支,2077.0,,,,2077.0,,2077.0,
N09,安興,112,資產負債表,其他應收款,非收支,,2077.0,,,2077.0,,2077.0,
N09,安興,112,資產負債表,其他流動資產,非收支,3306.0,,,,3306.0,,3306.0,
N09,安興,113,資產負債表,其他流動資產,非收支,,3306.0,,,3306.0,,3306.0,
N09,安興,110,資產負債表,存出保證金,非收支,,,,,,,,
N09,安興,110,資產負債表,應付代管財產,非收支,1416752.0,,,,1416752.0,,1416752.0,
N09,安興,111,資產負債表,應付代管財產,非收支,1220512.0,1416752.0,-196240.0,-0.13851400950907428,1318632.0,138762.6347400481,1318632.0,-0.7071067811865475
N09,安興,112,資產負債表,應付代管財產,非收支,958198.0,1220512.0,-262314.0,-0.2149212789386749,1198487.3333333333,230069.0270013183,1198487.3333333333,-1.0444227824371874
N09,安興,113,資產負債表,應付代管財產,非收支,766730.0,958198.0,-191468.0,-0.1998209138403545,1090548.0,286166.7989920098,981813.3333333334,-1.131570822124063
N09,安興,110,資產負債表,應付帳款,非收支,114851.0,,,,114851.0,,114851.0,
N09,安興,111,資產負債表,應付帳款,非收支,38111.0,114851.0,-76740.0,-0.6681700638218213,76481.0,54263.37438825566,76481.0,-0.7071067811865475
N09,安興,112,資產負債表,應付帳款,非收支,32173.0,38111.0,-5938.0,-0.15580803442575633,61711.666666666664,46115.6862827968,61711.666666666664,-0.6405340361959635
N09,安興,113,資產負債表,應付帳款,非收支,189791.0,32173.0,157618.0,4.899076865694838,93731.5,74288.96230934984,86691.66666666667,1.2930521172175558
N09,安興,113,資產負債表,應付所得稅,非收支,1278682.0,,,,1278682.0,,1278682.0,
N09,安興,110,資產負債表,應付購置財產,非收支,126700.0,,,,126700.0,,126700.0,
N09,安興,111,資產負債表,應付購置財產,非收支,126700.0,126700.0,0.0,0.0,126700.0,0.0,126700.0,
N09,安興,112,資產負債表,應付購置財產,非收支,126700.0,126700.0,0.0,0.0,126700.0,0.0,126700.0,
N09,安興,113,資產負債表,應付購置財產,非收支,126700.0,126700.0,0.0,0.0,126700.0,0.0,126700.0,
N09,安興,110,資產負債表,應收帳款淨額,非收支,214660.0,,,,214660.0,,214660.0,
N09,安興,111,資產負債表,應收帳款淨額,非收支,501236.0,214660.0,286576.0,1.3350228267958633,357948.0,202639.83292531603,357948.0,0.7071067811865476
N09,安興,112,資產負債表,應收帳款淨額,非收支,61256.0,501236.0,-439980.0,-0.8777901028657159,259050.66666666666,223323.75280147282,259050.66666666666,-0.8856857552564028
N09,安興,113,資產負債表,應收帳款淨額,非收支,77479.0,61256.0,16223.0,0.2648393626746768,213657.75,203693.56047156555,213323.66666666666,-0.668547153305859
N09,安興,110,資產負債表,本期餘絀,非收支,608783.0,,,,608783.0,,608783.0,
N09,安興,111,資產負債表,本期餘絀,非收支,241652.0,608783.0,-367131.0,-0.6030572469993413,425217.5,259600.81968379839,425217.5,-0.7071067811865475
N09,安興,112,資產負債表,本期餘絀,非收支,76573.0,241652.0,-165079.0,-0.6831269759819907,309002.6666666667,272422.38390105416,309002.6666666667,-0.8531959207547603
N09,安興,113,資產負債表,本期餘絀,非收支,3913614.0,76573.0,3837041.0,50.10958170634558,1210155.5,1815979.5390547952,1410613.0,1.4887053746250531
N09,安興,111,資產負債表,業務發展準備,非收支,3375000.0,,,,3375000.0,,3375000.0,
N09,安興,112,資產負債表,業務發展準備,非收支,5305000.0,3375000.0,1930000.0,0.5718518518518518,4340000.0,1364716.0876900367,4340000.0,0.7071067811865475
N09,安興,113,資產負債表,業務發展準備,非收支,,5305000.0,,,4340000.0,1364716.0876900367,4340000.0,
N09,安興,110,資產負債表,業務發展準備金,非收支,2000000.0,,,,2000000.0,,2000000.0,
N09,安興,110,資產負債表,業務發展準備金,非收支,2000000.0,,,,2000000.0,0.0,2000000.0,
N09,安興,111,資產負債表,業務發展準備金,非收支,3375000.0,2000000.0,1375000.0,0.6875,2458333.3333333335,793856.6201357354,2458333.3333333335,1.1547005383792515
N09,安興,111,資產負債表,業務發展準備金,非收支,3375000.0,2000000.0,1375000.0,0.6875,2687500.0,793856.6201357354,2916666.6666666665,0.8660254037844387
N09,安興,112,資產負債表,業務發展準備金,非收支,5305000.0,3375000.0,1930000.0,0.5718518518518518,3211000.0,1357540.9754405206,4018333.3333333335,1.5424948770481859
N09,安興,113,資產負債表,業務發展準備金,非收支,,5305000.0,,,3211000.0,1357540.9754405206,4340000.0,
N09,安興,110,資產負債表,流動負債,非收支,,,,,,,,
N09,安興,110,資產負債表,流動負債合計,非收支,2726455.0,,,,2726455.0,,2726455.0,
N09,安興,111,資產負債表,流動負債合計,非收支,2683535.0,2726455.0,-42920.0,-0.015742053325655477,2704995.0,30349.02304852662,2704995.0,-0.7071067811865476
N09,安興,112,資產負債表,流動負債合計,非收支,2728079.0,2683535.0,44544.0,0.0165990009446495,2712689.6666666665,25261.73559622013,2712689.6666666665,0.6091954083960949
N09,安興,113,資產負債表,流動負債合計,非收支,2986112.0,2728079.0,258033.0,0.0945841377760688,2781045.25,138258.38111394914,2799242.0,1.4832138807627804
N09,安興,110,資產負債表,流動資產,非收支,,,,,,,,
N09,安興,110,資產負債表,流動資產合計,非收支,4175291.0,,,,4175291.0,,4175291.0,
N09,安興,111,資產負債表,流動資產合計,非收支,4374023.0,4175291.0,198732.0,0.047597161491258935,4274657.0,140524.74483876495,4274657.0,0.7071067811865476
N09,安興,112,資產負債表,流動資產合計,非收支,4495140.0,4374023.0,121117.0,0.027690069302333344,4348151.333333333,161486.38658516502,4348151.333333333,0.910223268814971
N09,安興,113,資產負債表,流動資產合計,非收支,8666787.0,4495140.0,4171647.0,0.9280349444066258,5427810.25,2163339.7192118447,5845316.666666667,1.4972113354346561
N09,安興,110,資產負債表,現金及銀行存款,非收支,3960631.0,,,,3960631.0,,3960631.0,
N09,安興,111,資產負債表,現金及銀行存款,非收支,3830890.0,3960631.0,-129741.0,-0.03275765906998153,3895760.5,91740.74089792387,3895760.5,-0.7071067811865475
N09,安興,112,資產負債表,現金及銀行存款,非收支,4398152.0,3830890.0,567262.0,0.14807577351477072,4063224.3333333335,297221.4463902854,4063224.3333333335,1.1268623806737976
N09,安興,113,資產負債表,現金及銀行存款,非收支,8589308.0,4398152.0,4191156.0,0.9529356875342189,5194745.25,2276016.710149463,5606116.666666667,1.4914489576735506
N09,安興,110,資產負債表,累積餘絀,非收支,840053.0,,,,840053.0,,840053.0,
N09,安興,111,資產負債表,累積餘絀,非收支,1448836.0,840053.0,608783.0,0.7246959418036719,1144444.5,430474.58757108997,1144444.5,0.7071067811865475
N09,安興,112,資產負債表,累積餘絀,非收支,1690488.0,1448836.0,241652.0,0.16679044419106095,1326459.0,438225.9918158666,1326459.0,0.8306878341277333
N09,安興,113,資產負債表,累積餘絀,非收支,1767061.0,1690488.0,76573.0,0.04529638778861488,1436609.5,420191.080188129,1635461.6666666667,0.7864314964802429
N09,安興,110,資產負債表,負債及餘絀總計,非收支,7824765.0,,,,7824765.0,,7824765.0,
N09,安興,111,資產負債表,負債及餘絀總計,非收支,9231968.0,7824765.0,1407203.0,0.17983965013645778,8528366.5,995042.7838060532,8528366.5,0.7071067811865476
N09,安興,112,資產負債表,負債及餘絀總計,非收支,11035497.0,9231968.0,1803529.0,0.1953569379789878,9364076.666666666,1609437.640547882,9364076.666666666,1.0385120188716053
N09,安興,113,資產負債表,負債及餘絀總計,非收支,9560217.0,11035497.0,-1475280.0,-0.13368496226314047,9413111.75,1317754.6952290665,9942560.666666666,0.11163325809621082
N09,安興,110,資產負債表,負債總額,非收支,6375929.0,,,,6375929.0,,6375929.0,
N09,安興,111,資產負債表,負債總額,非收支,7541480.0,6375929.0,1165551.0,0.18280489007954762,6958704.5,824169.0159187616,6958704.5,0.7071067811865476
N09,安興,112,資產負債表,負債總額,非收支,9268436.0,7541480.0,1726956.0,0.2289943088094114,7728615.0,1455305.4034913084,7728615.0,1.0580741309047137
N09,安興,113,資產負債表,負債總額,非收支,3879542.0,9268436.0,-5388894.0,-0.5814243093441007,6766346.75,2261809.736645912,6896486.0,-1.276325193595155
N09,安興,110,資產負債表,資產總計,非收支,7824765.0,,,,7824765.0,,7824765.0,
N09,安興,111,資產負債表,資產總計,非收支,9231968.0,7824765.0,1407203.0,0.17983965013645778,8528366.5,995042.7838060532,8528366.5,0.7071067811865476
N09,安興,112,資產負債表,資產總計,非收支,11035497.0,9231968.0,1803529.0,0.1953569379789878,9364076.666666666,1609437.640547882,9364076.666666666,1.0385120188716053
N09,安興,113,資產負債表,資產總計,非收支,9560217.0,11035497.0,-1475280.0,-0.13368496226314047,9413111.75,1317754.6952290665,9942560.666666666,0.11163325809621082
N09,安興,112,資產負債表,資產費準備,非收支,150459.0,,,,150459.0,,150459.0,
N09,安興,112,資產負債表,資產費準備金,非收支,150459.0,,,,150459.0,,150459.0,
N09,安興,110,資產負債表,資遣費準備,非收支,106022.0,,,,106022.0,,106022.0,
N09,安興,111,資產負債表,資遣費準備,非收支,135733.0,106022.0,29711.0,0.28023429099620834,120877.5,21008.849575833512,120877.5,0.7071067811865476
N09,安興,113,資產負債表,資遣費準備,非收支,,,,,120877.5,21008.849575833512,120877.5,
N09,安興,110,資產負債表,資遣費準備金,非收支,106022.0,,,,106022.0,,106022.0,
N09,安興,111,資產負債表,資遣費準備金,非收支,135733.0,106022.0,29711.0,0.28023429099620834,120877.5,21008.849575833512,120877.5,0.7071067811865476
N09,安興,113,資產負債表,資遣費準備金,非收支,,,,,120877.5,21008.849575833512,120877.5,
N09,安興,110,資產負債表,購置財產,非收支,126700.0,,,,126700.0,,126700.0,
N09,安興,111,資產負債表,購置財產,非收支,126700.0,126700.0,0.0,0.0,126700.0,0.0,126700.0,
N09,安興,112,資產負債表,購置財產,非收支,126700.0,126700.0,0.0,0.0,126700.0,0.0,126700.0,
N09,安興,113,資產負債表,購置財產,非收支,126700.0,126700.0,0.0,0.0,126700.0,0.0,126700.0,
N09,安興,110,資產負債表,非流動負債,非收支,,,,,,,,
N09,安興,110,資產負債表,非流動負債合計,非收支,3649474.0,,,,3649474.0,,3649474.0,
N09,安興,111,資產負債表,非流動負債合計,非收支,4857945.0,3649474.0,1208471.0,0.3311356650300838,4253709.5,854518.0389672882,4253709.5,0.7071067811865476
N09,安興,112,資產負債表,非流動負債合計,非收支,6540357.0,4857945.0,1682412.0,0.3463217471585207,5015925.333333333,1451902.0177726643,5015925.333333333,1.0499549198266622
N09,安興,113,資產負債表,非流動負債合計,非收支,893430.0,6540357.0,-5646927.0,-0.8633973650062221,3985301.5,2377832.6804354843,4097244.0,-1.3002897661553479
N09,安興,110,資產負債表,非流動資產,非收支,,,,,,,,
N09,安興,110,資產負債表,非流動資產合計,非收支,3649474.0,,,,3649474.0,,3649474.0,
N09,安興,111,資產負債表,非流動資產合計,非收支,4857945.0,3649474.0,1208471.0,0.3311356650300838,4253709.5,854518.0389672882,4253709.5,0.7071067811865476
N09,安興,112,資產負債表,非流動資產合計,非收支,6540357.0,4857945.0,1682412.0,0.3463217471585207,5015925.333333333,1451902.0177726643,5015925.333333333,1.0499549198266622
N09,安興,113,資產負債表,非流動資產合計,非收支,893430.0,6540357.0,-5646927.0,-0.8633973650062221,3985301.5,2377832.6804354843,4097244.0,-1.3002897661553479
N09,安興,111,資產負債表,預付款項,非收支,39820.0,,,,39820.0,,39820.0,
N09,安興,112,資產負債表,預付款項,非收支,32426.0,39820.0,-7394.0,-0.18568558513309893,36123.0,5228.347540093332,36123.0,-0.7071067811865476
N09,安興,113,資產負債表,預付款項,非收支,,32426.0,,,36123.0,5228.347540093332,36123.0,
N09,安興,110,資產負債表,預收款項,非收支,1383480.0,,,,1383480.0,,1383480.0,
N09,安興,111,資產負債表,預收款項,非收支,1484908.0,1383480.0,101428.0,0.07331367276722468,1434194.0,71720.42660218914,1434194.0,0.7071067811865476
N09,安興,112,資產負債表,預收款項,非收支,1596474.0,1484908.0,111566.0,0.07513327424998721,1488287.3333333333,106537.20443738581,1488287.3333333333,1.0154824996393665
N09,安興,113,資產負債表,預收款項,非收支,,1596474.0,,,1488287.3333333333,106537.20443738581,1540691.0,
N09,安興,110,資產負債表,餘絀,非收支,,,,,,,,
N09,安興,110,資產負債表,餘絀總額,非收支,1448836.0,,,,1448836.0,,1448836.0,
N09,安興,111,資產負債表,餘絀總額,非收支,1690488.0,1448836.0,241652.0,0.16679044419106095,1569662.0,170873.7678872916,1569662.0,0.7071067811865475
N09,安興,112,資產負債表,餘絀總額,非收支,1767061.0,1690488.0,76573.0,0.04529638778861488,1635461.6666666667,166095.48662240442,1635461.6666666667,0.7923113144700102
N09,安興,113,資產負債表,餘絀總額,非收支,5680675.0,1767061.0,3913614.0,2.214758856655203,2646765.0,2027148.128569296,3046074.6666666665,1.4966395189587098
N09,安興,110,附表三,事務機器耗材-執行率,非收支,26.0,,,,26.0,,26.0,
N09,安興,111,附表三,事務機器耗材-執行率,非收支,35.0,26.0,9.0,0.34615384615384615,30.5,6.363961030678928,30.5,0.7071067811865476
N09,安興,112,附表三,事務機器耗材-執行率,非收支,63.0,35.0,28.0,0.8,41.333333333333336,19.295940851208403,41.333333333333336,1.1228613745107845
N09,安興,110,附表三,事務機器耗材-決算數,非收支,14354.0,,,,14354.0,,14354.0,
N09,安興,111,附表三,事務機器耗材-決算數,非收支,19522.0,14354.0,5168.0,0.3600390135153964,16938.0,3654.3278451720776,16938.0,0.7071067811865476
N09,安興,112,附表三,事務機器耗材-決算數,非收支,34698.0,19522.0,15176.0,0.7773793668681488,22858.0,10574.32059283243,22858.0,1.119693685854908
N09,安興,111,附表三,五日未上課退費-執行率,非收支,,,,,,,,
N09,安興,112,附表三,五日未上課退費-執行率,非收支,,,,,,,,
N09,安興,113,附表三,五日未上課退費-執行率,非收支,,,,,,,,
N09,安興,111,附表三,五日未上課退費-決算數,非收支,-24171.0,,,,-24171.0,,-24171.0,
N09,安興,112,附表三,五日未上課退費-決算數,非收支,-40528.0,-24171.0,-16357.0,-0.6767200364072649,-32349.5,11566.145619868357,-32349.5,-0.7071067811865476
N09,安興,113,附表三,五日未上課退費-決算數,非收支,-61703.0,-40528.0,-21175.0,-0.5224782866166601,-42134.0,18817.470154088194,-42134.0,-1.0399378789899945
N09,安興,111,附表三,人事費-執行率,非收支,79.0,,,,79.0,,79.0,
N09,安興,112,附表三,人事費-執行率,非收支,64.0,79.0,-15.0,-0.189873417721519,71.5,10.606601717798213,71.5,-0.7071067811865475
N09,安興,113,附表三,人事費-執行率,非收支,90.0,64.0,26.0,0.40625,77.66666666666667,13.05118130030126,77.66666666666667,0.9449974718417742
N09,安興,111,附表三,人事費-決算數,非收支,4104465.0,,,,4104465.0,,4104465.0,
N09,安興,112,附表三,人事費-決算數,非收支,3361395.0,4104465.0,-743070.0,-0.18103942901206369,3732930.0,525429.8358962878,3732930.0,-0.7071067811865476
N09,安興,113,附表三,人事費-決算數,非收支,4817555.0,3361395.0,1456160.0,0.4332010965685378,4094471.6666666665,728131.4348614084,4094471.6666666665,0.9930670462963382
N09,安興,112,附表三,代課費及代班費-執行率,非收支,30.0,,,,30.0,,30.0,
N09,安興,112,附表三,代課費及代班費-決算數,非收支,29025.0,,,,29025.0,,29025.0,
N09,安興,111,附表三,代課費及廚工代班費-執行率,非收支,22.0,,,,22.0,,22.0,
N09,安興,111,附表三,代課費及廚工代班費-決算數,非收支,15051.0,,,,15051.0,,15051.0,
N09,安興,111,附表三,保全-執行率,非收支,24.0,,,,24.0,,24.0,
N09,安興,112,附表三,保全-執行率,非收支,26.0,24.0,2.0,0.08333333333333333,25.0,1.4142135623730951,25.0,0.7071067811865475
N09,安興,111,附表三,保全-決算數,非收支,18900.0,,,,18900.0,,18900.0,
N09,安興,112,附表三,保全-決算數,非收支,20790.0,18900.0,1890.0,0.1,19845.0,1336.431816442575,19845.0,0.7071067811865475
N09,安興,111,附表三,保險費-執行率,非收支,83.0,,,,83.0,,83.0,
N09,安興,112,附表三,保險費-執行率,非收支,67.0,83.0,-16.0,-0.1927710843373494,75.0,11.313708498984761,75.0,-0.7071067811865475
N09,安興,113,附表三,保險費-執行率,非收支,165.0,67.0,98.0,1.462686567164179,105.0,52.57375771237966,105.0,1.1412537853628002
N09,安興,111,附表三,保險費-決算數,非收支,6650.0,,,,6650.0,,6650.0,
N09,安興,112,附表三,保險費-決算數,非收支,5354.0,6650.0,-1296.0,-0.19488721804511278,6002.0,916.4103884177656,6002.0,-0.7071067811865475
N09,安興,113,附表三,保險費-決算數,非收支,13178.0,5354.0,7824.0,1.461337317893164,8394.0,4193.434868935012,8394.0,1.1408308819674053
N09,安興,112,附表三,修繕費-執行率,非收支,101.0,,,,101.0,,101.0,
N09,安興,112,附表三,修繕費-決算數,非收支,60803.0,,,,60803.0,,60803.0,
N09,安興,110,附表三,修繕購置費-執行率,非收支,74.0,,,,74.0,,74.0,
N09,安興,111,附表三,修繕購置費-執行率,非收支,82.0,74.0,8.0,0.10810810810810811,78.0,5.656854249492381,78.0,0.7071067811865475
N09,安興,112,附表三,修繕購置費-執行率,非收支,80.0,82.0,-2.0,-0.024390243902439025,78.66666666666667,4.163331998932265,78.66666666666667,0.32025630761017315
N09,安興,110,附表三,修繕購置費-決算數,非收支,62469.0,,,,62469.0,,62469.0,
N09,安興,111,附表三,修繕購置費-決算數,非收支,68974.0,62469.0,6505.0,0.10413164929805184,65721.5,4599.729611618492,65721.5,0.7071067811865476
N09,安興,112,附表三,修繕購置費-決算數,非收支,67046.0,68974.0,-1928.0,-0.027952561834894307,66163.0,3341.1858673231573,66163.0,0.26427742575944424
N09,安興,111,附表三,健康檢查-執行率,非收支,22.0,,,,22.0,,22.0,
N09,安興,112,附表三,健康檢查-執行率,非收支,100.0,22.0,78.0,3.5454545454545454,61.0,55.154328932550705,61.0,0.7071067811865476
N09,安興,113,附表三,健康檢查-執行率,非收支,20.0,100.0,-80.0,-0.8,47.333333333333336,45.62163229580167,47.333333333333336,-0.5991309814631224
N09,安興,111,附表三,健康檢查-決算數,非收支,1720.0,,,,1720.0,,1720.0,
N09,安興,112,附表三,健康檢查-決算數,非收支,1000.0,1720.0,-720.0,-0.4186046511627907,1360.0,509.11688245431424,1360.0,-0.7071067811865475
N09,安興,113,附表三,健康檢查-決算數,非收支,1580.0,1000.0,580.0,0.58,1433.3333333333333,381.75035472587757,1433.3333333333333,0.3841952334844149
N09,安興,110,附表三,公共事務管理費-執行率,非收支,60.0,,,,60.0,,60.0,
N09,安興,111,附表三,公共事務管理費-執行率,非收支,60.0,60.0,0.0,0.0,60.0,0.0,60.0,
N09,安興,112,附表三,公共事務管理費-執行率,非收支,60.0,60.0,0.0,0.0,60.0,0.0,60.0,
N09,安興,110,附表三,公共事務管理費-決算數,非收支,72360.0,,,,72360.0,,72360.0,
N09,安興,111,附表三,公共事務管理費-決算數,非收支,72360.0,72360.0,0.0,0.0,72360.0,0.0,72360.0,
N09,安興,112,附表三,公共事務管理費-決算數,非收支,71860.0,72360.0,-500.0,-0.006909894969596462,72193.33333333333,288.6751345948108,72193.33333333333,-1.154700538379243
N09,安興,110,附表三,其他支出-執行率,非收支,,,,,,,,
N09,安興,111,附表三,其他支出-執行率,非收支,,,,,,,,
N09,安興,112,附表三,其他支出-執行率,非收支,,,,,,,,
N09,安興,110,附表三,其他支出-決算數,非收支,1392098.0,,,,1392098.0,,1392098.0,
N09,安興,111,附表三,其他支出-決算數,非收支,1475690.0,1392098.0,83592.0,0.06004749665612622,1433894.0,59108.47005294588,1433894.0,0.7071067811865476
N09,安興,112,附表三,其他支出-決算數,非收支,2611976.0,1475690.0,1136286.0,0.7700031849507688,1826588.0,681448.9258367057,1826588.0,1.1525265800891453
N09,安興,113,附表三,其他收入-其它-執行率,非收支,,,,,,,,
N09,安興,113,附表三,其他收入-其它-決算數,非收支,6724000.0,,,,6724000.0,,6724000.0,
N09,安興,111,附表三,其他收入-執行率,非收支,,,,,,,,
N09,安興,112,附表三,其他收入-執行率,非收支,,,,,,,,
N09,安興,113,附表三,其他收入-執行率,非收支,,,,,,,,
N09,安興,111,附表三,其他收入-決算數,非收支,1475690.0,,,,1475690.0,,1475690.0,
N09,安興,112,附表三,其他收入-決算數,非收支,2611976.0,1475690.0,1136286.0,0.7700031849507688,2043833.0,803475.5359673373,2043833.0,0.7071067811865476
N09,安興,113,附表三,其他收入-決算數,非收支,1983942.0,2611976.0,-628034.0,-0.24044401633093107,2023869.3333333333,569194.2659666674,2023869.3333333333,-0.07014711096135925
N09,安興,111,附表三,利息收入-執行率,非收支,,,,,,,,
N09,安興,112,附表三,利息收入-執行率,非收支,,,,,,,,
N09,安興,113,附表三,利息收入-執行率,非收支,,,,,,,,
N09,安興,111,附表三,利息收入-決算數,非收支,41897.0,,,,41897.0,,41897.0,
N09,安興,112,附表三,利息收入-決算數,非收支,77347.0,41897.0,35450.0,0.8461226340788123,59622.0,25066.93539306311,59622.0,0.7071067811865475
N09,安興,113,附表三,利息收入-決算數,非收支,120327.0,77347.0,42980.0,0.5556776604134614,79857.0,39275.19955391697,79857.0,1.0304212444405993
N09,安興,111,附表三,加班費-執行率,非收支,50.0,,,,50.0,,50.0,
N09,安興,112,附表三,加班費-執行率,非收支,14.0,50.0,-36.0,-0.72,32.0,25.45584412271571,32.0,-0.7071067811865476
N09,安興,113,附表三,加班費-執行率,非收支,23.0,14.0,9.0,0.6428571428571429,29.0,18.734993995195193,29.0,-0.3202563076101743
N09,安興,111,附表三,加班費-決算數,非收支,198381.0,,,,198381.0,,198381.0,
N09,安興,112,附表三,加班費-決算數,非收支,57186.0,198381.0,-141195.0,-0.7117365070243622,127783.5,99839.94196963457,127783.5,-0.7071067811865476
N09,安興,113,附表三,加班費-決算數,非收支,93188.0,57186.0,36002.0,0.629559682439758,116251.66666666667,73368.63462225076,116251.66666666667,-0.31435322171951763
N09,安興,111,附表三,勞、健保保費-執行率,非收支,81.0,,,,81.0,,81.0,
N09,安興,111,附表三,勞、健保保費-決算數,非收支,385239.0,,,,385239.0,,385239.0,
N09,安興,112,附表三,勞、健保費-執行率,非收支,74.0,,,,74.0,,74.0,
N09,安興,113,附表三,勞、健保費-執行率,非收支,95.0,74.0,21.0,0.28378378378378377,84.5,14.849242404917497,84.5,0.7071067811865476
N09,安興,112,附表三,勞、健保費-決算數,非收支,351737.0,,,,351737.0,,351737.0,
N09,安興,113,附表三,勞、健保費-決算數,非收支,459814.0,351737.0,108077.0,0.30726650878355133,405775.5,76421.97959029849,405775.5,0.7071067811865476
N09,安興,111,附表三,勞退金提撥-執行率,非收支,80.0,,,,80.0,,80.0,
N09,安興,112,附表三,勞退金提撥-執行率,非收支,61.0,80.0,-19.0,-0.2375,70.5,13.435028842544403,70.5,-0.7071067811865475
N09,安興,113,附表三,勞退金提撥-執行率,非收支,86.0,61.0,25.0,0.4098360655737705,75.66666666666667,13.051181300301261,75.66666666666667,0.791754638570135
N09,安興,111,附表三,勞退金提撥-決算數,非收支,171781.0,,,,171781.0,,171781.0,
N09,安興,112,附表三,勞退金提撥-決算數,非收支,132026.0,171781.0,-39755.0,-0.23142838847136762,151903.5,28111.030086071198,151903.5,-0.7071067811865475
N09,安興,113,附表三,勞退金提撥-決算數,非收支,187315.0,132026.0,55289.0,0.41877357490191325,163707.33333333334,28515.021485759626,163707.33333333334,0.8279028188162616
N09,安興,110,附表三,園務特支-執行率,非收支,60.0,,,,60.0,,60.0,
N09,安興,111,附表三,園務特支-執行率,非收支,44.0,60.0,-16.0,-0.26666666666666666,52.0,11.313708498984761,52.0,-0.7071067811865475
N09,安興,112,附表三,園務特支-執行率,非收支,38.0,44.0,-6.0,-0.13636363636363635,47.333333333333336,11.372481406154654,47.333333333333336,-0.820694534464769
N09,安興,110,附表三,園務特支-決算數,非收支,21656.0,,,,21656.0,,21656.0,
N09,安興,111,附表三,園務特支-決算數,非收支,16000.0,21656.0,-5656.0,-0.2611747321758404,18828.0,3999.395954391113,18828.0,-0.7071067811865476
N09,安興,112,附表三,園務特支-決算數,非收支,13740.0,16000.0,-2260.0,-0.14125,17132.0,4077.6012556403793,17132.0,-0.8318616233767303
N09,安興,110,附表三,園舍消毒、清潔-執行率,非收支,60.0,,,,60.0,,60.0,
N09,安興,111,附表三,園舍消毒、清潔-執行率,非收支,91.0,60.0,31.0,0.5166666666666667,75.5,21.920310216782973,75.5,0.7071067811865476
N09,安興,112,附表三,園舍消毒、清潔-執行率,非收支,98.0,91.0,7.0,0.07692307692307693,83.0,20.223748416156685,83.0,0.7417022646512231
N09,安興,110,附表三,園舍消毒、清潔-決算數,非收支,15000.0,,,,15000.0,,15000.0,
N09,安興,111,附表三,園舍消毒、清潔-決算數,非收支,22800.0,15000.0,7800.0,0.52,18900.0,5515.432893255071,18900.0,0.7071067811865476
N09,安興,112,附表三,園舍消毒、清潔-決算數,非收支,24450.0,22800.0,1650.0,0.07236842105263158,20750.0,5047.524145558889,20750.0,0.7330326499290705
N09,安興,112,附表三,園長及教保服務人員薪資(含職務加給)-執行率,非收支,69.0,,,,69.0,,69.0,
N09,安興,112,附表三,園長及教保服務人員薪資(含職務加給)-決算數,非收支,1951484.0,,,,1951484.0,,1951484.0,
N09,安興,111,附表三,園長及教保服務人員薪資(含職務加给)-執行率,非收支,77.0,,,,77.0,,77.0,
N09,安興,111,附表三,園長及教保服務人員薪資(含職務加给)-決算數,非收支,2165622.0,,,,2165622.0,,2165622.0,
N09,安興,113,附表三,園長及教保服務人員薪資（含職務加給）-執行率,非收支,90.0,,,,90.0,,90.0,
N09,安興,113,附表三,園長及教保服務人員薪資（含職務加給）-決算數,非收支,2578884.0,,,,2578884.0,,2578884.0,
N09,安興,110,附表三,差旅費-執行率,非收支,,,,,,,,
N09,安興,111,附表三,差旅費-執行率,非收支,,,,,,,,
N09,安興,112,附表三,差旅費-執行率,非收支,,,,,,,,
N09,安興,110,附表三,差旅費-決算數,非收支,,,,,,,,
N09,安興,111,附表三,差旅費-決算數,非收支,,,,,,,,
N09,安興,112,附表三,差旅費-決算數,非收支,,,,,,,,
N09,安興,110,附表三,延後托育支出-執行率,非收支,,,,,,,,
N09,安興,111,附表三,延後托育支出-執行率,非收支,,,,,,,,
N09,安興,110,附表三,延後托育支出-決算數,非收支,454065.0,,,,454065.0,,454065.0,
N09,安興,111,附表三,延後托育支出-決算數,非收支,345177.0,454065.0,-108888.0,-0.23980707607941595,399621.0,76995.4431898408,399621.0,-0.7071067811865475
N09,安興,111,附表三,延後托育收入-執行率,非收支,,,,,,,,
N09,安興,111,附表三,延後托育收入-決算數,非收支,681840.0,,,,681840.0,,681840.0,
N09,安興,111,附表三,延後托育收入淨額-執行率,非收支,,,,,,,,
N09,安興,111,附表三,延後托育收入淨額-執行率,非收支,,,,,,,,
N09,安興,111,附表三,延後托育收入淨額-決算數,非收支,650220.0,,,,650220.0,,650220.0,
N09,安興,111,附表三,延後托育收入淨額-決算數,非收支,650220.0,,,,650220.0,0.0,650220.0,
N09,安興,111,附表三,延後托育收入退費-執行率,非收支,,,,,,,,
N09,安興,111,附表三,延後托育收入退費-決算數,非收支,-31620.0,,,,-31620.0,,-31620.0,
N09,安興,112,附表三,延長照顧服務支出-執行率,非收支,,,,,,,,
N09,安興,112,附表三,延長照顧服務支出-決算數,非收支,291020.0,,,,291020.0,,291020.0,
N09,安興,112,附表三,延長照顧服務收入-執行率,非收支,,,,,,,,
N09,安興,113,附表三,延長照顧服務收入-執行率,非收支,,,,,,,,
N09,安興,112,附表三,延長照顧服務收入-決算數,非收支,501420.0,,,,501420.0,,501420.0,
N09,安興,113,附表三,延長照顧服務收入-決算數,非收支,228690.0,501420.0,-272730.0,-0.5439152806030872,365055.0,192849.2324330071,365055.0,-0.7071067811865476
N09,安興,112,附表三,延長照顧服務收入淨額-執行率,非收支,,,,,,,,
N09,安興,112,附表三,延長照顧服務收入淨額-執行率,非收支,,,,,,,,
N09,安興,113,附表三,延長照顧服務收入淨額-執行率,非收支,,,,,,,,
N09,安興,113,附表三,延長照顧服務收入淨額-執行率,非收支,,,,,,,,
N09,安興,113,附表三,延長照顧服務收入淨額-執行率,非收支,,,,,,,,
N09,安興,113,附表三,延長照顧服務收入淨額-執行率,非收支,,,,,,,,
N09,安興,112,附表三,延長照顧服務收入淨額-決算數,非收支,481110.0,,,,481110.0,,481110.0,
N09,安興,112,附表三,延長照顧服務收入淨額-決算數,非收支,481110.0,,,,481110.0,0.0,481110.0,
N09,安興,113,附表三,延長照顧服務收入淨額-決算數,非收支,214470.0,481110.0,-266640.0,-0.5542183700193303,392230.0,153944.67577672182,392230.0,-1.1547005383792515
N09,安興,113,附表三,延長照顧服務收入淨額-決算數,非收支,214470.0,481110.0,-266640.0,-0.5542183700193303,347790.0,153944.67577672182,303350.0,-0.8660254037844386
N09,安興,113,附表三,延長照顧服務收入淨額-決算數,非收支,214470.0,481110.0,-266640.0,-0.5542183700193303,321126.0,146044.7427331775,214470.0,-0.7302967433402214
N09,安興,113,附表三,延長照顧服務收入淨額-決算數,非收支,214470.0,481110.0,-266640.0,-0.5542183700193303,303350.0,137692.30392436608,214470.0,-0.6454972243679029
N09,安興,112,附表三,延長照顧服務收入退費-執行率,非收支,,,,,,,,
N09,安興,113,附表三,延長照顧服務收入退費-執行率,非收支,,,,,,,,
N09,安興,112,附表三,延長照顧服務收入退費-決算數,非收支,-20310.0,,,,-20310.0,,-20310.0,
N09,安興,113,附表三,延長照顧服務收入退費-決算數,非收支,-14220.0,-20310.0,6090.0,0.2998522895125554,-17265.0,4306.280297426075,-17265.0,0.7071067811865475
N09,安興,110,附表三,所得稅費用-執行率,非收支,,,,,,,,
N09,安興,111,附表三,所得稅費用-執行率,非收支,,,,,,,,
N09,安興,112,附表三,所得稅費用-執行率,非收支,,,,,,,,
N09,安興,110,附表三,所得稅費用-決算數,非收支,34386.0,,,,34386.0,,34386.0,
N09,安興,111,附表三,所得稅費用-決算數,非收支,,34386.0,,,34386.0,,34386.0,
N09,安興,112,附表三,所得稅費用-決算數,非收支,,,,,34386.0,,34386.0,
N09,安興,110,附表三,攝影照片-執行率,非收支,,,,,,,,
N09,安興,111,附表三,攝影照片-執行率,非收支,100.0,,,,100.0,,100.0,
N09,安興,112,附表三,攝影照片-執行率,非收支,100.0,100.0,0.0,0.0,100.0,0.0,100.0,
N09,安興,110,附表三,攝影照片-決算數,非收支,,,,,,,,
N09,安興,111,附表三,攝影照片-決算數,非收支,8000.0,,,,8000.0,,8000.0,
N09,安興,112,附表三,攝影照片-決算數,非收支,8000.0,8000.0,0.0,0.0,8000.0,0.0,8000.0,
N09,安興,111,附表三,支出-執行率,非收支,124.0,,,,124.0,,124.0,
N09,安興,112,附表三,支出-執行率,非收支,136.0,124.0,12.0,0.0967741935483871,130.0,8.48528137423857,130.0,0.7071067811865476
N09,安興,113,附表三,支出-執行率,非收支,138.0,136.0,2.0,0.014705882352941176,132.66666666666666,7.5718777944003675,132.66666666666666,0.7043607250605001
N09,安興,111,附表三,支出-決算數,非收支,8883790.0,,,,8883790.0,,8883790.0,
N09,安興,112,附表三,支出-決算數,非收支,9801505.0,8883790.0,917715.0,0.10330219422116012,9342647.5,648922.4996966125,9342647.5,0.7071067811865475
N09,安興,113,附表三,支出-決算數,非收支,10105038.0,9801505.0,303533.0,0.030967999302147987,9596777.666666666,635843.2433676822,9596777.666666666,0.7993484850784641
N09,安興,111,附表三,收入-執行率,非收支,127.0,,,,127.0,,127.0,
N09,安興,112,附表三,收入-執行率,非收支,137.0,127.0,10.0,0.07874015748031496,132.0,7.0710678118654755,132.0,0.7071067811865475
N09,安興,113,附表三,收入-執行率,非收支,219.0,137.0,82.0,0.5985401459854015,161.0,50.47771785649585,161.0,1.1490218350379746
N09,安興,111,附表三,收入-決算數,非收支,9125442.0,,,,9125442.0,,9125442.0,
N09,安興,112,附表三,收入-決算數,非收支,9878078.0,9125442.0,752636.0,0.08247666250029313,9501760.0,532194.0193651184,9501760.0,0.7071067811865476
N09,安興,113,附表三,收入-決算數,非收支,15297334.0,9878078.0,5419256.0,0.5486144166911823,11433618.0,3367171.102515582,11433618.0,1.1474664881488956
N09,安興,112,附表三,政府學費差額補助退費-執行率,非收支,,,,,,,,
N09,安興,113,附表三,政府學費差額補助退費-執行率,非收支,,,,,,,,
N09,安興,112,附表三,政府學費差額補助退費-決算數,非收支,-98761.0,,,,-98761.0,,-98761.0,
N09,安興,113,附表三,政府學費差額補助退費-決算數,非收支,-8090.0,-98761.0,90671.0,0.9180850740676988,-53425.5,64114.07895696545,-53425.5,0.7071067811865475
N09,安興,110,附表三,教保材料費-執行率,非收支,13.0,,,,13.0,,13.0,
N09,安興,111,附表三,教保材料費-執行率,非收支,42.0,13.0,29.0,2.230769230769231,27.5,20.506096654409877,27.5,0.7071067811865476
N09,安興,112,附表三,教保材料費-執行率,非收支,89.0,42.0,47.0,1.119047619047619,48.0,38.353617821530214,48.0,1.0689995449916647
N09,安興,110,附表三,教保材料費-決算數,非收支,18478.0,,,,18478.0,,18478.0,
N09,安興,111,附表三,教保材料費-決算數,非收支,60949.0,18478.0,42471.0,2.29846303712523,39713.5,30031.53210377386,39713.5,0.7071067811865475
N09,安興,112,附表三,教保材料費-決算數,非收支,127721.0,60949.0,66772.0,1.0955388931729806,69049.33333333333,55070.13539418015,69049.33333333333,1.0653989906999055
N09,安興,111,附表三,教保費收入(家長繳費)-執行率,非收支,77.0,,,,77.0,,77.0,
N09,安興,112,附表三,教保費收入(家長繳費)-執行率,非收支,73.0,77.0,-4.0,-0.05194805194805195,75.0,2.8284271247461903,75.0,-0.7071067811865475
N09,安興,111,附表三,教保費收入(家長繳費)-決算數,非收支,1105700.0,,,,1105700.0,,1105700.0,
N09,安興,112,附表三,教保費收入(家長繳費)-決算數,非收支,1055520.0,1105700.0,-50180.0,-0.045383015284435196,1080610.0,35482.61827994096,1080610.0,-0.7071067811865475
N09,安興,111,附表三,教保費收入(政府學費差額補助)-執行率,非收支,102.0,,,,102.0,,102.0,
N09,安興,112,附表三,教保費收入(政府學費差額補助)-執行率,非收支,101.0,102.0,-1.0,-0.00980392156862745,101.5,0.7071067811865476,101.5,-0.7071067811865475
N09,安興,111,附表三,教保費收入(政府學費差額補助)-決算數,非收支,5876106.0,,,,5876106.0,,5876106.0,
N09,安興,112,附表三,教保費收入(政府學費差額補助)-決算數,非收支,5818118.0,5876106.0,-57988.0,-0.009868440086002532,5847112.0,41003.708027445515,5847112.0,-0.7071067811865476
N09,安興,111,附表三,教保費收入-執行率,非收支,97.0,,,,97.0,,97.0,
N09,安興,112,附表三,教保費收入-執行率,非收支,96.0,97.0,-1.0,-0.010309278350515464,96.5,0.7071067811865476,96.5,-0.7071067811865475
N09,安興,113,附表三,教保費收入-執行率,非收支,91.0,96.0,-5.0,-0.052083333333333336,94.66666666666667,3.2145502536643202,94.66666666666667,-1.1406468642034686
N09,安興,111,附表三,教保費收入-決算數,非收支,6981806.0,,,,6981806.0,,6981806.0,
N09,安興,112,附表三,教保費收入-決算數,非收支,6873638.0,6981806.0,-108168.0,-0.015492839531777308,6927722.0,76486.32630738647,6927722.0,-0.7071067811865476
N09,安興,113,附表三,教保費收入-決算數,非收支,6342600.0,6873638.0,-531038.0,-0.07725719626200855,6732681.333333333,342122.29394959525,6732681.333333333,-1.1401809827418132
N09,安興,111,附表三,教保費收入淨額-執行率,非收支,97.0,,,,97.0,,97.0,
N09,安興,112,附表三,教保費收入淨額-執行率,非收支,93.0,97.0,-4.0,-0.041237113402061855,95.0,2.8284271247461903,95.0,-0.7071067811865475
N09,安興,113,附表三,教保費收入淨額-執行率,非收支,89.0,93.0,-4.0,-0.043010752688172046,93.0,4.0,93.0,-1.0
N09,安興,111,附表三,教保費收入淨額-決算數,非收支,6957635.0,,,,6957635.0,,6957635.0,
N09,安興,112,附表三,教保費收入淨額-決算數,非收支,6707645.0,6957635.0,-249990.0,-0.03593031252717339,6832640.0,176769.624228825,6832640.0,-0.7071067811865476
N09,安興,113,附表三,教保費收入淨額-決算數,非收支,6254595.0,6707645.0,-453050.0,-0.06754233415751729,6639958.333333333,356373.99460866,6639958.333333333,-1.0813452697537784
N09,安興,111,附表三,教保費收入減項-執行率,非收支,,,,,,,,
N09,安興,112,附表三,教保費收入減項-執行率,非收支,,,,,,,,
N09,安興,113,附表三,教保費收入減項-執行率,非收支,,,,,,,,
N09,安興,111,附表三,教保費收入減項-決算數,非收支,-24171.0,,,,-24171.0,,-24171.0,
N09,安興,112,附表三,教保費收入減項-決算數,非收支,-165993.0,-24171.0,-141822.0,-5.867444458235075,-95082.0,100283.29792143854,-95082.0,-0.7071067811865476
N09,安興,113,附表三,教保費收入減項-決算數,非收支,-88005.0,-165993.0,77988.0,0.46982704089931504,-92723.0,71028.61792263735,-92723.0,0.06642393077588432
N09,安興,113,附表三,教保費收入（家長繳費）-執行率,非收支,61.0,,,,61.0,,61.0,
N09,安興,113,附表三,教保費收入（家長繳費）-決算數,非收支,762600.0,,,,762600.0,,762600.0,
N09,安興,113,附表三,教保費收入（政府學費差額補助）-執行率,非收支,97.0,,,,97.0,,97.0,
N09,安興,113,附表三,教保費收入（政府學費差額補助）-決算數,非收支,5580000.0,,,,5580000.0,,5580000.0,
N09,安興,111,附表三,文宣費(一般文宣)-執行率,非收支,30.0,,,,30.0,,30.0,
N09,安興,112,附表三,文宣費(一般文宣)-執行率,非收支,85.0,30.0,55.0,1.8333333333333333,57.5,38.890872965260115,57.5,0.7071067811865475
N09,安興,111,附表三,文宣費(一般文宣)-決算數,非收支,3000.0,,,,3000.0,,3000.0,
N09,安興,112,附表三,文宣費(一般文宣)-決算數,非收支,8500.0,3000.0,5500.0,1.8333333333333333,5750.0,3889.0872965260114,5750.0,0.7071067811865476
N09,安興,111,附表三,文宣費(園刊)-執行率,非收支,44.0,,,,44.0,,44.0,
N09,安興,111,附表三,文宣費(園刊)-決算數,非收支,11000.0,,,,11000.0,,11000.0,
N09,安興,112,附表三,文宣費(期刊)-執行率,非收支,56.0,,,,56.0,,56.0,
N09,安興,112,附表三,文宣費(期刊)-決算數,非收支,14087.0,,,,14087.0,,14087.0,
N09,安興,110,附表三,文宣費（一般文宣）-執行率,非收支,,,,,,,,
N09,安興,110,附表三,文宣費（一般文宣）-決算數,非收支,,,,,,,,
N09,安興,110,附表三,文宣費（園刊）-執行率,非收支,,,,,,,,
N09,安興,110,附表三,文宣費（園刊）-決算數,非收支,,,,,,,,
N09,安興,110,附表三,日常消耗用品-執行率,非收支,38.0,,,,38.0,,38.0,
N09,安興,111,附表三,日常消耗用品-執行率,非收支,74.0,38.0,36.0,0.9473684210526315,56.0,25.45584412271571,56.0,0.7071067811865476
N09,安興,112,附表三,日常消耗用品-執行率,非收支,72.0,74.0,-2.0,-0.02702702702702703,61.333333333333336,20.231987873991358,61.333333333333336,0.5272179250551493
N09,安興,110,附表三,日常消耗用品-決算數,非收支,13688.0,,,,13688.0,,13688.0,
N09,安興,111,附表三,日常消耗用品-決算數,非收支,26705.0,13688.0,13017.0,0.9509789596727061,20196.5,9204.40897070529,20196.5,0.7071067811865475
N09,安興,112,附表三,日常消耗用品-決算數,非收支,26047.0,26705.0,-658.0,-0.024639580602883356,22146.666666666668,7332.804533964704,22146.666666666668,0.531901991286886
N09,安興,111,附表三,會計、總務、廚工、清潔薪資-執行率,非收支,95.0,,,,95.0,,95.0,
N09,安興,112,附表三,會計、總務、廚工、清潔薪資-執行率,非收支,66.0,95.0,-29.0,-0.30526315789473685,80.5,20.506096654409877,80.5,-0.7071067811865476
N09,安興,113,附表三,會計、總務、廚工、清潔薪資-執行率,非收支,99.0,66.0,33.0,0.5,86.66666666666667,18.009256878986797,86.66666666666667,0.6848329953982645
N09,安興,111,附表三,會計、總務、廚工、清潔薪資-決算數,非收支,1120408.0,,,,1120408.0,,1120408.0,
N09,安興,112,附表三,會計、總務、廚工、清潔薪資-決算數,非收支,795717.0,1120408.0,-324691.0,-0.2897971096243511,958062.5,229591.2078902413,958062.5,-0.7071067811865476
N09,安興,113,附表三,會計、總務、廚工、清潔薪資-決算數,非收支,1210639.0,795717.0,414922.0,0.5214441817882488,1042254.6666666666,218222.41900027904,1042254.6666666666,0.7716179396449548
N09,安興,110,附表三,本期稅前餘絀-執行率,非收支,468.0,,,,468.0,,468.0,
N09,安興,111,附表三,本期稅前餘絀-執行率,非收支,1625.0,468.0,1157.0,2.4722222222222223,1046.5,818.1225458328355,1046.5,0.7071067811865475
N09,安興,112,附表三,本期稅前餘絀-執行率,非收支,-237.0,1625.0,-1862.0,-1.1458461538461537,618.6666666666666,940.0991082504723,618.6666666666666,-0.910187722929623
N09,安興,110,附表三,本期稅前餘絀-決算數,非收支,643169.0,,,,643169.0,,643169.0,
N09,安興,111,附表三,本期稅前餘絀-決算數,非收支,241652.0,643169.0,-401517.0,-0.6242791552453554,442410.5,283915.393461679,442410.5,-0.7071067811865476
N09,安興,112,附表三,本期稅前餘絀-決算數,非收支,76573.0,241652.0,-165079.0,-0.6831269759819907,320464.6666666667,291404.07362343674,320464.6666666667,-0.8369535251653093
N09,安興,110,附表三,本期稅後餘絀-執行率,非收支,443.0,,,,443.0,,443.0,
N09,安興,111,附表三,本期稅後餘絀-執行率,非收支,1625.0,443.0,1182.0,2.6681715575620766,1034.0,835.8002153624992,1034.0,0.7071067811865475
N09,安興,112,附表三,本期稅後餘絀-執行率,非收支,-237.0,1625.0,-1862.0,-1.1458461538461537,610.3333333333334,942.2108751937293,610.3333333333334,-0.899303282992899
N09,安興,110,附表三,本期稅後餘絀-決算數,非收支,608783.0,,,,608783.0,,608783.0,
N09,安興,111,附表三,本期稅後餘絀-決算數,非收支,241652.0,608783.0,-367131.0,-0.6030572469993413,425217.5,259600.81968379839,425217.5,-0.7071067811865475
N09,安興,112,附表三,本期稅後餘絀-決算數,非收支,76573.0,241652.0,-165079.0,-0.6831269759819907,309002.6666666667,272422.38390105416,309002.6666666667,-0.8531959207547603
N09,安興,110,附表三,材料費-執行率,非收支,78.0,,,,78.0,,78.0,
N09,安興,111,附表三,材料費-執行率,非收支,88.0,78.0,10.0,0.1282051282051282,83.0,7.0710678118654755,83.0,0.7071067811865475
N09,安興,112,附表三,材料費-執行率,非收支,96.0,88.0,8.0,0.09090909090909091,87.33333333333333,9.01849950564579,87.33333333333333,0.9609876522409451
N09,安興,110,附表三,材料費-決算數,非收支,708169.0,,,,708169.0,,708169.0,
N09,安興,111,附表三,材料費-決算數,非收支,798212.0,708169.0,90043.0,0.12714902798625752,753190.5,63670.0158983803,753190.5,0.7071067811865476
N09,安興,112,附表三,材料費-決算數,非收支,868837.0,798212.0,70625.0,0.0884790005662656,791739.3333333334,80529.33078284789,791739.3333333334,0.9573861587719518
N09,安興,110,附表三,業務發展費-執行率,非收支,,,,,,,,
N09,安興,111,附表三,業務發展費-執行率,非收支,,,,,,,,
N09,安興,112,附表三,業務發展費-執行率,非收支,,,,,,,,
N09,安興,110,附表三,業務發展費-決算數,非收支,820000.0,,,,820000.0,,820000.0,
N09,安興,111,附表三,業務發展費-決算數,非收支,1375000.0,820000.0,555000.0,0.676829268292683,1097500.0,392444.26355853386,1097500.0,0.7071067811865476
N09,安興,112,附表三,業務發展費-決算數,非收支,1930000.0,1375000.0,555000.0,0.4036363636363636,1375000.0,555000.0,1375000.0,1.0
N09,安興,111,附表三,業務費-執行率,非收支,63.0,,,,63.0,,63.0,
N09,安興,112,附表三,業務費-執行率,非收支,63.0,63.0,0.0,0.0,63.0,0.0,63.0,
N09,安興,111,附表三,業務費-決算數,非收支,356779.0,,,,356779.0,,356779.0,
N09,安興,112,附表三,業務費-決算數,非收支,356119.0,356779.0,-660.0,-0.001849884662494149,356449.0,466.6904755831214,356449.0,-0.7071067811865475
N09,安興,111,附表三,水費-執行率,非收支,23.0,,,,23.0,,23.0,
N09,安興,112,附表三,水費-執行率,非收支,22.0,23.0,-1.0,-0.043478260869565216,22.5,0.7071067811865476,22.5,-0.7071067811865475
N09,安興,111,附表三,水費-決算數,非收支,4614.0,,,,4614.0,,4614.0,
N09,安興,112,附表三,水費-決算數,非收支,4485.0,4614.0,-129.0,-0.027958387516254877,4549.5,91.21677477306463,4549.5,-0.7071067811865476
N09,安興,110,附表三,水電修繕-執行率,非收支,158.0,,,,158.0,,158.0,
N09,安興,111,附表三,水電修繕-執行率,非收支,186.0,158.0,28.0,0.17721518987341772,172.0,19.79898987322333,172.0,0.7071067811865476
N09,安興,110,附表三,水電修繕-決算數,非收支,94933.0,,,,94933.0,,94933.0,
N09,安興,111,附表三,水電修繕-決算數,非收支,111770.0,94933.0,16837.0,0.1773566620669314,103351.5,11905.556874837901,103351.5,0.7071067811865475
N09,安興,111,附表三,活動費-執行率,非收支,110.0,,,,110.0,,110.0,
N09,安興,112,附表三,活動費-執行率,非收支,45.0,110.0,-65.0,-0.5909090909090909,77.5,45.96194077712559,77.5,-0.7071067811865475
N09,安興,111,附表三,活動費-決算數,非收支,82418.0,,,,82418.0,,82418.0,
N09,安興,112,附表三,活動費-決算數,非收支,33509.0,82418.0,-48909.0,-0.5934261933072873,57963.5,34583.885561052855,57963.5,-0.7071067811865475
N09,安興,110,附表三,火險-執行率,非收支,26.0,,,,26.0,,26.0,
N09,安興,111,附表三,火險-執行率,非收支,23.0,26.0,-3.0,-0.11538461538461539,24.5,2.1213203435596424,24.5,-0.7071067811865476
N09,安興,112,附表三,火險-執行率,非收支,23.0,23.0,0.0,0.0,24.0,1.7320508075688772,24.0,-0.5773502691896258
N09,安興,110,附表三,火險-決算數,非收支,2059.0,,,,2059.0,,2059.0,
N09,安興,111,附表三,火險-決算數,非收支,1856.0,2059.0,-203.0,-0.09859154929577464,1957.5,143.54267658086914,1957.5,-0.7071067811865476
N09,安興,112,附表三,火險-決算數,非收支,1856.0,1856.0,0.0,0.0,1923.6666666666667,117.20210464549405,1923.6666666666667,-0.5773502691896263
N09,安興,111,附表三,瓦斯費-執行率,非收支,49.0,,,,49.0,,49.0,
N09,安興,112,附表三,瓦斯費-執行率,非收支,36.0,49.0,-13.0,-0.2653061224489796,42.5,9.192388155425117,42.5,-0.7071067811865476
N09,安興,111,附表三,瓦斯費-決算數,非收支,14775.0,,,,14775.0,,14775.0,
N09,安興,112,附表三,瓦斯費-決算數,非收支,10845.0,14775.0,-3930.0,-0.265989847715736,12810.0,2778.9296500631317,12810.0,-0.7071067811865476
N09,安興,111,附表三,研習、進修-執行率,非收支,25.0,,,,25.0,,25.0,
N09,安興,112,附表三,研習、進修-執行率,非收支,69.0,25.0,44.0,1.76,47.0,31.11269837220809,47.0,0.7071067811865476
N09,安興,111,附表三,研習、進修-決算數,非收支,4000.0,,,,4000.0,,4000.0,
N09,安興,112,附表三,研習、進修-決算數,非收支,11000.0,4000.0,7000.0,1.75,7500.0,4949.747468305833,7500.0,0.7071067811865476
N09,安興,110,附表三,維護費-執行率,非收支,120.0,,,,120.0,,120.0,
N09,安興,111,附表三,維護費-執行率,非收支,147.0,120.0,27.0,0.225,133.5,19.091883092036785,133.5,0.7071067811865475
N09,安興,112,附表三,維護費-執行率,非收支,94.0,147.0,-53.0,-0.36054421768707484,120.33333333333333,26.501572280401277,120.33333333333333,-0.9936517371389181
N09,安興,110,附表三,維護費-決算數,非收支,111992.0,,,,111992.0,,111992.0,
N09,安興,111,附表三,維護費-決算數,非收支,136426.0,111992.0,24434.0,0.21817629830702193,124209.0,17277.447091512102,124209.0,0.7071067811865476
N09,安興,112,附表三,維護費-決算數,非收支,87109.0,136426.0,-49317.0,-0.36149267734889245,111842.33333333333,24658.840652661132,111842.33333333333,-1.0030209319943904
N09,安興,112,附表三,腸病毒退費-執行率,非收支,,,,,,,,
N09,安興,113,附表三,腸病毒退費-執行率,非收支,,,,,,,,
N09,安興,112,附表三,腸病毒退費-決算數,非收支,-22704.0,,,,-22704.0,,-22704.0,
N09,安興,113,附表三,腸病毒退費-決算數,非收支,-18212.0,-22704.0,4492.0,0.19785059901338972,-20458.0,3176.3236610899717,-20458.0,0.7071067811865475
N09,安興,111,附表三,自強活動-執行率,非收支,124.0,,,,124.0,,124.0,
N09,安興,112,附表三,自強活動-執行率,非收支,100.0,124.0,-24.0,-0.1935483870967742,112.0,16.97056274847714,112.0,-0.7071067811865476
N09,安興,113,附表三,自強活動-執行率,非收支,100.0,100.0,0.0,0.0,108.0,13.856406460551018,108.0,-0.5773502691896258
N09,安興,111,附表三,自強活動-決算數,非收支,9902.0,,,,9902.0,,9902.0,
N09,安興,112,附表三,自強活動-決算數,非收支,8000.0,9902.0,-1902.0,-0.19208240759442538,8951.0,1344.9170978168133,8951.0,-0.7071067811865476
N09,安興,113,附表三,自強活動-決算數,非收支,8000.0,8000.0,0.0,0.0,8634.0,1098.1202119986683,8634.0,-0.5773502691896257
N09,安興,110,附表三,藥品費-執行率,非收支,101.0,,,,101.0,,101.0,
N09,安興,111,附表三,藥品費-執行率,非收支,45.0,101.0,-56.0,-0.5544554455445545,73.0,39.59797974644666,73.0,-0.7071067811865476
N09,安興,112,附表三,藥品費-執行率,非收支,52.0,45.0,7.0,0.15555555555555556,66.0,30.512292604784715,66.0,-0.45883146774112354
N09,安興,110,附表三,藥品費-決算數,非收支,4235.0,,,,4235.0,,4235.0,
N09,安興,111,附表三,藥品費-決算數,非收支,1879.0,4235.0,-2356.0,-0.5563164108618655,3057.0,1665.943576475506,3057.0,-0.7071067811865475
N09,安興,112,附表三,藥品費-決算數,非收支,2202.0,1879.0,323.0,0.17189994678020223,2772.0,1277.2466480676314,2772.0,-0.4462724571345424
N09,安興,110,附表三,行政管理費-執行率,非收支,100.0,,,,100.0,,100.0,
N09,安興,111,附表三,行政管理費-執行率,非收支,100.0,100.0,0.0,0.0,100.0,0.0,100.0,
N09,安興,112,附表三,行政管理費-執行率,非收支,100.0,100.0,0.0,0.0,100.0,0.0,100.0,
N09,安興,110,附表三,行政管理費-決算數,非收支,147220.0,,,,147220.0,,147220.0,
N09,安興,111,附表三,行政管理費-決算數,非收支,147220.0,147220.0,0.0,0.0,147220.0,0.0,147220.0,
N09,安興,112,附表三,行政管理費-決算數,非收支,147220.0,147220.0,0.0,0.0,147220.0,0.0,147220.0,
N09,安興,111,附表三,資遣費-執行率,非收支,100.0,,,,100.0,,100.0,
N09,安興,112,附表三,資遣費-執行率,非收支,100.0,100.0,0.0,0.0,100.0,0.0,100.0,
N09,安興,111,附表三,資遣費-決算數,非收支,29711.0,,,,29711.0,,29711.0,
N09,安興,112,附表三,資遣費-決算數,非收支,29866.0,29711.0,155.0,0.0052169230251422035,29788.5,109.60155108391487,29788.5,0.7071067811865475
N09,安興,111,附表三,轉學/轉出退費-執行率,非收支,,,,,,,,
N09,安興,112,附表三,轉學/轉出退費-執行率,非收支,,,,,,,,
N09,安興,113,附表三,轉學/轉出退費-執行率,非收支,,,,,,,,
N09,安興,111,附表三,轉學/轉出退費-決算數,非收支,,,,,,,,
N09,安興,112,附表三,轉學/轉出退費-決算數,非收支,-4000.0,,,,-4000.0,,-4000.0,
N09,安興,113,附表三,轉學/轉出退費-決算數,非收支,,-4000.0,,,-4000.0,,-4000.0,
N09,安興,111,附表三,辦公文具-執行率,非收支,,,,,,,,
N09,安興,112,附表三,辦公文具-執行率,非收支,52.0,,,,52.0,,52.0,
N09,安興,111,附表三,辦公文具-決算數,非收支,,,,,,,,
N09,安興,112,附表三,辦公文具-決算數,非收支,6233.0,,,,6233.0,,6233.0,
N09,安興,110,附表三,郵資-執行率,非收支,77.0,,,,77.0,,77.0,
N09,安興,111,附表三,郵資-執行率,非收支,78.0,77.0,1.0,0.012987012987012988,77.5,0.7071067811865476,77.5,0.7071067811865475
N09,安興,112,附表三,郵資-執行率,非收支,46.0,78.0,-32.0,-0.41025641025641024,67.0,18.193405398660254,67.0,-1.1542643908515566
N09,安興,110,附表三,郵資-決算數,非收支,4644.0,,,,4644.0,,4644.0,
N09,安興,111,附表三,郵資-決算數,非收支,4652.0,4644.0,8.0,0.0017226528854435831,4648.0,5.656854249492381,4648.0,0.7071067811865475
N09,安興,112,附表三,郵資-決算數,非收支,2762.0,4652.0,-1890.0,-0.4062768701633706,4019.3333333333335,1088.8899546480045,4019.3333333333335,-1.1546927473858275
N09,安興,110,附表三,雜支-執行率,非收支,1.0,,,,1.0,,1.0,
N09,安興,111,附表三,雜支-執行率,非收支,10.0,1.0,9.0,9.0,5.5,6.363961030678928,5.5,0.7071067811865476
N09,安興,112,附表三,雜支-執行率,非收支,26.0,10.0,16.0,1.6,12.333333333333334,12.662279942148386,12.333333333333334,1.0793211593099457
N09,安興,110,附表三,雜支-決算數,非收支,342.0,,,,342.0,,342.0,
N09,安興,111,附表三,雜支-決算數,非收支,3487.0,342.0,3145.0,9.195906432748538,1914.5,2223.850826831692,1914.5,0.7071067811865476
N09,安興,112,附表三,雜支-決算數,非收支,8923.0,3487.0,5436.0,1.5589331803842845,4250.666666666667,4341.172691028697,4250.666666666667,1.0762836832059226
N09,安興,112,附表三,電話費(含ADSL)-執行率,非收支,102.0,,,,102.0,,102.0,
N09,安興,112,附表三,電話費(含ADSL)-決算數,非收支,36609.0,,,,36609.0,,36609.0,
N09,安興,111,附表三,電話費(含網路)-執行率,非收支,100.0,,,,100.0,,100.0,
N09,安興,111,附表三,電話費(含網路)-決算數,非收支,35971.0,,,,35971.0,,35971.0,
N09,安興,110,附表三,電話費（含網路）-執行率,非收支,102.0,,,,102.0,,102.0,
N09,安興,110,附表三,電話費（含網路）-決算數,非收支,36883.0,,,,36883.0,,36883.0,
N09,安興,111,附表三,電費-執行率,非收支,93.0,,,,93.0,,93.0,
N09,安興,112,附表三,電費-執行率,非收支,105.0,93.0,12.0,0.12903225806451613,99.0,8.48528137423857,99.0,0.7071067811865476
N09,安興,111,附表三,電費-決算數,非收支,133927.0,,,,133927.0,,133927.0,
N09,安興,112,附表三,電費-決算數,非收支,150861.0,133927.0,16934.0,0.1264420169196652,142394.0,11974.146232612995,142394.0,0.7071067811865476
N09,安興,110,附表三,餐點費-執行率,非收支,93.0,,,,93.0,,93.0,
N09,安興,111,附表三,餐點費-執行率,非收支,98.0,93.0,5.0,0.053763440860215055,95.5,3.5355339059327378,95.5,0.7071067811865475
N09,安興,112,附表三,餐點費-執行率,非收支,99.0,98.0,1.0,0.01020408163265306,96.66666666666667,3.214550253664317,96.66666666666667,0.7258661863112965
N09,安興,110,附表三,餐點費-決算數,非收支,671768.0,,,,671768.0,,671768.0,
N09,安興,111,附表三,餐點費-決算數,非收支,708679.0,671768.0,36911.0,0.05494605280394422,690223.5,26100.018400376655,690223.5,0.7071067811865476
N09,安興,112,附表三,餐點費-決算數,非收支,712867.0,708679.0,4188.0,0.005909586709920853,697771.3333333334,22616.693930221827,697771.3333333334,0.6674568225241295
N09,安興,111,附表二,事務機器耗材-差異率,非收支,65.0,,,,65.0,,65.0,
N09,安興,112,附表二,事務機器耗材-差異率,非收支,37.0,65.0,-28.0,-0.4307692307692308,51.0,19.79898987322333,51.0,-0.7071067811865476
N09,安興,111,附表二,事務機器耗材-決算數,非收支,19522.0,,,,19522.0,,19522.0,
N09,安興,112,附表二,事務機器耗材-決算數,非收支,34698.0,19522.0,15176.0,0.7773793668681488,27110.0,10731.052511287045,27110.0,0.7071067811865475
N09,安興,110,附表二,五日未上課退費-差異率,非收支,,,,,,,,
N09,安興,110,附表二,五日未上課退費-決算數,非收支,-51961.0,,,,-51961.0,,-51961.0,
N09,安興,110,附表二,人事費-差異率,非收支,83.0,,,,83.0,,83.0,
N09,安興,111,附表二,人事費-差異率,非收支,21.0,83.0,-62.0,-0.7469879518072289,52.0,43.840620433565945,52.0,-0.7071067811865476
N09,安興,111,附表二,人事費-差異率,非收支,19.0,83.0,-64.0,-0.7710843373493976,41.0,36.38681079732051,41.0,-0.604614680922244
N09,安興,112,附表二,人事費-差異率,非收支,36.0,21.0,15.0,0.7142857142857143,39.75,29.81470554385313,25.333333333333332,-0.1257768584863027
N09,安興,112,附表二,人事費-差異率,非收支,36.0,19.0,17.0,0.8947368421052632,39.0,25.874698065871222,30.333333333333332,-0.11594338192324671
N09,安興,112,附表二,人事費-差異率,非收支,32.0,21.0,11.0,0.5238095238095238,37.833333333333336,23.31880500082855,34.666666666666664,-0.2501557576868141
N09,安興,112,附表二,人事費-差異率,非收支,32.0,19.0,13.0,0.6842105263157895,37.0,21.400934559032695,33.333333333333336,-0.23363465675799888
N09,安興,110,附表二,人事費-決算數,非收支,4234041.0,,,,4234041.0,,4234041.0,
N09,安興,111,附表二,人事費-決算數,非收支,4104465.0,4234041.0,-129576.0,-0.030603388110790615,4169253.0,91624.06827902808,4169253.0,-0.7071067811865475
N09,安興,111,附表二,人事費-決算數,非收支,3876373.0,4234041.0,-357668.0,-0.08447438274688412,4071626.3333333335,181081.15053017903,4071626.3333333335,-1.0782642630757557
N09,安興,112,附表二,人事費-決算數,非收支,3361395.0,4104465.0,-743070.0,-0.18103942901206369,3894068.5,384665.2987949394,3780744.3333333335,-1.3847713887078803
N09,安興,112,附表二,人事費-決算數,非收支,3361395.0,3876373.0,-514978.0,-0.1328504764634363,3787533.8,409540.9083268728,3533054.3333333335,-1.0405280433179083
N09,安興,112,附表二,人事費-決算數,非收支,3274343.0,4104465.0,-830122.0,-0.20224852690910997,3702002.0,421987.1293558608,3332377.6666666665,-1.0134408616983104
N09,安興,112,附表二,人事費-決算數,非收支,3274343.0,3876373.0,-602030.0,-0.15530755167265894,3640907.8571428573,417757.9935303168,3303360.3333333335,-0.8774574342555472
N09,安興,110,附表二,代課費及廚工代班費-差異率,非收支,69.0,,,,69.0,,69.0,
N09,安興,110,附表二,代課費及廚工代班費-決算數,非收支,47504.0,,,,47504.0,,47504.0,
N09,安興,110,附表二,保全-差異率,非收支,26.0,,,,26.0,,26.0,
N09,安興,111,附表二,保全-差異率,非收支,76.0,26.0,50.0,1.9230769230769231,51.0,35.35533905932738,51.0,0.7071067811865475
N09,安興,112,附表二,保全-差異率,非收支,74.0,76.0,-2.0,-0.02631578947368421,58.666666666666664,28.307831660749528,58.666666666666664,0.5416640001640926
N09,安興,110,附表二,保全-決算數,非收支,20790.0,,,,20790.0,,20790.0,
N09,安興,111,附表二,保全-決算數,非收支,18900.0,20790.0,-1890.0,-0.09090909090909091,19845.0,1336.431816442575,19845.0,-0.7071067811865475
N09,安興,112,附表二,保全-決算數,非收支,20790.0,18900.0,1890.0,0.1,20160.0,1091.1920087683927,20160.0,0.5773502691896257
N09,安興,110,附表二,保險費-差異率,非收支,83.0,,,,83.0,,83.0,
N09,安興,110,附表二,保險費-決算數,非收支,6650.0,,,,6650.0,,6650.0,
N09,安興,111,附表二,修繕購置費-差異率,非收支,18.0,,,,18.0,,18.0,
N09,安興,112,附表二,修繕購置費-差異率,非收支,20.0,18.0,2.0,0.1111111111111111,19.0,1.4142135623730951,19.0,0.7071067811865475
N09,安興,111,附表二,修繕購置費-決算數,非收支,68974.0,,,,68974.0,,68974.0,
N09,安興,112,附表二,修繕購置費-決算數,非收支,67046.0,68974.0,-1928.0,-0.027952561834894307,68010.0,1363.3018741276637,68010.0,-0.7071067811865475
N09,安興,110,附表二,健康檢查-差異率,非收支,84.0,,,,84.0,,84.0,
N09,安興,110,附表二,健康檢查-決算數,非收支,840.0,,,,840.0,,840.0,
N09,安興,111,附表二,公共事務管理費-差異率,非收支,40.0,,,,40.0,,40.0,
N09,安興,112,附表二,公共事務管理費-差異率,非收支,40.0,40.0,0.0,0.0,40.0,0.0,40.0,
N09,安興,111,附表二,公共事務管理費-決算數,非收支,72360.0,,,,72360.0,,72360.0,
N09,安興,112,附表二,公共事務管理費-決算數,非收支,71860.0,72360.0,-500.0,-0.006909894969596462,72110.0,353.5533905932738,72110.0,-0.7071067811865475
N09,安興,110,附表二,其他收入-差異率,非收支,,,,,,,,
N09,安興,110,附表二,其他收入-決算數,非收支,1392098.0,,,,1392098.0,,1392098.0,
N09,安興,110,附表二,利息收入-差異率,非收支,,,,,,,,
N09,安興,110,附表二,利息收入-決算數,非收支,11218.0,,,,11218.0,,11218.0,
N09,安興,110,附表二,加班費-差異率,非收支,11.0,,,,11.0,,11.0,
N09,安興,111,附表二,加班費-差異率,非收支,50.0,11.0,39.0,3.5454545454545454,30.5,27.577164466275352,30.5,0.7071067811865476
N09,安興,112,附表二,加班費-差異率,非收支,86.0,50.0,36.0,0.72,49.0,37.5099986670221,49.0,0.9864036607532465
N09,安興,110,附表二,加班費-決算數,非收支,43250.0,,,,43250.0,,43250.0,
N09,安興,111,附表二,加班費-決算數,非收支,198381.0,43250.0,155131.0,3.586843930635838,120815.5,109694.1820722503,120815.5,0.7071067811865476
N09,安興,112,附表二,加班費-決算數,非收支,57186.0,198381.0,-141195.0,-0.7117365070243622,99605.66666666667,85825.27530007307,99605.66666666667,-0.4942561095010033
N09,安興,110,附表二,勞、健保費-差異率,非收支,87.0,,,,87.0,,87.0,
N09,安興,110,附表二,勞、健保費-決算數,非收支,406457.0,,,,406457.0,,406457.0,
N09,安興,110,附表二,勞退金提撥-差異率,非收支,86.0,,,,86.0,,86.0,
N09,安興,110,附表二,勞退金提撥-決算數,非收支,179045.0,,,,179045.0,,179045.0,
N09,安興,111,附表二,合 計-差異率,非收支,21.0,,,,21.0,,21.0,
N09,安興,111,附表二,合 計-決算數,非收支,5687923.0,,,,5687923.0,,5687923.0,
N09,安興,112,附表二,合計-差異率,非收支,31.0,,,,31.0,,31.0,
N09,安興,112,附表二,合計-決算數,非收支,4968509.0,,,,4968509.0,,4968509.0,
N09,安興,111,附表二,園務特支-差異率,非收支,56.0,,,,56.0,,56.0,
N09,安興,112,附表二,園務特支-差異率,非收支,62.0,56.0,6.0,0.10714285714285714,59.0,4.242640687119285,59.0,0.7071067811865476
N09,安興,111,附表二,園務特支-決算數,非收支,16000.0,,,,16000.0,,16000.0,
N09,安興,112,附表二,園務特支-決算數,非收支,13740.0,16000.0,-2260.0,-0.14125,14870.0,1598.0613254815974,14870.0,-0.7071067811865476
N09,安興,110,附表二,園長及教保服務人員薪資 (含職務加給)-差異率,非收支,86.0,,,,86.0,,86.0,
N09,安興,110,附表二,園長及教保服務人員薪資 (含職務加給)-決算數,非收支,2370674.0,,,,2370674.0,,2370674.0,
N09,安興,111,附表二,差旅費-差異率,非收支,,,,,,,,
N09,安興,112,附表二,差旅費-差異率,非收支,,,,,,,,
N09,安興,111,附表二,差旅費-決算數,非收支,,,,,,,,
N09,安興,112,附表二,差旅費-決算數,非收支,,,,,,,,
N09,安興,110,附表二,延後托育收入-差異率,非收支,,,,,,,,
N09,安興,110,附表二,延後托育收入-決算數,非收支,639660.0,,,,639660.0,,639660.0,
N09,安興,110,附表二,延後托育收入淨額-差異率,非收支,,,,,,,,
N09,安興,110,附表二,延後托育收入淨額-差異率,非收支,,,,,,,,
N09,安興,110,附表二,延後托育收入淨額-決算數,非收支,567480.0,,,,567480.0,,567480.0,
N09,安興,110,附表二,延後托育收入淨額-決算數,非收支,567480.0,,,,567480.0,0.0,567480.0,
N09,安興,110,附表二,延後托育收入退費-差異率,非收支,,,,,,,,
N09,安興,110,附表二,延後托育收入退費-決算數,非收支,-72180.0,,,,-72180.0,,-72180.0,
N09,安興,111,附表二,攝影照片-差異率,非收支,,,,,,,,
N09,安興,112,附表二,攝影照片-差異率,非收支,,,,,,,,
N09,安興,111,附表二,攝影照片-決算數,非收支,8000.0,,,,8000.0,,8000.0,
N09,安興,112,附表二,攝影照片-決算數,非收支,8000.0,8000.0,0.0,0.0,8000.0,0.0,8000.0,
N09,安興,110,附表二,支出-差異率,非收支,117.0,,,,117.0,,117.0,
N09,安興,110,附表二,支出-決算數,非收支,8259804.0,,,,8259804.0,,8259804.0,
N09,安興,110,附表二,收入-差異率,非收支,124.0,,,,124.0,,124.0,
N09,安興,110,附表二,收入-決算數,非收支,8902973.0,,,,8902973.0,,8902973.0,
N09,安興,111,附表二,教保材料費-差異率,非收支,58.0,,,,58.0,,58.0,
N09,安興,112,附表二,教保材料費-差異率,非收支,11.0,58.0,-47.0,-0.8103448275862069,34.5,33.23401871576773,34.5,-0.7071067811865476
N09,安興,111,附表二,教保材料費-決算數,非收支,60949.0,,,,60949.0,,60949.0,
N09,安興,112,附表二,教保材料費-決算數,非收支,127721.0,60949.0,66772.0,1.0955388931729806,94335.0,47214.93399338815,94335.0,0.7071067811865476
N09,安興,110,附表二,教保費收入 (家長繳費)-差異率,非收支,76.0,,,,76.0,,76.0,
N09,安興,110,附表二,教保費收入 (家長繳費)-決算數,非收支,1376439.0,,,,1376439.0,,1376439.0,
N09,安興,110,附表二,教保費收入 (政府學費差額補助)-差異率,非收支,104.0,,,,104.0,,104.0,
N09,安興,110,附表二,教保費收入 (政府學費差額補助)-決算數,非收支,5613699.0,,,,5613699.0,,5613699.0,
N09,安興,110,附表二,教保費收入-差異率,非收支,97.0,,,,97.0,,97.0,
N09,安興,110,附表二,教保費收入-決算數,非收支,6990138.0,,,,6990138.0,,6990138.0,
N09,安興,110,附表二,教保費收入淨額-差異率,非收支,96.0,,,,96.0,,96.0,
N09,安興,110,附表二,教保費收入淨額-決算數,非收支,6932177.0,,,,6932177.0,,6932177.0,
N09,安興,110,附表二,教保費收入減項-差異率,非收支,,,,,,,,
N09,安興,110,附表二,教保費收入減項-決算數,非收支,-57961.0,,,,-57961.0,,-57961.0,
N09,安興,111,附表二,文宣費(一般文宣)-差異率,非收支,70.0,,,,70.0,,70.0,
N09,安興,112,附表二,文宣費(一般文宣)-差異率,非收支,15.0,70.0,-55.0,-0.7857142857142857,42.5,38.890872965260115,42.5,-0.7071067811865475
N09,安興,111,附表二,文宣費(一般文宣)-決算數,非收支,3000.0,,,,3000.0,,3000.0,
N09,安興,112,附表二,文宣費(一般文宣)-決算數,非收支,8500.0,3000.0,5500.0,1.8333333333333333,5750.0,3889.0872965260114,5750.0,0.7071067811865476
N09,安興,111,附表二,文宣費(園刊)-差異率,非收支,56.0,,,,56.0,,56.0,
N09,安興,112,附表二,文宣費(園刊)-差異率,非收支,44.0,56.0,-12.0,-0.21428571428571427,50.0,8.48528137423857,50.0,-0.7071067811865476
N09,安興,111,附表二,文宣費(園刊)-決算數,非收支,11000.0,,,,11000.0,,11000.0,
N09,安興,112,附表二,文宣費(園刊)-決算數,非收支,14087.0,11000.0,3087.0,0.28063636363636363,12543.5,2182.838633522872,12543.5,0.7071067811865476
N09,安興,111,附表二,日常消耗用品-差異率,非收支,26.0,,,,26.0,,26.0,
N09,安興,112,附表二,日常消耗用品-差異率,非收支,28.0,26.0,2.0,0.07692307692307693,27.0,1.4142135623730951,27.0,0.7071067811865475
N09,安興,111,附表二,日常消耗用品-決算數,非收支,26705.0,,,,26705.0,,26705.0,
N09,安興,112,附表二,日常消耗用品-決算數,非收支,26047.0,26705.0,-658.0,-0.024639580602883356,26376.0,465.2762620207483,26376.0,-0.7071067811865475
N09,安興,110,附表二,會計、總務、廚工、清潔薪資-差異率,非收支,97.0,,,,97.0,,97.0,
N09,安興,110,附表二,會計、總務、廚工、清潔薪資-決算數,非收支,1132099.0,,,,1132099.0,,1132099.0,
N09,安興,111,附表二,材料費-差異率,非收支,12.0,,,,12.0,,12.0,
N09,安興,112,附表二,材料費-差異率,非收支,4.0,12.0,-8.0,-0.6666666666666666,8.0,5.656854249492381,8.0,-0.7071067811865475
N09,安興,111,附表二,材料費-決算數,非收支,798212.0,,,,798212.0,,798212.0,
N09,安興,112,附表二,材料費-決算數,非收支,868837.0,798212.0,70625.0,0.0884790005662656,833524.5,49939.41642129992,833524.5,0.7071067811865476
N09,安興,110,附表二,業務費-差異率,非收支,45.0,,,,45.0,,45.0,
N09,安興,111,附表二,業務費-差異率,非收支,37.0,45.0,-8.0,-0.17777777777777778,41.0,5.656854249492381,41.0,-0.7071067811865475
N09,安興,112,附表二,業務費-差異率,非收支,37.0,37.0,0.0,0.0,39.666666666666664,4.618802153517006,39.666666666666664,-0.5773502691896253
N09,安興,110,附表二,業務費-決算數,非收支,257048.0,,,,257048.0,,257048.0,
N09,安興,111,附表二,業務費-決算數,非收支,356779.0,257048.0,99731.0,0.3879859014658741,306913.5,70520.46639451558,306913.5,0.7071067811865475
N09,安興,112,附表二,業務費-決算數,非收支,356119.0,356779.0,-660.0,-0.001849884662494149,323315.3333333333,57390.14288476144,323315.3333333333,0.5715906080341352
N09,安興,110,附表二,水費-差異率,非收支,42.0,,,,42.0,,42.0,
N09,安興,111,附表二,水費-差異率,非收支,77.0,42.0,35.0,0.8333333333333334,59.5,24.748737341529164,59.5,0.7071067811865475
N09,安興,112,附表二,水費-差異率,非收支,78.0,77.0,1.0,0.012987012987012988,65.66666666666667,20.502032419575706,65.66666666666667,0.6015663755149095
N09,安興,110,附表二,水費-決算數,非收支,8338.0,,,,8338.0,,8338.0,
N09,安興,111,附表二,水費-決算數,非收支,4614.0,8338.0,-3724.0,-0.44662988726313263,6476.0,2633.265653138703,6476.0,-0.7071067811865476
N09,安興,112,附表二,水費-決算數,非收支,4485.0,4614.0,-129.0,-0.027958387516254877,5812.333333333333,2188.242293104978,5812.333333333333,-0.6065751208244543
N09,安興,110,附表二,活動費-差異率,非收支,59.0,,,,59.0,,59.0,
N09,安興,111,附表二,活動費-差異率,非收支,10.0,59.0,-49.0,-0.8305084745762712,34.5,34.64823227814083,34.5,-0.7071067811865475
N09,安興,112,附表二,活動費-差異率,非收支,55.0,10.0,45.0,4.5,41.333333333333336,27.209067116190024,41.333333333333336,0.5022835442430396
N09,安興,110,附表二,活動費-決算數,非收支,44386.0,,,,44386.0,,44386.0,
N09,安興,111,附表二,活動費-決算數,非收支,82418.0,44386.0,38032.0,0.8568467534808273,63402.0,26892.685102086776,63402.0,0.7071067811865475
N09,安興,112,附表二,活動費-決算數,非收支,33509.0,82418.0,-48909.0,-0.5934261933072873,53437.666666666664,25680.18832355661,53437.666666666664,-0.7760327305849998
N09,安興,110,附表二,瓦斯費-差異率,非收支,46.0,,,,46.0,,46.0,
N09,安興,111,附表二,瓦斯費-差異率,非收支,51.0,46.0,5.0,0.10869565217391304,48.5,3.5355339059327378,48.5,0.7071067811865475
N09,安興,112,附表二,瓦斯費-差異率,非收支,64.0,51.0,13.0,0.2549019607843137,53.666666666666664,9.29157324317757,53.666666666666664,1.1121188051679718
N09,安興,110,附表二,瓦斯費-決算數,非收支,13888.0,,,,13888.0,,13888.0,
N09,安興,111,附表二,瓦斯費-決算數,非收支,14775.0,13888.0,887.0,0.06386808755760369,14331.5,627.2037149124676,14331.5,0.7071067811865476
N09,安興,112,附表二,瓦斯費-決算數,非收支,10845.0,14775.0,-3930.0,-0.265989847715736,13169.333333333334,2061.209919763956,13169.333333333334,-1.1276548356605571
N09,安興,110,附表二,研習、進修-差異率,非收支,6.0,,,,6.0,,6.0,
N09,安興,111,附表二,研習、進修-差異率,非收支,75.0,6.0,69.0,11.5,40.5,48.79036790187178,40.5,0.7071067811865475
N09,安興,112,附表二,研習、進修-差異率,非收支,31.0,75.0,-44.0,-0.5866666666666667,37.333333333333336,34.93326972004386,37.333333333333336,-0.18129804006578357
N09,安興,110,附表二,研習、進修-決算數,非收支,1000.0,,,,1000.0,,1000.0,
N09,安興,111,附表二,研習、進修-決算數,非收支,4000.0,1000.0,3000.0,3.0,2500.0,2121.3203435596424,2500.0,0.7071067811865476
N09,安興,112,附表二,研習、進修-決算數,非收支,11000.0,4000.0,7000.0,1.75,5333.333333333333,5131.601439446884,5333.333333333333,1.1042686641847725
N09,安興,111,附表二,維護費-差異率,非收支,47.0,,,,47.0,,47.0,
N09,安興,112,附表二,維護費-差異率,非收支,6.0,47.0,-41.0,-0.8723404255319149,26.5,28.991378028648448,26.5,-0.7071067811865476
N09,安興,111,附表二,維護費-決算數,非收支,136426.0,,,,136426.0,,136426.0,
N09,安興,112,附表二,維護費-決算數,非收支,87109.0,136426.0,-49317.0,-0.36149267734889245,111767.5,34872.385127776965,111767.5,-0.7071067811865476
N09,安興,110,附表二,自強活動-差異率,非收支,231.0,,,,231.0,,231.0,
N09,安興,110,附表二,自強活動-決算數,非收支,18480.0,,,,18480.0,,18480.0,
N09,安興,111,附表二,藥品費-差異率,非收支,55.0,,,,55.0,,55.0,
N09,安興,112,附表二,藥品費-差異率,非收支,48.0,55.0,-7.0,-0.12727272727272726,51.5,4.949747468305833,51.5,-0.7071067811865476
N09,安興,111,附表二,藥品費-決算數,非收支,1879.0,,,,1879.0,,1879.0,
N09,安興,112,附表二,藥品費-決算數,非收支,2202.0,1879.0,323.0,0.17189994678020223,2040.5,228.39549032325485,2040.5,0.7071067811865476
N09,安興,111,附表二,行政管理費-差異率,非收支,,,,,,,,
N09,安興,112,附表二,行政管理費-差異率,非收支,,,,,,,,
N09,安興,111,附表二,行政管理費-決算數,非收支,147220.0,,,,147220.0,,147220.0,
N09,安興,112,附表二,行政管理費-決算數,非收支,147220.0,147220.0,0.0,0.0,147220.0,0.0,147220.0,
N09,安興,110,附表二,資遣費-差異率,非收支,100.0,,,,100.0,,100.0,
N09,安興,111,附表二,資遣費-差異率,非收支,,100.0,,,100.0,,100.0,
N09,安興,112,附表二,資遣費-差異率,非收支,,,,,100.0,,100.0,
N09,安興,110,附表二,資遣費-決算數,非收支,29042.0,,,,29042.0,,29042.0,
N09,安興,111,附表二,資遣費-決算數,非收支,29711.0,29042.0,669.0,0.023035603608566903,29376.5,473.0544366138003,29376.5,0.7071067811865475
N09,安興,112,附表二,資遣費-決算數,非收支,29866.0,29711.0,155.0,0.0052169230251422035,29539.666666666668,437.90447969087165,29539.666666666668,0.7452157912695925
N09,安興,110,附表二,轉學/轉出退費-差異率,非收支,,,,,,,,
N09,安興,110,附表二,轉學/轉出退費-決算數,非收支,-6000.0,,,,-6000.0,,-6000.0,
N09,安興,110,附表二,辦公文具-差異率,非收支,8.0,,,,8.0,,8.0,
N09,安興,111,附表二,辦公文具-差異率,非收支,,8.0,,,8.0,,8.0,
N09,安興,112,附表二,辦公文具-差異率,非收支,48.0,,,,28.0,28.284271247461902,28.0,0.7071067811865475
N09,安興,110,附表二,辦公文具-決算數,非收支,950.0,,,,950.0,,950.0,
N09,安興,111,附表二,辦公文具-決算數,非收支,,950.0,,,950.0,,950.0,
N09,安興,112,附表二,辦公文具-決算數,非收支,6233.0,,,,3591.5,3735.6451250085306,3591.5,0.7071067811865475
N09,安興,111,附表二,郵資-差異率,非收支,22.0,,,,22.0,,22.0,
N09,安興,112,附表二,郵資-差異率,非收支,54.0,22.0,32.0,1.4545454545454546,38.0,22.627416997969522,38.0,0.7071067811865475
N09,安興,111,附表二,郵資-決算數,非收支,4652.0,,,,4652.0,,4652.0,
N09,安興,112,附表二,郵資-決算數,非收支,2762.0,4652.0,-1890.0,-0.4062768701633706,3707.0,1336.431816442575,3707.0,-0.7071067811865475
N09,安興,111,附表二,雜支-差異率,非收支,90.0,,,,90.0,,90.0,
N09,安興,112,附表二,雜支-差異率,非收支,74.0,90.0,-16.0,-0.17777777777777778,82.0,11.313708498984761,82.0,-0.7071067811865475
N09,安興,111,附表二,雜支-決算數,非收支,3487.0,,,,3487.0,,3487.0,
N09,安興,112,附表二,雜支-決算數,非收支,8923.0,3487.0,5436.0,1.5589331803842845,6205.0,3843.8324625300725,6205.0,0.7071067811865475
N09,安興,112,附表二,電話費(含ADSL)-差異率,非收支,2.0,,,,2.0,,2.0,
N09,安興,112,附表二,電話費(含ADSL)-決算數,非收支,36609.0,,,,36609.0,,36609.0,
N09,安興,111,附表二,電話費(含網路)-差異率,非收支,,,,,,,,
N09,安興,111,附表二,電話費(含網路)-決算數,非收支,35971.0,,,,35971.0,,35971.0,
N09,安興,110,附表二,電費-差異率,非收支,63.0,,,,63.0,,63.0,
N09,安興,111,附表二,電費-差異率,非收支,7.0,63.0,-56.0,-0.8888888888888888,35.0,39.59797974644666,35.0,-0.7071067811865476
N09,安興,112,附表二,電費-差異率,非收支,5.0,7.0,-2.0,-0.2857142857142857,25.0,32.92415526630866,25.0,-0.6074567392307869
N09,安興,110,附表二,電費-決算數,非收支,90159.0,,,,90159.0,,90159.0,
N09,安興,111,附表二,電費-決算數,非收支,133927.0,90159.0,43768.0,0.48545347663572136,112043.0,30948.649598972814,112043.0,0.7071067811865475
N09,安興,112,附表二,電費-決算數,非收支,150861.0,133927.0,16934.0,0.1264420169196652,124982.33333333333,31323.928510538608,124982.33333333333,0.8261628696400601
N09,安興,111,附表二,餐點費-差異率,非收支,2.0,,,,2.0,,2.0,
N09,安興,112,附表二,餐點費-差異率,非收支,1.0,2.0,-1.0,-0.5,1.5,0.7071067811865476,1.5,-0.7071067811865475
N09,安興,111,附表二,餐點費-決算數,非收支,708679.0,,,,708679.0,,708679.0,
N09,安興,112,附表二,餐點費-決算數,非收支,712867.0,708679.0,4188.0,0.005909586709920853,710773.0,2961.363199609261,710773.0,0.7071067811865476
N09,安興,110,附表四,帳面價值總額,非收支,1128884.0,,,,1128884.0,,1128884.0,
N09,安興,111,附表四,帳面價值總額,非收支,1557980.0,1128884.0,429096.0,0.3801063705394,1343432.0,303416.6913800228,1343432.0,0.7071067811865476
N09,安興,112,附表四,帳面價值總額,非收支,1084898.0,1557980.0,-473082.0,-0.3036508812693359,1257254.0,261363.3244278929,1257254.0,-0.6594498305272017
N09,安興,113,附表四,帳面價值總額,非收支,736050.0,1084898.0,-348848.0,-0.3215491225903265,1126953.0,336829.2257331599,1126309.3333333333,-1.1605376556892897
N09,安興,110,附表四,財產筆數,非收支,132.0,,,,132.0,,132.0,
N09,安興,111,附表四,財產筆數,非收支,164.0,132.0,32.0,0.24242424242424243,148.0,22.627416997969522,148.0,0.7071067811865475
N09,安興,112,附表四,財產筆數,非收支,166.0,164.0,2.0,0.012195121951219513,154.0,19.078784028338912,154.0,0.628970902033151
N09,安興,113,附表四,財產筆數,非收支,147.0,166.0,-19.0,-0.1144578313253012,152.25,15.96610994158147,159.0,-0.32882148621106005
N10,大觀,109,收支餘絀表,人事費,收支,7297681.0,,,,7297681.0,,7297681.0,
N10,大觀,110,收支餘絀表,人事費,收支,8041532.0,7297681.0,743851.0,0.1019297774183333,7669606.5,525982.0862923946,7669606.5,0.7071067811865476
N10,大觀,111,收支餘絀表,人事費,收支,8970981.0,8041532.0,929449.0,0.1155810857931051,8103398.0,838363.7480038125,8103398.0,1.034852714070426
N10,大觀,112,收支餘絀表,人事費,收支,8924216.0,8970981.0,-46765.0,-0.005212919300575935,8308602.5,798125.7607204936,8645576.333333334,0.7713239320132532
N10,大觀,113,收支餘絀表,人事費,收支,9314356.0,8924216.0,390140.0,0.043717005505021396,8509753.2,824658.4553599752,9069851.0,0.9756800464124025
N10,大觀,109,收支餘絀表,修繕購置費,收支,90369.0,,,,90369.0,,90369.0,
N10,大觀,110,收支餘絀表,修繕購置費,收支,221493.0,90369.0,131124.0,1.4509842977127112,155931.0,92718.66957630486,155931.0,0.7071067811865475
N10,大觀,111,收支餘絀表,修繕購置費,收支,145300.0,221493.0,-76193.0,-0.343997327229303,152387.33333333334,65848.67929072939,152387.33333333334,-0.10763060716892989
N10,大觀,112,收支餘絀表,修繕購置費,收支,136372.0,145300.0,-8928.0,-0.06144528561596697,148383.5,54358.272308208376,167721.66666666666,-0.22096912741993463
N10,大觀,113,收支餘絀表,修繕購置費,收支,162717.0,136372.0,26345.0,0.19318481799782947,151250.2,47510.06388861206,148129.66666666666,0.24135517954436023
N10,大觀,109,收支餘絀表,其他支出,收支,1178639.0,,,,1178639.0,,1178639.0,
N10,大觀,110,收支餘絀表,其他支出,收支,2285746.0,1178639.0,1107107.0,0.939309661397595,1732192.5,782842.8671990951,1732192.5,0.7071067811865475
N10,大觀,111,收支餘絀表,其他支出,收支,2400857.0,2285746.0,115111.0,0.050360363749952966,1955080.6666666667,674876.938324561,1955080.6666666667,0.660529806278476
N10,大觀,112,收支餘絀表,其他支出,收支,3996023.0,2400857.0,1595166.0,0.664415248388388,2465316.25,1159741.6335487184,2894208.6666666665,1.3198687584545512
N10,大觀,113,收支餘絀表,其他支出,收支,4052931.0,3996023.0,56908.0,0.01424115927260679,2782839.2,1229981.5491799866,3483270.3333333335,1.0326104491947494
N10,大觀,109,收支餘絀表,其他收入,收支,1178639.0,,,,1178639.0,,1178639.0,
N10,大觀,110,收支餘絀表,其他收入,收支,2285746.0,1178639.0,1107107.0,0.939309661397595,1732192.5,782842.8671990951,1732192.5,0.7071067811865475
N10,大觀,111,收支餘絀表,其他收入,收支,2400857.0,2285746.0,115111.0,0.050360363749952966,1955080.6666666667,674876.938324561,1955080.6666666667,0.660529806278476
N10,大觀,112,收支餘絀表,其他收入,收支,3996023.0,2400857.0,1595166.0,0.664415248388388,2465316.25,1159741.6335487184,2894208.6666666665,1.3198687584545512
N10,大觀,113,收支餘絀表,其他收入,收支,4052931.0,3996023.0,56908.0,0.01424115927260679,2782839.2,1229981.5491799866,3483270.3333333335,1.0326104491947494
N10,大觀,109,收支餘絀表,利息收入,收支,1431.0,,,,1431.0,,1431.0,
N10,大觀,110,收支餘絀表,利息收入,收支,25941.0,1431.0,24510.0,17.127882599580712,13686.0,17331.18720688228,13686.0,0.7071067811865475
N10,大觀,111,收支餘絀表,利息收入,收支,53302.0,25941.0,27361.0,1.0547396014031842,26891.333333333332,25948.555072167954,26891.333333333332,1.0178087601877444
N10,大觀,112,收支餘絀表,利息收入,收支,84148.0,53302.0,30846.0,0.5787024877115305,41205.5,35615.53700751026,54463.666666666664,1.2057237825992824
N10,大觀,113,收支餘絀表,利息收入,收支,101241.0,84148.0,17093.0,0.20313019917288586,53212.6,40892.56789809121,79563.66666666667,1.1745019319816763
N10,大觀,109,收支餘絀表,延後托育支出,收支,385711.0,,,,385711.0,,385711.0,
N10,大觀,110,收支餘絀表,延後托育支出,收支,325602.0,385711.0,-60109.0,-0.15583947566960757,355656.5,42503.481510342186,355656.5,-0.7071067811865475
N10,大觀,111,收支餘絀表,延後托育支出,收支,320239.0,325602.0,-5363.0,-0.01647102904773312,343850.6666666667,36351.14953248843,343850.6666666667,-0.6495438788136266
N10,大觀,109,收支餘絀表,延後托育收入淨額,收支,394110.0,,,,394110.0,,394110.0,
N10,大觀,110,收支餘絀表,延後托育收入淨額,收支,365880.0,394110.0,-28230.0,-0.07162974803988734,379995.0,19961.62443289624,379995.0,-0.7071067811865475
N10,大觀,111,收支餘絀表,延後托育收入淨額,收支,332815.0,365880.0,-33065.0,-0.09037115994315076,364268.3333333333,30679.265935372914,364268.3333333333,-1.0252309621615785
N10,大觀,112,收支餘絀表,延長照顧服務支出,收支,334160.0,,,,334160.0,,334160.0,
N10,大觀,113,收支餘絀表,延長照顧服務支出,收支,180695.0,334160.0,-153465.0,-0.45925604500837924,257427.5,108516.14217479351,257427.5,-0.7071067811865476
N10,大觀,112,收支餘絀表,延長照顧服務收入淨額,收支,334160.0,,,,334160.0,,334160.0,
N10,大觀,113,收支餘絀表,延長照顧服務收入淨額,收支,180695.0,334160.0,-153465.0,-0.45925604500837924,257427.5,108516.14217479351,257427.5,-0.7071067811865476
N10,大觀,109,收支餘絀表,所得稅費用,收支,,,,,,,,
N10,大觀,110,收支餘絀表,所得稅費用,收支,21399.0,,,,21399.0,,21399.0,
N10,大觀,111,收支餘絀表,所得稅費用,收支,,21399.0,,,21399.0,,21399.0,
N10,大觀,112,收支餘絀表,所得稅費用,收支,,,,,21399.0,,21399.0,
N10,大觀,113,收支餘絀表,所得稅費用,收支,,,,,21399.0,,,
N10,大觀,109,收支餘絀表,支出合計,收支,11772047.0,,,,11772047.0,,11772047.0,
N10,大觀,110,收支餘絀表,支出合計,收支,13109480.0,11772047.0,1337433.0,0.11361091235874271,12440763.5,945707.9436826678,12440763.5,0.7071067811865476
N10,大觀,111,收支餘絀表,支出合計,收支,14918437.0,13109480.0,1808957.0,0.13798846331052034,13266654.666666666,1579072.643961111,13266654.666666666,1.0460458166065307
N10,大觀,112,收支餘絀表,支出合計,收支,16015406.0,14918437.0,1096969.0,0.073531094443741,13953842.5,1884468.6474078048,14681107.666666666,1.0939760143188368
N10,大觀,113,收支餘絀表,支出合計,收支,18076343.0,16015406.0,2060937.0,0.12868465526256406,14778342.6,2462197.9280304215,16336728.666666666,1.3394538117567827
N10,大觀,109,收支餘絀表,收入合計,收支,11614245.0,,,,11614245.0,,11614245.0,
N10,大觀,110,收支餘絀表,收入合計,收支,13298222.0,11614245.0,1683977.0,0.14499237789455965,12456233.5,1190751.5560621787,12456233.5,0.7071067811865476
N10,大觀,111,收支餘絀表,收入合計,收支,15112403.0,13298222.0,1814181.0,0.13642282404369546,13341623.333333334,1749482.8107307407,13341623.333333334,1.012173229599798
N10,大觀,112,收支餘絀表,收入合計,收支,16776062.0,15112403.0,1663659.0,0.1100856693670755,14200233.0,2233674.6201723292,15062229.0,1.1531800454451477
N10,大觀,113,收支餘絀表,收入合計,收支,17552976.0,16776062.0,776914.0,0.04631086842669036,14870781.6,2447479.081914961,16480480.333333334,1.0959008474554124
N10,大觀,109,收支餘絀表,教保費收入,收支,11887312.0,,,,11887312.0,,11887312.0,
N10,大觀,110,收支餘絀表,教保費收入,收支,10711120.0,11887312.0,-1176192.0,-0.09894516102546985,11299216.0,831693.3391773677,11299216.0,-0.7071067811865475
N10,大觀,111,收支餘絀表,教保費收入,收支,12450187.0,10711120.0,1739067.0,0.1623608922316247,11682873.0,887375.335561565,11682873.0,0.8647006168076719
N10,大觀,112,收支餘絀表,教保費收入,收支,12476283.0,12450187.0,26096.0,0.0020960327744474843,11881225.5,826033.6037153695,11879196.666666666,0.72037928883707
N10,大觀,113,收支餘絀表,教保費收入,收支,13254220.0,12476283.0,777937.0,0.06235326659390461,12155824.4,942746.7397219149,12726896.666666666,1.1651014569660534
N10,大觀,109,收支餘絀表,教保費收入減項,收支,-1847247.0,,,,-1847247.0,,-1847247.0,
N10,大觀,110,收支餘絀表,教保費收入減項,收支,-90465.0,-1847247.0,1756782.0,0.9510271230647552,-968856.0,1242232.4652664654,-968856.0,0.7071067811865475
N10,大觀,111,收支餘絀表,教保費收入減項,收支,-124758.0,-90465.0,-34293.0,-0.37907478030177416,-687490.0,1004525.3738701676,-687490.0,0.5601968995884535
N10,大觀,112,收支餘絀表,教保費收入減項,收支,-114552.0,-124758.0,10206.0,0.08180637714615496,-544255.5,868779.9716424176,-109925.0,0.49460567004974915
N10,大觀,113,收支餘絀表,教保費收入減項,收支,-36111.0,-114552.0,78441.0,0.6847632516237168,-442626.6,785955.562306992,-91807.0,0.5172246619220644
N10,大觀,109,收支餘絀表,本期稅前餘絀,收支,-157802.0,,,,-157802.0,,-157802.0,
N10,大觀,110,收支餘絀表,本期稅前餘絀,收支,188742.0,-157802.0,346544.0,2.1960684908936514,15470.0,245043.61237951092,15470.0,0.7071067811865476
N10,大觀,111,收支餘絀表,本期稅前餘絀,收支,193966.0,188742.0,5224.0,0.02767799429909612,74968.66666666667,201602.23210404525,74968.66666666667,0.5902580149604683
N10,大觀,112,收支餘絀表,本期稅前餘絀,收支,760656.0,193966.0,566690.0,2.9215945062536735,246390.5,380312.2661265783,381121.3333333333,1.3522190731256571
N10,大觀,113,收支餘絀表,本期稅前餘絀,收支,-523367.0,760656.0,-1284023.0,-1.6880468963631392,92439.0,476427.73490425595,143751.66666666666,-1.2925485963233307
N10,大觀,109,收支餘絀表,本期稅後餘絀,收支,,,,,,,,
N10,大觀,110,收支餘絀表,本期稅後餘絀,收支,167343.0,,,,167343.0,,167343.0,
N10,大觀,111,收支餘絀表,本期稅後餘絀,收支,193966.0,167343.0,26623.0,0.1590924030285103,180654.5,18825.303835529456,180654.5,0.7071067811865475
N10,大觀,112,收支餘絀表,本期稅後餘絀,收支,760656.0,193966.0,566690.0,2.9215945062536735,373988.3333333333,335128.49679836736,373988.3333333333,1.1537892789204025
N10,大觀,113,收支餘絀表,本期稅後餘絀,收支,,760656.0,,,373988.3333333333,335128.49679836736,477311.0,
N10,大觀,109,收支餘絀表,材料費,收支,1324734.0,,,,1324734.0,,1324734.0,
N10,大觀,110,收支餘絀表,材料費,收支,1402811.0,1324734.0,78077.0,0.05893786979121846,1363772.5,55208.77615470207,1363772.5,0.7071067811865476
N10,大觀,111,收支餘絀表,材料費,收支,1596789.0,1402811.0,193978.0,0.13827807167180753,1441444.6666666667,140081.76507430695,1441444.6666666667,1.108954711206917
N10,大觀,112,收支餘絀表,材料費,收支,1539261.0,1596789.0,-57528.0,-0.03602730229228784,1465898.75,124394.30334323992,1512953.6666666667,0.5897557044680116
N10,大觀,113,收支餘絀表,材料費,收支,1664885.0,1539261.0,125624.0,0.0816131897059693,1505696.0,139730.32085413672,1600311.6666666667,1.1392588167472686
N10,大觀,109,收支餘絀表,業務發展費,收支,800000.0,,,,800000.0,,800000.0,
N10,大觀,110,收支餘絀表,業務發展費,收支,116000.0,800000.0,-684000.0,-0.855,458000.0,483661.0383315985,458000.0,-0.7071067811865476
N10,大觀,111,收支餘絀表,業務發展費,收支,570000.0,116000.0,454000.0,3.913793103448276,495333.3333333333,348059.3819067852,495333.3333333333,0.2145227813070799
N10,大觀,112,收支餘絀表,業務發展費,收支,176650.0,570000.0,-393350.0,-0.6900877192982456,415662.5,325811.7896756756,287550.0,-0.7335907035099047
N10,大觀,113,收支餘絀表,業務發展費,收支,1709900.0,176650.0,1533250.0,8.679592414378716,674510.0,643913.917383372,818850.0,1.6079633815144765
N10,大觀,109,收支餘絀表,業務費,收支,536715.0,,,,536715.0,,536715.0,
N10,大觀,110,收支餘絀表,業務費,收支,584686.0,536715.0,47971.0,0.08937890686863606,560700.5,33920.619400299875,560700.5,0.7071067811865475
N10,大觀,111,收支餘絀表,業務費,收支,607365.0,584686.0,22679.0,0.03878834109248383,576255.3333333334,36071.63331945661,576255.3333333334,0.8624413092458013
N10,大觀,112,收支餘絀表,業務費,收支,628248.0,607365.0,20883.0,0.034382949297374725,589253.5,39284.235604119865,606766.3333333334,0.9926246342925028
N10,大觀,113,收支餘絀表,業務費,收支,610060.0,628248.0,-18188.0,-0.028950350816874866,593414.8,35270.67427339601,615224.3333333334,0.4719274678725126
N10,大觀,109,收支餘絀表,維護費,收支,41208.0,,,,41208.0,,41208.0,
N10,大觀,110,收支餘絀表,維護費,收支,38191.0,41208.0,-3017.0,-0.07321393904096292,39699.5,2133.341158839814,39699.5,-0.7071067811865475
N10,大觀,111,收支餘絀表,維護費,收支,62802.0,38191.0,24611.0,0.6444188421355816,47400.333333333336,13423.266157434758,47400.333333333336,1.1473859257522154
N10,大觀,112,收支餘絀表,維護費,收支,38812.0,62802.0,-23990.0,-0.38199420400624184,45253.25,11771.2609173076,46601.666666666664,-0.5472013614556158
N10,大觀,113,收支餘絀表,維護費,收支,111706.0,38812.0,72894.0,1.8781304751107906,58543.8,31418.394838056254,71106.66666666667,1.692072439538065
N10,大觀,109,收支餘絀表,行政管理費,收支,84736.0,,,,84736.0,,84736.0,
N10,大觀,110,收支餘絀表,行政管理費,收支,84736.0,84736.0,0.0,0.0,84736.0,0.0,84736.0,
N10,大觀,111,收支餘絀表,行政管理費,收支,239682.0,84736.0,154946.0,1.8285734516616314,136384.66666666666,89458.11480985576,136384.66666666666,1.1547005383792515
N10,大觀,112,收支餘絀表,行政管理費,收支,239682.0,239682.0,0.0,0.0,162209.0,89458.11480985575,188033.33333333334,0.8660254037844387
N10,大觀,113,收支餘絀表,行政管理費,收支,254640.0,239682.0,14958.0,0.06240769018950109,180695.2,87810.95422098544,244668.0,0.84209083770927
N10,大觀,109,收支餘絀表,雜支,收支,32254.0,,,,32254.0,,32254.0,
N10,大觀,110,收支餘絀表,雜支,收支,8683.0,32254.0,-23571.0,-0.730793079928071,20468.5,16667.213939348112,20468.5,-0.7071067811865475
N10,大觀,111,收支餘絀表,雜支,收支,4422.0,8683.0,-4261.0,-0.4907290107105839,15119.666666666666,14990.93273726933,15119.666666666666,-0.7136091432170149
N10,大觀,112,收支餘絀表,雜支,收支,1982.0,4422.0,-2440.0,-0.5517865219357757,11835.25,13891.302347752231,5029.0,-0.7093107437543008
N10,大觀,113,收支餘絀表,雜支,收支,14453.0,1982.0,12471.0,6.292129162462159,12358.8,12087.048179766638,6952.333333333333,0.17325983721200267
N10,大觀,110,現金流量表,其他應付款,非收支,-953197.0,,,,-953197.0,,-953197.0,
N10,大觀,111,現金流量表,其他應付款,非收支,253354.0,-953197.0,1206551.0,1.2657939544501293,-349921.5,853160.39394741,-349921.5,0.7071067811865476
N10,大觀,112,現金流量表,其他應付款,非收支,-25720.0,253354.0,-279074.0,-1.1015180340551165,-241854.33333333334,631646.1560354289,-241854.33333333334,0.34217628219241536
N10,大觀,113,現金流量表,其他應付款,非收支,265240.0,-25720.0,290960.0,11.312597200622085,-115080.75,574691.8681759672,164291.33333333334,0.6617820280059158
N10,大觀,110,現金流量表,其他應收款,非收支,-162850.0,,,,-162850.0,,-162850.0,
N10,大觀,111,現金流量表,其他應收款,非收支,-245360.0,-162850.0,-82510.0,-0.5066625729198649,-204105.0,58343.38051570204,-204105.0,-0.7071067811865475
N10,大觀,112,現金流量表,其他應收款,非收支,-33505.0,-245360.0,211855.0,0.8634455493968047,-147238.33333333334,106786.83607230497,-147238.33333333334,1.0650501271179618
N10,大觀,113,現金流量表,其他應收款,非收支,391715.0,-33505.0,425220.0,12.691240113415908,-12500.0,283231.28261193185,37616.666666666664,1.4271552078300387
N10,大觀,110,現金流量表,其他流動負債,非收支,,,,,,,,
N10,大觀,111,現金流量表,其他流動負債,非收支,867.0,,,,867.0,,867.0,
N10,大觀,112,現金流量表,其他流動負債,非收支,97130.0,867.0,96263.0,111.02998846597463,48998.5,68068.22007736063,48998.5,0.7071067811865475
N10,大觀,113,現金流量表,其他流動負債,非收支,-97112.0,97130.0,-194242.0,-1.9998146813548852,295.0,97122.26330249928,295.0,-1.002931734576797
N10,大觀,110,現金流量表,應付帳款,非收支,6000.0,,,,6000.0,,6000.0,
N10,大觀,111,現金流量表,應付帳款,非收支,9350.0,6000.0,3350.0,0.5583333333333333,7675.0,2368.807716974934,7675.0,0.7071067811865476
N10,大觀,112,現金流量表,應付帳款,非收支,-10674.0,9350.0,-20024.0,-2.1416042780748663,1558.6666666666667,10725.400940446625,1558.6666666666667,-1.140532343227933
N10,大觀,113,現金流量表,應付帳款,非收支,-4676.0,-10674.0,5998.0,0.561926175754169,0.0,9295.550046482815,-2000.0,-0.5030363966217655
N10,大觀,110,現金流量表,應收帳款淨額,非收支,-69229.0,,,,-69229.0,,-69229.0,
N10,大觀,111,現金流量表,應收帳款淨額,非收支,69229.0,-69229.0,138458.0,2.0,0.0,97904.590709527,0.0,0.7071067811865476
N10,大觀,112,現金流量表,應收帳款淨額,非收支,-8000.0,69229.0,-77229.0,-1.115558508717445,-2666.6666666666665,69382.90693199106,-2666.6666666666665,-0.07686811592603136
N10,大觀,113,現金流量表,應收帳款淨額,非收支,-16220.0,-8000.0,-8220.0,-1.0275,-6055.0,57054.78414646751,15003.0,-0.1781620972205423
N10,大觀,110,現金流量表,投資活動之淨現金流入,非收支,,,,,,,,
N10,大觀,111,現金流量表,投資活動之淨現金流入,非收支,,,,,,,,
N10,大觀,112,現金流量表,投資活動之淨現金流入,非收支,,,,,,,,
N10,大觀,113,現金流量表,投資活動之淨現金流入,非收支,,,,,,,,
N10,大觀,110,現金流量表,投資活動之現金流量：,非收支,,,,,,,,
N10,大觀,111,現金流量表,投資活動之現金流量：,非收支,,,,,,,,
N10,大觀,112,現金流量表,投資活動之現金流量：,非收支,,,,,,,,
N10,大觀,113,現金流量表,投資活動之現金流量：,非收支,,,,,,,,
N10,大觀,110,現金流量表,期初現金及約當現金餘額,非收支,6373688.0,,,,6373688.0,,6373688.0,
N10,大觀,111,現金流量表,期初現金及約當現金餘額,非收支,5235310.0,6373688.0,-1138378.0,-0.17860585582475955,5804499.0,804954.8033535796,5804499.0,-0.7071067811865476
N10,大觀,112,現金流量表,期初現金及約當現金餘額,非收支,5877595.0,5235310.0,642285.0,0.12268327950016332,5828864.333333333,570751.369798035,5828864.333333333,0.08537985057120531
N10,大觀,113,現金流量表,期初現金及約當現金餘額,非收支,7036258.0,5877595.0,1158663.0,0.1971321603478974,6130712.75,762640.9928624674,6049721.0,1.1873807708672481
N10,大觀,110,現金流量表,期末現金及約當現金餘額,非收支,5235310.0,,,,5235310.0,,5235310.0,
N10,大觀,111,現金流量表,期末現金及約當現金餘額,非收支,5877595.0,5235310.0,642285.0,0.12268327950016332,5556452.5,454164.07895440166,5556452.5,0.7071067811865476
N10,大觀,112,現金流量表,期末現金及約當現金餘額,非收支,7036258.0,5877595.0,1158663.0,0.1971321603478974,6049721.0,912728.8450481885,6049721.0,1.080865369109612
N10,大觀,113,現金流量表,期末現金及約當現金餘額,非收支,6479455.0,7036258.0,-556803.0,-0.07913339732568078,6157154.5,775596.8394797648,6464436.0,0.4155515902001155
N10,大觀,110,現金流量表,本期支付所得稅,非收支,-21399.0,,,,-21399.0,,-21399.0,
N10,大觀,111,現金流量表,本期支付所得稅,非收支,,-21399.0,,,-21399.0,,-21399.0,
N10,大觀,112,現金流量表,本期現金及約當現金增加數,非收支,1158663.0,,,,1158663.0,,1158663.0,
N10,大觀,111,現金流量表,本期現金及約當現金增加（減少）數,非收支,642285.0,,,,642285.0,,642285.0,
N10,大觀,113,現金流量表,本期現金及約當現金（減少）增加數,非收支,-556803.0,,,,-556803.0,,-556803.0,
N10,大觀,110,現金流量表,本期現金及約當現金（減少）數,非收支,-1138378.0,,,,-1138378.0,,-1138378.0,
N10,大觀,110,現金流量表,本期稅前餘絀,非收支,188742.0,,,,188742.0,,188742.0,
N10,大觀,112,現金流量表,本期稅前餘絀,非收支,760656.0,,,,474699.0,404404.26765552314,474699.0,0.7071067811865476
N10,大觀,111,現金流量表,本期稅前餘結,非收支,193966.0,,,,193966.0,,193966.0,
N10,大觀,113,現金流量表,本期稅前餘額,非收支,,,,,,,,
N10,大觀,112,現金流量表,業務發展準備淨變動,非收支,176650.0,,,,176650.0,,176650.0,
N10,大觀,113,現金流量表,業務發展準備淨變動,非收支,-176650.0,176650.0,-353300.0,-2.0,0.0,249820.82579320724,0.0,-0.7071067811865475
N10,大觀,112,現金流量表,營業活動之淨現金流入,非收支,1158663.0,,,,1158663.0,,1158663.0,
N10,大觀,111,現金流量表,營業活動之淨現金流入（出）,非收支,642285.0,,,,642285.0,,642285.0,
N10,大觀,110,現金流量表,營業活動之淨現金流（出）,非收支,-1138378.0,,,,-1138378.0,,-1138378.0,
N10,大觀,113,現金流量表,營業活動之淨現金（出）入,非收支,-556803.0,,,,-556803.0,,-556803.0,
N10,大觀,110,現金流量表,營業活動之現金流量：,非收支,,,,,,,,
N10,大觀,111,現金流量表,營業活動之現金流量：,非收支,,,,,,,,
N10,大觀,112,現金流量表,營業活動之現金流量：,非收支,,,,,,,,
N10,大觀,113,現金流量表,營業活動之現金流量：,非收支,,,,,,,,
N10,大觀,110,現金流量表,營運產生之現金,非收支,-1116979.0,,,,-1116979.0,,-1116979.0,
N10,大觀,111,現金流量表,營運產生之現金,非收支,642285.0,-1116979.0,1759264.0,1.5750197631289398,-237347.0,1243987.5042973703,-237347.0,0.7071067811865476
N10,大觀,110,現金流量表,籌資活動之淨現金流入,非收支,,,,,,,,
N10,大觀,111,現金流量表,籌資活動之淨現金流入,非收支,,,,,,,,
N10,大觀,112,現金流量表,籌資活動之淨現金流入,非收支,,,,,,,,
N10,大觀,113,現金流量表,籌資活動之淨現金流入,非收支,,,,,,,,
N10,大觀,110,現金流量表,籌資活動之現金流量：,非收支,,,,,,,,
N10,大觀,111,現金流量表,籌資活動之現金流量：,非收支,,,,,,,,
N10,大觀,112,現金流量表,籌資活動之現金流量：,非收支,,,,,,,,
N10,大觀,113,現金流量表,籌資活動之現金流量：,非收支,,,,,,,,
N10,大觀,110,現金流量表,調整項目：,非收支,,,,,,,,
N10,大觀,111,現金流量表,調整項目：,非收支,,,,,,,,
N10,大觀,112,現金流量表,調整項目：,非收支,,,,,,,,
N10,大觀,113,現金流量表,調整項目：,非收支,,,,,,,,
N10,大觀,111,現金流量表,資產/負債淨變動數,非收支,,,,,,,,
N10,大觀,110,現金流量表,資產／負債淨變動數,非收支,,,,,,,,
N10,大觀,112,現金流量表,資產／負債淨變動數,非收支,,,,,,,,
N10,大觀,113,現金流量表,資產／負債淨變動數,非收支,,,,,,,,
N10,大觀,110,現金流量表,資遣費準備淨變動,非收支,-47426.0,,,,-47426.0,,-47426.0,
N10,大觀,111,現金流量表,資遣費準備淨變動,非收支,,-47426.0,,,-47426.0,,-47426.0,
N10,大觀,112,現金流量表,資遣費準備淨變動,非收支,55694.0,,,,4134.0,72916.85127595678,4134.0,0.7071067811865475
N10,大觀,113,現金流量表,資遣費準備淨變動,非收支,-55694.0,55694.0,-111388.0,-2.0,-15808.666666666666,62060.96568160484,0.0,-0.6426798696294785
N10,大觀,110,現金流量表,預付款項,非收支,,,,,,,,
N10,大觀,112,現金流量表,預付款項,非收支,-41298.0,,,,-41298.0,,-41298.0,
N10,大觀,113,現金流量表,預付款項,非收支,39548.0,-41298.0,80846.0,1.957625066589181,-875.0,57166.75483180762,-875.0,0.7071067811865475
N10,大觀,110,現金流量表,預收款項,非收支,-79019.0,,,,-79019.0,,-79019.0,
N10,大觀,111,現金流量表,預收款項,非收支,360879.0,-79019.0,439898.0,5.5669902175426165,140930.0,311054.85883039987,140930.0,0.7071067811865476
N10,大觀,112,現金流量表,預收款項,非收支,187730.0,360879.0,-173149.0,-0.47979793781295116,156530.0,221602.4426783243,156530.0,0.1407926718808311
N10,大觀,113,現金流量表,預收款項,非收支,-379587.0,187730.0,-567317.0,-3.0219836999946734,22500.75,323409.6285253682,56340.666666666664,-1.2432769915768302
N10,大觀,110,資產負債表,代管財產,非收支,1541530.0,,,,1541530.0,,1541530.0,
N10,大觀,111,資產負債表,代管財產,非收支,1254618.0,1541530.0,-286912.0,-0.18612158050767744,1398074.0,202877.42080379472,1398074.0,-0.7071067811865476
N10,大觀,112,資產負債表,代管財產,非收支,1380766.0,1254618.0,126148.0,0.10054693938712819,1392304.6666666667,143803.61454891646,1392304.6666666667,-0.08023905868333882
N10,大觀,113,資產負債表,代管財產,非收支,1260719.0,1380766.0,-120047.0,-0.08694232042214249,1359408.25,134592.0377396697,1298701.0,-0.7332473128231144
N10,大觀,110,資產負債表,其他應付款,非收支,1461310.0,,,,1461310.0,,1461310.0,
N10,大觀,111,資產負債表,其他應付款,非收支,1714664.0,1461310.0,253354.0,0.17337457486775565,1587987.0,179148.33144073657,1587987.0,0.7071067811865475
N10,大觀,112,資產負債表,其他應付款,非收支,1688944.0,1714664.0,-25720.0,-0.01500002332818558,1621639.3333333333,139443.54034996865,1621639.3333333333,0.48266607759490865
N10,大觀,113,資產負債表,其他應付款,非收支,1954184.0,1688944.0,265240.0,0.15704487537775083,1704775.5,201517.96312570586,1785930.6666666667,1.2376489724859925
N10,大觀,110,資產負債表,其他應收款,非收支,162850.0,,,,162850.0,,162850.0,
N10,大觀,111,資產負債表,其他應收款,非收支,408210.0,162850.0,245360.0,1.5066625729198648,285530.0,173495.7198319313,285530.0,0.7071067811865476
N10,大觀,112,資產負債表,其他應收款,非收支,441715.0,408210.0,33505.0,0.08207785208593615,337591.6666666667,152255.16020264578,337591.6666666667,0.6838739205603879
N10,大觀,113,資產負債表,其他應收款,非收支,50000.0,441715.0,-391715.0,-0.886804840225032,265693.75,190083.30863838797,299975.0,-1.1347327208531128
N10,大觀,111,資產負債表,其他流動負債,非收支,867.0,,,,867.0,,867.0,
N10,大觀,112,資產負債表,其他流動負債,非收支,97997.0,867.0,97130.0,112.02998846597463,49432.0,68681.28165664936,49432.0,0.7071067811865476
N10,大觀,113,資產負債表,其他流動負債,非收支,885.0,97997.0,-97112.0,-0.9909691112993255,33249.666666666664,56072.83621624051,33249.666666666664,-0.5771897562280398
N10,大觀,110,資產負債表,應付代管財產,非收支,1541530.0,,,,1541530.0,,1541530.0,
N10,大觀,111,資產負債表,應付代管財產,非收支,1254618.0,1541530.0,-286912.0,-0.18612158050767744,1398074.0,202877.42080379472,1398074.0,-0.7071067811865476
N10,大觀,112,資產負債表,應付代管財產,非收支,1380766.0,1254618.0,126148.0,0.10054693938712819,1392304.6666666667,143803.61454891646,1392304.6666666667,-0.08023905868333882
N10,大觀,113,資產負債表,應付代管財產,非收支,1260719.0,1380766.0,-120047.0,-0.08694232042214249,1359408.25,134592.0377396697,1298701.0,-0.7332473128231144
N10,大觀,110,資產負債表,應付帳款,非收支,6000.0,,,,6000.0,,6000.0,
N10,大觀,111,資產負債表,應付帳款,非收支,15350.0,6000.0,9350.0,1.5583333333333333,10675.0,6611.44840409422,10675.0,0.7071067811865475
N10,大觀,112,資產負債表,應付帳款,非收支,4676.0,15350.0,-10674.0,-0.6953745928338763,8675.333333333334,5818.214961079844,8675.333333333334,-0.6873815010422146
N10,大觀,113,資產負債表,應付帳款,非收支,,4676.0,,,8675.333333333334,5818.214961079844,10013.0,
N10,大觀,110,資產負債表,應付購置財產,非收支,315730.0,,,,315730.0,,315730.0,
N10,大觀,111,資產負債表,應付購置財產,非收支,343730.0,315730.0,28000.0,0.08868336870110538,329730.0,19798.98987322333,329730.0,0.7071067811865476
N10,大觀,112,資產負債表,應付購置財產,非收支,393010.0,343730.0,49280.0,0.14336834143077415,350823.3333333333,39125.26208644913,350823.3333333333,1.0782462382859759
N10,大觀,113,資產負債表,應付購置財產,非收支,475505.0,393010.0,82495.0,0.20990560036640288,381993.75,70049.29399775086,404081.6666666667,1.3349349388589478
N10,大觀,110,資產負債表,應收帳款淨額,非收支,69229.0,,,,69229.0,,69229.0,
N10,大觀,111,資產負債表,應收帳款淨額,非收支,,69229.0,,,69229.0,,69229.0,
N10,大觀,112,資產負債表,應收帳款淨額,非收支,8000.0,,,,38614.5,43295.441105271115,38614.5,-0.7071067811865476
N10,大觀,113,資產負債表,應收帳款淨額,非收支,24220.0,8000.0,16220.0,2.0275,33816.333333333336,31722.465546254967,16110.0,-0.30250906315402215
N10,大觀,110,資產負債表,本期餘絀,非收支,167343.0,,,,167343.0,,167343.0,
N10,大觀,111,資產負債表,本期餘絀,非收支,193966.0,167343.0,26623.0,0.1590924030285103,180654.5,18825.303835529456,180654.5,0.7071067811865475
N10,大觀,112,資產負債表,本期餘絀,非收支,760656.0,193966.0,566690.0,2.9215945062536735,373988.3333333333,335128.49679836736,373988.3333333333,1.1537892789204025
N10,大觀,113,資產負債表,本期餘絀,非收支,-523367.0,760656.0,-1284023.0,-1.6880468963631392,149649.5,525533.749131617,143751.66666666666,-1.280634214476389
N10,大觀,110,資產負債表,業務發展準備,非收支,3116000.0,,,,3116000.0,,3116000.0,
N10,大觀,111,資產負債表,業務發展準備,非收支,3686000.0,3116000.0,570000.0,0.18292682926829268,3401000.0,403050.8652763321,3401000.0,0.7071067811865476
N10,大觀,112,資產負債表,業務發展準備,非收支,3862650.0,3686000.0,176650.0,0.04792457948996202,3554883.3333333335,390211.7897159609,3554883.3333333335,0.7887169859493302
N10,大觀,113,資產負債表,業務發展準備,非收支,5572550.0,3862650.0,1709900.0,0.44267536535797963,4059300.0,1057948.417929721,4373733.333333333,1.4303627420335387
N10,大觀,110,資產負債表,業務發展準備金,非收支,3116000.0,,,,3116000.0,,3116000.0,
N10,大觀,111,資產負債表,業務發展準備金,非收支,3686000.0,3116000.0,570000.0,0.18292682926829268,3401000.0,403050.8652763321,3401000.0,0.7071067811865476
N10,大觀,112,資產負債表,業務發展準備金,非收支,3686000.0,3686000.0,0.0,0.0,3496000.0,329089.6534380867,3496000.0,0.5773502691896257
N10,大觀,113,資產負債表,業務發展準備金,非收支,5572550.0,3686000.0,1886550.0,0.5118149755832881,4015137.5,1072480.7576945145,4314850.0,1.4521589211054298
N10,大觀,110,資產負債表,流動負債合計,非收支,4636886.0,,,,4636886.0,,4636886.0,
N10,大觀,111,資產負債表,流動負債合計,非收支,5261336.0,4636886.0,624450.0,0.1346701212839824,4949111.0,441552.8295119396,4949111.0,0.7071067811865475
N10,大觀,112,資產負債表,流動負債合計,非收支,5509802.0,5261336.0,248466.0,0.04722488736701096,5136008.0,449750.94936197746,5136008.0,0.8311133095555864
N10,大觀,113,資產負債表,流動負債合計,非收支,5293667.0,5509802.0,-216135.0,-0.039227362435165544,5175422.75,375585.8104857663,5354935.0,0.31482619071010176
N10,大觀,110,資產負債表,流動資產合計,非收支,5467389.0,,,,5467389.0,,5467389.0,
N10,大觀,111,資產負債表,流動資產合計,非收支,6285805.0,5467389.0,818416.0,0.14969046468067299,5876597.0,578707.5034315694,5876597.0,0.7071067811865476
N10,大觀,112,資產負債表,流動資產合計,非收支,7527271.0,6285805.0,1241466.0,0.19750310421656414,6426821.666666667,1037156.0821252186,6426821.666666667,1.0610257725900052
N10,大觀,113,資產負債表,流動資產合計,非收支,6555425.0,7527271.0,-971846.0,-0.12911000547210272,6458972.5,849272.1570825612,6789500.333333333,0.11357077845497231
N10,大觀,110,資產負債表,現金及銀行存款,非收支,5235310.0,,,,5235310.0,,5235310.0,
N10,大觀,111,資產負債表,現金及銀行存款,非收支,5877595.0,5235310.0,642285.0,0.12268327950016332,5556452.5,454164.07895440166,5556452.5,0.7071067811865476
N10,大觀,112,資產負債表,現金及銀行存款,非收支,7036258.0,5877595.0,1158663.0,0.1971321603478974,6049721.0,912728.8450481885,6049721.0,1.080865369109612
N10,大觀,113,資產負債表,現金及銀行存款,非收支,6479455.0,7036258.0,-556803.0,-0.07913339732568078,6157154.5,775596.8394797648,6464436.0,0.4155515902001155
N10,大觀,110,資產負債表,累積餘絀,非收支,663160.0,,,,663160.0,,663160.0,
N10,大觀,111,資產負債表,累積餘絀,非收支,830503.0,663160.0,167343.0,0.2523418179624827,746831.5,118329.37008410042,746831.5,0.7071067811865476
N10,大觀,112,資產負債表,累積餘絀,非收支,1024469.0,830503.0,193966.0,0.23355243749872065,839377.3333333334,180817.90208475853,839377.3333333334,1.0236357381245622
N10,大觀,113,資產負債表,累積餘絀,非收支,1785125.0,1024469.0,760656.0,0.7424880596679841,1075814.25,495385.10749474826,1213365.6666666667,1.4318370481242608
N10,大觀,110,資產負債表,負債及餘絀總計,非收支,10628680.0,,,,10628680.0,,10628680.0,
N10,大觀,111,資產負債表,負債及餘絀總計,非收支,11812646.0,10628680.0,1183966.0,0.11139351264691383,11220663.0,837190.3872943119,11220663.0,0.7071067811865476
N10,大觀,112,資產負債表,負債及餘絀總計,非收支,13229540.0,11812646.0,1416894.0,0.11994721589049566,11890288.666666666,1302167.2214678628,11890288.666666666,1.0284787631374013
N10,大觀,113,資產負債表,負債及餘絀總計,非收支,14199205.0,13229540.0,969665.0,0.0732954433789837,12467517.75,1569458.496964346,13080463.666666666,1.1033660675637091
N10,大觀,110,資產負債表,負債總額,非收支,9798177.0,,,,9798177.0,,9798177.0,
N10,大觀,111,資產負債表,負債總額,非收支,10788177.0,9798177.0,990000.0,0.10103920351714406,10293177.0,700035.713374682,10293177.0,0.7071067811865476
N10,大觀,112,資產負債表,負債總額,非收支,11444415.0,10788177.0,656238.0,0.06082936903982943,10676923.0,828738.7872834238,10676923.0,0.9260963910182259
N10,大觀,113,資產負債表,負債總額,非收支,12937447.0,11444415.0,1493032.0,0.13045944244419658,11242054.0,1317332.2184156887,11723346.333333334,1.2869897025968076
N10,大觀,110,資產負債表,資產總計,非收支,10628680.0,,,,10628680.0,,10628680.0,
N10,大觀,111,資產負債表,資產總計,非收支,11812646.0,10628680.0,1183966.0,0.11139351264691383,11220663.0,837190.3872943119,11220663.0,0.7071067811865476
N10,大觀,112,資產負債表,資產總計,非收支,13229540.0,11812646.0,1416894.0,0.11994721589049566,11890288.666666666,1302167.2214678628,11890288.666666666,1.0284787631374013
N10,大觀,113,資產負債表,資產總計,非收支,14199205.0,13229540.0,969665.0,0.0732954433789837,12467517.75,1569458.496964346,13080463.666666666,1.1033660675637091
N10,大觀,110,資產負債表,資遣費準備,非收支,188031.0,,,,188031.0,,188031.0,
N10,大觀,111,資產負債表,資遣費準備,非收支,242493.0,188031.0,54462.0,0.28964372895958646,215262.0,38510.44951698175,215262.0,0.7071067811865475
N10,大觀,112,資產負債表,資遣費準備,非收支,298187.0,242493.0,55694.0,0.22967260910624224,242903.66666666666,55079.14822628736,242903.66666666666,1.0037071217261224
N10,大觀,113,資產負債表,資遣費準備,非收支,335006.0,298187.0,36819.0,0.12347620788297277,265929.25,64367.57722319005,291895.3333333333,1.073160634281468
N10,大觀,110,資產負債表,資遣費準備金,非收支,188031.0,,,,188031.0,,188031.0,
N10,大觀,111,資產負債表,資遣費準備金,非收支,242493.0,188031.0,54462.0,0.28964372895958646,215262.0,38510.44951698175,215262.0,0.7071067811865475
N10,大觀,112,資產負債表,資遣費準備金,非收支,242493.0,242493.0,0.0,0.0,224339.0,31443.6503606054,224339.0,0.5773502691896257
N10,大觀,113,資產負債表,資遣費準備金,非收支,335006.0,242493.0,92513.0,0.3815079198162421,252005.75,60999.439786361974,273330.6666666667,1.3606723322491379
N10,大觀,110,資產負債表,購置財產,非收支,315730.0,,,,315730.0,,315730.0,
N10,大觀,111,資產負債表,購置財產,非收支,343730.0,315730.0,28000.0,0.08868336870110538,329730.0,19798.98987322333,329730.0,0.7071067811865476
N10,大觀,112,資產負債表,購置財產,非收支,393010.0,343730.0,49280.0,0.14336834143077415,350823.3333333333,39125.26208644913,350823.3333333333,1.0782462382859759
N10,大觀,113,資產負債表,購置財產,非收支,475505.0,393010.0,82495.0,0.20990560036640288,381993.75,70049.29399775086,404081.6666666667,1.3349349388589478
N10,大觀,110,資產負債表,非流動負債合計,非收支,5161291.0,,,,5161291.0,,5161291.0,
N10,大觀,111,資產負債表,非流動負債合計,非收支,5526841.0,5161291.0,365550.0,0.07082530320417896,5344066.0,258482.88386274246,5344066.0,0.7071067811865475
N10,大觀,112,資產負債表,非流動負債合計,非收支,5934613.0,5526841.0,407772.0,0.0737803023463132,5540915.0,386853.05611821136,5540915.0,1.0176939118704984
N10,大觀,113,資產負債表,非流動負債合計,非收支,7643780.0,5934613.0,1709167.0,0.28799973983139254,6066631.25,1097852.6738175072,6368411.333333333,1.4365759519588917
N10,大觀,110,資產負債表,非流動資產合計,非收支,5161291.0,,,,5161291.0,,5161291.0,
N10,大觀,111,資產負債表,非流動資產合計,非收支,5526841.0,5161291.0,365550.0,0.07082530320417896,5344066.0,258482.88386274246,5344066.0,0.7071067811865475
N10,大觀,112,資產負債表,非流動資產合計,非收支,5702269.0,5526841.0,175428.0,0.03174109767225075,5463467.0,276000.90041157475,5463467.0,0.8652218150154458
N10,大觀,113,資產負債表,非流動資產合計,非收支,7643780.0,5702269.0,1941511.0,0.3404804298078537,6008545.25,1113205.0690884632,6290963.333333333,1.46894296065234
N10,大觀,112,資產負債表,預付款項,非收支,41298.0,,,,41298.0,,41298.0,
N10,大觀,113,資產負債表,預付款項,非收支,1750.0,41298.0,-39548.0,-0.9576250665891811,21524.0,27964.65898236558,21524.0,-0.7071067811865476
N10,大觀,110,資產負債表,預收款項,非收支,3169576.0,,,,3169576.0,,3169576.0,
N10,大觀,111,資產負債表,預收款項,非收支,3530455.0,3169576.0,360879.0,0.1138571846833772,3350015.5,255179.9880878201,3350015.5,0.7071067811865475
N10,大觀,112,資產負債表,預收款項,非收支,3718185.0,3530455.0,187730.0,0.05317444918572819,3472738.6666666665,278821.3407727847,3472738.6666666665,0.8802996666361741
N10,大觀,113,資產負債表,預收款項,非收支,3338598.0,3718185.0,-379587.0,-0.1020893258404302,3439203.5,237330.97071459793,3529079.3333333335,-0.4239037985522042
N10,大觀,110,資產負債表,餘絀總額,非收支,830503.0,,,,830503.0,,830503.0,
N10,大觀,111,資產負債表,餘絀總額,非收支,1024469.0,830503.0,193966.0,0.23355243749872065,927486.0,137154.6739196299,927486.0,0.7071067811865475
N10,大觀,112,資產負債表,餘絀總額,非收支,1785125.0,1024469.0,760656.0,0.7424880596679841,1213365.6666666667,504566.4017048037,1213365.6666666667,1.1331696510142202
N10,大觀,113,資產負債表,餘絀總額,非收支,1261758.0,1785125.0,-523367.0,-0.2931822701491492,1225463.75,412686.6732775807,1357117.3333333333,0.08794626129249349
N10,大觀,110,附表三,事務機器耗材-執行率,非收支,103.0,,,,103.0,,103.0,
N10,大觀,111,附表三,事務機器耗材-執行率,非收支,73.0,103.0,-30.0,-0.2912621359223301,88.0,21.213203435596427,88.0,-0.7071067811865475
N10,大觀,112,附表三,事務機器耗材-執行率,非收支,100.0,73.0,27.0,0.3698630136986301,92.0,16.522711641858304,92.0,0.48418202613504197
N10,大觀,110,附表三,事務機器耗材-決算數,非收支,72263.0,,,,72263.0,,72263.0,
N10,大觀,111,附表三,事務機器耗材-決算數,非收支,47755.0,72263.0,-24508.0,-0.3391500491261088,60009.0,17329.772993319908,60009.0,-0.7071067811865475
N10,大觀,112,附表三,事務機器耗材-決算數,非收支,64906.0,47755.0,17151.0,0.35914563920008374,61641.333333333336,12575.931469809038,61641.333333333336,0.25959641037358777
N10,大觀,111,附表三,五日未上課退費-執行率,非收支,,,,,,,,
N10,大觀,112,附表三,五日未上課退費-執行率,非收支,,,,,,,,
N10,大觀,113,附表三,五日未上課退費-執行率,非收支,,,,,,,,
N10,大觀,111,附表三,五日未上課退費-決算數,非收支,-99408.0,,,,-99408.0,,-99408.0,
N10,大觀,112,附表三,五日未上課退費-決算數,非收支,-84658.0,-99408.0,14750.0,0.14837840012876227,-92033.0,10429.825022501576,-92033.0,0.7071067811865475
N10,大觀,113,附表三,五日未上課退費-決算數,非收支,-22668.0,-84658.0,61990.0,0.7322403080630301,-68911.33333333333,40721.309327345225,-68911.33333333333,1.1356052665595393
N10,大觀,111,附表三,人事費-執行率,非收支,93.0,,,,93.0,,93.0,
N10,大觀,112,附表三,人事費-執行率,非收支,90.0,93.0,-3.0,-0.03225806451612903,91.5,2.1213203435596424,91.5,-0.7071067811865476
N10,大觀,113,附表三,人事費-執行率,非收支,92.0,90.0,2.0,0.022222222222222223,91.66666666666667,1.5275252316519463,91.66666666666667,0.21821789023598934
N10,大觀,111,附表三,人事費-決算數,非收支,8970981.0,,,,8970981.0,,8970981.0,
N10,大觀,112,附表三,人事費-決算數,非收支,8924216.0,8970981.0,-46765.0,-0.005212919300575935,8947598.5,33067.848622188896,8947598.5,-0.7071067811865475
N10,大觀,113,附表三,人事費-決算數,非收支,9314356.0,8924216.0,390140.0,0.043717005505021396,9069851.0,213034.6511133811,9069851.0,1.147724084894855
N10,大觀,112,附表三,代課費及代班費-執行率,非收支,42.0,,,,42.0,,42.0,
N10,大觀,113,附表三,代課費及代班費-執行率,非收支,74.0,42.0,32.0,0.7619047619047619,58.0,22.627416997969522,58.0,0.7071067811865475
N10,大觀,112,附表三,代課費及代班費-決算數,非收支,73613.0,,,,73613.0,,73613.0,
N10,大觀,113,附表三,代課費及代班費-決算數,非收支,128159.0,73613.0,54546.0,0.7409832502411259,100886.0,38569.84648660142,100886.0,0.7071067811865476
N10,大觀,110,附表三,代課費及廚工代班費-執行率,非收支,108.0,,,,108.0,,108.0,
N10,大觀,111,附表三,代課費及廚工代班費-執行率,非收支,154.0,108.0,46.0,0.42592592592592593,131.0,32.526911934581186,131.0,0.7071067811865476
N10,大觀,110,附表三,代課費及廚工代班費-決算數,非收支,154077.0,,,,154077.0,,154077.0,
N10,大觀,111,附表三,代課費及廚工代班費-決算數,非收支,266388.0,154077.0,112311.0,0.7289277439202476,210232.5,79415.86970184234,210232.5,0.7071067811865475
N10,大觀,110,附表三,保全-執行率,非收支,84.0,,,,84.0,,84.0,
N10,大觀,111,附表三,保全-執行率,非收支,100.0,84.0,16.0,0.19047619047619047,92.0,11.313708498984761,92.0,0.7071067811865475
N10,大觀,112,附表三,保全-執行率,非收支,100.0,100.0,0.0,0.0,94.66666666666667,9.237604307034012,94.66666666666667,0.5773502691896253
N10,大觀,110,附表三,保全-決算數,非收支,50400.0,,,,50400.0,,50400.0,
N10,大觀,111,附表三,保全-決算數,非收支,60000.0,50400.0,9600.0,0.19047619047619047,55200.0,6788.2250993908565,55200.0,0.7071067811865475
N10,大觀,112,附表三,保全-決算數,非收支,59955.0,60000.0,-45.0,-0.00075,56785.0,5529.617979571464,56785.0,0.5732764924649767
N10,大觀,111,附表三,保險費-執行率,非收支,86.0,,,,86.0,,86.0,
N10,大觀,112,附表三,保險費-執行率,非收支,64.0,86.0,-22.0,-0.2558139534883721,75.0,15.556349186104045,75.0,-0.7071067811865476
N10,大觀,113,附表三,保險費-執行率,非收支,70.0,64.0,6.0,0.09375,73.33333333333333,11.372481406154654,73.33333333333333,-0.2931051908802742
N10,大觀,111,附表三,保險費-決算數,非收支,11200.0,,,,11200.0,,11200.0,
N10,大觀,112,附表三,保險費-決算數,非收支,8352.0,11200.0,-2848.0,-0.2542857142857143,9776.0,2013.8401128192872,9776.0,-0.7071067811865476
N10,大觀,113,附表三,保險費-決算數,非收支,9099.0,8352.0,747.0,0.0894396551724138,9550.333333333334,1476.66933784559,9550.333333333334,-0.3056427879729756
N10,大觀,111,附表三,修繕費-執行率,非收支,32.0,,,,32.0,,32.0,
N10,大觀,112,附表三,修繕費-執行率,非收支,11.0,32.0,-21.0,-0.65625,21.5,14.849242404917497,21.5,-0.7071067811865476
N10,大觀,111,附表三,修繕費-決算數,非收支,35220.0,,,,35220.0,,35220.0,
N10,大觀,112,附表三,修繕費-決算數,非收支,12480.0,35220.0,-22740.0,-0.645655877342419,23850.0,16079.60820418209,23850.0,-0.7071067811865476
N10,大觀,110,附表三,修繕購置費-執行率,非收支,149.0,,,,149.0,,149.0,
N10,大觀,111,附表三,修繕購置費-執行率,非收支,98.0,149.0,-51.0,-0.3422818791946309,123.5,36.062445840513924,123.5,-0.7071067811865476
N10,大觀,112,附表三,修繕購置費-執行率,非收支,92.0,98.0,-6.0,-0.061224489795918366,113.0,31.32091952673165,113.0,-0.6704783996548059
N10,大觀,110,附表三,修繕購置費-決算數,非收支,221493.0,,,,221493.0,,221493.0,
N10,大觀,111,附表三,修繕購置費-決算數,非收支,145300.0,221493.0,-76193.0,-0.343997327229303,183396.5,53876.586978946616,183396.5,-0.7071067811865476
N10,大觀,112,附表三,修繕購置費-決算數,非收支,136372.0,145300.0,-8928.0,-0.06144528561596697,167721.66666666666,46780.81350653634,167721.66666666666,-0.670139407949509
N10,大觀,111,附表三,健康檢查-執行率,非收支,113.0,,,,113.0,,113.0,
N10,大觀,112,附表三,健康檢查-執行率,非收支,37.0,113.0,-76.0,-0.672566371681416,75.0,53.74011537017761,75.0,-0.7071067811865475
N10,大觀,113,附表三,健康檢查-執行率,非收支,400.0,37.0,363.0,9.81081081081081,183.33333333333334,191.44799119691316,183.33333333333334,1.131725986321867
N10,大觀,111,附表三,健康檢查-決算數,非收支,1130.0,,,,1130.0,,1130.0,
N10,大觀,112,附表三,健康檢查-決算數,非收支,4800.0,1130.0,3670.0,3.247787610619469,2965.0,2595.081886954629,2965.0,0.7071067811865476
N10,大觀,113,附表三,健康檢查-決算數,非收支,4000.0,4800.0,-800.0,-0.16666666666666666,3310.0,1929.8445533254744,3310.0,0.357541750609397
N10,大觀,110,附表三,其他支出-執行率,非收支,,,,,,,,
N10,大觀,111,附表三,其他支出-執行率,非收支,,,,,,,,
N10,大觀,112,附表三,其他支出-執行率,非收支,,,,,,,,
N10,大觀,110,附表三,其他支出-決算數,非收支,2285746.0,,,,2285746.0,,2285746.0,
N10,大觀,111,附表三,其他支出-決算數,非收支,2400857.0,2285746.0,115111.0,0.050360363749952966,2343301.5,81395.76868916467,2343301.5,0.7071067811865475
N10,大觀,112,附表三,其他支出-決算數,非收支,3996023.0,2400857.0,1595166.0,0.664415248388388,2894208.6666666665,955933.4466553273,2894208.6666666665,1.1526056936164566
N10,大觀,111,附表三,其他收入-執行率,非收支,,,,,,,,
N10,大觀,112,附表三,其他收入-執行率,非收支,,,,,,,,
N10,大觀,113,附表三,其他收入-執行率,非收支,,,,,,,,
N10,大觀,111,附表三,其他收入-決算數,非收支,2400857.0,,,,2400857.0,,2400857.0,
N10,大觀,112,附表三,其他收入-決算數,非收支,3996023.0,2400857.0,1595166.0,0.664415248388388,3198440.0,1127952.6957182202,3198440.0,0.7071067811865476
N10,大觀,113,附表三,其他收入-決算數,非收支,101241.0,3996023.0,-3894782.0,-0.9746645602390176,2166040.3333333335,1957980.0451203105,2166040.3333333335,-1.0545558615263924
N10,大觀,111,附表三,利息收入-執行率,非收支,,,,,,,,
N10,大觀,112,附表三,利息收入-執行率,非收支,,,,,,,,
N10,大觀,113,附表三,利息收入-執行率,非收支,,,,,,,,
N10,大觀,111,附表三,利息收入-決算數,非收支,53302.0,,,,53302.0,,53302.0,
N10,大觀,112,附表三,利息收入-決算數,非收支,84148.0,53302.0,30846.0,0.5787024877115305,68725.0,21811.415772480246,68725.0,0.7071067811865475
N10,大觀,113,附表三,利息收入-決算數,非收支,101241.0,84148.0,17093.0,0.20313019917288586,79563.66666666667,24296.069935965636,79563.66666666667,0.8922156295427939
N10,大觀,111,附表三,加班費-執行率,非收支,45.0,,,,45.0,,45.0,
N10,大觀,112,附表三,加班費-執行率,非收支,44.0,45.0,-1.0,-0.022222222222222223,44.5,0.7071067811865476,44.5,-0.7071067811865475
N10,大觀,113,附表三,加班費-執行率,非收支,66.0,44.0,22.0,0.5,51.666666666666664,12.423096769056151,51.666666666666664,1.153764926715798
N10,大觀,111,附表三,加班費-決算數,非收支,330120.0,,,,330120.0,,330120.0,
N10,大觀,112,附表三,加班費-決算數,非收支,331326.0,330120.0,1206.0,0.003653217011995638,330723.0,852.7707781109763,330723.0,0.7071067811865476
N10,大觀,113,附表三,加班費-決算數,非收支,501810.0,331326.0,170484.0,0.514550623856866,387752.0,98778.96604034687,387752.0,1.1546790229957693
N10,大觀,111,附表三,勞、健保費-執行率,非收支,85.0,,,,85.0,,85.0,
N10,大觀,112,附表三,勞、健保費-執行率,非收支,85.0,85.0,0.0,0.0,85.0,0.0,85.0,
N10,大觀,113,附表三,勞、健保費-執行率,非收支,87.0,85.0,2.0,0.023529411764705882,85.66666666666667,1.1547005383792495,85.66666666666667,1.1547005383792495
N10,大觀,111,附表三,勞、健保費-決算數,非收支,788883.0,,,,788883.0,,788883.0,
N10,大觀,112,附表三,勞、健保費-決算數,非收支,807029.0,788883.0,18146.0,0.023002143537127814,797956.0,12831.159651411092,797956.0,0.7071067811865475
N10,大觀,113,附表三,勞、健保費-決算數,非收支,843294.0,807029.0,36265.0,0.0449364273154992,813068.6666666666,27703.74361586055,813068.6666666666,1.0910198185644917
N10,大觀,111,附表三,勞退金提撥-執行率,非收支,100.0,,,,100.0,,100.0,
N10,大觀,112,附表三,勞退金提撥-執行率,非收支,95.0,100.0,-5.0,-0.05,97.5,3.5355339059327378,97.5,-0.7071067811865475
N10,大觀,113,附表三,勞退金提撥-執行率,非收支,92.0,95.0,-3.0,-0.031578947368421054,95.66666666666667,4.041451884327382,95.66666666666667,-0.9072647087265555
N10,大觀,111,附表三,勞退金提撥-決算數,非收支,393012.0,,,,393012.0,,393012.0,
N10,大觀,112,附表三,勞退金提撥-決算數,非收支,380150.0,393012.0,-12862.0,-0.032726736079305464,386581.0,9094.807419621375,386581.0,-0.7071067811865475
N10,大觀,113,附表三,勞退金提撥-決算數,非收支,376679.0,380150.0,-3471.0,-0.009130606339602788,383280.3333333333,8604.705824915412,383280.3333333333,-0.7671771083932678
N10,大觀,110,附表三,園務特支-執行率,非收支,88.0,,,,88.0,,88.0,
N10,大觀,111,附表三,園務特支-執行率,非收支,118.0,88.0,30.0,0.3409090909090909,103.0,21.213203435596427,103.0,0.7071067811865475
N10,大觀,112,附表三,園務特支-執行率,非收支,89.0,118.0,-29.0,-0.2457627118644068,98.33333333333333,17.03917055884274,98.33333333333333,-0.5477574921327172
N10,大觀,110,附表三,園務特支-決算數,非收支,36983.0,,,,36983.0,,36983.0,
N10,大觀,111,附表三,園務特支-決算數,非收支,49611.0,36983.0,12628.0,0.34145418165102887,43297.0,8929.344432823722,43297.0,0.7071067811865476
N10,大觀,112,附表三,園務特支-決算數,非收支,37502.0,49611.0,-12109.0,-0.24407893410735523,41365.333333333336,7145.670320784002,41365.333333333336,-0.5406537329460034
N10,大觀,110,附表三,園舍消毒、清潔-執行率,非收支,71.0,,,,71.0,,71.0,
N10,大觀,111,附表三,園舍消毒、清潔-執行率,非收支,105.0,71.0,34.0,0.4788732394366197,88.0,24.041630560342615,88.0,0.7071067811865476
N10,大觀,112,附表三,園舍消毒、清潔-執行率,非收支,100.0,105.0,-5.0,-0.047619047619047616,92.0,18.35755975068582,92.0,0.43578776856227464
N10,大觀,110,附表三,園舍消毒、清潔-決算數,非收支,17750.0,,,,17750.0,,17750.0,
N10,大觀,111,附表三,園舍消毒、清潔-決算數,非收支,26250.0,17750.0,8500.0,0.4788732394366197,22000.0,6010.407640085654,22000.0,0.7071067811865476
N10,大觀,112,附表三,園舍消毒、清潔-決算數,非收支,25000.0,26250.0,-1250.0,-0.047619047619047616,23000.0,4589.389937671454,23000.0,0.4357877685622747
N10,大觀,112,附表三,園長及教保服務人員薪資(含職務加給)-執行率,非收支,96.0,,,,96.0,,96.0,
N10,大觀,113,附表三,園長及教保服務人員薪資(含職務加給)-執行率,非收支,95.0,96.0,-1.0,-0.010416666666666666,95.5,0.7071067811865476,95.5,-0.7071067811865475
N10,大觀,112,附表三,園長及教保服務人員薪資(含職務加給)-決算數,非收支,5946584.0,,,,5946584.0,,5946584.0,
N10,大觀,113,附表三,園長及教保服務人員薪資(含職務加給)-決算數,非收支,6050836.0,5946584.0,104252.0,0.017531409629461217,5998710.0,73717.29615225995,5998710.0,0.7071067811865476
N10,大觀,111,附表三,園長及教保服務人員薪資（含職務加給）-執行率,非收支,97.0,,,,97.0,,97.0,
N10,大觀,111,附表三,園長及教保服務人員薪資（含職務加給）-決算數,非收支,5855222.0,,,,5855222.0,,5855222.0,
N10,大觀,110,附表三,差旅費-執行率,非收支,,,,,,,,
N10,大觀,111,附表三,差旅費-執行率,非收支,,,,,,,,
N10,大觀,112,附表三,差旅費-執行率,非收支,1.0,,,,1.0,,1.0,
N10,大觀,110,附表三,差旅費-決算數,非收支,,,,,,,,
N10,大觀,111,附表三,差旅費-決算數,非收支,90.0,,,,90.0,,90.0,
N10,大觀,112,附表三,差旅費-決算數,非收支,320.0,90.0,230.0,2.5555555555555554,205.0,162.63455967290594,205.0,0.7071067811865475
N10,大觀,110,附表三,延後托育支出-執行率,非收支,,,,,,,,
N10,大觀,111,附表三,延後托育支出-執行率,非收支,,,,,,,,
N10,大觀,110,附表三,延後托育支出-決算數,非收支,325602.0,,,,325602.0,,325602.0,
N10,大觀,111,附表三,延後托育支出-決算數,非收支,320239.0,325602.0,-5363.0,-0.01647102904773312,322920.5,3792.2136675034544,322920.5,-0.7071067811865475
N10,大觀,111,附表三,延後托育收入-執行率,非收支,,,,,,,,
N10,大觀,111,附表三,延後托育收入-決算數,非收支,332815.0,,,,332815.0,,332815.0,
N10,大觀,111,附表三,延後托育收入淨額-執行率,非收支,,,,,,,,
N10,大觀,111,附表三,延後托育收入淨額-執行率,非收支,,,,,,,,
N10,大觀,111,附表三,延後托育收入淨額-決算數,非收支,332815.0,,,,332815.0,,332815.0,
N10,大觀,111,附表三,延後托育收入淨額-決算數,非收支,332815.0,,,,332815.0,0.0,332815.0,
N10,大觀,112,附表三,延長照顧服務支出-執行率,非收支,,,,,,,,
N10,大觀,112,附表三,延長照顧服務支出-決算數,非收支,334160.0,,,,334160.0,,334160.0,
N10,大觀,112,附表三,延長照顧服務收入-執行率,非收支,,,,,,,,
N10,大觀,113,附表三,延長照顧服務收入-執行率,非收支,,,,,,,,
N10,大觀,112,附表三,延長照顧服務收入-決算數,非收支,355755.0,,,,355755.0,,355755.0,
N10,大觀,113,附表三,延長照顧服務收入-決算數,非收支,186155.0,355755.0,-169600.0,-0.4767325828168262,270955.0,119925.31008923845,270955.0,-0.7071067811865476
N10,大觀,112,附表三,延長照顧服務收入淨額-執行率,非收支,,,,,,,,
N10,大觀,112,附表三,延長照顧服務收入淨額-執行率,非收支,,,,,,,,
N10,大觀,113,附表三,延長照顧服務收入淨額-執行率,非收支,,,,,,,,
N10,大觀,113,附表三,延長照顧服務收入淨額-執行率,非收支,,,,,,,,
N10,大觀,113,附表三,延長照顧服務收入淨額-執行率,非收支,,,,,,,,
N10,大觀,113,附表三,延長照顧服務收入淨額-執行率,非收支,,,,,,,,
N10,大觀,112,附表三,延長照顧服務收入淨額-決算數,非收支,334160.0,,,,334160.0,,334160.0,
N10,大觀,112,附表三,延長照顧服務收入淨額-決算數,非收支,334160.0,,,,334160.0,0.0,334160.0,
N10,大觀,113,附表三,延長照顧服務收入淨額-決算數,非收支,180695.0,334160.0,-153465.0,-0.45925604500837924,283005.0,88603.05906118592,283005.0,-1.1547005383792515
N10,大觀,113,附表三,延長照顧服務收入淨額-決算數,非收支,180695.0,334160.0,-153465.0,-0.45925604500837924,257427.5,88603.05906118592,231850.0,-0.8660254037844386
N10,大觀,113,附表三,延長照顧服務收入淨額-決算數,非收支,180695.0,334160.0,-153465.0,-0.45925604500837924,242081.0,84056.24228753032,180695.0,-0.7302967433402215
N10,大觀,113,附表三,延長照顧服務收入淨額-決算數,非收支,180695.0,334160.0,-153465.0,-0.45925604500837924,231850.0,79248.98523009616,180695.0,-0.6454972243679028
N10,大觀,112,附表三,延長照顧服務收入退費-執行率,非收支,,,,,,,,
N10,大觀,113,附表三,延長照顧服務收入退費-執行率,非收支,,,,,,,,
N10,大觀,112,附表三,延長照顧服務收入退費-決算數,非收支,-21595.0,,,,-21595.0,,-21595.0,
N10,大觀,113,附表三,延長照顧服務收入退費-決算數,非收支,-5460.0,-21595.0,16135.0,0.747163695299838,-13527.5,11409.167914444944,-13527.5,0.7071067811865475
N10,大觀,110,附表三,所得稅費用-執行率,非收支,,,,,,,,
N10,大觀,111,附表三,所得稅費用-執行率,非收支,,,,,,,,
N10,大觀,112,附表三,所得稅費用-執行率,非收支,,,,,,,,
N10,大觀,110,附表三,所得稅費用-決算數,非收支,21399.0,,,,21399.0,,21399.0,
N10,大觀,111,附表三,所得稅費用-決算數,非收支,,21399.0,,,21399.0,,21399.0,
N10,大觀,112,附表三,所得稅費用-決算數,非收支,,,,,21399.0,,21399.0,
N10,大觀,110,附表三,攝影照片-執行率,非收支,,,,,,,,
N10,大觀,111,附表三,攝影照片-執行率,非收支,,,,,,,,
N10,大觀,112,附表三,攝影照片-執行率,非收支,100.0,,,,100.0,,100.0,
N10,大觀,110,附表三,攝影照片-決算數,非收支,,,,,,,,
N10,大觀,111,附表三,攝影照片-決算數,非收支,,,,,,,,
N10,大觀,112,附表三,攝影照片-決算數,非收支,10000.0,,,,10000.0,,10000.0,
N10,大觀,111,附表三,支出-執行率,非收支,118.0,,,,118.0,,118.0,
N10,大觀,112,附表三,支出-執行率,非收支,125.0,118.0,7.0,0.059322033898305086,121.5,4.949747468305833,121.5,0.7071067811865476
N10,大觀,113,附表三,支出-執行率,非收支,137.0,125.0,12.0,0.096,126.66666666666667,9.609023536933048,126.66666666666667,1.075378085360738
N10,大觀,111,附表三,支出-決算數,非收支,14918437.0,,,,14918437.0,,14918437.0,
N10,大觀,112,附表三,支出-決算數,非收支,16015406.0,14918437.0,1096969.0,0.073531094443741,15466921.5,775674.2186514259,15466921.5,0.7071067811865475
N10,大觀,113,附表三,支出-決算數,非收支,18076343.0,16015406.0,2060937.0,0.12868465526256406,16336728.666666666,1603286.8640060436,16336728.666666666,1.0850299920668323
N10,大觀,111,附表三,收入-執行率,非收支,117.0,,,,117.0,,117.0,
N10,大觀,112,附表三,收入-執行率,非收支,129.0,117.0,12.0,0.10256410256410256,123.0,8.48528137423857,123.0,0.7071067811865476
N10,大觀,113,附表三,收入-執行率,非收支,132.0,129.0,3.0,0.023255813953488372,126.0,7.937253933193772,126.0,0.7559289460184544
N10,大觀,111,附表三,收入-決算數,非收支,15112403.0,,,,15112403.0,,15112403.0,
N10,大觀,112,附表三,收入-決算數,非收支,16776062.0,15112403.0,1663659.0,0.1100856693670755,15944232.5,1176384.5604820305,15944232.5,0.7071067811865475
N10,大觀,113,附表三,收入-決算數,非收支,17552976.0,16776062.0,776914.0,0.04631086842669036,16480480.333333334,1246846.2348398592,16480480.333333334,0.8601667444618092
N10,大觀,111,附表三,政府學費差額補助退費-執行率,非收支,,,,,,,,
N10,大觀,112,附表三,政府學費差額補助退費-執行率,非收支,,,,,,,,
N10,大觀,113,附表三,政府學費差額補助退費-執行率,非收支,,,,,,,,
N10,大觀,111,附表三,政府學費差額補助退費-決算數,非收支,-15350.0,,,,-15350.0,,-15350.0,
N10,大觀,112,附表三,政府學費差額補助退費-決算數,非收支,-4676.0,-15350.0,10674.0,0.6953745928338763,-10013.0,7547.6577823852085,-10013.0,0.7071067811865475
N10,大觀,113,附表三,政府學費差額補助退費-決算數,非收支,,-4676.0,,,-10013.0,7547.6577823852085,-10013.0,
N10,大觀,110,附表三,教保材料費-執行率,非收支,59.0,,,,59.0,,59.0,
N10,大觀,111,附表三,教保材料費-執行率,非收支,85.0,59.0,26.0,0.4406779661016949,72.0,18.384776310850235,72.0,0.7071067811865476
N10,大觀,112,附表三,教保材料費-執行率,非收支,54.0,85.0,-31.0,-0.36470588235294116,66.0,16.64331697709324,66.0,-0.7210101217513316
N10,大觀,110,附表三,教保材料費-決算數,非收支,150945.0,,,,150945.0,,150945.0,
N10,大觀,111,附表三,教保材料費-決算數,非收支,215060.0,150945.0,64115.0,0.42475736195302927,183002.5,45336.1512757755,183002.5,0.7071067811865475
N10,大觀,112,附表三,教保材料費-決算數,非收支,138595.0,215060.0,-76465.0,-0.3555519389937692,168200.0,41049.05997705672,168200.0,-0.7212101815863001
N10,大觀,112,附表三,教保費收入(家長繳費)-執行率,非收支,60.0,,,,60.0,,60.0,
N10,大觀,113,附表三,教保費收入(家長繳費)-執行率,非收支,50.0,60.0,-10.0,-0.16666666666666666,55.0,7.0710678118654755,55.0,-0.7071067811865475
N10,大觀,112,附表三,教保費收入(家長繳費)-決算數,非收支,1537467.0,,,,1537467.0,,1537467.0,
N10,大觀,113,附表三,教保費收入(家長繳費)-決算數,非收支,1200000.0,1537467.0,-337467.0,-0.2194954428290168,1368733.5,238625.20412668062,1368733.5,-0.7071067811865476
N10,大觀,112,附表三,教保費收入(政府學費差額補助)-執行率,非收支,105.0,,,,105.0,,105.0,
N10,大觀,113,附表三,教保費收入(政府學費差額補助)-執行率,非收支,111.0,105.0,6.0,0.05714285714285714,108.0,4.242640687119285,108.0,0.7071067811865476
N10,大觀,112,附表三,教保費收入(政府學費差額補助)-決算數,非收支,10938816.0,,,,10938816.0,,10938816.0,
N10,大觀,113,附表三,教保費收入(政府學費差額補助)-決算數,非收支,12054220.0,10938816.0,1115404.0,0.10196752555303974,11496518.0,788709.7321625998,11496518.0,0.7071067811865476
N10,大觀,111,附表三,教保費收入-執行率,非收支,96.0,,,,96.0,,96.0,
N10,大觀,112,附表三,教保費收入-執行率,非收支,96.0,96.0,0.0,0.0,96.0,0.0,96.0,
N10,大觀,113,附表三,教保費收入-執行率,非收支,100.0,96.0,4.0,0.041666666666666664,97.33333333333333,2.309401076758505,97.33333333333333,1.1547005383792526
N10,大觀,111,附表三,教保費收入-決算數,非收支,12450187.0,,,,12450187.0,,12450187.0,
N10,大觀,112,附表三,教保費收入-決算數,非收支,12476283.0,12450187.0,26096.0,0.0020960327744474843,12463235.0,18452.658561844146,12463235.0,0.7071067811865475
N10,大觀,113,附表三,教保費收入-決算數,非收支,13254220.0,12476283.0,777937.0,0.06235326659390461,12726896.666666666,456861.76652498904,12726896.666666666,1.1542295109181364
N10,大觀,111,附表三,教保費收入淨額-執行率,非收支,95.0,,,,95.0,,95.0,
N10,大觀,112,附表三,教保費收入淨額-執行率,非收支,95.0,95.0,0.0,0.0,95.0,0.0,95.0,
N10,大觀,113,附表三,教保費收入淨額-執行率,非收支,99.0,95.0,4.0,0.042105263157894736,96.33333333333333,2.309401076758505,96.33333333333333,1.1547005383792526
N10,大觀,111,附表三,教保費收入淨額-決算數,非收支,12325429.0,,,,12325429.0,,12325429.0,
N10,大觀,112,附表三,教保費收入淨額-決算數,非收支,12361731.0,12325429.0,36302.0,0.0029452930198210544,12343580.0,25669.39037063405,12343580.0,0.7071067811865475
N10,大觀,113,附表三,教保費收入淨額-決算數,非收支,13218109.0,12361731.0,856378.0,0.06927654387561095,12635089.666666666,505235.70349029533,12635089.666666666,1.1539551328334274
N10,大觀,111,附表三,教保費收入減項-執行率,非收支,,,,,,,,
N10,大觀,112,附表三,教保費收入減項-執行率,非收支,,,,,,,,
N10,大觀,113,附表三,教保費收入減項-執行率,非收支,,,,,,,,
N10,大觀,111,附表三,教保費收入減項-決算數,非收支,-124758.0,,,,-124758.0,,-124758.0,
N10,大觀,112,附表三,教保費收入減項-決算數,非收支,-114552.0,-124758.0,10206.0,0.08180637714615496,-119655.0,7216.731808789904,-119655.0,0.7071067811865476
N10,大觀,113,附表三,教保費收入減項-決算數,非收支,-36111.0,-114552.0,78441.0,0.6847632516237168,-91807.0,48503.33927679619,-91807.0,1.1482920728850672
N10,大觀,111,附表三,教保費收入（家長繳費）-執行率,非收支,63.0,,,,63.0,,63.0,
N10,大觀,111,附表三,教保費收入（家長繳費）-決算數,非收支,1608547.0,,,,1608547.0,,1608547.0,
N10,大觀,111,附表三,教保費收入（政府學費差額補助）-執行率,非收支,104.0,,,,104.0,,104.0,
N10,大觀,111,附表三,教保費收入（政府學費差額補助）-決算數,非收支,10841640.0,,,,10841640.0,,10841640.0,
N10,大觀,110,附表三,文宣費(一般文宣)-執行率,非收支,100.0,,,,100.0,,100.0,
N10,大觀,112,附表三,文宣費(一般文宣)-執行率,非收支,100.0,,,,100.0,0.0,100.0,
N10,大觀,110,附表三,文宣費(一般文宣)-決算數,非收支,10000.0,,,,10000.0,,10000.0,
N10,大觀,112,附表三,文宣費(一般文宣)-決算數,非收支,10000.0,,,,10000.0,0.0,10000.0,
N10,大觀,112,附表三,文宣費(園刊)-執行率,非收支,100.0,,,,100.0,,100.0,
N10,大觀,112,附表三,文宣費(園刊)-決算數,非收支,30000.0,,,,30000.0,,30000.0,
N10,大觀,110,附表三,文宣費(圖刊)-執行率,非收支,100.0,,,,100.0,,100.0,
N10,大觀,110,附表三,文宣費(圖刊)-決算數,非收支,35035.0,,,,35035.0,,35035.0,
N10,大觀,111,附表三,文宣費（一般文宣）-執行率,非收支,67.0,,,,67.0,,67.0,
N10,大觀,111,附表三,文宣費（一般文宣）-決算數,非收支,6712.0,,,,6712.0,,6712.0,
N10,大觀,111,附表三,文宣費（園刊）-執行率,非收支,80.0,,,,80.0,,80.0,
N10,大觀,111,附表三,文宣費（園刊）-決算數,非收支,24130.0,,,,24130.0,,24130.0,
N10,大觀,110,附表三,日常消耗用品-執行率,非收支,56.0,,,,56.0,,56.0,
N10,大觀,111,附表三,日常消耗用品-執行率,非收支,61.0,56.0,5.0,0.08928571428571429,58.5,3.5355339059327378,58.5,0.7071067811865475
N10,大觀,112,附表三,日常消耗用品-執行率,非收支,74.0,61.0,13.0,0.21311475409836064,63.666666666666664,9.29157324317757,63.666666666666664,1.1121188051679718
N10,大觀,110,附表三,日常消耗用品-決算數,非收支,35619.0,,,,35619.0,,35619.0,
N10,大觀,111,附表三,日常消耗用品-決算數,非收支,39086.0,35619.0,3467.0,0.09733569162525618,37352.5,2451.5392103737604,37352.5,0.7071067811865475
N10,大觀,112,附表三,日常消耗用品-決算數,非收支,47060.0,39086.0,7974.0,0.20401166658138464,40588.333333333336,5866.5896680553105,40588.333333333336,1.1031394784445403
N10,大觀,111,附表三,會計、總務、廚工、清潔薪資-執行率,非收支,98.0,,,,98.0,,98.0,
N10,大觀,112,附表三,會計、總務、廚工、清潔薪資-執行率,非收支,99.0,98.0,1.0,0.01020408163265306,98.5,0.7071067811865476,98.5,0.7071067811865475
N10,大觀,113,附表三,會計、總務、廚工、清潔薪資-執行率,非收支,100.0,99.0,1.0,0.010101010101010102,99.0,1.0,99.0,1.0
N10,大觀,111,附表三,會計、總務、廚工、清潔薪資-決算數,非收支,1257564.0,,,,1257564.0,,1257564.0,
N10,大觀,112,附表三,會計、總務、廚工、清潔薪資-決算數,非收支,1303668.0,1257564.0,46104.0,0.03666135480977509,1280616.0,32600.451039824587,1280616.0,0.7071067811865475
N10,大觀,113,附表三,會計、總務、廚工、清潔薪資-決算數,非收支,1330553.0,1303668.0,26885.0,0.02062258182297947,1297261.6666666667,36913.809886454845,1297261.6666666667,0.9018666302864928
N10,大觀,110,附表三,本期稅前餘絀-執行率,非收支,-45.0,,,,-45.0,,-45.0,
N10,大觀,111,附表三,本期稅前餘絀-執行率,非收支,59.0,-45.0,104.0,2.311111111111111,7.0,73.53910524340094,7.0,0.7071067811865476
N10,大觀,112,附表三,本期稅前餘絀-執行率,非收支,755.0,59.0,696.0,11.796610169491526,256.3333333333333,434.9773940486256,256.3333333333333,1.1464197300582506
N10,大觀,110,附表三,本期稅前餘絀-決算數,非收支,188742.0,,,,188742.0,,188742.0,
N10,大觀,111,附表三,本期稅前餘絀-決算數,非收支,193966.0,188742.0,5224.0,0.02767799429909612,191354.0,3693.925824918524,191354.0,0.7071067811865476
N10,大觀,112,附表三,本期稅前餘絀-決算數,非收支,760656.0,193966.0,566690.0,2.9215945062536735,381121.3333333333,328697.0412786421,381121.3333333333,1.1546640796955903
N10,大觀,110,附表三,本期稅後餘絀-執行率,非收支,-40.0,,,,-40.0,,-40.0,
N10,大觀,111,附表三,本期稅後餘絀-執行率,非收支,59.0,-40.0,99.0,2.475,9.5,70.0035713374682,9.5,0.7071067811865476
N10,大觀,112,附表三,本期稅後餘絀-執行率,非收支,755.0,59.0,696.0,11.796610169491526,258.0,433.2516589697032,258.0,1.1471392889340433
N10,大觀,110,附表三,本期稅後餘絀-決算數,非收支,167343.0,,,,167343.0,,167343.0,
N10,大觀,111,附表三,本期稅後餘絀-決算數,非收支,193966.0,167343.0,26623.0,0.1590924030285103,180654.5,18825.303835529456,180654.5,0.7071067811865475
N10,大觀,112,附表三,本期稅後餘絀-決算數,非收支,760656.0,193966.0,566690.0,2.9215945062536735,373988.3333333333,335128.49679836736,373988.3333333333,1.1537892789204025
N10,大觀,110,附表三,材料費-執行率,非收支,85.0,,,,85.0,,85.0,
N10,大觀,111,附表三,材料費-執行率,非收支,100.0,85.0,15.0,0.17647058823529413,92.5,10.606601717798213,92.5,0.7071067811865475
N10,大觀,112,附表三,材料費-執行率,非收支,96.0,100.0,-4.0,-0.04,93.66666666666667,7.767453465154029,93.66666666666667,0.3003987527960116
N10,大觀,110,附表三,材料費-決算數,非收支,1402811.0,,,,1402811.0,,1402811.0,
N10,大觀,111,附表三,材料費-決算數,非收支,1596789.0,1402811.0,193978.0,0.13827807167180753,1499800.0,137163.1592010041,1499800.0,0.7071067811865476
N10,大觀,112,附表三,材料費-決算數,非收支,1539261.0,1596789.0,-57528.0,-0.03602730229228784,1512953.6666666667,99628.92632831758,1512953.6666666667,0.2640531651082935
N10,大觀,110,附表三,業務發展費-執行率,非收支,,,,,,,,
N10,大觀,111,附表三,業務發展費-執行率,非收支,,,,,,,,
N10,大觀,112,附表三,業務發展費-執行率,非收支,,,,,,,,
N10,大觀,110,附表三,業務發展費-決算數,非收支,116000.0,,,,116000.0,,116000.0,
N10,大觀,111,附表三,業務發展費-決算數,非收支,570000.0,116000.0,454000.0,3.913793103448276,343000.0,321026.47865869256,343000.0,0.7071067811865476
N10,大觀,112,附表三,業務發展費-決算數,非收支,176650.0,570000.0,-393350.0,-0.6900877192982456,287550.0,246481.45467762885,287550.0,-0.4499324305962298
N10,大觀,110,附表三,業務費-執行率,非收支,73.0,,,,73.0,,73.0,
N10,大觀,111,附表三,業務費-執行率,非收支,76.0,73.0,3.0,0.0410958904109589,74.5,2.1213203435596424,74.5,0.7071067811865476
N10,大觀,112,附表三,業務費-執行率,非收支,79.0,76.0,3.0,0.039473684210526314,76.0,3.0,76.0,1.0
N10,大觀,113,附表三,業務費-執行率,非收支,76.0,79.0,-3.0,-0.0379746835443038,76.0,2.449489742783178,77.0,0.0
N10,大觀,110,附表三,業務費-決算數,非收支,584686.0,,,,584686.0,,584686.0,
N10,大觀,111,附表三,業務費-決算數,非收支,607365.0,584686.0,22679.0,0.03878834109248383,596025.5,16036.47469052971,596025.5,0.7071067811865476
N10,大觀,112,附表三,業務費-決算數,非收支,628248.0,607365.0,20883.0,0.034382949297374725,606766.3333333334,21787.169672385917,606766.3333333334,0.9859778479576217
N10,大觀,113,附表三,業務費-決算數,非收支,610060.0,628248.0,-18188.0,-0.028950350816874866,607589.75,17865.2148485075,615224.3333333334,0.13827149692556706
N10,大觀,110,附表三,水費-執行率,非收支,89.0,,,,89.0,,89.0,
N10,大觀,111,附表三,水費-執行率,非收支,38.0,89.0,-51.0,-0.5730337078651685,63.5,36.062445840513924,63.5,-0.7071067811865476
N10,大觀,112,附表三,水費-執行率,非收支,39.0,38.0,1.0,0.02631578947368421,55.333333333333336,29.160475533388226,55.333333333333336,-0.560118894996481
N10,大觀,110,附表三,水費-決算數,非收支,32023.0,,,,32023.0,,32023.0,
N10,大觀,111,附表三,水費-決算數,非收支,12299.0,32023.0,-19724.0,-0.6159322986603378,22161.0,13946.974152123463,22161.0,-0.7071067811865476
N10,大觀,112,附表三,水費-決算數,非收支,12403.0,12299.0,104.0,0.008455972030246362,18908.333333333332,11357.753533746598,18908.333333333332,-0.5727658479297366
N10,大觀,110,附表三,水電修繕-執行率,非收支,17.0,,,,17.0,,17.0,
N10,大觀,110,附表三,水電修繕-決算數,非收支,18965.0,,,,18965.0,,18965.0,
N10,大觀,110,附表三,活動費-執行率,非收支,84.0,,,,84.0,,84.0,
N10,大觀,111,附表三,活動費-執行率,非收支,107.0,84.0,23.0,0.27380952380952384,95.5,16.263455967290593,95.5,0.7071067811865476
N10,大觀,112,附表三,活動費-執行率,非收支,101.0,107.0,-6.0,-0.056074766355140186,97.33333333333333,11.930353445448855,97.33333333333333,0.30733931592491226
N10,大觀,113,附表三,活動費-執行率,非收支,106.0,101.0,5.0,0.04950495049504951,99.5,10.661457061146319,104.66666666666667,0.6096727644937042
N10,大觀,110,附表三,活動費-決算數,非收支,100978.0,,,,100978.0,,100978.0,
N10,大觀,111,附表三,活動費-決算數,非收支,123186.0,100978.0,22208.0,0.21992909346590347,112082.0,15703.427396590847,112082.0,0.7071067811865476
N10,大觀,112,附表三,活動費-決算數,非收支,115741.0,123186.0,-7445.0,-0.06043706265322358,113301.66666666667,11303.166650692776,113301.66666666667,0.21580972914203833
N10,大觀,113,附表三,活動費-決算數,非收支,122048.0,115741.0,6307.0,0.05449235793711822,115488.25,10212.686762878153,120325.0,0.6423138349688621
N10,大觀,110,附表三,火險-執行率,非收支,18.0,,,,18.0,,18.0,
N10,大觀,111,附表三,火險-執行率,非收支,17.0,18.0,-1.0,-0.05555555555555555,17.5,0.7071067811865476,17.5,-0.7071067811865475
N10,大觀,112,附表三,火險-執行率,非收支,17.0,17.0,0.0,0.0,17.333333333333332,0.5773502691896255,17.333333333333332,-0.577350269189624
N10,大觀,110,附表三,火險-決算數,非收支,1476.0,,,,1476.0,,1476.0,
N10,大觀,111,附表三,火險-決算數,非收支,1332.0,1476.0,-144.0,-0.0975609756097561,1404.0,101.82337649086284,1404.0,-0.7071067811865476
N10,大觀,112,附表三,火險-決算數,非收支,1332.0,1332.0,0.0,0.0,1380.0,83.13843876330611,1380.0,-0.5773502691896257
N10,大觀,110,附表三,瓦斯費-執行率,非收支,56.0,,,,56.0,,56.0,
N10,大觀,111,附表三,瓦斯費-執行率,非收支,48.0,56.0,-8.0,-0.14285714285714285,52.0,5.656854249492381,52.0,-0.7071067811865475
N10,大觀,112,附表三,瓦斯費-執行率,非收支,44.0,48.0,-4.0,-0.08333333333333333,49.333333333333336,6.110100926607787,49.333333333333336,-0.8728715609439699
N10,大觀,110,附表三,瓦斯費-決算數,非收支,19199.0,,,,19199.0,,19199.0,
N10,大觀,111,附表三,瓦斯費-決算數,非收支,16195.0,19199.0,-3004.0,-0.1564664826293036,17697.0,2124.1487706843886,17697.0,-0.7071067811865476
N10,大觀,112,附表三,瓦斯費-決算數,非收支,14835.0,16195.0,-1360.0,-0.08397653596789133,16743.0,2233.0141065385146,16743.0,-0.8544504911156463
N10,大觀,110,附表三,研習、進修-執行率,非收支,102.0,,,,102.0,,102.0,
N10,大觀,111,附表三,研習、進修-執行率,非收支,100.0,102.0,-2.0,-0.0196078431372549,101.0,1.4142135623730951,101.0,-0.7071067811865475
N10,大觀,112,附表三,研習、進修-執行率,非收支,100.0,100.0,0.0,0.0,100.66666666666667,1.1547005383792526,100.66666666666667,-0.5773502691896294
N10,大觀,110,附表三,研習、進修-決算數,非收支,26630.0,,,,26630.0,,26630.0,
N10,大觀,111,附表三,研習、進修-決算數,非收支,26000.0,26630.0,-630.0,-0.02365752910251596,26315.0,445.47727214752496,26315.0,-0.7071067811865475
N10,大觀,112,附表三,研習、進修-決算數,非收支,26000.0,26000.0,0.0,0.0,26210.0,363.73066958946424,26210.0,-0.5773502691896257
N10,大觀,110,附表三,維護費-執行率,非收支,27.0,,,,27.0,,27.0,
N10,大觀,111,附表三,維護費-執行率,非收支,44.0,27.0,17.0,0.6296296296296297,35.5,12.020815280171307,35.5,0.7071067811865476
N10,大觀,112,附表三,維護費-執行率,非收支,27.0,44.0,-17.0,-0.38636363636363635,32.666666666666664,9.814954576223638,32.666666666666664,-0.5773502691896255
N10,大觀,110,附表三,維護費-決算數,非收支,38191.0,,,,38191.0,,38191.0,
N10,大觀,111,附表三,維護費-決算數,非收支,62802.0,38191.0,24611.0,0.6444188421355816,50496.5,17402.604991782122,50496.5,0.7071067811865475
N10,大觀,112,附表三,維護費-決算數,非收支,38812.0,62802.0,-23990.0,-0.38199420400624184,46601.666666666664,14033.335680918251,46601.666666666664,-0.5550830425341153
N10,大觀,111,附表三,自強活動-執行率,非收支,100.0,,,,100.0,,100.0,
N10,大觀,112,附表三,自強活動-執行率,非收支,100.0,100.0,0.0,0.0,100.0,0.0,100.0,
N10,大觀,113,附表三,自強活動-執行率,非收支,100.0,100.0,0.0,0.0,100.0,0.0,100.0,
N10,大觀,111,附表三,自強活動-決算數,非收支,13000.0,,,,13000.0,,13000.0,
N10,大觀,112,附表三,自強活動-決算數,非收支,13000.0,13000.0,0.0,0.0,13000.0,0.0,13000.0,
N10,大觀,113,附表三,自強活動-決算數,非收支,13000.0,13000.0,0.0,0.0,13000.0,0.0,13000.0,
N10,大觀,110,附表三,藥品費-執行率,非收支,107.0,,,,107.0,,107.0,
N10,大觀,111,附表三,藥品費-執行率,非收支,88.0,107.0,-19.0,-0.17757009345794392,97.5,13.435028842544403,97.5,-0.7071067811865475
N10,大觀,112,附表三,藥品費-執行率,非收支,91.0,88.0,3.0,0.03409090909090909,95.33333333333333,10.214368964029708,95.33333333333333,-0.424238966557144
N10,大觀,110,附表三,藥品費-決算數,非收支,7905.0,,,,7905.0,,7905.0,
N10,大觀,111,附表三,藥品費-決算數,非收支,6518.0,7905.0,-1387.0,-0.17545857052498418,7211.5,980.7571055057414,7211.5,-0.7071067811865476
N10,大觀,112,附表三,藥品費-決算數,非收支,6770.0,6518.0,252.0,0.038662166308683646,7064.333333333333,738.8615116064263,7064.333333333333,-0.39836062470407485
N10,大觀,110,附表三,行政管理費-執行率,非收支,100.0,,,,100.0,,100.0,
N10,大觀,111,附表三,行政管理費-執行率,非收支,100.0,100.0,0.0,0.0,100.0,0.0,100.0,
N10,大觀,112,附表三,行政管理費-執行率,非收支,100.0,100.0,0.0,0.0,100.0,0.0,100.0,
N10,大觀,110,附表三,行政管理費-決算數,非收支,84736.0,,,,84736.0,,84736.0,
N10,大觀,111,附表三,行政管理費-決算數,非收支,239682.0,84736.0,154946.0,1.8285734516616314,162209.0,109563.3673177308,162209.0,0.7071067811865476
N10,大觀,112,附表三,行政管理費-決算數,非收支,239682.0,239682.0,0.0,0.0,188033.33333333334,89458.11480985575,188033.33333333334,0.5773502691896257
N10,大觀,112,附表三,資產費-執行率,非收支,100.0,,,,100.0,,100.0,
N10,大觀,112,附表三,資產費-決算數,非收支,55694.0,,,,55694.0,,55694.0,
N10,大觀,110,附表三,資遣費-執行率,非收支,100.0,,,,100.0,,100.0,
N10,大觀,111,附表三,資遣費-執行率,非收支,100.0,100.0,0.0,0.0,100.0,0.0,100.0,
N10,大觀,110,附表三,資遣費-決算數,非收支,48907.0,,,,48907.0,,48907.0,
N10,大觀,111,附表三,資遣費-決算數,非收支,54462.0,48907.0,5555.0,0.11358292269000347,51684.5,3927.9781694912713,51684.5,0.7071067811865476
N10,大觀,113,附表三,資遺費-執行率,非收支,100.0,,,,100.0,,100.0,
N10,大觀,113,附表三,資遺費-決算數,非收支,56926.0,,,,56926.0,,56926.0,
N10,大觀,111,附表三,轉學/轉出退費-執行率,非收支,,,,,,,,
N10,大觀,112,附表三,轉學/轉出退費-執行率,非收支,,,,,,,,
N10,大觀,113,附表三,轉學/轉出退費-執行率,非收支,,,,,,,,
N10,大觀,111,附表三,轉學/轉出退費-決算數,非收支,-10000.0,,,,-10000.0,,-10000.0,
N10,大觀,112,附表三,轉學/轉出退費-決算數,非收支,-25218.0,-10000.0,-15218.0,-1.5218,-17609.0,10760.75099609688,-17609.0,-0.7071067811865476
N10,大觀,113,附表三,轉學/轉出退費-決算數,非收支,-13443.0,-25218.0,11775.0,0.466928384487271,-16220.333333333334,7980.104406167462,-16220.333333333334,0.3480322050908079
N10,大觀,110,附表三,辦公文具-執行率,非收支,68.0,,,,68.0,,68.0,
N10,大觀,111,附表三,辦公文具-執行率,非收支,81.0,68.0,13.0,0.19117647058823528,74.5,9.192388155425117,74.5,0.7071067811865476
N10,大觀,112,附表三,辦公文具-執行率,非收支,100.0,81.0,19.0,0.2345679012345679,83.0,16.09347693943108,83.0,1.0563286022020402
N10,大觀,110,附表三,辦公文具-決算數,非收支,16286.0,,,,16286.0,,16286.0,
N10,大觀,111,附表三,辦公文具-決算數,非收支,19398.0,16286.0,3112.0,0.19108436694093087,17842.0,2200.516303052536,17842.0,0.7071067811865475
N10,大觀,112,附表三,辦公文具-決算數,非收支,24013.0,19398.0,4615.0,0.23791112485823282,19899.0,3887.786388164864,19899.0,1.0581857101315473
N10,大觀,110,附表三,郵資-執行率,非收支,42.0,,,,42.0,,42.0,
N10,大觀,111,附表三,郵資-執行率,非收支,41.0,42.0,-1.0,-0.023809523809523808,41.5,0.7071067811865476,41.5,-0.7071067811865475
N10,大觀,112,附表三,郵資-執行率,非收支,40.0,41.0,-1.0,-0.024390243902439025,41.0,1.0,41.0,-1.0
N10,大觀,110,附表三,郵資-決算數,非收支,3491.0,,,,3491.0,,3491.0,
N10,大觀,111,附表三,郵資-決算數,非收支,3480.0,3491.0,-11.0,-0.003150959610426812,3485.5,7.7781745930520225,3485.5,-0.7071067811865476
N10,大觀,112,附表三,郵資-決算數,非收支,3346.0,3480.0,-134.0,-0.038505747126436785,3439.0,80.72793816269557,3439.0,-1.152017530939188
N10,大觀,110,附表三,雜支-執行率,非收支,18.0,,,,18.0,,18.0,
N10,大觀,111,附表三,雜支-執行率,非收支,9.0,18.0,-9.0,-0.5,13.5,6.363961030678928,13.5,-0.7071067811865476
N10,大觀,112,附表三,雜支-執行率,非收支,4.0,9.0,-5.0,-0.5555555555555556,10.333333333333334,7.094598884597588,10.333333333333334,-0.8926978728963852
N10,大觀,110,附表三,雜支-決算數,非收支,8683.0,,,,8683.0,,8683.0,
N10,大觀,111,附表三,雜支-決算數,非收支,4422.0,8683.0,-4261.0,-0.4907290107105839,6552.5,3012.981994635879,6552.5,-0.7071067811865476
N10,大觀,112,附表三,雜支-決算數,非收支,1982.0,4422.0,-2440.0,-0.5517865219357757,5029.0,3391.4874317915437,5029.0,-0.8984258562887939
N10,大觀,112,附表三,電話費(含ADSL)-執行率,非收支,82.0,,,,82.0,,82.0,
N10,大觀,112,附表三,電話費(含ADSL)-決算數,非收支,44363.0,,,,44363.0,,44363.0,
N10,大觀,110,附表三,電話費(含網路)-執行率,非收支,82.0,,,,82.0,,82.0,
N10,大觀,110,附表三,電話費(含網路)-決算數,非收支,44027.0,,,,44027.0,,44027.0,
N10,大觀,111,附表三,電話費（含網路）-執行率,非收支,73.0,,,,73.0,,73.0,
N10,大觀,111,附表三,電話費（含網路）-決算數,非收支,39313.0,,,,39313.0,,39313.0,
N10,大觀,110,附表三,電費-執行率,非收支,57.0,,,,57.0,,57.0,
N10,大觀,111,附表三,電費-執行率,非收支,68.0,57.0,11.0,0.19298245614035087,62.5,7.7781745930520225,62.5,0.7071067811865476
N10,大觀,112,附表三,電費-執行率,非收支,66.0,68.0,-2.0,-0.029411764705882353,63.666666666666664,5.8594652770823155,63.666666666666664,0.3982160867920024
N10,大觀,110,附表三,電費-決算數,非收支,137371.0,,,,137371.0,,137371.0,
N10,大觀,111,附表三,電費-決算數,非收支,179196.0,137371.0,41825.0,0.3044674640207904,158283.5,29574.74112312735,158283.5,0.7071067811865475
N10,大觀,112,附表三,電費-決算數,非收支,174864.0,179196.0,-4332.0,-0.024174646755507935,163810.33333333334,22999.35469384594,163810.33333333334,0.48060768720716956
N10,大觀,110,附表三,餐點費-執行率,非收支,91.0,,,,91.0,,91.0,
N10,大觀,111,附表三,餐點費-執行率,非收支,105.0,91.0,14.0,0.15384615384615385,98.0,9.899494936611665,98.0,0.7071067811865476
N10,大觀,112,附表三,餐點費-執行率,非收支,106.0,105.0,1.0,0.009523809523809525,100.66666666666667,8.386497083606082,100.66666666666667,0.6359429068137309
N10,大觀,110,附表三,餐點費-決算數,非收支,1208342.0,,,,1208342.0,,1208342.0,
N10,大觀,111,附表三,餐點費-決算數,非收支,1336125.0,1208342.0,127783.0,0.10575068978815601,1272233.5,90356.2258203606,1272233.5,0.7071067811865475
N10,大觀,112,附表三,餐點費-決算數,非收支,1346836.0,1336125.0,10711.0,0.008016465525306389,1297101.0,77053.88660541401,1297101.0,0.645457383021942
N10,大觀,111,附表二,事務機器耗材-差異率,非收支,-27.0,,,,-27.0,,-27.0,
N10,大觀,112,附表二,事務機器耗材-差異率,非收支,,-27.0,,,-27.0,,-27.0,
N10,大觀,111,附表二,事務機器耗材-決算數,非收支,47755.0,,,,47755.0,,47755.0,
N10,大觀,112,附表二,事務機器耗材-決算數,非收支,64906.0,47755.0,17151.0,0.35914563920008374,56330.5,12127.588404130476,56330.5,0.7071067811865476
N10,大觀,110,附表二,五日未上課退費-差異率,非收支,,,,,,,,
N10,大觀,110,附表二,五日未上課退費-決算數,非收支,-72520.0,,,,-72520.0,,-72520.0,
N10,大觀,110,附表二,人事費-差異率,非收支,98.0,,,,98.0,,98.0,
N10,大觀,111,附表二,人事費-差異率,非收支,-7.0,98.0,-105.0,-1.0714285714285714,45.5,74.24621202458749,45.5,-0.7071067811865475
N10,大觀,111,附表二,人事費-差異率,非收支,-3.0,98.0,-101.0,-1.030612244897959,29.333333333333332,59.50070027599115,29.333333333333332,-0.543410971355912
N10,大觀,112,附表二,人事費-差異率,非收支,-10.0,-7.0,-3.0,-0.42857142857142855,19.5,52.41183072551463,-6.666666666666667,-0.5628500205324651
N10,大觀,112,附表二,人事費-差異率,非收支,-10.0,-3.0,-7.0,-2.3333333333333335,13.6,47.26838266748715,-7.666666666666667,-0.49927665530711945
N10,大觀,112,附表二,人事費-差異率,非收支,-6.0,-7.0,1.0,0.14285714285714285,10.333333333333334,43.028672611023765,-8.666666666666666,-0.3795918475335166
N10,大觀,112,附表二,人事費-差異率,非收支,-6.0,-3.0,-3.0,-1.0,8.0,39.761790704142086,-7.333333333333333,-0.3520968183794998
N10,大觀,110,附表二,人事費-決算數,非收支,8041532.0,,,,8041532.0,,8041532.0,
N10,大觀,111,附表二,人事費-決算數,非收支,8970981.0,8041532.0,929449.0,0.1155810857931051,8506256.5,657219.6906670554,8506256.5,0.7071067811865475
N10,大觀,111,附表二,人事費-決算數,非收支,8586399.0,8041532.0,544867.0,0.06775661652530886,8532970.666666666,467022.27034942707,8532970.666666666,0.11440211040334064
N10,大觀,112,附表二,人事費-決算數,非收支,8924216.0,8970981.0,-46765.0,-0.005212919300575935,8630782.0,428572.9362842845,8827198.666666666,0.6846769246421966
N10,大觀,112,附表二,人事費-決算數,非收支,8924216.0,8586399.0,337817.0,0.039343268348000136,8689468.8,393670.89523826883,8811610.333333334,0.5963031629704777
N10,大觀,112,附表二,人事費-決算數,非收支,8537196.0,8970981.0,-433785.0,-0.0483542435325635,8664090.0,357555.47813283466,8795209.333333334,-0.35489317815138577
N10,大觀,112,附表二,人事費-決算數,非收支,8537196.0,8586399.0,-49203.0,-0.0057303416717532,8645962.285714285,329906.9032250939,8666202.666666666,-0.3296878138984401
N10,大觀,111,附表二,保全-差異率,非收支,,,,,,,,
N10,大觀,112,附表二,保全-差異率,非收支,,,,,,,,
N10,大觀,111,附表二,保全-決算數,非收支,60000.0,,,,60000.0,,60000.0,
N10,大觀,112,附表二,保全-決算數,非收支,59955.0,60000.0,-45.0,-0.00075,59977.5,31.81980515339464,59977.5,-0.7071067811865475
N10,大觀,110,附表二,保險費-差異率,非收支,86.0,,,,86.0,,86.0,
N10,大觀,110,附表二,保險費-決算數,非收支,11200.0,,,,11200.0,,11200.0,
N10,大觀,111,附表二,修繕購置費-差異率,非收支,-2.0,,,,-2.0,,-2.0,
N10,大觀,112,附表二,修繕購置費-差異率,非收支,-8.0,-2.0,-6.0,-3.0,-5.0,4.242640687119285,-5.0,-0.7071067811865476
N10,大觀,111,附表二,修繕購置費-決算數,非收支,145300.0,,,,145300.0,,145300.0,
N10,大觀,112,附表二,修繕購置費-決算數,非收支,136372.0,145300.0,-8928.0,-0.06144528561596697,140836.0,6313.049342433496,140836.0,-0.7071067811865476
N10,大觀,110,附表二,健康檢查-差異率,非收支,,,,,,,,
N10,大觀,110,附表二,健康檢查-決算數,非收支,,,,,,,,
N10,大觀,113,附表二,全期招生人數-差異率,非收支,,,,,,,,
N10,大觀,113,附表二,全期招生人數-決算數,非收支,,,,,,,,
N10,大觀,113,附表二,全期核准招生人數-差異率,非收支,,,,,,,,
N10,大觀,113,附表二,全期核准招生人數-決算數,非收支,,,,,,,,
N10,大觀,110,附表二,其他收入-差異率,非收支,,,,,,,,
N10,大觀,110,附表二,其他收入-決算數,非收支,2285746.0,,,,2285746.0,,2285746.0,
N10,大觀,113,附表二,其他收支淨額-差異率,非收支,,,,,,,,
N10,大觀,113,附表二,其他收支淨額-決算數,非收支,,,,,,,,
N10,大觀,110,附表二,利息收入-差異率,非收支,,,,,,,,
N10,大觀,113,附表二,利息收入-差異率,非收支,,,,,,,,
N10,大觀,110,附表二,利息收入-決算數,非收支,25941.0,,,,25941.0,,25941.0,
N10,大觀,113,附表二,利息收入-決算數,非收支,,,,,25941.0,,25941.0,
N10,大觀,110,附表二,加班費-差異率,非收支,82.0,,,,82.0,,82.0,
N10,大觀,111,附表二,加班費-差異率,非收支,-55.0,82.0,-137.0,-1.670731707317073,13.5,96.87362902255701,13.5,-0.7071067811865476
N10,大觀,112,附表二,加班費-差異率,非收支,-56.0,-55.0,-1.0,-0.01818181818181818,-9.666666666666666,79.38723658960132,-9.666666666666666,-0.5836370596051506
N10,大觀,110,附表二,加班費-決算數,非收支,267745.0,,,,267745.0,,267745.0,
N10,大觀,111,附表二,加班費-決算數,非收支,330120.0,267745.0,62375.0,0.2329642010121571,298932.5,44105.7854765109,298932.5,0.7071067811865476
N10,大觀,112,附表二,加班費-決算數,非收支,331326.0,330120.0,1206.0,0.003653217011995638,309730.3333333333,36365.36498281481,309730.3333333333,0.5938526033458527
N10,大觀,110,附表二,勞、健保費-差異率,非收支,100.0,,,,100.0,,100.0,
N10,大觀,110,附表二,勞、健保費-決算數,非收支,712879.0,,,,712879.0,,712879.0,
N10,大觀,110,附表二,勞退金提撥-差異率,非收支,100.0,,,,100.0,,100.0,
N10,大觀,110,附表二,勞退金提撥-決算數,非收支,355521.0,,,,355521.0,,355521.0,
N10,大觀,113,附表二,合 計-差異率,非收支,,,,,,,,
N10,大觀,113,附表二,合 計-決算數,非收支,,,,,,,,
N10,大觀,111,附表二,合計-差異率,非收支,-8.0,,,,-8.0,,-8.0,
N10,大觀,112,附表二,合計-差異率,非收支,-10.0,-8.0,-2.0,-0.25,-9.0,1.4142135623730951,-9.0,-0.7071067811865475
N10,大觀,111,附表二,合計-決算數,非收支,11627341.0,,,,11627341.0,,11627341.0,
N10,大觀,112,附表二,合計-決算數,非收支,11508573.0,11627341.0,-118768.0,-0.010214545182772226,11567957.0,83981.65818796388,11567957.0,-0.7071067811865475
N10,大觀,111,附表二,園務特支-差異率,非收支,18.0,,,,18.0,,18.0,
N10,大觀,112,附表二,園務特支-差異率,非收支,-11.0,18.0,-29.0,-1.6111111111111112,3.5,20.506096654409877,3.5,-0.7071067811865476
N10,大觀,111,附表二,園務特支-決算數,非收支,49611.0,,,,49611.0,,49611.0,
N10,大觀,112,附表二,園務特支-決算數,非收支,37502.0,49611.0,-12109.0,-0.24407893410735523,43556.5,8562.356013387904,43556.5,-0.7071067811865476
N10,大觀,110,附表二,園長及教保服務人員薪資（含職務加給）-差異率,非收支,99.0,,,,99.0,,99.0,
N10,大觀,110,附表二,園長及教保服務人員薪資（含職務加給）-決算數,非收支,4945244.0,,,,4945244.0,,4945244.0,
N10,大觀,110,附表二,學前特教師、社工人員、護理人員薪資-差異率,非收支,79.0,,,,79.0,,79.0,
N10,大觀,110,附表二,學前特教師、社工人員、護理人員薪資-決算數,非收支,378404.0,,,,378404.0,,378404.0,
N10,大觀,111,附表二,差旅費-差異率,非收支,-100.0,,,,-100.0,,-100.0,
N10,大觀,112,附表二,差旅費-差異率,非收支,-99.0,-100.0,1.0,0.01,-99.5,0.7071067811865476,-99.5,0.7071067811865475
N10,大觀,111,附表二,差旅費-決算數,非收支,90.0,,,,90.0,,90.0,
N10,大觀,112,附表二,差旅費-決算數,非收支,320.0,90.0,230.0,2.5555555555555554,205.0,162.63455967290594,205.0,0.7071067811865475
N10,大觀,110,附表二,延後托育收入-差異率,非收支,,,,,,,,
N10,大觀,110,附表二,延後托育收入-決算數,非收支,399960.0,,,,399960.0,,399960.0,
N10,大觀,110,附表二,延後托育收入淨額-差異率,非收支,,,,,,,,
N10,大觀,110,附表二,延後托育收入淨額-差異率,非收支,,,,,,,,
N10,大觀,110,附表二,延後托育收入淨額-決算數,非收支,365880.0,,,,365880.0,,365880.0,
N10,大觀,110,附表二,延後托育收入淨額-決算數,非收支,365880.0,,,,365880.0,0.0,365880.0,
N10,大觀,110,附表二,延後托育收入退費-差異率,非收支,,,,,,,,
N10,大觀,110,附表二,延後托育收入退費-決算數,非收支,-34080.0,,,,-34080.0,,-34080.0,
N10,大觀,113,附表二,延長照顧服務收支淨額-差異率,非收支,,,,,,,,
N10,大觀,113,附表二,延長照顧服務收支淨額-決算數,非收支,,,,,,,,
N10,大觀,113,附表二,所得稅費用-差異率,非收支,,,,,,,,
N10,大觀,113,附表二,所得稅費用-決算數,非收支,,,,,,,,
N10,大觀,113,附表二,招收比率-差異率,非收支,,,,,,,,
N10,大觀,113,附表二,招收比率-決算數,非收支,,,,,,,,
N10,大觀,111,附表二,攝影照片-差異率,非收支,,,,,,,,
N10,大觀,112,附表二,攝影照片-差異率,非收支,,,,,,,,
N10,大觀,111,附表二,攝影照片-決算數,非收支,,,,,,,,
N10,大觀,112,附表二,攝影照片-決算數,非收支,10000.0,,,,10000.0,,10000.0,
N10,大觀,110,附表二,支出-差異率,非收支,118.0,,,,118.0,,118.0,
N10,大觀,110,附表二,支出-決算數,非收支,13109480.0,,,,13109480.0,,13109480.0,
N10,大觀,110,附表二,收入-差異率,非收支,124.0,,,,124.0,,124.0,
N10,大觀,110,附表二,收入-決算數,非收支,13298222.0,,,,13298222.0,,13298222.0,
N10,大觀,110,附表二,政府學費差額補助退費-差異率,非收支,,,,,,,,
N10,大觀,110,附表二,政府學費差額補助退費-決算數,非收支,,,,,,,,
N10,大觀,111,附表二,教保材料費-差異率,非收支,-15.0,,,,-15.0,,-15.0,
N10,大觀,112,附表二,教保材料費-差異率,非收支,-46.0,-15.0,-31.0,-2.066666666666667,-30.5,21.920310216782973,-30.5,-0.7071067811865476
N10,大觀,111,附表二,教保材料費-決算數,非收支,215060.0,,,,215060.0,,215060.0,
N10,大觀,112,附表二,教保材料費-決算數,非收支,138595.0,215060.0,-76465.0,-0.3555519389937692,176827.5,54068.92002342935,176827.5,-0.7071067811865476
N10,大觀,110,附表二,教保費收入-差異率,非收支,100.0,,,,100.0,,100.0,
N10,大觀,113,附表二,教保費收入-差異率,非收支,,,,,100.0,,100.0,
N10,大觀,110,附表二,教保費收入-決算數,非收支,10711120.0,,,,10711120.0,,10711120.0,
N10,大觀,113,附表二,教保費收入-決算數,非收支,,,,,10711120.0,,10711120.0,
N10,大觀,110,附表二,教保費收入淨額-差異率,非收支,99.0,,,,99.0,,99.0,
N10,大觀,113,附表二,教保費收入淨額-差異率,非收支,,,,,99.0,,99.0,
N10,大觀,110,附表二,教保費收入淨額-決算數,非收支,10620655.0,,,,10620655.0,,10620655.0,
N10,大觀,113,附表二,教保費收入淨額-決算數,非收支,,,,,10620655.0,,10620655.0,
N10,大觀,110,附表二,教保費收入減項-差異率,非收支,,,,,,,,
N10,大觀,113,附表二,教保費收入減項-差異率,非收支,,,,,,,,
N10,大觀,110,附表二,教保費收入減項-決算數,非收支,-90465.0,,,,-90465.0,,-90465.0,
N10,大觀,113,附表二,教保費收入減項-決算數,非收支,,,,,-90465.0,,-90465.0,
N10,大觀,113,附表二,教保費收入預決算差異金額-差異率,非收支,,,,,,,,
N10,大觀,113,附表二,教保費收入預決算差異金額-決算數,非收支,,,,,,,,
N10,大觀,110,附表二,教保費收入（家長繳費）-差異率,非收支,74.0,,,,74.0,,74.0,
N10,大觀,110,附表二,教保費收入（家長繳費）-決算數,非收支,2346116.0,,,,2346116.0,,2346116.0,
N10,大觀,110,附表二,教保費收入（政府學費差額補助）-差異率,非收支,111.0,,,,111.0,,111.0,
N10,大觀,110,附表二,教保費收入（政府學費差額補助）-決算數,非收支,8365004.0,,,,8365004.0,,8365004.0,
N10,大觀,113,附表二,教保費收支淨額-差異率,非收支,,,,,,,,
N10,大觀,113,附表二,教保費收支淨額-決算數,非收支,,,,,,,,
N10,大觀,113,附表二,教保費收支預算差額-差異率,非收支,,,,,,,,
N10,大觀,113,附表二,教保費收支預算差額-決算數,非收支,,,,,,,,
N10,大觀,111,附表二,文宣費(一般文宣)-差異率,非收支,-33.0,,,,-33.0,,-33.0,
N10,大觀,112,附表二,文宣費(一般文宣)-差異率,非收支,,-33.0,,,-33.0,,-33.0,
N10,大觀,111,附表二,文宣費(一般文宣)-決算數,非收支,6712.0,,,,6712.0,,6712.0,
N10,大觀,112,附表二,文宣費(一般文宣)-決算數,非收支,10000.0,6712.0,3288.0,0.4898688915375447,8356.0,2324.9670965413684,8356.0,0.7071067811865475
N10,大觀,111,附表二,文宣費(園刊)-差異率,非收支,-20.0,,,,-20.0,,-20.0,
N10,大觀,112,附表二,文宣費(園刊)-差異率,非收支,,-20.0,,,-20.0,,-20.0,
N10,大觀,111,附表二,文宣費(園刊)-決算數,非收支,24130.0,,,,24130.0,,24130.0,
N10,大觀,112,附表二,文宣費(園刊)-決算數,非收支,30000.0,24130.0,5870.0,0.2432656444260257,27065.0,4150.716805565034,27065.0,0.7071067811865476
N10,大觀,111,附表二,日常消耗用品-差異率,非收支,-39.0,,,,-39.0,,-39.0,
N10,大觀,112,附表二,日常消耗用品-差異率,非收支,-26.0,-39.0,13.0,0.3333333333333333,-32.5,9.192388155425117,-32.5,0.7071067811865476
N10,大觀,111,附表二,日常消耗用品-決算數,非收支,39086.0,,,,39086.0,,39086.0,
N10,大觀,112,附表二,日常消耗用品-決算數,非收支,47060.0,39086.0,7974.0,0.20401166658138464,43073.0,5638.46947318153,43073.0,0.7071067811865476
N10,大觀,110,附表二,會計、總務、廚工、清潔薪資-差異率,非收支,102.0,,,,102.0,,102.0,
N10,大觀,110,附表二,會計、總務、廚工、清潔薪資-決算數,非收支,1154555.0,,,,1154555.0,,1154555.0,
N10,大觀,113,附表二,本期稅前餘絀-差異率,非收支,,,,,,,,
N10,大觀,113,附表二,本期稅前餘絀-決算數,非收支,,,,,,,,
N10,大觀,113,附表二,本期稅後餘絀-差異率,非收支,,,,,,,,
N10,大觀,113,附表二,本期稅後餘絀-決算數,非收支,,,,,,,,
N10,大觀,111,附表二,材料費-差異率,非收支,,,,,,,,
N10,大觀,112,附表二,材料費-差異率,非收支,-4.0,,,,-4.0,,-4.0,
N10,大觀,111,附表二,材料費-決算數,非收支,1596789.0,,,,1596789.0,,1596789.0,
N10,大觀,112,附表二,材料費-決算數,非收支,1539261.0,1596789.0,-57528.0,-0.03602730229228784,1568025.0,40678.438908099706,1568025.0,-0.7071067811865476
N10,大觀,113,附表二,核准招收人數-差異率,非收支,,,,,,,,
N10,大觀,113,附表二,核准招收人數-決算數,非收支,,,,,,,,
N10,大觀,113,附表二,業務發展費-差異率,非收支,,,,,,,,
N10,大觀,113,附表二,業務發展費-決算數,非收支,,,,,,,,
N10,大觀,111,附表二,業務費-差異率,非收支,-24.0,,,,-24.0,,-24.0,
N10,大觀,112,附表二,業務費-差異率,非收支,-21.0,-24.0,3.0,0.125,-22.5,2.1213203435596424,-22.5,0.7071067811865476
N10,大觀,111,附表二,業務費-決算數,非收支,607365.0,,,,607365.0,,607365.0,
N10,大觀,112,附表二,業務費-決算數,非收支,628248.0,607365.0,20883.0,0.034382949297374725,617806.5,14766.510911518671,617806.5,0.7071067811865476
N10,大觀,111,附表二,水費-差異率,非收支,-62.0,,,,-62.0,,-62.0,
N10,大觀,112,附表二,水費-差異率,非收支,-61.0,-62.0,1.0,0.016129032258064516,-61.5,0.7071067811865476,-61.5,0.7071067811865475
N10,大觀,111,附表二,水費-決算數,非收支,12299.0,,,,12299.0,,12299.0,
N10,大觀,112,附表二,水費-決算數,非收支,12403.0,12299.0,104.0,0.008455972030246362,12351.0,73.53910524340094,12351.0,0.7071067811865476
N10,大觀,111,附表二,活動費-差異率,非收支,7.0,,,,7.0,,7.0,
N10,大觀,112,附表二,活動費-差異率,非收支,1.0,7.0,-6.0,-0.8571428571428571,4.0,4.242640687119285,4.0,-0.7071067811865476
N10,大觀,111,附表二,活動費-決算數,非收支,123186.0,,,,123186.0,,123186.0,
N10,大觀,112,附表二,活動費-決算數,非收支,115741.0,123186.0,-7445.0,-0.06043706265322358,119463.5,5264.409985933847,119463.5,-0.7071067811865475
N10,大觀,113,附表二,營運成本-差異率,非收支,,,,,,,,
N10,大觀,113,附表二,營運成本-決算數,非收支,,,,,,,,
N10,大觀,113,附表二,營運支出預決算差異金額-差異率,非收支,,,,,,,,
N10,大觀,113,附表二,營運支出預決算差異金額-決算數,非收支,,,,,,,,
N10,大觀,113,附表二,營運月數-差異率,非收支,,,,,,,,
N10,大觀,113,附表二,營運月數-決算數,非收支,,,,,,,,
N10,大觀,111,附表二,瓦斯費-差異率,非收支,-52.0,,,,-52.0,,-52.0,
N10,大觀,112,附表二,瓦斯費-差異率,非收支,-56.0,-52.0,-4.0,-0.07692307692307693,-54.0,2.8284271247461903,-54.0,-0.7071067811865475
N10,大觀,111,附表二,瓦斯費-決算數,非收支,16195.0,,,,16195.0,,16195.0,
N10,大觀,112,附表二,瓦斯費-決算數,非收支,14835.0,16195.0,-1360.0,-0.08397653596789133,15515.0,961.6652224137047,15515.0,-0.7071067811865475
N10,大觀,111,附表二,研習、進修-差異率,非收支,,,,,,,,
N10,大觀,112,附表二,研習、進修-差異率,非收支,,,,,,,,
N10,大觀,111,附表二,研習、進修-決算數,非收支,26000.0,,,,26000.0,,26000.0,
N10,大觀,112,附表二,研習、進修-決算數,非收支,26000.0,26000.0,0.0,0.0,26000.0,0.0,26000.0,
N10,大觀,111,附表二,維護費-差異率,非收支,-56.0,,,,-56.0,,-56.0,
N10,大觀,112,附表二,維護費-差異率,非收支,-73.0,-56.0,-17.0,-0.30357142857142855,-64.5,12.020815280171307,-64.5,-0.7071067811865476
N10,大觀,111,附表二,維護費-決算數,非收支,62802.0,,,,62802.0,,62802.0,
N10,大觀,112,附表二,維護費-決算數,非收支,38812.0,62802.0,-23990.0,-0.38199420400624184,50807.0,16963.491680665276,50807.0,-0.7071067811865475
N10,大觀,110,附表二,腸病毒退費-差異率,非收支,,,,,,,,
N10,大觀,110,附表二,腸病毒退費-決算數,非收支,,,,,,,,
N10,大觀,110,附表二,自強活動-差異率,非收支,100.0,,,,100.0,,100.0,
N10,大觀,110,附表二,自強活動-決算數,非收支,13000.0,,,,13000.0,,13000.0,
N10,大觀,111,附表二,藥品費-差異率,非收支,-12.0,,,,-12.0,,-12.0,
N10,大觀,112,附表二,藥品費-差異率,非收支,-9.0,-12.0,3.0,0.25,-10.5,2.1213203435596424,-10.5,0.7071067811865476
N10,大觀,111,附表二,藥品費-決算數,非收支,6518.0,,,,6518.0,,6518.0,
N10,大觀,112,附表二,藥品費-決算數,非收支,6770.0,6518.0,252.0,0.038662166308683646,6644.0,178.19090885900997,6644.0,0.7071067811865476
N10,大觀,111,附表二,行政管理費-差異率,非收支,,,,,,,,
N10,大觀,112,附表二,行政管理費-差異率,非收支,,,,,,,,
N10,大觀,111,附表二,行政管理費-決算數,非收支,239682.0,,,,239682.0,,239682.0,
N10,大觀,112,附表二,行政管理費-決算數,非收支,239682.0,239682.0,0.0,0.0,239682.0,0.0,239682.0,
N10,大觀,111,附表二,資遣費-差異率,非收支,,,,,,,,
N10,大觀,112,附表二,資遣費-差異率,非收支,,,,,,,,
N10,大觀,111,附表二,資遣費-決算數,非收支,54462.0,,,,54462.0,,54462.0,
N10,大觀,112,附表二,資遣費-決算數,非收支,55694.0,54462.0,1232.0,0.02262127722081451,55078.0,871.1555544218265,55078.0,0.7071067811865476
N10,大觀,110,附表二,轉學/轉出退費-差異率,非收支,,,,,,,,
N10,大觀,110,附表二,轉學/轉出退費-決算數,非收支,-17945.0,,,,-17945.0,,-17945.0,
N10,大觀,111,附表二,辦公文具-差異率,非收支,-19.0,,,,-19.0,,-19.0,
N10,大觀,112,附表二,辦公文具-差異率,非收支,,-19.0,,,-19.0,,-19.0,
N10,大觀,111,附表二,辦公文具-決算數,非收支,19398.0,,,,19398.0,,19398.0,
N10,大觀,112,附表二,辦公文具-決算數,非收支,24013.0,19398.0,4615.0,0.23791112485823282,21705.5,3263.2977951759167,21705.5,0.7071067811865476
N10,大觀,111,附表二,郵資-差異率,非收支,-59.0,,,,-59.0,,-59.0,
N10,大觀,112,附表二,郵資-差異率,非收支,-60.0,-59.0,-1.0,-0.01694915254237288,-59.5,0.7071067811865476,-59.5,-0.7071067811865475
N10,大觀,111,附表二,郵資-決算數,非收支,3480.0,,,,3480.0,,3480.0,
N10,大觀,112,附表二,郵資-決算數,非收支,3346.0,3480.0,-134.0,-0.038505747126436785,3413.0,94.75230867899737,3413.0,-0.7071067811865476
N10,大觀,111,附表二,雜支-差異率,非收支,-91.0,,,,-91.0,,-91.0,
N10,大觀,112,附表二,雜支-差異率,非收支,-96.0,-91.0,-5.0,-0.054945054945054944,-93.5,3.5355339059327378,-93.5,-0.7071067811865475
N10,大觀,111,附表二,雜支-決算數,非收支,4422.0,,,,4422.0,,4422.0,
N10,大觀,112,附表二,雜支-決算數,非收支,1982.0,4422.0,-2440.0,-0.5517865219357757,3202.0,1725.340546095176,3202.0,-0.7071067811865475
N10,大觀,112,附表二,電話費(含 ADSL)-差異率,非收支,-18.0,,,,-18.0,,-18.0,
N10,大觀,112,附表二,電話費(含 ADSL)-決算數,非收支,44363.0,,,,44363.0,,44363.0,
N10,大觀,111,附表二,電話費(含網路)-差異率,非收支,-27.0,,,,-27.0,,-27.0,
N10,大觀,111,附表二,電話費(含網路)-決算數,非收支,39313.0,,,,39313.0,,39313.0,
N10,大觀,111,附表二,電費-差異率,非收支,-32.0,,,,-32.0,,-32.0,
N10,大觀,112,附表二,電費-差異率,非收支,-34.0,-32.0,-2.0,-0.0625,-33.0,1.4142135623730951,-33.0,-0.7071067811865475
N10,大觀,111,附表二,電費-決算數,非收支,179196.0,,,,179196.0,,179196.0,
N10,大觀,112,附表二,電費-決算數,非收支,174864.0,179196.0,-4332.0,-0.024174646755507935,177030.0,3063.186576100124,177030.0,-0.7071067811865475
N10,大觀,111,附表二,餐點費-差異率,非收支,5.0,,,,5.0,,5.0,
N10,大觀,112,附表二,餐點費-差異率,非收支,6.0,5.0,1.0,0.2,5.5,0.7071067811865476,5.5,0.7071067811865475
N10,大觀,111,附表二,餐點費-決算數,非收支,1336125.0,,,,1336125.0,,1336125.0,
N10,大觀,112,附表二,餐點費-決算數,非收支,1346836.0,1336125.0,10711.0,0.008016465525306389,1341480.5,7573.820733289111,1341480.5,0.7071067811865475
N10,大觀,110,附表四,帳面價值總額,非收支,1106538.0,,,,1106538.0,,1106538.0,
N10,大觀,111,附表四,帳面價值總額,非收支,1254618.0,1106538.0,148080.0,0.13382278783015134,1180578.0,104708.37215810396,1180578.0,0.7071067811865476
N10,大觀,112,附表四,帳面價值總額,非收支,943753.0,1254618.0,-310865.0,-0.2477766140769541,1101636.3333333333,155490.45568244156,1101636.3333333333,-1.0153892252768149
N10,大觀,113,附表四,帳面價值總額,非收支,774135.0,943753.0,-169618.0,-0.17972711080123718,1019761.0,207201.51714212904,990835.3333333334,-1.1854449879897058
N10,大觀,110,附表四,財產筆數,非收支,79.0,,,,79.0,,79.0,
N10,大觀,111,附表四,財產筆數,非收支,105.0,79.0,26.0,0.3291139240506329,92.0,18.384776310850235,92.0,0.7071067811865476
N10,大觀,112,附表四,財產筆數,非收支,169.0,105.0,64.0,0.6095238095238096,117.66666666666667,46.317743180484655,117.66666666666667,1.108286583249633
N10,大觀,113,附表四,財產筆數,非收支,141.0,169.0,-28.0,-0.16568047337278108,123.5,39.57692930652065,138.33333333333334,0.44217680114754937
