園代碼,園名,學年度,資料表,指標,數值,資料類別
N01,安溪,109,收支餘絀表,人事費,6718238.0,收支
N01,安溪,110,收支餘絀表,人事費,6763467.0,收支
N01,安溪,111,收支餘絀表,人事費,11539967.0,收支
N01,安溪,112,收支餘絀表,人事費,11797585.0,收支
N01,安溪,113,收支餘絀表,人事費,11978248.0,收支
N01,安溪,109,收支餘絀表,修繕購置費,42647.0,收支
N01,安溪,110,收支餘絀表,修繕購置費,125696.0,收支
N01,安溪,111,收支餘絀表,修繕購置費,58005.0,收支
N01,安溪,112,收支餘絀表,修繕購置費,28074.0,收支
N01,安溪,113,收支餘絀表,修繕購置費,128643.0,收支
N01,安溪,109,收支餘絀表,其他支出,523036.0,收支
N01,安溪,110,收支餘絀表,其他支出,1086035.0,收支
N01,安溪,111,收支餘絀表,其他支出,801623.0,收支
N01,安溪,112,收支餘絀表,其他支出,1344392.0,收支
N01,安溪,113,收支餘絀表,其他支出,1765262.0,收支
N01,安溪,109,收支餘絀表,其他收入,523036.0,收支
N01,安溪,110,收支餘絀表,其他收入,1086345.0,收支
N01,安溪,111,收支餘絀表,其他收入,801623.0,收支
N01,安溪,112,收支餘絀表,其他收入,1344392.0,收支
N01,安溪,113,收支餘絀表,其他收入,1765262.0,收支
N01,安溪,109,收支餘絀表,利息收入,26512.0,收支
N01,安溪,110,收支餘絀表,利息收入,43296.0,收支
N01,安溪,111,收支餘絀表,利息收入,69934.0,收支
N01,安溪,112,收支餘絀表,利息收入,82077.0,收支
N01,安溪,113,收支餘絀表,利息收入,211286.0,收支
N01,安溪,110,收支餘絀表,呆帳損失,46686.0,收支
N01,安溪,112,收支餘絀表,呆帳損失,1828.0,收支
N01,安溪,109,收支餘絀表,延後托育支出,47632.0,收支
N01,安溪,110,收支餘絀表,延後托育支出,147216.0,收支
N01,安溪,111,收支餘絀表,延後托育支出,202057.0,收支
N01,安溪,109,收支餘絀表,延後托育收入淨額,94320.0,收支
N01,安溪,110,收支餘絀表,延後托育收入淨額,162900.0,收支
N01,安溪,111,收支餘絀表,延後托育收入淨額,294043.0,收支
N01,安溪,112,收支餘絀表,延長照顧服務支出,176808.0,收支
N01,安溪,113,收支餘絀表,延長照顧服務支出,162217.0,收支
N01,安溪,112,收支餘絀表,延長照顧服務收入淨額,337868.0,收支
N01,安溪,113,收支餘絀表,延長照顧服務收入淨額,257480.0,收支
N01,安溪,109,收支餘絀表,所得稅費用,,收支
N01,安溪,110,收支餘絀表,所得稅費用,,收支
N01,安溪,111,收支餘絀表,所得稅費用,,收支
N01,安溪,112,收支餘絀表,所得稅費用,,收支
N01,安溪,113,收支餘絀表,所得稅費用,,收支
N01,安溪,109,收支餘絀表,支出合計,10276283.0,收支
N01,安溪,110,收支餘絀表,支出合計,11066312.0,收支
N01,安溪,111,收支餘絀表,支出合計,16743535.0,收支
N01,安溪,112,收支餘絀表,支出合計,18744221.0,收支
N01,安溪,113,收支餘絀表,支出合計,22144749.0,收支
N01,安溪,109,收支餘絀表,收入合計,10061074.0,收支
N01,安溪,110,收支餘絀表,收入合計,11284869.0,收支
N01,安溪,111,收支餘絀表,收入合計,17393407.0,收支
N01,安溪,112,收支餘絀表,收入合計,18995020.0,收支
N01,安溪,113,收支餘絀表,收入合計,20155978.0,收支
N01,安溪,109,收支餘絀表,教保費收入,10346071.0,收支
N01,安溪,110,收支餘絀表,教保費收入,10069260.0,收支
N01,安溪,111,收支餘絀表,教保費收入,16337854.0,收支
N01,安溪,112,收支餘絀表,教保費收入,17324859.0,收支
N01,安溪,113,收支餘絀表,教保費收入,17990000.0,收支
N01,安溪,109,收支餘絀表,教保費收入減項,-928865.0,收支
N01,安溪,110,收支餘絀表,教保費收入減項,-76932.0,收支
N01,安溪,111,收支餘絀表,教保費收入減項,-110047.0,收支
N01,安溪,112,收支餘絀表,教保費收入減項,-94176.0,收支
N01,安溪,113,收支餘絀表,教保費收入減項,-68050.0,收支
N01,安溪,109,收支餘絀表,本期稅前餘絀,-215209.0,收支
N01,安溪,110,收支餘絀表,本期稅前餘絀,218557.0,收支
N01,安溪,111,收支餘絀表,本期稅前餘絀,649872.0,收支
N01,安溪,112,收支餘絀表,本期稅前餘絀,250799.0,收支
N01,安溪,113,收支餘絀表,本期稅前餘絀,-1988771.0,收支
N01,安溪,109,收支餘絀表,本期稅後餘絀,,收支
N01,安溪,110,收支餘絀表,本期稅後餘絀,218557.0,收支
N01,安溪,111,收支餘絀表,本期稅後餘絀,649872.0,收支
N01,安溪,112,收支餘絀表,本期稅後餘絀,250799.0,收支
N01,安溪,113,收支餘絀表,本期稅後餘絀,,收支
N01,安溪,109,收支餘絀表,材料費,943915.0,收支
N01,安溪,110,收支餘絀表,材料費,1245534.0,收支
N01,安溪,111,收支餘絀表,材料費,2084531.0,收支
N01,安溪,112,收支餘絀表,材料費,2216621.0,收支
N01,安溪,113,收支餘絀表,材料費,1890864.0,收支
N01,安溪,109,收支餘絀表,業務發展費,1592844.0,收支
N01,安溪,110,收支餘絀表,業務發展費,1099000.0,收支
N01,安溪,111,收支餘絀表,業務發展費,1300000.0,收支
N01,安溪,112,收支餘絀表,業務發展費,2388000.0,收支
N01,安溪,113,收支餘絀表,業務發展費,5420000.0,收支
N01,安溪,109,收支餘絀表,業務費,250735.0,收支
N01,安溪,110,收支餘絀表,業務費,300404.0,收支
N01,安溪,111,收支餘絀表,業務費,401715.0,收支
N01,安溪,112,收支餘絀表,業務費,394450.0,收支
N01,安溪,113,收支餘絀表,業務費,382209.0,收支
N01,安溪,109,收支餘絀表,維護費,17192.0,收支
N01,安溪,110,收支餘絀表,維護費,105476.0,收支
N01,安溪,111,收支餘絀表,維護費,40666.0,收支
N01,安溪,112,收支餘絀表,維護費,51581.0,收支
N01,安溪,113,收支餘絀表,維護費,106064.0,收支
N01,安溪,109,收支餘絀表,行政管理費,124680.0,收支
N01,安溪,110,收支餘絀表,行政管理費,124680.0,收支
N01,安溪,111,收支餘絀表,行政管理費,293292.0,收支
N01,安溪,112,收支餘絀表,行政管理費,325932.0,收支
N01,安溪,113,收支餘絀表,行政管理費,290580.0,收支
N01,安溪,109,收支餘絀表,雜支,15364.0,收支
N01,安溪,110,收支餘絀表,雜支,22118.0,收支
N01,安溪,111,收支餘絀表,雜支,21679.0,收支
N01,安溪,112,收支餘絀表,雜支,18950.0,收支
N01,安溪,113,收支餘絀表,雜支,20662.0,收支
N01,安溪,110,現金流量表,其他應付款,-160097.0,非收支
N01,安溪,111,現金流量表,其他應付款,526555.0,非收支
N01,安溪,112,現金流量表,其他應付款,112818.0,非收支
N01,安溪,113,現金流量表,其他應付款,-137000.0,非收支
N01,安溪,110,現金流量表,其他應收款,456.0,非收支
N01,安溪,111,現金流量表,其他應收款,,非收支
N01,安溪,112,現金流量表,其他流動負債,1542.0,非收支
N01,安溪,113,現金流量表,其他流動負債,1533.0,非收支
N01,安溪,110,現金流量表,其他流動資產,-2716.0,非收支
N01,安溪,111,現金流量表,其他流動資產,-10225.0,非收支
N01,安溪,112,現金流量表,其他流動資產,35254.0,非收支
N01,安溪,113,現金流量表,其他流動資產,,非收支
N01,安溪,110,現金流量表,應付票據,17087.0,非收支
N01,安溪,111,現金流量表,應付票據,766.0,非收支
N01,安溪,112,現金流量表,應付票據,-17853.0,非收支
N01,安溪,113,現金流量表,應付票據,17684.0,非收支
N01,安溪,110,現金流量表,應收帳款淨額,36720.0,非收支
N01,安溪,111,現金流量表,應收帳款淨額,-51242.0,非收支
N01,安溪,112,現金流量表,應收帳款淨額,34121.0,非收支
N01,安溪,113,現金流量表,應收帳款淨額,-2979.0,非收支
N01,安溪,113,現金流量表,投資活動之淨現金流人,,非收支
N01,安溪,110,現金流量表,投資活動之淨現金流入,,非收支
N01,安溪,111,現金流量表,投資活動之淨現金流入,,非收支
N01,安溪,112,現金流量表,投資活動之淨現金流入,,非收支
N01,安溪,110,現金流量表,投資活動之現金流量：,,非收支
N01,安溪,111,現金流量表,投資活動之現金流量：,,非收支
N01,安溪,112,現金流量表,投資活動之現金流量：,,非收支
N01,安溪,113,現金流量表,投資活動之現金流量：,,非收支
N01,安溪,110,現金流量表,期初現金及約當現金餘額,5348001.0,非收支
N01,安溪,111,現金流量表,期初現金及約當現金餘額,5803751.0,非收支
N01,安溪,112,現金流量表,期初現金及約當現金餘額,8824150.0,非收支
N01,安溪,113,現金流量表,期初現金及約當現金餘額,9654314.0,非收支
N01,安溪,110,現金流量表,期末現金及約當現金餘額,5803751.0,非收支
N01,安溪,111,現金流量表,期末現金及約當現金餘額,8824150.0,非收支
N01,安溪,112,現金流量表,期末現金及約當現金餘額,9654314.0,非收支
N01,安溪,113,現金流量表,期末現金及約當現金餘額,8868744.0,非收支
N01,安溪,110,現金流量表,本期現金及約當現金增加數,455750.0,非收支
N01,安溪,111,現金流量表,本期現金及約當現金增加數,3020399.0,非收支
N01,安溪,112,現金流量表,本期現金及約當現金增加數,830164.0,非收支
N01,安溪,113,現金流量表,本期現金及約當現金（減少）增加數,-785570.0,非收支
N01,安溪,110,現金流量表,本期稅前餘絀,218557.0,非收支
N01,安溪,111,現金流量表,本期稅前餘絀,649872.0,非收支
N01,安溪,112,現金流量表,本期稅前餘絀,250799.0,非收支
N01,安溪,113,現金流量表,本期稅前餘絀,,非收支
N01,安溪,113,現金流量表,業務發展準備淨變動,2200000.0,非收支
N01,安溪,110,現金流量表,營業活動之淨現金流入,455750.0,非收支
N01,安溪,111,現金流量表,營業活動之淨現金流入,3020399.0,非收支
N01,安溪,112,現金流量表,營業活動之淨現金流入,830164.0,非收支
N01,安溪,113,現金流量表,營業活動之淨現金流（出）入,-785570.0,非收支
N01,安溪,110,現金流量表,營業活動之現金流量：,,非收支
N01,安溪,111,現金流量表,營業活動之現金流量：,,非收支
N01,安溪,112,現金流量表,營業活動之現金流量：,,非收支
N01,安溪,113,現金流量表,營業活動之現金流量：,,非收支
N01,安溪,113,現金流量表,籌資活動之淨現金流人,,非收支
N01,安溪,110,現金流量表,籌資活動之淨現金流入,,非收支
N01,安溪,111,現金流量表,籌資活動之淨現金流入,,非收支
N01,安溪,112,現金流量表,籌資活動之淨現金流入,,非收支
N01,安溪,110,現金流量表,籌資活動之現金流量：,,非收支
N01,安溪,111,現金流量表,籌資活動之現金流量：,,非收支
N01,安溪,112,現金流量表,籌資活動之現金流量：,,非收支
N01,安溪,113,現金流量表,籌資活動之現金流量：,,非收支
N01,安溪,110,現金流量表,調整項目：,,非收支
N01,安溪,111,現金流量表,調整項目：,,非收支
N01,安溪,112,現金流量表,調整項目：,,非收支
N01,安溪,113,現金流量表,調整項目：,,非收支
N01,安溪,111,現金流量表,資產/負債淨變動數,,非收支
N01,安溪,110,現金流量表,資產／負債淨變動數,,非收支
N01,安溪,112,現金流量表,資產／負債淨變動數,,非收支
N01,安溪,113,現金流量表,資產／負債淨變動數,,非收支
N01,安溪,110,現金流量表,預付款項,-95007.0,非收支
N01,安溪,111,現金流量表,預付款項,184567.0,非收支
N01,安溪,112,現金流量表,預付款項,4952.0,非收支
N01,安溪,113,現金流量表,預付款項,6867.0,非收支
N01,安溪,110,現金流量表,預收款項,440750.0,非收支
N01,安溪,111,現金流量表,預收款項,1720106.0,非收支
N01,安溪,112,現金流量表,預收款項,408531.0,非收支
N01,安溪,113,現金流量表,預收款項,-882904.0,非收支
N01,安溪,110,資產負債表,代管財產,1119608.0,非收支
N01,安溪,111,資產負債表,代管財產,2577702.0,非收支
N01,安溪,112,資產負債表,代管財產,3030018.0,非收支
N01,安溪,113,資產負債表,代管財產,2572979.0,非收支
N01,安溪,110,資產負債表,其他應付款,1423915.0,非收支
N01,安溪,111,資產負債表,其他應付款,1950470.0,非收支
N01,安溪,112,資產負債表,其他應付款,2063288.0,非收支
N01,安溪,113,資產負債表,其他應付款,1926288.0,非收支
N01,安溪,110,資產負債表,其他應收款,,非收支
N01,安溪,112,資產負債表,其他流動負債,1542.0,非收支
N01,安溪,113,資產負債表,其他流動負債,3075.0,非收支
N01,安溪,110,資產負債表,其他流動資產,25029.0,非收支
N01,安溪,111,資產負債表,其他流動資產,35254.0,非收支
N01,安溪,112,資產負債表,其他流動資產,,非收支
N01,安溪,110,資產負債表,存出保證金,3600.0,非收支
N01,安溪,111,資產負債表,存出保證金,3600.0,非收支
N01,安溪,112,資產負債表,存出保證金,3600.0,非收支
N01,安溪,113,資產負債表,存出保證金,3600.0,非收支
N01,安溪,110,資產負債表,應付代管財產,1119608.0,非收支
N01,安溪,111,資產負債表,應付代管財產,2577702.0,非收支
N01,安溪,112,資產負債表,應付代管財產,3030018.0,非收支
N01,安溪,113,資產負債表,應付代管財產,2572979.0,非收支
N01,安溪,110,資產負債表,應付票據,17087.0,非收支
N01,安溪,111,資產負債表,應付票據,17853.0,非收支
N01,安溪,112,資產負債表,應付票據,,非收支
N01,安溪,113,資產負債表,應付票據,17684.0,非收支
N01,安溪,110,資產負債表,應付購置財產,168381.0,非收支
N01,安溪,111,資產負債表,應付購置財產,172779.0,非收支
N01,安溪,112,資產負債表,應付購置財產,172779.0,非收支
N01,安溪,113,資產負債表,應付購置財產,170274.0,非收支
N01,安溪,110,資產負債表,應收帳款淨額,17797.0,非收支
N01,安溪,111,資產負債表,應收帳款淨額,69039.0,非收支
N01,安溪,112,資產負債表,應收帳款淨額,34918.0,非收支
N01,安溪,113,資產負債表,應收帳款淨額,37897.0,非收支
N01,安溪,110,資產負債表,本期餘絀,218557.0,非收支
N01,安溪,111,資產負債表,本期餘絀,649872.0,非收支
N01,安溪,112,資產負債表,本期餘絀,250799.0,非收支
N01,安溪,113,資產負債表,本期餘絀,-1988771.0,非收支
N01,安溪,111,資產負債表,業務發展準備,8091844.0,非收支
N01,安溪,112,資產負債表,業務發展準備,10479844.0,非收支
N01,安溪,113,資產負債表,業務發展準備,15899844.0,非收支
N01,安溪,110,資產負債表,業務發展準備備,6791844.0,非收支
N01,安溪,110,資產負債表,業務發展準備金,6791844.0,非收支
N01,安溪,111,資產負債表,業務發展準備金,8091844.0,非收支
N01,安溪,112,資產負債表,業務發展準備金,10479844.0,非收支
N01,安溪,113,資產負債表,業務發展準備金,13699844.0,非收支
N01,安溪,110,資產負債表,流動負債合計,4519817.0,非收支
N01,安溪,111,資產負債表,流動負債合計,6767244.0,非收支
N01,安溪,112,資產負債表,流動負債合計,7272282.0,非收支
N01,安溪,113,資產負債表,流動負債合計,6271595.0,非收支
N01,安溪,110,資產負債表,流動資產合計,6087164.0,非收支
N01,安溪,111,資產負債表,流動資產合計,8984463.0,非收支
N01,安溪,112,資產負債表,流動資產合計,9740300.0,非收支
N01,安溪,113,資產負債表,流動資產合計,8950842.0,非收支
N01,安溪,110,資產負債表,現金及銀行存款,5803751.0,非收支
N01,安溪,111,資產負債表,現金及銀行存款,8824150.0,非收支
N01,安溪,112,資產負債表,現金及銀行存款,9654314.0,非收支
N01,安溪,113,資產負債表,現金及銀行存款,8868744.0,非收支
N01,安溪,110,資產負債表,累積餘絀,1352390.0,非收支
N01,安溪,111,資產負債表,累積餘絀,1570947.0,非收支
N01,安溪,112,資產負債表,累積餘絀,2220819.0,非收支
N01,安溪,113,資產負債表,累積餘絀,2471618.0,非收支
N01,安溪,110,資產負債表,負債及餘絀總計,14735315.0,非收支
N01,安溪,111,資產負債表,負債及餘絀總計,20469369.0,非收支
N01,安溪,112,資產負債表,負債及餘絀總計,24140447.0,非收支
N01,安溪,113,資產負債表,負債及餘絀總計,26187977.0,非收支
N01,安溪,110,資產負債表,負債總額,13164368.0,非收支
N01,安溪,111,資產負債表,負債總額,18248550.0,非收支
N01,安溪,112,資產負債表,負債總額,21668829.0,非收支
N01,安溪,113,資產負債表,負債總額,25705130.0,非收支
N01,安溪,110,資產負債表,資產總計,14735315.0,非收支
N01,安溪,111,資產負債表,資產總計,20469369.0,非收支
N01,安溪,112,資產負債表,資產總計,24140447.0,非收支
N01,安溪,113,資產負債表,資產總計,26187977.0,非收支
N01,安溪,110,資產負債表,資遣費準備,564718.0,非收支
N01,安溪,112,資產負債表,資遣費準備,713906.0,非收支
N01,安溪,112,資產負債表,資遣費準備,713906.0,非收支
N01,安溪,113,資產負債表,資遣費準備,790438.0,非收支
N01,安溪,110,資產負債表,資遣費準備金,564718.0,非收支
N01,安溪,113,資產負債表,資遣費準備金,790438.0,非收支
N01,安溪,111,資產負債表,資遺費準備,638981.0,非收支
N01,安溪,111,資產負債表,資遺費準備金,638981.0,非收支
N01,安溪,110,資產負債表,購置財產,168381.0,非收支
N01,安溪,111,資產負債表,購置財產,172779.0,非收支
N01,安溪,112,資產負債表,購置財產,172779.0,非收支
N01,安溪,113,資產負債表,購置財產,170274.0,非收支
N01,安溪,110,資產負債表,非流動負債合計,8644551.0,非收支
N01,安溪,111,資產負債表,非流動負債合計,11481306.0,非收支
N01,安溪,112,資產負債表,非流動負債合計,14396547.0,非收支
N01,安溪,113,資產負債表,非流動負債合計,19433535.0,非收支
N01,安溪,110,資產負債表,非流動資產合計,8648151.0,非收支
N01,安溪,111,資產負債表,非流動資產合計,11484906.0,非收支
N01,安溪,112,資產負債表,非流動資產合計,14400147.0,非收支
N01,安溪,113,資產負債表,非流動資產合計,17237135.0,非收支
N01,安溪,110,資產負債表,預付款項,240587.0,非收支
N01,安溪,111,資產負債表,預付款項,56020.0,非收支
N01,安溪,112,資產負債表,預付款項,51068.0,非收支
N01,安溪,113,資產負債表,預付款項,44201.0,非收支
N01,安溪,110,資產負債表,預收款項,3078815.0,非收支
N01,安溪,111,資產負債表,預收款項,4798921.0,非收支
N01,安溪,112,資產負債表,預收款項,5207452.0,非收支
N01,安溪,113,資產負債表,預收款項,4324548.0,非收支
N01,安溪,110,資產負債表,餘絀總額,1570947.0,非收支
N01,安溪,111,資產負債表,餘絀總額,2220819.0,非收支
N01,安溪,112,資產負債表,餘絀總額,2471618.0,非收支
N01,安溪,113,資產負債表,餘絀總額,482847.0,非收支
N01,安溪,110,附表三,事務機器耗材-執行率,84.0,非收支
N01,安溪,111,附表三,事務機器耗材-執行率,83.0,非收支
N01,安溪,112,附表三,事務機器耗材-執行率,82.0,非收支
N01,安溪,113,附表三,事務機器耗材-執行率,62.0,非收支
N01,安溪,110,附表三,事務機器耗材-決算數,50284.0,非收支
N01,安溪,111,附表三,事務機器耗材-決算數,54177.0,非收支
N01,安溪,112,附表三,事務機器耗材-決算數,53091.0,非收支
N01,安溪,113,附表三,事務機器耗材-決算數,40460.0,非收支
N01,安溪,112,附表三,五日未上課退費-執行率,,非收支
N01,安溪,113,附表三,五日未上課退費-執行率,,非收支
N01,安溪,112,附表三,五日未上課退費-決算數,-30378.0,非收支
N01,安溪,113,附表三,五日未上課退費-決算數,-46044.0,非收支
N01,安溪,112,附表三,人事費-執行率,88.0,非收支
N01,安溪,113,附表三,人事費-執行率,87.0,非收支
N01,安溪,112,附表三,人事費-決算數,11797585.0,非收支
N01,安溪,113,附表三,人事費-決算數,11978248.0,非收支
N01,安溪,112,附表三,代課費及代班費-執行率,75.0,非收支
N01,安溪,113,附表三,代課費及代班費-執行率,59.0,非收支
N01,安溪,112,附表三,代課費及代班費-決算數,198190.0,非收支
N01,安溪,113,附表三,代課費及代班費-決算數,156896.0,非收支
N01,安溪,110,附表三,保全-執行率,40.0,非收支
N01,安溪,111,附表三,保全-執行率,50.0,非收支
N01,安溪,112,附表三,保全-執行率,40.0,非收支
N01,安溪,113,附表三,保全-執行率,40.0,非收支
N01,安溪,110,附表三,保全-決算數,24000.0,非收支
N01,安溪,111,附表三,保全-決算數,29925.0,非收支
N01,安溪,112,附表三,保全-決算數,24000.0,非收支
N01,安溪,113,附表三,保全-決算數,24000.0,非收支
N01,安溪,112,附表三,保險費-執行率,100.0,非收支
N01,安溪,113,附表三,保險費-執行率,100.0,非收支
N01,安溪,112,附表三,保險費-決算數,17987.0,非收支
N01,安溪,113,附表三,保險費-決算數,17924.0,非收支
N01,安溪,112,附表三,修繕費-執行率,32.0,非收支
N01,安溪,113,附表三,修繕費-執行率,86.0,非收支
N01,安溪,112,附表三,修繕費-決算數,34700.0,非收支
N01,安溪,113,附表三,修繕費-決算數,94839.0,非收支
N01,安溪,110,附表三,修繕購置費-執行率,100.0,非收支
N01,安溪,111,附表三,修繕購置費-執行率,30.0,非收支
N01,安溪,112,附表三,修繕購置費-執行率,15.0,非收支
N01,安溪,113,附表三,修繕購置費-執行率,77.0,非收支
N01,安溪,110,附表三,修繕購置費-決算數,125696.0,非收支
N01,安溪,111,附表三,修繕購置費-決算數,58005.0,非收支
N01,安溪,112,附表三,修繕購置費-決算數,28074.0,非收支
N01,安溪,113,附表三,修繕購置費-決算數,128643.0,非收支
N01,安溪,112,附表三,健康檢查-執行率,100.0,非收支
N01,安溪,113,附表三,健康檢查-執行率,,非收支
N01,安溪,112,附表三,健康檢查-決算數,2000.0,非收支
N01,安溪,113,附表三,健康檢查-決算數,,非收支
N01,安溪,110,附表三,其他支出-執行率,,非收支
N01,安溪,111,附表三,其他支出-執行率,,非收支
N01,安溪,112,附表三,其他支出-執行率,,非收支
N01,安溪,113,附表三,其他支出-執行率,,非收支
N01,安溪,110,附表三,其他支出-決算數,1086035.0,非收支
N01,安溪,111,附表三,其他支出-決算數,801623.0,非收支
N01,安溪,112,附表三,其他支出-決算數,1344392.0,非收支
N01,安溪,113,附表三,其他支出-決算數,1765262.0,非收支
N01,安溪,112,附表三,其他收入-執行率,,非收支
N01,安溪,113,附表三,其他收入-執行率,,非收支
N01,安溪,112,附表三,其他收入-決算數,1344392.0,非收支
N01,安溪,113,附表三,其他收入-決算數,1765262.0,非收支
N01,安溪,112,附表三,利息收入-執行率,,非收支
N01,安溪,113,附表三,利息收入-執行率,,非收支
N01,安溪,112,附表三,利息收入-決算數,82077.0,非收支
N01,安溪,113,附表三,利息收入-決算數,211286.0,非收支
N01,安溪,112,附表三,加班費-執行率,9.0,非收支
N01,安溪,113,附表三,加班費-執行率,9.0,非收支
N01,安溪,112,附表三,加班費-決算數,85581.0,非收支
N01,安溪,113,附表三,加班費-決算數,89809.0,非收支
N01,安溪,112,附表三,勞、健保費-執行率,82.0,非收支
N01,安溪,113,附表三,勞、健保費-執行率,81.0,非收支
N01,安溪,112,附表三,勞、健保費-決算數,1136332.0,非收支
N01,安溪,113,附表三,勞、健保費-決算數,1137506.0,非收支
N01,安溪,112,附表三,勞退金提撥-執行率,100.0,非收支
N01,安溪,113,附表三,勞退金提撥-執行率,102.0,非收支
N01,安溪,112,附表三,勞退金提撥-決算數,541789.0,非收支
N01,安溪,113,附表三,勞退金提撥-決算數,561189.0,非收支
N01,安溪,110,附表三,呆帳損失-執行率,,非收支
N01,安溪,111,附表三,呆帳損失-執行率,,非收支
N01,安溪,112,附表三,呆帳損失-執行率,,非收支
N01,安溪,113,附表三,呆帳損失-執行率,,非收支
N01,安溪,110,附表三,呆帳損失-決算數,46686.0,非收支
N01,安溪,111,附表三,呆帳損失-決算數,,非收支
N01,安溪,112,附表三,呆帳損失-決算數,1828.0,非收支
N01,安溪,113,附表三,呆帳損失-決算數,,非收支
N01,安溪,110,附表三,園務特支-執行率,100.0,非收支
N01,安溪,111,附表三,園務特支-執行率,100.0,非收支
N01,安溪,112,附表三,園務特支-執行率,97.0,非收支
N01,安溪,113,附表三,園務特支-執行率,101.0,非收支
N01,安溪,110,附表三,園務特支-決算數,39000.0,非收支
N01,安溪,111,附表三,園務特支-決算數,42000.0,非收支
N01,安溪,112,附表三,園務特支-決算數,40640.0,非收支
N01,安溪,113,附表三,園務特支-決算數,42244.0,非收支
N01,安溪,110,附表三,園舍消毒、清潔-執行率,41.0,非收支
N01,安溪,111,附表三,園舍消毒、清潔-執行率,69.0,非收支
N01,安溪,112,附表三,園舍消毒、清潔-執行率,65.0,非收支
N01,安溪,113,附表三,園舍消毒、清潔-執行率,42.0,非收支
N01,安溪,110,附表三,園舍消毒、清潔-決算數,10223.0,非收支
N01,安溪,111,附表三,園舍消毒、清潔-決算數,17337.0,非收支
N01,安溪,112,附表三,園舍消毒、清潔-決算數,16228.0,非收支
N01,安溪,113,附表三,園舍消毒、清潔-決算數,10572.0,非收支
N01,安溪,113,附表三,園長及教保服務人員薪資(含職務加給)-執行率,94.0,非收支
N01,安溪,113,附表三,園長及教保服務人員薪資(含職務加給)-決算數,6593558.0,非收支
N01,安溪,112,附表三,園長及教保服務人員薪資（含職務加給）-執行率,95.0,非收支
N01,安溪,112,附表三,園長及教保服務人員薪資（含職務加給）-決算數,6524563.0,非收支
N01,安溪,113,附表三,學前特教師(含職務加給)、社工師、護理師薪資-執行率,101.0,非收支
N01,安溪,113,附表三,學前特教師(含職務加給)、社工師、護理師薪資-決算數,676239.0,非收支
N01,安溪,112,附表三,學前特教師（含職務加給）、社工師、護理師薪資-執行率,100.0,非收支
N01,安溪,112,附表三,學前特教師（含職務加給）、社工師、護理師薪資-決算數,650268.0,非收支
N01,安溪,110,附表三,差旅費-執行率,,非收支
N01,安溪,111,附表三,差旅費-執行率,,非收支
N01,安溪,112,附表三,差旅費-執行率,,非收支
N01,安溪,113,附表三,差旅費-執行率,,非收支
N01,安溪,110,附表三,差旅費-決算數,,非收支
N01,安溪,111,附表三,差旅費-決算數,,非收支
N01,安溪,112,附表三,差旅費-決算數,,非收支
N01,安溪,113,附表三,差旅費-決算數,,非收支
N01,安溪,110,附表三,延後托育支出-執行率,,非收支
N01,安溪,111,附表三,延後托育支出-執行率,,非收支
N01,安溪,110,附表三,延後托育支出-決算數,147216.0,非收支
N01,安溪,111,附表三,延後托育支出-決算數,202057.0,非收支
N01,安溪,112,附表三,延長照顧服務支出-執行率,,非收支
N01,安溪,113,附表三,延長照顧服務支出-執行率,,非收支
N01,安溪,112,附表三,延長照顧服務支出-決算數,176808.0,非收支
N01,安溪,113,附表三,延長照顧服務支出-決算數,162217.0,非收支
N01,安溪,112,附表三,延長照顧服務收入-執行率,,非收支
N01,安溪,113,附表三,延長照顧服務收入-執行率,,非收支
N01,安溪,112,附表三,延長照顧服務收入-決算數,344697.0,非收支
N01,安溪,113,附表三,延長照顧服務收入-決算數,268720.0,非收支
N01,安溪,112,附表三,延長照顧服務收入淨額-執行率,,非收支
N01,安溪,112,附表三,延長照顧服務收入淨額-執行率,,非收支
N01,安溪,113,附表三,延長照顧服務收入淨額-執行率,,非收支
N01,安溪,113,附表三,延長照顧服務收入淨額-執行率,,非收支
N01,安溪,112,附表三,延長照顧服務收入淨額-決算數,337868.0,非收支
N01,安溪,112,附表三,延長照顧服務收入淨額-決算數,337868.0,非收支
N01,安溪,113,附表三,延長照顧服務收入淨額-決算數,257480.0,非收支
N01,安溪,113,附表三,延長照顧服務收入淨額-決算數,257480.0,非收支
N01,安溪,112,附表三,延長照顧服務收入退費-執行率,,非收支
N01,安溪,113,附表三,延長照顧服務收入退費-執行率,,非收支
N01,安溪,112,附表三,延長照顧服務收入退費-決算數,-6829.0,非收支
N01,安溪,113,附表三,延長照顧服務收入退費-決算數,-11240.0,非收支
N01,安溪,110,附表三,所得稅費用-執行率,,非收支
N01,安溪,111,附表三,所得稅費用-執行率,,非收支
N01,安溪,112,附表三,所得稅費用-執行率,,非收支
N01,安溪,113,附表三,所得稅費用-執行率,,非收支
N01,安溪,110,附表三,所得稅費用-決算數,,非收支
N01,安溪,111,附表三,所得稅費用-決算數,,非收支
N01,安溪,112,附表三,所得稅費用-決算數,,非收支
N01,安溪,113,附表三,所得稅費用-決算數,,非收支
N01,安溪,110,附表三,攝影照片-執行率,,非收支
N01,安溪,111,附表三,攝影照片-執行率,,非收支
N01,安溪,112,附表三,攝影照片-執行率,,非收支
N01,安溪,113,附表三,攝影照片-執行率,,非收支
N01,安溪,110,附表三,攝影照片-決算數,,非收支
N01,安溪,111,附表三,攝影照片-決算數,,非收支
N01,安溪,112,附表三,攝影照片-決算數,,非收支
N01,安溪,113,附表三,攝影照片-決算數,,非收支
N01,安溪,112,附表三,支出-執行率,108.0,非收支
N01,安溪,113,附表三,支出-執行率,128.0,非收支
N01,安溪,112,附表三,支出-決算數,18744221.0,非收支
N01,安溪,113,附表三,支出-決算數,22144749.0,非收支
N01,安溪,112,附表三,收入-執行率,107.0,非收支
N01,安溪,113,附表三,收入-執行率,111.0,非收支
N01,安溪,112,附表三,收入-決算數,18995020.0,非收支
N01,安溪,113,附表三,收入-決算數,20155978.0,非收支
N01,安溪,112,附表三,政府學費差額補助退費-執行率,,非收支
N01,安溪,113,附表三,政府學費差額補助退費-執行率,,非收支
N01,安溪,112,附表三,政府學費差額補助退費-決算數,-20254.0,非收支
N01,安溪,113,附表三,政府學費差額補助退費-決算數,-5973.0,非收支
N01,安溪,110,附表三,教保材料費-執行率,82.0,非收支
N01,安溪,111,附表三,教保材料費-執行率,103.0,非收支
N01,安溪,112,附表三,教保材料費-執行率,62.0,非收支
N01,安溪,113,附表三,教保材料費-執行率,63.0,非收支
N01,安溪,110,附表三,教保材料費-決算數,177602.0,非收支
N01,安溪,111,附表三,教保材料費-決算數,334691.0,非收支
N01,安溪,112,附表三,教保材料費-決算數,201041.0,非收支
N01,安溪,113,附表三,教保材料費-決算數,181092.0,非收支
N01,安溪,113,附表三,教保費收入(家長繳費)-執行率,71.0,非收支
N01,安溪,113,附表三,教保費收入(家長繳費)-決算數,2040000.0,非收支
N01,安溪,113,附表三,教保費收入(政府學費差額補助)-執行率,104.0,非收支
N01,安溪,113,附表三,教保費收入(政府學費差額補助)-決算數,15950000.0,非收支
N01,安溪,112,附表三,教保費收入-執行率,97.0,非收支
N01,安溪,113,附表三,教保費收入-執行率,99.0,非收支
N01,安溪,112,附表三,教保費收入-決算數,17324859.0,非收支
N01,安溪,113,附表三,教保費收入-決算數,17990000.0,非收支
N01,安溪,112,附表三,教保費收入淨額-執行率,97.0,非收支
N01,安溪,113,附表三,教保費收入淨額-執行率,98.0,非收支
N01,安溪,112,附表三,教保費收入淨額-決算數,17230683.0,非收支
N01,安溪,113,附表三,教保費收入淨額-決算數,17921950.0,非收支
N01,安溪,112,附表三,教保費收入減項-執行率,,非收支
N01,安溪,113,附表三,教保費收入減項-執行率,,非收支
N01,安溪,112,附表三,教保費收入減項-決算數,-94176.0,非收支
N01,安溪,113,附表三,教保費收入減項-決算數,-68050.0,非收支
N01,安溪,112,附表三,教保費收入（家長繳費）-執行率,67.0,非收支
N01,安溪,112,附表三,教保費收入（家長繳費）-決算數,2202863.0,非收支
N01,安溪,112,附表三,教保費收入（政府學費差額補助）-執行率,104.0,非收支
N01,安溪,112,附表三,教保費收入（政府學費差額補助）-決算數,15121996.0,非收支
N01,安溪,110,附表三,文宣費(一般文宣)-執行率,,非收支
N01,安溪,111,附表三,文宣費(一般文宣)-執行率,,非收支
N01,安溪,113,附表三,文宣費(一般文宣)-執行率,,非收支
N01,安溪,110,附表三,文宣費(一般文宣)-決算數,,非收支
N01,安溪,111,附表三,文宣費(一般文宣)-決算數,,非收支
N01,安溪,113,附表三,文宣費(一般文宣)-決算數,,非收支
N01,安溪,113,附表三,文宣費(園刊)-執行率,,非收支
N01,安溪,113,附表三,文宣費(園刊)-決算數,,非收支
N01,安溪,110,附表三,文宣費(圖刊)-執行率,,非收支
N01,安溪,111,附表三,文宣費(圖刊)-執行率,,非收支
N01,安溪,110,附表三,文宣費(圖刊)-決算數,,非收支
N01,安溪,111,附表三,文宣費(圖刊)-決算數,,非收支
N01,安溪,112,附表三,文宣費（一般文宣）-執行率,,非收支
N01,安溪,112,附表三,文宣費（一般文宣）-決算數,,非收支
N01,安溪,112,附表三,文宣費（園刊）-執行率,,非收支
N01,安溪,112,附表三,文宣費（園刊）-決算數,,非收支
N01,安溪,110,附表三,日常消耗用品-執行率,70.0,非收支
N01,安溪,111,附表三,日常消耗用品-執行率,86.0,非收支
N01,安溪,112,附表三,日常消耗用品-執行率,71.0,非收支
N01,安溪,113,附表三,日常消耗用品-執行率,66.0,非收支
N01,安溪,110,附表三,日常消耗用品-決算數,37967.0,非收支
N01,安溪,111,附表三,日常消耗用品-決算數,69960.0,非收支
N01,安溪,112,附表三,日常消耗用品-決算數,58145.0,非收支
N01,安溪,113,附表三,日常消耗用品-決算數,47419.0,非收支
N01,安溪,112,附表三,會計、總務、廚工、清潔薪資-執行率,98.0,非收支
N01,安溪,113,附表三,會計、總務、廚工、清潔薪資-執行率,100.0,非收支
N01,安溪,112,附表三,會計、總務、廚工、清潔薪資-決算數,2547950.0,非收支
N01,安溪,113,附表三,會計、總務、廚工、清潔薪資-決算數,2650595.0,非收支
N01,安溪,110,附表三,本期稅前餘絀-執行率,-335.0,非收支
N01,安溪,111,附表三,本期稅前餘絀-執行率,,非收支
N01,安溪,112,附表三,本期稅前餘絀-執行率,58.0,非收支
N01,安溪,113,附表三,本期稅前餘絀-執行率,-205.0,非收支
N01,安溪,110,附表三,本期稅前餘絀-決算數,218557.0,非收支
N01,安溪,111,附表三,本期稅前餘絀-決算數,649872.0,非收支
N01,安溪,112,附表三,本期稅前餘絀-決算數,250799.0,非收支
N01,安溪,113,附表三,本期稅前餘絀-決算數,-1988771.0,非收支
N01,安溪,110,附表三,本期稅後餘絀-執行率,-335.0,非收支
N01,安溪,111,附表三,本期稅後餘絀-執行率,,非收支
N01,安溪,112,附表三,本期稅後餘絀-執行率,58.0,非收支
N01,安溪,113,附表三,本期稅後餘絀-執行率,-205.0,非收支
N01,安溪,110,附表三,本期稅後餘絀-決算數,218557.0,非收支
N01,安溪,111,附表三,本期稅後餘絀-決算數,649872.0,非收支
N01,安溪,112,附表三,本期稅後餘絀-決算數,250799.0,非收支
N01,安溪,113,附表三,本期稅後餘絀-決算數,,非收支
N01,安溪,110,附表三,材料費-執行率,89.0,非收支
N01,安溪,111,附表三,材料費-執行率,102.0,非收支
N01,安溪,112,附表三,材料費-執行率,93.0,非收支
N01,安溪,113,附表三,材料費-執行率,90.0,非收支
N01,安溪,110,附表三,材料費-決算數,1245534.0,非收支
N01,安溪,111,附表三,材料費-決算數,2084531.0,非收支
N01,安溪,112,附表三,材料費-決算數,2216621.0,非收支
N01,安溪,113,附表三,材料費-決算數,1890864.0,非收支
N01,安溪,110,附表三,業務發展費-執行率,,非收支
N01,安溪,111,附表三,業務發展費-執行率,,非收支
N01,安溪,112,附表三,業務發展費-執行率,,非收支
N01,安溪,113,附表三,業務發展費-執行率,,非收支
N01,安溪,110,附表三,業務發展費-決算數,1099000.0,非收支
N01,安溪,111,附表三,業務發展費-決算數,1300000.0,非收支
N01,安溪,112,附表三,業務發展費-決算數,2388000.0,非收支
N01,安溪,113,附表三,業務發展費-決算數,5420000.0,非收支
N01,安溪,111,附表三,業務費-執行率,45.0,非收支
N01,安溪,112,附表三,業務費-執行率,45.0,非收支
N01,安溪,113,附表三,業務費-執行率,47.0,非收支
N01,安溪,111,附表三,業務費-決算數,401715.0,非收支
N01,安溪,112,附表三,業務費-決算數,394450.0,非收支
N01,安溪,113,附表三,業務費-決算數,382209.0,非收支
N01,安溪,110,附表三,水費-執行率,25.0,非收支
N01,安溪,111,附表三,水費-執行率,38.0,非收支
N01,安溪,112,附表三,水費-執行率,33.0,非收支
N01,安溪,113,附表三,水費-執行率,35.0,非收支
N01,安溪,110,附表三,水費-決算數,6410.0,非收支
N01,安溪,111,附表三,水費-決算數,14267.0,非收支
N01,安溪,112,附表三,水費-決算數,12458.0,非收支
N01,安溪,113,附表三,水費-決算數,11291.0,非收支
N01,安溪,110,附表三,水電修繕-執行率,111.0,非收支
N01,安溪,111,附表三,水電修繕-執行率,21.0,非收支
N01,安溪,110,附表三,水電修繕-決算數,94557.0,非收支
N01,安溪,111,附表三,水電修繕-決算數,22590.0,非收支
N01,安溪,111,附表三,活動費-執行率,53.0,非收支
N01,安溪,112,附表三,活動費-執行率,47.0,非收支
N01,安溪,113,附表三,活動費-執行率,49.0,非收支
N01,安溪,111,附表三,活動費-決算數,60407.0,非收支
N01,安溪,112,附表三,活動費-決算數,54090.0,非收支
N01,安溪,113,附表三,活動費-決算數,56435.0,非收支
N01,安溪,110,附表三,火險-執行率,9.0,非收支
N01,安溪,111,附表三,火險-執行率,9.0,非收支
N01,安溪,112,附表三,火險-執行率,8.0,非收支
N01,安溪,113,附表三,火險-執行率,8.0,非收支
N01,安溪,110,附表三,火險-決算數,696.0,非收支
N01,安溪,111,附表三,火險-決算數,739.0,非收支
N01,安溪,112,附表三,火險-決算數,653.0,非收支
N01,安溪,113,附表三,火險-決算數,653.0,非收支
N01,安溪,110,附表三,瓦斯費-執行率,46.0,非收支
N01,安溪,111,附表三,瓦斯費-執行率,66.0,非收支
N01,安溪,112,附表三,瓦斯費-執行率,59.0,非收支
N01,安溪,113,附表三,瓦斯費-執行率,70.0,非收支
N01,安溪,110,附表三,瓦斯費-決算數,14850.0,非收支
N01,安溪,111,附表三,瓦斯費-決算數,23590.0,非收支
N01,安溪,112,附表三,瓦斯費-決算數,21150.0,非收支
N01,安溪,113,附表三,瓦斯費-決算數,23915.0,非收支
N01,安溪,110,附表三,研習、進修-執行率,,非收支
N01,安溪,111,附表三,研習、進修-執行率,8.0,非收支
N01,安溪,112,附表三,研習、進修-執行率,6.0,非收支
N01,安溪,113,附表三,研習、進修-執行率,44.0,非收支
N01,安溪,110,附表三,研習、進修-決算數,,非收支
N01,安溪,111,附表三,研習、進修-決算數,2800.0,非收支
N01,安溪,112,附表三,研習、進修-決算數,2000.0,非收支
N01,安溪,113,附表三,研習、進修-決算數,16000.0,非收支
N01,安溪,110,附表三,維護費-執行率,89.0,非收支
N01,安溪,111,附表三,維護費-執行率,28.0,非收支
N01,安溪,112,附表三,維護費-執行率,36.0,非收支
N01,安溪,113,附表三,維護費-執行率,74.0,非收支
N01,安溪,110,附表三,維護費-決算數,105476.0,非收支
N01,安溪,111,附表三,維護費-決算數,40666.0,非收支
N01,安溪,112,附表三,維護費-決算數,51581.0,非收支
N01,安溪,113,附表三,維護費-決算數,106064.0,非收支
N01,安溪,112,附表三,腸病毒退費-執行率,,非收支
N01,安溪,113,附表三,腸病毒退費-執行率,,非收支
N01,安溪,112,附表三,腸病毒退費-決算數,-30842.0,非收支
N01,安溪,113,附表三,腸病毒退費-決算數,-16033.0,非收支
N01,安溪,112,附表三,自強活動-執行率,100.0,非收支
N01,安溪,113,附表三,自強活動-執行率,100.0,非收支
N01,安溪,112,附表三,自強活動-決算數,18000.0,非收支
N01,安溪,113,附表三,自強活動-決算數,18000.0,非收支
N01,安溪,110,附表三,藥品費-執行率,48.0,非收支
N01,安溪,111,附表三,藥品費-執行率,51.0,非收支
N01,安溪,112,附表三,藥品費-執行率,73.0,非收支
N01,安溪,113,附表三,藥品費-執行率,39.0,非收支
N01,安溪,110,附表三,藥品費-決算數,3035.0,非收支
N01,安溪,111,附表三,藥品費-決算數,4868.0,非收支
N01,安溪,112,附表三,藥品費-決算數,6961.0,非收支
N01,安溪,113,附表三,藥品費-決算數,3255.0,非收支
N01,安溪,110,附表三,行政管理費-執行率,100.0,非收支
N01,安溪,111,附表三,行政管理費-執行率,100.0,非收支
N01,安溪,112,附表三,行政管理費-執行率,100.0,非收支
N01,安溪,113,附表三,行政管理費-執行率,100.0,非收支
N01,安溪,110,附表三,行政管理費-決算數,124680.0,非收支
N01,安溪,111,附表三,行政管理費-決算數,293292.0,非收支
N01,安溪,112,附表三,行政管理費-決算數,325932.0,非收支
N01,安溪,113,附表三,行政管理費-決算數,290580.0,非收支
N01,安溪,111,附表三,資產費-執行率,100.0,非收支
N01,安溪,111,附表三,資產費-決算數,74263.0,非收支
N01,安溪,112,附表三,資遣費-執行率,100.0,非收支
N01,安溪,113,附表三,資遣費-執行率,100.0,非收支
N01,安溪,112,附表三,資遣費-決算數,74925.0,非收支
N01,安溪,113,附表三,資遣費-決算數,76532.0,非收支
N01,安溪,112,附表三,轉學/轉出退費-執行率,,非收支
N01,安溪,113,附表三,轉學/轉出退費-執行率,,非收支
N01,安溪,112,附表三,轉學/轉出退費-決算數,-12702.0,非收支
N01,安溪,113,附表三,轉學/轉出退費-決算數,,非收支
N01,安溪,110,附表三,辦公文具-執行率,67.0,非收支
N01,安溪,111,附表三,辦公文具-執行率,10.0,非收支
N01,安溪,112,附表三,辦公文具-執行率,33.0,非收支
N01,安溪,113,附表三,辦公文具-執行率,12.0,非收支
N01,安溪,110,附表三,辦公文具-決算數,12026.0,非收支
N01,安溪,111,附表三,辦公文具-決算數,3085.0,非收支
N01,安溪,112,附表三,辦公文具-決算數,9907.0,非收支
N01,安溪,113,附表三,辦公文具-決算數,2881.0,非收支
N01,安溪,110,附表三,郵資-執行率,34.0,非收支
N01,安溪,111,附表三,郵資-執行率,36.0,非收支
N01,安溪,112,附表三,郵資-執行率,33.0,非收支
N01,安溪,113,附表三,郵資-執行率,22.0,非收支
N01,安溪,110,附表三,郵資-決算數,2415.0,非收支
N01,安溪,111,附表三,郵資-決算數,3046.0,非收支
N01,安溪,112,附表三,郵資-決算數,2782.0,非收支
N01,安溪,113,附表三,郵資-決算數,1809.0,非收支
N01,安溪,110,附表三,雜支-執行率,54.0,非收支
N01,安溪,111,附表三,雜支-執行率,41.0,非收支
N01,安溪,112,附表三,雜支-執行率,36.0,非收支
N01,安溪,113,附表三,雜支-執行率,43.0,非收支
N01,安溪,110,附表三,雜支-決算數,22118.0,非收支
N01,安溪,111,附表三,雜支-決算數,21679.0,非收支
N01,安溪,112,附表三,雜支-決算數,18950.0,非收支
N01,安溪,113,附表三,雜支-決算數,20662.0,非收支
N01,安溪,113,附表三,電話費(含 ADSL)-執行率,64.0,非收支
N01,安溪,113,附表三,電話費(含 ADSL)-決算數,34787.0,非收支
N01,安溪,110,附表三,電話費(含網路)-執行率,75.0,非收支
N01,安溪,111,附表三,電話費(含網路)-執行率,66.0,非收支
N01,安溪,110,附表三,電話費(含網路)-決算數,33835.0,非收支
N01,安溪,111,附表三,電話費(含網路)-決算數,35601.0,非收支
N01,安溪,112,附表三,電話費（含ADSL）-執行率,68.0,非收支
N01,安溪,112,附表三,電話費（含ADSL）-決算數,36500.0,非收支
N01,安溪,110,附表三,電費-執行率,40.0,非收支
N01,安溪,111,附表三,電費-執行率,41.0,非收支
N01,安溪,112,附表三,電費-執行率,43.0,非收支
N01,安溪,113,附表三,電費-執行率,49.0,非收支
N01,安溪,110,附表三,電費-決算數,80699.0,非收支
N01,安溪,111,附表三,電費-決算數,132817.0,非收支
N01,安溪,112,附表三,電費-決算數,137832.0,非收支
N01,安溪,113,附表三,電費-決算數,128387.0,非收支
N01,安溪,110,附表三,餐點費-執行率,91.0,非收支
N01,安溪,111,附表三,餐點費-執行率,103.0,非收支
N01,安溪,112,附表三,餐點費-執行率,100.0,非收支
N01,安溪,113,附表三,餐點費-執行率,96.0,非收支
N01,安溪,110,附表三,餐點費-決算數,1026930.0,非收支
N01,安溪,111,附表三,餐點費-決算數,1675012.0,非收支
N01,安溪,112,附表三,餐點費-決算數,1950474.0,非收支
N01,安溪,113,附表三,餐點費-決算數,1659098.0,非收支
N01,安溪,112,附表二,事務機器耗材-差異率,-18.0,非收支
N01,安溪,113,附表二,事務機器耗材-差異率,-38.0,非收支
N01,安溪,112,附表二,事務機器耗材-決算數,53091.0,非收支
N01,安溪,113,附表二,事務機器耗材-決算數,40460.0,非收支
N01,安溪,110,附表二,五日未上課退費-差異率,,非收支
N01,安溪,111,附表二,五日未上課退費-差異率,,非收支
N01,安溪,110,附表二,五日未上課退費-決算數,-75432.0,非收支
N01,安溪,111,附表二,五日未上課退費-決算數,-67461.0,非收支
N01,安溪,110,附表二,人事費-差異率,88.0,非收支
N01,安溪,111,附表二,人事費-差異率,87.0,非收支
N01,安溪,112,附表二,人事費-差異率,-12.0,非收支
N01,安溪,112,附表二,人事費-差異率,-6.0,非收支
N01,安溪,113,附表二,人事費-差異率,-13.0,非收支
N01,安溪,113,附表二,人事費-差異率,-6.0,非收支
N01,安溪,110,附表二,人事費-決算數,6763467.0,非收支
N01,安溪,111,附表二,人事費-決算數,11539967.0,非收支
N01,安溪,112,附表二,人事費-決算數,11797585.0,非收支
N01,安溪,112,附表二,人事費-決算數,11637079.0,非收支
N01,安溪,113,附表二,人事費-決算數,11978248.0,非收支
N01,安溪,113,附表二,人事費-決算數,11811907.0,非收支
N01,安溪,110,附表二,代課費及廚工代班費-差異率,19.0,非收支
N01,安溪,111,附表二,代課費及廚工代班費-差異率,47.0,非收支
N01,安溪,110,附表二,代課費及廚工代班費-決算數,45732.0,非收支
N01,安溪,111,附表二,代課費及廚工代班費-決算數,114387.0,非收支
N01,安溪,112,附表二,保全-差異率,-60.0,非收支
N01,安溪,113,附表二,保全-差異率,-60.0,非收支
N01,安溪,112,附表二,保全-決算數,24000.0,非收支
N01,安溪,113,附表二,保全-決算數,24000.0,非收支
N01,安溪,110,附表二,保險費-差異率,100.0,非收支
N01,安溪,111,附表二,保險費-差異率,98.0,非收支
N01,安溪,110,附表二,保險費-決算數,11952.0,非收支
N01,安溪,111,附表二,保險費-決算數,17658.0,非收支
N01,安溪,112,附表二,修繕購置費-差異率,-85.0,非收支
N01,安溪,113,附表二,修繕購置費-差異率,-23.0,非收支
N01,安溪,112,附表二,修繕購置費-決算數,28074.0,非收支
N01,安溪,113,附表二,修繕購置費-決算數,128643.0,非收支
N01,安溪,110,附表二,健康檢查-差異率,75.0,非收支
N01,安溪,111,附表二,健康檢查-差異率,17.0,非收支
N01,安溪,110,附表二,健康檢查-決算數,750.0,非收支
N01,安溪,111,附表二,健康檢查-決算數,3000.0,非收支
N01,安溪,110,附表二,其他收入-差異率,,非收支
N01,安溪,111,附表二,其他收入-差異率,,非收支
N01,安溪,110,附表二,其他收入-決算數,1086345.0,非收支
N01,安溪,111,附表二,其他收入-決算數,801623.0,非收支
N01,安溪,110,附表二,利息收入-差異率,,非收支
N01,安溪,111,附表二,利息收入-差異率,,非收支
N01,安溪,110,附表二,利息收入-決算數,43296.0,非收支
N01,安溪,111,附表二,利息收入-決算數,69934.0,非收支
N01,安溪,110,附表二,加班費-差異率,25.0,非收支
N01,安溪,111,附表二,加班費-差異率,11.0,非收支
N01,安溪,112,附表二,加班費-差異率,-91.0,非收支
N01,安溪,113,附表二,加班費-差異率,-91.0,非收支
N01,安溪,110,附表二,加班費-決算數,75163.0,非收支
N01,安溪,111,附表二,加班費-決算數,105124.0,非收支
N01,安溪,112,附表二,加班費-決算數,85581.0,非收支
N01,安溪,113,附表二,加班費-決算數,89809.0,非收支
N01,安溪,110,附表二,勞、健保費-差異率,95.0,非收支
N01,安溪,111,附表二,勞、健保費-差異率,88.0,非收支
N01,安溪,110,附表二,勞、健保費-決算數,647732.0,非收支
N01,安溪,111,附表二,勞、健保費-決算數,1108610.0,非收支
N01,安溪,110,附表二,勞退金提撥-差異率,93.0,非收支
N01,安溪,111,附表二,勞退金提撥-差異率,99.0,非收支
N01,安溪,110,附表二,勞退金提撥-決算數,306592.0,非收支
N01,安溪,111,附表二,勞退金提撥-決算數,527200.0,非收支
N01,安溪,112,附表二,合計-差異率,-15.0,非收支
N01,安溪,113,附表二,合計-差異率,-14.0,非收支
N01,安溪,112,附表二,合計-決算數,14833193.0,非收支
N01,安溪,113,附表二,合計-決算數,14797270.0,非收支
N01,安溪,112,附表二,園務特支-差異率,-3.0,非收支
N01,安溪,113,附表二,園務特支-差異率,1.0,非收支
N01,安溪,112,附表二,園務特支-決算數,40640.0,非收支
N01,安溪,113,附表二,園務特支-決算數,42244.0,非收支
N01,安溪,111,附表二,園長及教保服務人員薪資(含職務加給)-差異率,96.0,非收支
N01,安溪,111,附表二,園長及教保服務人員薪資(含職務加給)-決算數,6542351.0,非收支
N01,安溪,110,附表二,園長及教保服務人員薪資（含職務加給）-差異率,93.0,非收支
N01,安溪,110,附表二,園長及教保服務人員薪資（含職務加給）-決算數,4015475.0,非收支
N01,安溪,110,附表二,學前特教師、社工人員、護理人員薪資-差異率,99.0,非收支
N01,安溪,111,附表二,學前特教師、社工人員、護理人員薪資-差異率,100.0,非收支
N01,安溪,110,附表二,學前特教師、社工人員、護理人員薪資-決算數,510562.0,非收支
N01,安溪,111,附表二,學前特教師、社工人員、護理人員薪資-決算數,637700.0,非收支
N01,安溪,112,附表二,差旅費-差異率,,非收支
N01,安溪,113,附表二,差旅費-差異率,,非收支
N01,安溪,112,附表二,差旅費-決算數,,非收支
N01,安溪,113,附表二,差旅費-決算數,,非收支
N01,安溪,110,附表二,延後托育收入-差異率,,非收支
N01,安溪,111,附表二,延後托育收入-差異率,,非收支
N01,安溪,110,附表二,延後托育收入-決算數,173520.0,非收支
N01,安溪,111,附表二,延後托育收入-決算數,300939.0,非收支
N01,安溪,110,附表二,延後托育收入淨額-差異率,,非收支
N01,安溪,110,附表二,延後托育收入淨額-差異率,,非收支
N01,安溪,111,附表二,延後托育收入淨額-差異率,,非收支
N01,安溪,111,附表二,延後托育收入淨額-差異率,,非收支
N01,安溪,110,附表二,延後托育收入淨額-決算數,162900.0,非收支
N01,安溪,110,附表二,延後托育收入淨額-決算數,162900.0,非收支
N01,安溪,111,附表二,延後托育收入淨額-決算數,294043.0,非收支
N01,安溪,111,附表二,延後托育收入淨額-決算數,294043.0,非收支
N01,安溪,110,附表二,延後托育收入退費-差異率,,非收支
N01,安溪,111,附表二,延後托育收入退費-差異率,,非收支
N01,安溪,110,附表二,延後托育收入退費-決算數,-10620.0,非收支
N01,安溪,111,附表二,延後托育收入退費-決算數,-6896.0,非收支
N01,安溪,112,附表二,攝影照片-差異率,,非收支
N01,安溪,113,附表二,攝影照片-差異率,,非收支
N01,安溪,112,附表二,攝影照片-決算數,,非收支
N01,安溪,113,附表二,攝影照片-決算數,,非收支
N01,安溪,110,附表二,支出-差異率,109.0,非收支
N01,安溪,111,附表二,支出-差異率,100.0,非收支
N01,安溪,110,附表二,支出-決算數,11066312.0,非收支
N01,安溪,111,附表二,支出-決算數,16743535.0,非收支
N01,安溪,110,附表二,收入-差異率,112.0,非收支
N01,安溪,111,附表二,收入-差異率,104.0,非收支
N01,安溪,110,附表二,收入-決算數,11284869.0,非收支
N01,安溪,111,附表二,收入-決算數,17393407.0,非收支
N01,安溪,110,附表二,政府學費差額補助退費-差異率,,非收支
N01,安溪,111,附表二,政府學費差額補助退費-差異率,,非收支
N01,安溪,110,附表二,政府學費差額補助退費-決算數,,非收支
N01,安溪,111,附表二,政府學費差額補助退費-決算數,-18511.0,非收支
N01,安溪,112,附表二,教保材料費-差異率,-38.0,非收支
N01,安溪,113,附表二,教保材料費-差異率,-37.0,非收支
N01,安溪,112,附表二,教保材料費-決算數,201041.0,非收支
N01,安溪,113,附表二,教保材料費-決算數,181092.0,非收支
N01,安溪,110,附表二,教保費收入-差異率,100.0,非收支
N01,安溪,111,附表二,教保費收入-差異率,97.0,非收支
N01,安溪,110,附表二,教保費收入-決算數,10069260.0,非收支
N01,安溪,111,附表二,教保費收入-決算數,16337854.0,非收支
N01,安溪,110,附表二,教保費收入淨額-差異率,99.0,非收支
N01,安溪,111,附表二,教保費收入淨額-差異率,97.0,非收支
N01,安溪,110,附表二,教保費收入淨額-決算數,9992328.0,非收支
N01,安溪,111,附表二,教保費收入淨額-決算數,16227807.0,非收支
N01,安溪,110,附表二,教保費收入減項-差異率,,非收支
N01,安溪,111,附表二,教保費收入減項-差異率,,非收支
N01,安溪,110,附表二,教保費收入減項-決算數,-76932.0,非收支
N01,安溪,111,附表二,教保費收入減項-決算數,-110047.0,非收支
N01,安溪,110,附表二,教保費收入（家長繳費）-差異率,72.0,非收支
N01,安溪,111,附表二,教保費收入（家長繳費）-差異率,66.0,非收支
N01,安溪,110,附表二,教保費收入（家長繳費）-決算數,1940500.0,非收支
N01,安溪,111,附表二,教保費收入（家長繳費）-決算數,2152116.0,非收支
N01,安溪,110,附表二,教保費收入（政府學費差額補助）-差異率,110.0,非收支
N01,安溪,111,附表二,教保費收入（政府學費差額補助）-差異率,105.0,非收支
N01,安溪,110,附表二,教保費收入（政府學費差額補助）-決算數,8128760.0,非收支
N01,安溪,111,附表二,教保費收入（政府學費差額補助）-決算數,14185738.0,非收支
N01,安溪,112,附表二,文宣費（一般文宣）-差異率,,非收支
N01,安溪,113,附表二,文宣費（一般文宣）-差異率,,非收支
N01,安溪,112,附表二,文宣費（一般文宣）-決算數,,非收支
N01,安溪,113,附表二,文宣費（一般文宣）-決算數,,非收支
N01,安溪,112,附表二,文宣費（園刊）-差異率,,非收支
N01,安溪,113,附表二,文宣費（園刊）-差異率,,非收支
N01,安溪,112,附表二,文宣費（園刊）-決算數,,非收支
N01,安溪,113,附表二,文宣費（園刊）-決算數,,非收支
N01,安溪,112,附表二,日常消耗用品-差異率,-29.0,非收支
N01,安溪,113,附表二,日常消耗用品-差異率,-34.0,非收支
N01,安溪,112,附表二,日常消耗用品-決算數,58145.0,非收支
N01,安溪,113,附表二,日常消耗用品-決算數,47419.0,非收支
N01,安溪,110,附表二,會計、總務、廚工、清潔薪資-差異率,92.0,非收支
N01,安溪,111,附表二,會計、總務、廚工、清潔薪資-差異率,92.0,非收支
N01,安溪,110,附表二,會計、總務、廚工、清潔薪資-決算數,1092831.0,非收支
N01,安溪,111,附表二,會計、總務、廚工、清潔薪資-決算數,2391674.0,非收支
N01,安溪,112,附表二,材料費-差異率,-7.0,非收支
N01,安溪,113,附表二,材料費-差異率,-10.0,非收支
N01,安溪,112,附表二,材料費-決算數,2216621.0,非收支
N01,安溪,113,附表二,材料費-決算數,1890864.0,非收支
N01,安溪,110,附表二,業務費-差異率,44.0,非收支
N01,安溪,112,附表二,業務費-差異率,-55.0,非收支
N01,安溪,113,附表二,業務費-差異率,-53.0,非收支
N01,安溪,110,附表二,業務費-決算數,300404.0,非收支
N01,安溪,112,附表二,業務費-決算數,394450.0,非收支
N01,安溪,113,附表二,業務費-決算數,382209.0,非收支
N01,安溪,112,附表二,水費-差異率,-67.0,非收支
N01,安溪,113,附表二,水費-差異率,-65.0,非收支
N01,安溪,112,附表二,水費-決算數,12458.0,非收支
N01,安溪,113,附表二,水費-決算數,11291.0,非收支
N01,安溪,110,附表二,活動費-差異率,39.0,非收支
N01,安溪,112,附表二,活動費-差異率,-53.0,非收支
N01,安溪,113,附表二,活動費-差異率,-51.0,非收支
N01,安溪,110,附表二,活動費-決算數,36885.0,非收支
N01,安溪,112,附表二,活動費-決算數,54090.0,非收支
N01,安溪,113,附表二,活動費-決算數,56435.0,非收支
N01,安溪,112,附表二,瓦斯費-差異率,-41.0,非收支
N01,安溪,113,附表二,瓦斯費-差異率,-30.0,非收支
N01,安溪,112,附表二,瓦斯費-決算數,21150.0,非收支
N01,安溪,113,附表二,瓦斯費-決算數,23915.0,非收支
N01,安溪,112,附表二,研習、進修-差異率,-94.0,非收支
N01,安溪,113,附表二,研習、進修-差異率,-56.0,非收支
N01,安溪,112,附表二,研習、進修-決算數,2000.0,非收支
N01,安溪,113,附表二,研習、進修-決算數,16000.0,非收支
N01,安溪,112,附表二,維護費-差異率,-64.0,非收支
N01,安溪,113,附表二,維護費-差異率,-26.0,非收支
N01,安溪,112,附表二,維護費-決算數,51581.0,非收支
N01,安溪,113,附表二,維護費-決算數,106064.0,非收支
N01,安溪,110,附表二,自強活動-差異率,100.0,非收支
N01,安溪,111,附表二,自強活動-差異率,100.0,非收支
N01,安溪,110,附表二,自強活動-決算數,12000.0,非收支
N01,安溪,111,附表二,自強活動-決算數,18000.0,非收支
N01,安溪,112,附表二,藥品費-差異率,-27.0,非收支
N01,安溪,113,附表二,藥品費-差異率,-61.0,非收支
N01,安溪,112,附表二,藥品費-決算數,6961.0,非收支
N01,安溪,113,附表二,藥品費-決算數,3255.0,非收支
N01,安溪,112,附表二,行政管理費-差異率,,非收支
N01,安溪,113,附表二,行政管理費-差異率,,非收支
N01,安溪,112,附表二,行政管理費-決算數,325932.0,非收支
N01,安溪,113,附表二,行政管理費-決算數,290580.0,非收支
N01,安溪,110,附表二,資遣費-差異率,100.0,非收支
N01,安溪,112,附表二,資遣費-差異率,,非收支
N01,安溪,113,附表二,資遣費-差異率,,非收支
N01,安溪,110,附表二,資遣費-決算數,44678.0,非收支
N01,安溪,112,附表二,資遣費-決算數,74925.0,非收支
N01,安溪,113,附表二,資遣費-決算數,76532.0,非收支
N01,安溪,110,附表二,轉學/轉出退費-差異率,,非收支
N01,安溪,111,附表二,轉學/轉出退費-差異率,,非收支
N01,安溪,110,附表二,轉學/轉出退費-決算數,-1500.0,非收支
N01,安溪,111,附表二,轉學/轉出退費-決算數,-24075.0,非收支
N01,安溪,112,附表二,辦公文具-差異率,-67.0,非收支
N01,安溪,113,附表二,辦公文具-差異率,-88.0,非收支
N01,安溪,112,附表二,辦公文具-決算數,9907.0,非收支
N01,安溪,113,附表二,辦公文具-決算數,2881.0,非收支
N01,安溪,112,附表二,郵資-差異率,-67.0,非收支
N01,安溪,113,附表二,郵資-差異率,-78.0,非收支
N01,安溪,112,附表二,郵資-決算數,2782.0,非收支
N01,安溪,113,附表二,郵資-決算數,1809.0,非收支
N01,安溪,112,附表二,雜支-差異率,-64.0,非收支
N01,安溪,113,附表二,雜支-差異率,-57.0,非收支
N01,安溪,112,附表二,雜支-決算數,18950.0,非收支
N01,安溪,113,附表二,雜支-決算數,20662.0,非收支
N01,安溪,112,附表二,電話費（含 ADSL）-差異率,-32.0,非收支
N01,安溪,113,附表二,電話費（含 ADSL）-差異率,-36.0,非收支
N01,安溪,112,附表二,電話費（含 ADSL）-決算數,36500.0,非收支
N01,安溪,113,附表二,電話費（含 ADSL）-決算數,34787.0,非收支
N01,安溪,112,附表二,電費-差異率,-57.0,非收支
N01,安溪,113,附表二,電費-差異率,-51.0,非收支
N01,安溪,112,附表二,電費-決算數,137832.0,非收支
N01,安溪,113,附表二,電費-決算數,128387.0,非收支
N01,安溪,112,附表二,餐點費-差異率,,非收支
N01,安溪,113,附表二,餐點費-差異率,-4.0,非收支
N01,安溪,112,附表二,餐點費-決算數,1950474.0,非收支
N01,安溪,113,附表二,餐點費-決算數,1659098.0,非收支
N01,安溪,110,附表四,帳面價值總額,633610.0,非收支
N01,安溪,111,附表四,帳面價值總額,1529156.0,非收支
N01,安溪,112,附表四,帳面價值總額,3182796.0,非收支
N01,安溪,113,附表四,帳面價值總額,2782608.0,非收支
N01,安溪,110,附表四,財產筆數,41.0,非收支
N01,安溪,111,附表四,財產筆數,77.0,非收支
N01,安溪,112,附表四,財產筆數,157.0,非收支
N01,安溪,113,附表四,財產筆數,161.0,非收支
N02,山北,109,收支餘絀表,人事費,7131318.0,收支
N02,山北,110,收支餘絀表,人事費,6971731.0,收支
N02,山北,111,收支餘絀表,人事費,7286602.0,收支
N02,山北,112,收支餘絀表,人事費,9157815.0,收支
N02,山北,113,收支餘絀表,人事費,9040242.0,收支
N02,山北,109,收支餘絀表,修繕購置費,112946.0,收支
N02,山北,110,收支餘絀表,修繕購置費,50201.0,收支
N02,山北,111,收支餘絀表,修繕購置費,24821.0,收支
N02,山北,112,收支餘絀表,修繕購置費,107677.0,收支
N02,山北,113,收支餘絀表,修繕購置費,288508.0,收支
N02,山北,109,收支餘絀表,公共事務管理費,20255.0,收支
N02,山北,110,收支餘絀表,公共事務管理費,14400.0,收支
N02,山北,111,收支餘絀表,公共事務管理費,23499.0,收支
N02,山北,112,收支餘絀表,公共事務管理費,20538.0,收支
N02,山北,113,收支餘絀表,公共事務管理費,21756.0,收支
N02,山北,109,收支餘絀表,其他支出,895990.0,收支
N02,山北,110,收支餘絀表,其他支出,1874209.0,收支
N02,山北,111,收支餘絀表,其他支出,2293328.0,收支
N02,山北,112,收支餘絀表,其他支出,935839.0,收支
N02,山北,113,收支餘絀表,其他支出,1652090.0,收支
N02,山北,109,收支餘絀表,其他收入,895990.0,收支
N02,山北,110,收支餘絀表,其他收入,1874209.0,收支
N02,山北,111,收支餘絀表,其他收入,2293328.0,收支
N02,山北,112,收支餘絀表,其他收入,935839.0,收支
N02,山北,113,收支餘絀表,其他收入,1652090.0,收支
N02,山北,109,收支餘絀表,利息收入,18888.0,收支
N02,山北,110,收支餘絀表,利息收入,25283.0,收支
N02,山北,111,收支餘絀表,利息收入,37036.0,收支
N02,山北,112,收支餘絀表,利息收入,68971.0,收支
N02,山北,113,收支餘絀表,利息收入,92442.0,收支
N02,山北,109,收支餘絀表,延後托育支出,302349.0,收支
N02,山北,110,收支餘絀表,延後托育支出,333635.0,收支
N02,山北,111,收支餘絀表,延後托育支出,237151.0,收支
N02,山北,109,收支餘絀表,延後托育收入淨額,436450.0,收支
N02,山北,110,收支餘絀表,延後托育收入淨額,333797.0,收支
N02,山北,111,收支餘絀表,延後托育收入淨額,237300.0,收支
N02,山北,112,收支餘絀表,延長照顧服務支出,143778.0,收支
N02,山北,113,收支餘絀表,延長照顧服務支出,106755.0,收支
N02,山北,112,收支餘絀表,延長照顧服務收入淨額,155084.0,收支
N02,山北,113,收支餘絀表,延長照顧服務收入淨額,106755.0,收支
N02,山北,109,收支餘絀表,所得稅費用,12592.0,收支
N02,山北,110,收支餘絀表,所得稅費用,25077.0,收支
N02,山北,111,收支餘絀表,所得稅費用,,收支
N02,山北,112,收支餘絀表,所得稅費用,,收支
N02,山北,113,收支餘絀表,所得稅費用,,收支
N02,山北,110,收支餘絀表,支出,,收支
N02,山北,109,收支餘絀表,支出合計,11123655.0,收支
N02,山北,110,收支餘絀表,支出合計,11291786.0,收支
N02,山北,111,收支餘絀表,支出合計,12287391.0,收支
N02,山北,112,收支餘絀表,支出合計,14199695.0,收支
N02,山北,113,收支餘絀表,支出合計,15191842.0,收支
N02,山北,110,收支餘絀表,收入,,收支
N02,山北,109,收支餘絀表,收入合計,10905158.0,收支
N02,山北,110,收支餘絀表,收入合計,12382097.0,收支
N02,山北,111,收支餘絀表,收入合計,12701252.0,收支
N02,山北,112,收支餘絀表,收入合計,13850855.0,收支
N02,山北,113,收支餘絀表,收入合計,15866725.0,收支
N02,山北,109,收支餘絀表,教保費收入,10266444.0,收支
N02,山北,110,收支餘絀表,教保費收入,10232397.0,收支
N02,山北,111,收支餘絀表,教保費收入,10232832.0,收支
N02,山北,112,收支餘絀表,教保費收入,12764928.0,收支
N02,山北,113,收支餘絀表,教保費收入,14066000.0,收支
N02,山北,109,收支餘絀表,教保費收入減項,-712614.0,收支
N02,山北,110,收支餘絀表,教保費收入減項,-83589.0,收支
N02,山北,111,收支餘絀表,教保費收入減項,-99244.0,收支
N02,山北,112,收支餘絀表,教保費收入減項,-73967.0,收支
N02,山北,113,收支餘絀表,教保費收入減項,-50562.0,收支
N02,山北,109,收支餘絀表,本期稅前餘絀,-218497.0,收支
N02,山北,110,收支餘絀表,本期稅前餘絀,1090311.0,收支
N02,山北,111,收支餘絀表,本期稅前餘絀,413861.0,收支
N02,山北,112,收支餘絀表,本期稅前餘絀,-348840.0,收支
N02,山北,113,收支餘絀表,本期稅前餘絀,674883.0,收支
N02,山北,109,收支餘絀表,本期稅後餘絀,,收支
N02,山北,110,收支餘絀表,本期稅後餘絀,1065234.0,收支
N02,山北,111,收支餘絀表,本期稅後餘絀,413861.0,收支
N02,山北,112,收支餘絀表,本期稅後餘絀,,收支
N02,山北,113,收支餘絀表,本期稅後餘絀,674883.0,收支
N02,山北,109,收支餘絀表,材料費,905342.0,收支
N02,山北,110,收支餘絀表,材料費,1085568.0,收支
N02,山北,111,收支餘絀表,材料費,1115609.0,收支
N02,山北,112,收支餘絀表,材料費,1219134.0,收支
N02,山北,113,收支餘絀表,材料費,1120241.0,收支
N02,山北,109,收支餘絀表,業務發展費,1199000.0,收支
N02,山北,110,收支餘絀表,業務發展費,294400.0,收支
N02,山北,111,收支餘絀表,業務發展費,620000.0,收支
N02,山北,112,收支餘絀表,業務發展費,1833375.0,收支
N02,山北,113,收支餘絀表,業務發展費,2204787.0,收支
N02,山北,109,收支餘絀表,業務費,363294.0,收支
N02,山北,110,收支餘絀表,業務費,445333.0,收支
N02,山北,111,收支餘絀表,業務費,505083.0,收支
N02,山北,112,收支餘絀表,業務費,463878.0,收支
N02,山北,113,收支餘絀表,業務費,485428.0,收支
N02,山北,109,收支餘絀表,維護費,54041.0,收支
N02,山北,110,收支餘絀表,維護費,93029.0,收支
N02,山北,111,收支餘絀表,維護費,52748.0,收支
N02,山北,112,收支餘絀表,維護費,81966.0,收支
N02,山北,113,收支餘絀表,維護費,44629.0,收支
N02,山北,109,收支餘絀表,行政管理費,125430.0,收支
N02,山北,110,收支餘絀表,行政管理費,125430.0,收支
N02,山北,111,收支餘絀表,行政管理費,125430.0,收支
N02,山北,112,收支餘絀表,行政管理費,229600.0,收支
N02,山北,113,收支餘絀表,行政管理費,222612.0,收支
N02,山北,109,收支餘絀表,雜支,13690.0,收支
N02,山北,110,收支餘絀表,雜支,3850.0,收支
N02,山北,111,收支餘絀表,雜支,3120.0,收支
N02,山北,112,收支餘絀表,雜支,6095.0,收支
N02,山北,113,收支餘絀表,雜支,4794.0,收支
N02,山北,110,現金流量表,其他應付款,-268471.0,非收支
N02,山北,111,現金流量表,其他應付款,106471.0,非收支
N02,山北,112,現金流量表,其他應付款,45591.0,非收支
N02,山北,113,現金流量表,其他應付款,92289.0,非收支
N02,山北,110,現金流量表,其他應收款,-162195.0,非收支
N02,山北,111,現金流量表,其他應收款,-34344.0,非收支
N02,山北,112,現金流量表,其他應收款,198144.0,非收支
N02,山北,113,現金流量表,其他應收款,,非收支
N02,山北,111,現金流量表,其他流動負債,90.0,非收支
N02,山北,112,現金流量表,其他流動負債,-35.0,非收支
N02,山北,113,現金流量表,其他流動負債,-55.0,非收支
N02,山北,110,現金流量表,其他流動資產,2326.0,非收支
N02,山北,111,現金流量表,其他流動資產,281.0,非收支
N02,山北,112,現金流量表,其他流動資產,-9.0,非收支
N02,山北,113,現金流量表,其他流動資產,-4466.0,非收支
N02,山北,110,現金流量表,應付帳款,-38042.0,非收支
N02,山北,111,現金流量表,應付帳款,4860.0,非收支
N02,山北,112,現金流量表,應付帳款,102.0,非收支
N02,山北,113,現金流量表,應付帳款,6258.0,非收支
N02,山北,110,現金流量表,應付票據,-60999.0,非收支
N02,山北,111,現金流量表,應付票據,-1299.0,非收支
N02,山北,112,現金流量表,應付票據,,非收支
N02,山北,110,現金流量表,應收帳款淨額,-4599.0,非收支
N02,山北,111,現金流量表,應收帳款淨額,-2451.0,非收支
N02,山北,112,現金流量表,應收帳款淨額,-16681.0,非收支
N02,山北,113,現金流量表,應收帳款淨額,23731.0,非收支
N02,山北,110,現金流量表,投資活動之淨現金流入,,非收支
N02,山北,111,現金流量表,投資活動之淨現金流入,,非收支
N02,山北,112,現金流量表,投資活動之淨現金流入,,非收支
N02,山北,113,現金流量表,投資活動之淨現金流入,,非收支
N02,山北,110,現金流量表,投資活動之現金流量：,,非收支
N02,山北,111,現金流量表,投資活動之現金流量：,,非收支
N02,山北,112,現金流量表,投資活動之現金流量：,,非收支
N02,山北,113,現金流量表,投資活動之現金流量：,,非收支
N02,山北,110,現金流量表,期初現金及約當現金餘額,4282870.0,非收支
N02,山北,111,現金流量表,期初現金及約當現金餘額,4776291.0,非收支
N02,山北,112,現金流量表,期初現金及約當現金餘額,5870141.0,非收支
N02,山北,113,現金流量表,期初現金及約當現金餘額,6143624.0,非收支
N02,山北,110,現金流量表,期末現金及約當現金餘額,4776291.0,非收支
N02,山北,111,現金流量表,期末現金及約當現金餘額,5870141.0,非收支
N02,山北,112,現金流量表,期末現金及約當現金餘額,6143624.0,非收支
N02,山北,113,現金流量表,期末現金及約當現金餘額,6615258.0,非收支
N02,山北,110,現金流量表,本期支付所得稅,-25077.0,非收支
N02,山北,111,現金流量表,本期支付所得稅,,非收支
N02,山北,110,現金流量表,本期現金及約當現金增加數,493421.0,非收支
N02,山北,111,現金流量表,本期現金及約當現金增加數,1093850.0,非收支
N02,山北,112,現金流量表,本期現金及約當現金增加數,273483.0,非收支
N02,山北,113,現金流量表,本期現金及約當現金增加數,471634.0,非收支
N02,山北,110,現金流量表,本期稅前餘絀,1090311.0,非收支
N02,山北,111,現金流量表,本期稅前餘絀,413861.0,非收支
N02,山北,112,現金流量表,本期稅前餘絀,,非收支
N02,山北,113,現金流量表,本期稅前餘絀,674883.0,非收支
N02,山北,110,現金流量表,營業活動之淨現金流入,493421.0,非收支
N02,山北,111,現金流量表,營業活動之淨現金流入,1093850.0,非收支
N02,山北,112,現金流量表,營業活動之淨現金流入,273483.0,非收支
N02,山北,113,現金流量表,營業活動之淨現金流入,471634.0,非收支
N02,山北,110,現金流量表,營業活動之現金流量：,,非收支
N02,山北,111,現金流量表,營業活動之現金流量：,,非收支
N02,山北,112,現金流量表,營業活動之現金流量：,,非收支
N02,山北,113,現金流量表,營業活動之現金流量：,,非收支
N02,山北,110,現金流量表,營運產生之現金,518498.0,非收支
N02,山北,111,現金流量表,營運產生之現金,1093850.0,非收支
N02,山北,110,現金流量表,籌資活動之淨現金流入,,非收支
N02,山北,111,現金流量表,籌資活動之淨現金流入,,非收支
N02,山北,112,現金流量表,籌資活動之淨現金流入,,非收支
N02,山北,113,現金流量表,籌資活動之淨現金流入,,非收支
N02,山北,110,現金流量表,籌資活動之現金流量：,,非收支
N02,山北,111,現金流量表,籌資活動之現金流量：,,非收支
N02,山北,112,現金流量表,籌資活動之現金流量：,,非收支
N02,山北,113,現金流量表,籌資活動之現金流量：,,非收支
N02,山北,110,現金流量表,調整項目：,,非收支
N02,山北,111,現金流量表,調整項目：,,非收支
N02,山北,112,現金流量表,調整項目：,,非收支
N02,山北,113,現金流量表,調整項目：,,非收支
N02,山北,110,現金流量表,資產／負債淨變動數,,非收支
N02,山北,111,現金流量表,資產／負債淨變動數,,非收支
N02,山北,112,現金流量表,資產／負債淨變動數,,非收支
N02,山北,113,現金流量表,資產／負債淨變動數,,非收支
N02,山北,110,現金流量表,預付款項,8385.0,非收支
N02,山北,111,現金流量表,預付款項,-34457.0,非收支
N02,山北,112,現金流量表,預付款項,35257.0,非收支
N02,山北,113,現金流量表,預付款項,,非收支
N02,山北,110,現金流量表,預收款項,-48218.0,非收支
N02,山北,111,現金流量表,預收款項,640838.0,非收支
N02,山北,112,現金流量表,預收款項,359954.0,非收支
N02,山北,113,現金流量表,預收款項,-321006.0,非收支
N02,山北,110,資產負債表,代管財產,735827.0,非收支
N02,山北,111,資產負債表,代管財產,594922.0,非收支
N02,山北,112,資產負債表,代管財產,687929.0,非收支
N02,山北,113,資產負債表,代管財產,602285.0,非收支
N02,山北,110,資產負債表,其他應付款,1134952.0,非收支
N02,山北,111,資產負債表,其他應付款,1241423.0,非收支
N02,山北,112,資產負債表,其他應付款,1287014.0,非收支
N02,山北,113,資產負債表,其他應付款,1379303.0,非收支
N02,山北,110,資產負債表,其他應收款,163800.0,非收支
N02,山北,111,資產負債表,其他應收款,198144.0,非收支
N02,山北,112,資產負債表,其他應收款,,非收支
N02,山北,111,資產負債表,其他流動負債,90.0,非收支
N02,山北,112,資產負債表,其他流動負債,55.0,非收支
N02,山北,113,資產負債表,其他流動負債,,非收支
N02,山北,110,資產負債表,其他流動資產,281.0,非收支
N02,山北,111,資產負債表,其他流動資產,,非收支
N02,山北,112,資產負債表,其他流動資產,9.0,非收支
N02,山北,113,資產負債表,其他流動資產,4475.0,非收支
N02,山北,110,資產負債表,應付代管財產,735827.0,非收支
N02,山北,111,資產負債表,應付代管財產,594922.0,非收支
N02,山北,112,資產負債表,應付代管財產,687929.0,非收支
N02,山北,113,資產負債表,應付代管財產,602285.0,非收支
N02,山北,110,資產負債表,應付帳款,1529.0,非收支
N02,山北,111,資產負債表,應付帳款,6389.0,非收支
N02,山北,112,資產負債表,應付帳款,6491.0,非收支
N02,山北,113,資產負債表,應付帳款,12749.0,非收支
N02,山北,110,資產負債表,應付票據,1299.0,非收支
N02,山北,111,資產負債表,應付票據,,非收支
N02,山北,110,資產負債表,應付購置財產,88129.0,非收支
N02,山北,111,資產負債表,應付購置財產,88129.0,非收支
N02,山北,112,資產負債表,應付購置財產,101679.0,非收支
N02,山北,113,資產負債表,應付購置財產,119004.0,非收支
N02,山北,110,資產負債表,應收帳款淨額,4599.0,非收支
N02,山北,111,資產負債表,應收帳款淨額,7050.0,非收支
N02,山北,112,資產負債表,應收帳款淨額,23731.0,非收支
N02,山北,113,資產負債表,應收帳款淨額,,非收支
N02,山北,110,資產負債表,本期餘絀,1065234.0,非收支
N02,山北,111,資產負債表,本期餘絀,413861.0,非收支
N02,山北,112,資產負債表,本期餘絀,-348840.0,非收支
N02,山北,113,資產負債表,本期餘絀,674883.0,非收支
N02,山北,110,資產負債表,業務發展準備,4456723.0,非收支
N02,山北,111,資產負債表,業務發展準備,5076723.0,非收支
N02,山北,112,資產負債表,業務發展準備,6910098.0,非收支
N02,山北,113,資產負債表,業務發展準備,9114885.0,非收支
N02,山北,110,資產負債表,業務發展準備金,4456723.0,非收支
N02,山北,111,資產負債表,業務發展準備金,5076723.0,非收支
N02,山北,112,資產負債表,業務發展準備金,6910098.0,非收支
N02,山北,113,資產負債表,業務發展準備金,9114885.0,非收支
N02,山北,110,資產負債表,流動負債合計,3172583.0,非收支
N02,山北,111,資產負債表,流動負債合計,3923543.0,非收支
N02,山北,112,資產負債表,流動負債合計,4329155.0,非收支
N02,山北,113,資產負債表,流動負債合計,4106641.0,非收支
N02,山北,110,資產負債表,流動資產合計,4945771.0,非收支
N02,山北,111,資產負債表,流動資產合計,6110592.0,非收支
N02,山北,112,資產負債表,流動資產合計,6167364.0,非收支
N02,山北,113,資產負債表,流動資產合計,6619733.0,非收支
N02,山北,110,資產負債表,現金及銀行存款,4776291.0,非收支
N02,山北,111,資產負債表,現金及銀行存款,5870141.0,非收支
N02,山北,112,資產負債表,現金及銀行存款,6143624.0,非收支
N02,山北,113,資產負債表,現金及銀行存款,6615258.0,非收支
N02,山北,110,資產負債表,累積餘絀,707954.0,非收支
N02,山北,111,資產負債表,累積餘絀,1773188.0,非收支
N02,山北,112,資產負債表,累積餘絀,2187049.0,非收支
N02,山北,113,資產負債表,累積餘絀,1838209.0,非收支
N02,山北,110,資產負債表,負債及餘絀總計,10482506.0,非收支
N02,山北,111,資產負債表,負債及餘絀總計,12172850.0,非收支
N02,山北,112,資產負債表,負債及餘絀總計,14224642.0,非收支
N02,山北,113,資產負債表,負債及餘絀總計,16869798.0,非收支
N02,山北,110,資產負債表,負債總額,8709318.0,非收支
N02,山北,111,資產負債表,負債總額,9985801.0,非收支
N02,山北,112,資產負債表,負債總額,12386433.0,非收支
N02,山北,113,資產負債表,負債總額,14356706.0,非收支
N02,山北,110,資產負債表,資產總計,10482506.0,非收支
N02,山北,111,資產負債表,資產總計,12172850.0,非收支
N02,山北,112,資產負債表,資產總計,14224642.0,非收支
N02,山北,113,資產負債表,資產總計,16869798.0,非收支
N02,山北,110,資產負債表,資遣費準備,256056.0,非收支
N02,山北,112,資產負債表,資遣費準備,357572.0,非收支
N02,山北,113,資產負債表,資遣費準備,413891.0,非收支
N02,山北,110,資產負債表,資遣費準備金,256056.0,非收支
N02,山北,112,資產負債表,資遣費準備金,357572.0,非收支
N02,山北,113,資產負債表,資遣費準備金,413891.0,非收支
N02,山北,111,資產負債表,資遺費準備,302484.0,非收支
N02,山北,111,資產負債表,資遺費準備金,302484.0,非收支
N02,山北,110,資產負債表,購置財產,88129.0,非收支
N02,山北,111,資產負債表,購置財產,88129.0,非收支
N02,山北,112,資產負債表,購置財產,101679.0,非收支
N02,山北,113,資產負債表,購置財產,119004.0,非收支
N02,山北,110,資產負債表,非流動負債合計,5536735.0,非收支
N02,山北,111,資產負債表,非流動負債合計,6062258.0,非收支
N02,山北,112,資產負債表,非流動負債合計,8057278.0,非收支
N02,山北,113,資產負債表,非流動負債合計,10250065.0,非收支
N02,山北,110,資產負債表,非流動資產合計,5536735.0,非收支
N02,山北,111,資產負債表,非流動資產合計,6062258.0,非收支
N02,山北,112,資產負債表,非流動資產合計,8057278.0,非收支
N02,山北,113,資產負債表,非流動資產合計,10250065.0,非收支
N02,山北,110,資產負債表,預付款項,800.0,非收支
N02,山北,111,資產負債表,預付款項,35257.0,非收支
N02,山北,112,資產負債表,預付款項,,非收支
N02,山北,110,資產負債表,預收款項,2034803.0,非收支
N02,山北,111,資產負債表,預收款項,2675641.0,非收支
N02,山北,112,資產負債表,預收款項,3035595.0,非收支
N02,山北,113,資產負債表,預收款項,2714589.0,非收支
N02,山北,110,資產負債表,餘絀總額,1773188.0,非收支
N02,山北,111,資產負債表,餘絀總額,2187049.0,非收支
N02,山北,112,資產負債表,餘絀總額,1838209.0,非收支
N02,山北,113,資產負債表,餘絀總額,2513092.0,非收支
N02,山北,110,附表三,事務機器耗材-執行率,66.0,非收支
N02,山北,111,附表三,事務機器耗材-執行率,81.0,非收支
N02,山北,112,附表三,事務機器耗材-執行率,39.0,非收支
N02,山北,113,附表三,事務機器耗材-執行率,41.0,非收支
N02,山北,110,附表三,事務機器耗材-決算數,39493.0,非收支
N02,山北,111,附表三,事務機器耗材-決算數,48487.0,非收支
N02,山北,112,附表三,事務機器耗材-決算數,23573.0,非收支
N02,山北,113,附表三,事務機器耗材-決算數,24424.0,非收支
N02,山北,112,附表三,五日未上課退費-執行率,,非收支
N02,山北,113,附表三,五日未上課退費-執行率,,非收支
N02,山北,112,附表三,五日未上課退費-決算數,-31255.0,非收支
N02,山北,113,附表三,五日未上課退費-決算數,-18415.0,非收支
N02,山北,112,附表三,人事費-執行率,93.0,非收支
N02,山北,113,附表三,人事費-執行率,90.0,非收支
N02,山北,112,附表三,人事費-決算數,9157815.0,非收支
N02,山北,113,附表三,人事費-決算數,9040242.0,非收支
N02,山北,112,附表三,代課費及代班費-執行率,45.0,非收支
N02,山北,113,附表三,代課費及代班費-執行率,59.0,非收支
N02,山北,112,附表三,代課費及代班費-決算數,84363.0,非收支
N02,山北,113,附表三,代課費及代班費-決算數,109831.0,非收支
N02,山北,110,附表三,保全-執行率,43.0,非收支
N02,山北,111,附表三,保全-執行率,39.0,非收支
N02,山北,112,附表三,保全-執行率,47.0,非收支
N02,山北,113,附表三,保全-執行率,81.0,非收支
N02,山北,110,附表三,保全-決算數,34256.0,非收支
N02,山北,111,附表三,保全-決算數,31500.0,非收支
N02,山北,112,附表三,保全-決算數,37275.0,非收支
N02,山北,113,附表三,保全-決算數,64513.0,非收支
N02,山北,112,附表三,保險費-執行率,145.0,非收支
N02,山北,113,附表三,保險費-執行率,145.0,非收支
N02,山北,112,附表三,保險費-決算數,18864.0,非收支
N02,山北,113,附表三,保險費-決算數,18861.0,非收支
N02,山北,112,附表三,修繕費-執行率,77.0,非收支
N02,山北,113,附表三,修繕費-執行率,46.0,非收支
N02,山北,112,附表三,修繕費-決算數,65241.0,非收支
N02,山北,113,附表三,修繕費-決算數,39184.0,非收支
N02,山北,110,附表三,修繕購置費-執行率,40.0,非收支
N02,山北,111,附表三,修繕購置費-執行率,20.0,非收支
N02,山北,112,附表三,修繕購置費-執行率,85.0,非收支
N02,山北,113,附表三,修繕購置費-執行率,240.0,非收支
N02,山北,110,附表三,修繕購置費-決算數,50201.0,非收支
N02,山北,111,附表三,修繕購置費-決算數,24821.0,非收支
N02,山北,112,附表三,修繕購置費-決算數,107677.0,非收支
N02,山北,113,附表三,修繕購置費-決算數,288508.0,非收支
N02,山北,112,附表三,健康檢查-執行率,119.0,非收支
N02,山北,113,附表三,健康檢查-執行率,62.0,非收支
N02,山北,112,附表三,健康檢查-決算數,1191.0,非收支
N02,山北,113,附表三,健康檢查-決算數,8000.0,非收支
N02,山北,110,附表三,公共事務管理費-執行率,31.0,非收支
N02,山北,111,附表三,公共事務管理費-執行率,51.0,非收支
N02,山北,112,附表三,公共事務管理費-執行率,14.0,非收支
N02,山北,113,附表三,公共事務管理費-執行率,16.0,非收支
N02,山北,110,附表三,公共事務管理費-決算數,14400.0,非收支
N02,山北,111,附表三,公共事務管理費-決算數,23499.0,非收支
N02,山北,112,附表三,公共事務管理費-決算數,20538.0,非收支
N02,山北,113,附表三,公共事務管理費-決算數,21756.0,非收支
N02,山北,110,附表三,其他支出-執行率,,非收支
N02,山北,111,附表三,其他支出-執行率,,非收支
N02,山北,112,附表三,其他支出-執行率,,非收支
N02,山北,113,附表三,其他支出-執行率,,非收支
N02,山北,110,附表三,其他支出-決算數,1874209.0,非收支
N02,山北,111,附表三,其他支出-決算數,2293328.0,非收支
N02,山北,112,附表三,其他支出-決算數,935839.0,非收支
N02,山北,113,附表三,其他支出-決算數,1652090.0,非收支
N02,山北,112,附表三,其他收入-執行率,,非收支
N02,山北,113,附表三,其他收入-執行率,,非收支
N02,山北,112,附表三,其他收入-決算數,935839.0,非收支
N02,山北,113,附表三,其他收入-決算數,1652090.0,非收支
N02,山北,112,附表三,利息收入-執行率,,非收支
N02,山北,113,附表三,利息收入-執行率,,非收支
N02,山北,112,附表三,利息收入-決算數,68971.0,非收支
N02,山北,113,附表三,利息收入-決算數,92442.0,非收支
N02,山北,112,附表三,加班費-執行率,57.0,非收支
N02,山北,113,附表三,加班費-執行率,61.0,非收支
N02,山北,112,附表三,加班費-決算數,421905.0,非收支
N02,山北,113,附表三,加班費-決算數,459742.0,非收支
N02,山北,112,附表三,勞、健保費-執行率,86.0,非收支
N02,山北,113,附表三,勞、健保費-執行率,83.0,非收支
N02,山北,112,附表三,勞、健保費-決算數,872368.0,非收支
N02,山北,113,附表三,勞、健保費-決算數,864201.0,非收支
N02,山北,112,附表三,勞退金提撥-執行率,108.0,非收支
N02,山北,113,附表三,勞退金提撥-執行率,104.0,非收支
N02,山北,112,附表三,勞退金提撥-決算數,429119.0,非收支
N02,山北,113,附表三,勞退金提撥-決算數,421619.0,非收支
N02,山北,110,附表三,園務特支-執行率,120.0,非收支
N02,山北,112,附表三,園務特支-執行率,83.0,非收支
N02,山北,113,附表三,園務特支-執行率,54.0,非收支
N02,山北,110,附表三,園務特支-決算數,46776.0,非收支
N02,山北,112,附表三,園務特支-決算數,32520.0,非收支
N02,山北,113,附表三,園務特支-決算數,21010.0,非收支
N02,山北,110,附表三,園舍消毒、清潔-執行率,62.0,非收支
N02,山北,111,附表三,園舍消毒、清潔-執行率,76.0,非收支
N02,山北,112,附表三,園舍消毒、清潔-執行率,64.0,非收支
N02,山北,113,附表三,園舍消毒、清潔-執行率,19.0,非收支
N02,山北,110,附表三,園舍消毒、清潔-決算數,15500.0,非收支
N02,山北,111,附表三,園舍消毒、清潔-決算數,18900.0,非收支
N02,山北,112,附表三,園舍消毒、清潔-決算數,16005.0,非收支
N02,山北,113,附表三,園舍消毒、清潔-決算數,4725.0,非收支
N02,山北,113,附表三,園長及教保服務人員薪資(含職務加給)-執行率,93.0,非收支
N02,山北,113,附表三,園長及教保服務人員薪資(含職務加給)-決算數,5766041.0,非收支
N02,山北,112,附表三,園長及教保服務人員薪資（含職務加給）-執行率,98.0,非收支
N02,山北,112,附表三,園長及教保服務人員薪資（含職務加給）-決算數,5941920.0,非收支
N02,山北,111,附表三,圖務特支-執行率,117.0,非收支
N02,山北,111,附表三,圖務特支-決算數,45608.0,非收支
N02,山北,110,附表三,差旅費-執行率,,非收支
N02,山北,111,附表三,差旅費-執行率,,非收支
N02,山北,112,附表三,差旅費-執行率,,非收支
N02,山北,113,附表三,差旅費-執行率,,非收支
N02,山北,110,附表三,差旅費-決算數,,非收支
N02,山北,111,附表三,差旅費-決算數,,非收支
N02,山北,112,附表三,差旅費-決算數,,非收支
N02,山北,113,附表三,差旅費-決算數,,非收支
N02,山北,110,附表三,延後托育支出-執行率,,非收支
N02,山北,111,附表三,延後托育支出-執行率,,非收支
N02,山北,110,附表三,延後托育支出-決算數,333635.0,非收支
N02,山北,111,附表三,延後托育支出-決算數,237151.0,非收支
N02,山北,112,附表三,延長照顧服務支出-執行率,,非收支
N02,山北,113,附表三,延長照顧服務支出-執行率,,非收支
N02,山北,112,附表三,延長照顧服務支出-決算數,143778.0,非收支
N02,山北,113,附表三,延長照顧服務支出-決算數,106755.0,非收支
N02,山北,112,附表三,延長照顧服務收入-執行率,,非收支
N02,山北,113,附表三,延長照顧服務收入-執行率,,非收支
N02,山北,112,附表三,延長照顧服務收入-決算數,155084.0,非收支
N02,山北,113,附表三,延長照顧服務收入-決算數,106755.0,非收支
N02,山北,112,附表三,延長照顧服務收入淨額-執行率,,非收支
N02,山北,112,附表三,延長照顧服務收入淨額-執行率,,非收支
N02,山北,113,附表三,延長照顧服務收入淨額-執行率,,非收支
N02,山北,113,附表三,延長照顧服務收入淨額-執行率,,非收支
N02,山北,112,附表三,延長照顧服務收入淨額-決算數,155084.0,非收支
N02,山北,112,附表三,延長照顧服務收入淨額-決算數,155084.0,非收支
N02,山北,113,附表三,延長照顧服務收入淨額-決算數,106755.0,非收支
N02,山北,113,附表三,延長照顧服務收入淨額-決算數,106755.0,非收支
N02,山北,110,附表三,所得稅費用-執行率,,非收支
N02,山北,111,附表三,所得稅費用-執行率,,非收支
N02,山北,112,附表三,所得稅費用-執行率,,非收支
N02,山北,113,附表三,所得稅費用-執行率,,非收支
N02,山北,110,附表三,所得稅費用-決算數,25077.0,非收支
N02,山北,111,附表三,所得稅費用-決算數,,非收支
N02,山北,112,附表三,所得稅費用-決算數,,非收支
N02,山北,113,附表三,所得稅費用-決算數,,非收支
N02,山北,110,附表三,攝影照片-執行率,58.0,非收支
N02,山北,111,附表三,攝影照片-執行率,76.0,非收支
N02,山北,112,附表三,攝影照片-執行率,45.0,非收支
N02,山北,113,附表三,攝影照片-執行率,56.0,非收支
N02,山北,110,附表三,攝影照片-決算數,5175.0,非收支
N02,山北,111,附表三,攝影照片-決算數,6865.0,非收支
N02,山北,112,附表三,攝影照片-決算數,4050.0,非收支
N02,山北,113,附表三,攝影照片-決算數,5018.0,非收支
N02,山北,112,附表三,支出-執行率,111.0,非收支
N02,山北,113,附表三,支出-執行率,117.0,非收支
N02,山北,112,附表三,支出-決算數,14199695.0,非收支
N02,山北,113,附表三,支出-決算數,15191842.0,非收支
N02,山北,112,附表三,收入-執行率,105.0,非收支
N02,山北,113,附表三,收入-執行率,113.0,非收支
N02,山北,112,附表三,收入-決算數,13850855.0,非收支
N02,山北,113,附表三,收入-決算數,15866725.0,非收支
N02,山北,112,附表三,政府學費差額補助退費-執行率,,非收支
N02,山北,113,附表三,政府學費差額補助退費-執行率,,非收支
N02,山北,112,附表三,政府學費差額補助退費-決算數,-3666.0,非收支
N02,山北,113,附表三,政府學費差額補助退費-決算數,-8408.0,非收支
N02,山北,110,附表三,教保材料費-執行率,37.0,非收支
N02,山北,111,附表三,教保材料費-執行率,46.0,非收支
N02,山北,112,附表三,教保材料費-執行率,51.0,非收支
N02,山北,113,附表三,教保材料費-執行率,52.0,非收支
N02,山北,110,附表三,教保材料費-決算數,80817.0,非收支
N02,山北,111,附表三,教保材料費-決算數,98846.0,非收支
N02,山北,112,附表三,教保材料費-決算數,109184.0,非收支
N02,山北,113,附表三,教保材料費-決算數,107757.0,非收支
N02,山北,113,附表三,教保費收入(家長繳費)-執行率,60.0,非收支
N02,山北,113,附表三,教保費收入(家長繳費)-決算數,1236000.0,非收支
N02,山北,113,附表三,教保費收入(政府學費差額補助)-執行率,107.0,非收支
N02,山北,113,附表三,教保費收入(政府學費差額補助)-決算數,12830000.0,非收支
N02,山北,112,附表三,教保費收入-執行率,97.0,非收支
N02,山北,113,附表三,教保費收入-執行率,100.0,非收支
N02,山北,112,附表三,教保費收入-決算數,12764928.0,非收支
N02,山北,113,附表三,教保費收入-決算數,14066000.0,非收支
N02,山北,112,附表三,教保費收入淨額-執行率,97.0,非收支
N02,山北,113,附表三,教保費收入淨額-執行率,100.0,非收支
N02,山北,112,附表三,教保費收入淨額-決算數,12690961.0,非收支
N02,山北,113,附表三,教保費收入淨額-決算數,14015438.0,非收支
N02,山北,112,附表三,教保費收入減項-執行率,,非收支
N02,山北,113,附表三,教保費收入減項-執行率,,非收支
N02,山北,112,附表三,教保費收入減項-決算數,-73967.0,非收支
N02,山北,113,附表三,教保費收入減項-決算數,-50562.0,非收支
N02,山北,112,附表三,教保費收入（家長繳費）-執行率,70.0,非收支
N02,山北,112,附表三,教保費收入（家長繳費）-決算數,1510652.0,非收支
N02,山北,112,附表三,教保費收入（政府學費差額補助）-執行率,102.0,非收支
N02,山北,112,附表三,教保費收入（政府學費差額補助）-決算數,11254276.0,非收支
N02,山北,110,附表三,文宣費(一般文宣)-執行率,17.0,非收支
N02,山北,111,附表三,文宣費(一般文宣)-執行率,,非收支
N02,山北,113,附表三,文宣費(一般文宣)-執行率,10.0,非收支
N02,山北,110,附表三,文宣費(一般文宣)-決算數,1670.0,非收支
N02,山北,111,附表三,文宣費(一般文宣)-決算數,,非收支
N02,山北,113,附表三,文宣費(一般文宣)-決算數,988.0,非收支
N02,山北,111,附表三,文宣費(園刊)-執行率,,非收支
N02,山北,113,附表三,文宣費(園刊)-執行率,,非收支
N02,山北,111,附表三,文宣費(園刊)-決算數,,非收支
N02,山北,113,附表三,文宣費(園刊)-決算數,,非收支
N02,山北,110,附表三,文宣費(期刊)-執行率,45.0,非收支
N02,山北,110,附表三,文宣費(期刊)-決算數,10000.0,非收支
N02,山北,112,附表三,文宣費（一般文宣）-執行率,8.0,非收支
N02,山北,112,附表三,文宣費（一般文宣）-決算數,800.0,非收支
N02,山北,112,附表三,文宣費（園刊）-執行率,,非收支
N02,山北,112,附表三,文宣費（園刊）-決算數,,非收支
N02,山北,110,附表三,日常消耗用品-執行率,79.0,非收支
N02,山北,111,附表三,日常消耗用品-執行率,52.0,非收支
N02,山北,112,附表三,日常消耗用品-執行率,57.0,非收支
N02,山北,113,附表三,日常消耗用品-執行率,52.0,非收支
N02,山北,110,附表三,日常消耗用品-決算數,42841.0,非收支
N02,山北,111,附表三,日常消耗用品-決算數,28339.0,非收支
N02,山北,112,附表三,日常消耗用品-決算數,31019.0,非收支
N02,山北,113,附表三,日常消耗用品-決算數,26614.0,非收支
N02,山北,112,附表三,會計、總務、廚工、清潔薪資-執行率,98.0,非收支
N02,山北,113,附表三,會計、總務、廚工、清潔薪資-執行率,96.0,非收支
N02,山北,112,附表三,會計、總務、廚工、清潔薪資-決算數,1322997.0,非收支
N02,山北,113,附表三,會計、總務、廚工、清潔薪資-決算數,1323473.0,非收支
N02,山北,110,附表三,本期稅前餘絀-執行率,-1228.0,非收支
N02,山北,111,附表三,本期稅前餘絀-執行率,-139.0,非收支
N02,山北,112,附表三,本期稅前餘絀-執行率,-106.0,非收支
N02,山北,113,附表三,本期稅前餘絀-執行率,60.0,非收支
N02,山北,110,附表三,本期稅前餘絀-決算數,1090311.0,非收支
N02,山北,111,附表三,本期稅前餘絀-決算數,413861.0,非收支
N02,山北,112,附表三,本期稅前餘絀-決算數,-348840.0,非收支
N02,山北,113,附表三,本期稅前餘絀-決算數,674883.0,非收支
N02,山北,110,附表三,本期稅後餘絀-執行率,-1200.0,非收支
N02,山北,111,附表三,本期稅後餘絀-執行率,-139.0,非收支
N02,山北,112,附表三,本期稅後餘絀-執行率,-106.0,非收支
N02,山北,113,附表三,本期稅後餘絀-執行率,60.0,非收支
N02,山北,110,附表三,本期稅後餘絀-決算數,1065234.0,非收支
N02,山北,111,附表三,本期稅後餘絀-決算數,413861.0,非收支
N02,山北,112,附表三,本期稅後餘絀-決算數,,非收支
N02,山北,113,附表三,本期稅後餘絀-決算數,674883.0,非收支
N02,山北,110,附表三,材料費-執行率,77.0,非收支
N02,山北,111,附表三,材料費-執行率,80.0,非收支
N02,山北,112,附表三,材料費-執行率,78.0,非收支
N02,山北,113,附表三,材料費-執行率,75.0,非收支
N02,山北,110,附表三,材料費-決算數,1085568.0,非收支
N02,山北,111,附表三,材料費-決算數,1115609.0,非收支
N02,山北,112,附表三,材料費-決算數,1219134.0,非收支
N02,山北,113,附表三,材料費-決算數,1120241.0,非收支
N02,山北,110,附表三,業務發展費-執行率,,非收支
N02,山北,111,附表三,業務發展費-執行率,,非收支
N02,山北,112,附表三,業務發展費-執行率,,非收支
N02,山北,113,附表三,業務發展費-執行率,,非收支
N02,山北,110,附表三,業務發展費-決算數,294400.0,非收支
N02,山北,111,附表三,業務發展費-決算數,620000.0,非收支
N02,山北,112,附表三,業務發展費-決算數,1833375.0,非收支
N02,山北,113,附表三,業務發展費-決算數,2204787.0,非收支
N02,山北,111,附表三,業務費-執行率,73.0,非收支
N02,山北,112,附表三,業務費-執行率,64.0,非收支
N02,山北,113,附表三,業務費-執行率,67.0,非收支
N02,山北,111,附表三,業務費-決算數,505083.0,非收支
N02,山北,112,附表三,業務費-決算數,463878.0,非收支
N02,山北,113,附表三,業務費-決算數,485428.0,非收支
N02,山北,110,附表三,水費-執行率,43.0,非收支
N02,山北,111,附表三,水費-執行率,48.0,非收支
N02,山北,112,附表三,水費-執行率,41.0,非收支
N02,山北,113,附表三,水費-執行率,45.0,非收支
N02,山北,110,附表三,水費-決算數,11079.0,非收支
N02,山北,111,附表三,水費-決算數,12482.0,非收支
N02,山北,112,附表三,水費-決算數,10743.0,非收支
N02,山北,113,附表三,水費-決算數,11706.0,非收支
N02,山北,110,附表三,水電修繕-執行率,90.0,非收支
N02,山北,111,附表三,水電修繕-執行率,39.0,非收支
N02,山北,110,附表三,水電修繕-決算數,76729.0,非收支
N02,山北,111,附表三,水電修繕-決算數,33128.0,非收支
N02,山北,111,附表三,活動費-執行率,97.0,非收支
N02,山北,112,附表三,活動費-執行率,91.0,非收支
N02,山北,113,附表三,活動費-執行率,86.0,非收支
N02,山北,111,附表三,活動費-決算數,92402.0,非收支
N02,山北,112,附表三,活動費-決算數,86400.0,非收支
N02,山北,113,附表三,活動費-決算數,82043.0,非收支
N02,山北,110,附表三,火險-執行率,10.0,非收支
N02,山北,111,附表三,火險-執行率,9.0,非收支
N02,山北,112,附表三,火險-執行率,9.0,非收支
N02,山北,113,附表三,火險-執行率,9.0,非收支
N02,山北,110,附表三,火險-決算數,800.0,非收支
N02,山北,111,附表三,火險-決算數,720.0,非收支
N02,山北,112,附表三,火險-決算數,720.0,非收支
N02,山北,113,附表三,火險-決算數,720.0,非收支
N02,山北,110,附表三,瓦斯費-執行率,37.0,非收支
N02,山北,111,附表三,瓦斯費-執行率,36.0,非收支
N02,山北,112,附表三,瓦斯費-執行率,43.0,非收支
N02,山北,113,附表三,瓦斯費-執行率,38.0,非收支
N02,山北,110,附表三,瓦斯費-決算數,11895.0,非收支
N02,山北,111,附表三,瓦斯費-決算數,11547.0,非收支
N02,山北,112,附表三,瓦斯費-決算數,13620.0,非收支
N02,山北,113,附表三,瓦斯費-決算數,12051.0,非收支
N02,山北,110,附表三,研習、進修-執行率,25.0,非收支
N02,山北,111,附表三,研習、進修-執行率,10.0,非收支
N02,山北,112,附表三,研習、進修-執行率,26.0,非收支
N02,山北,113,附表三,研習、進修-執行率,42.0,非收支
N02,山北,110,附表三,研習、進修-決算數,6500.0,非收支
N02,山北,111,附表三,研習、進修-決算數,2500.0,非收支
N02,山北,112,附表三,研習、進修-決算數,6800.0,非收支
N02,山北,113,附表三,研習、進修-決算數,10800.0,非收支
N02,山北,110,附表三,維護費-執行率,79.0,非收支
N02,山北,111,附表三,維護費-執行率,45.0,非收支
N02,山北,112,附表三,維護費-執行率,69.0,非收支
N02,山北,113,附表三,維護費-執行率,38.0,非收支
N02,山北,110,附表三,維護費-決算數,93029.0,非收支
N02,山北,111,附表三,維護費-決算數,52748.0,非收支
N02,山北,112,附表三,維護費-決算數,81966.0,非收支
N02,山北,113,附表三,維護費-決算數,44629.0,非收支
N02,山北,113,附表三,腸病毒退費-執行率,,非收支
N02,山北,113,附表三,腸病毒退費-決算數,-23739.0,非收支
N02,山北,112,附表三,自強活動-執行率,77.0,非收支
N02,山北,113,附表三,自強活動-執行率,94.0,非收支
N02,山北,112,附表三,自強活動-決算數,10000.0,非收支
N02,山北,113,附表三,自強活動-決算數,12155.0,非收支
N02,山北,110,附表三,藥品費-執行率,90.0,非收支
N02,山北,111,附表三,藥品費-執行率,53.0,非收支
N02,山北,112,附表三,藥品費-執行率,47.0,非收支
N02,山北,113,附表三,藥品費-執行率,77.0,非收支
N02,山北,110,附表三,藥品費-決算數,5641.0,非收支
N02,山北,111,附表三,藥品費-決算數,3312.0,非收支
N02,山北,112,附表三,藥品費-決算數,2930.0,非收支
N02,山北,113,附表三,藥品費-決算數,4638.0,非收支
N02,山北,110,附表三,行政管理費-執行率,100.0,非收支
N02,山北,111,附表三,行政管理費-執行率,100.0,非收支
N02,山北,112,附表三,行政管理費-執行率,100.0,非收支
N02,山北,113,附表三,行政管理費-執行率,100.0,非收支
N02,山北,110,附表三,行政管理費-決算數,125430.0,非收支
N02,山北,111,附表三,行政管理費-決算數,125430.0,非收支
N02,山北,112,附表三,行政管理費-決算數,229600.0,非收支
N02,山北,113,附表三,行政管理費-決算數,222612.0,非收支
N02,山北,111,附表三,資遣費-執行率,100.0,非收支
N02,山北,112,附表三,資遣費-執行率,100.0,非收支
N02,山北,113,附表三,資遣費-執行率,100.0,非收支
N02,山北,111,附表三,資遣費-決算數,46428.0,非收支
N02,山北,112,附表三,資遣費-決算數,55088.0,非收支
N02,山北,113,附表三,資遣費-決算數,56319.0,非收支
N02,山北,112,附表三,轉學/轉出退費-執行率,,非收支
N02,山北,112,附表三,轉學/轉出退費-決算數,-39046.0,非收支
N02,山北,110,附表三,辦公文具-執行率,35.0,非收支
N02,山北,111,附表三,辦公文具-執行率,57.0,非收支
N02,山北,112,附表三,辦公文具-執行率,35.0,非收支
N02,山北,113,附表三,辦公文具-執行率,24.0,非收支
N02,山北,110,附表三,辦公文具-決算數,6245.0,非收支
N02,山北,111,附表三,辦公文具-決算數,10185.0,非收支
N02,山北,112,附表三,辦公文具-決算數,6344.0,非收支
N02,山北,113,附表三,辦公文具-決算數,4390.0,非收支
N02,山北,110,附表三,郵資-執行率,66.0,非收支
N02,山北,111,附表三,郵資-執行率,93.0,非收支
N02,山北,112,附表三,郵資-執行率,21.0,非收支
N02,山北,113,附表三,郵資-執行率,68.0,非收支
N02,山北,110,附表三,郵資-決算數,4750.0,非收支
N02,山北,111,附表三,郵資-決算數,6702.0,非收支
N02,山北,112,附表三,郵資-決算數,1524.0,非收支
N02,山北,113,附表三,郵資-決算數,4865.0,非收支
N02,山北,110,附表三,雜支-執行率,9.0,非收支
N02,山北,111,附表三,雜支-執行率,8.0,非收支
N02,山北,112,附表三,雜支-執行率,14.0,非收支
N02,山北,113,附表三,雜支-執行率,11.0,非收支
N02,山北,110,附表三,雜支-決算數,3850.0,非收支
N02,山北,111,附表三,雜支-決算數,3120.0,非收支
N02,山北,112,附表三,雜支-決算數,6095.0,非收支
N02,山北,113,附表三,雜支-決算數,4794.0,非收支
N02,山北,113,附表三,電話費(含ADSL)-執行率,67.0,非收支
N02,山北,113,附表三,電話費(含ADSL)-決算數,30230.0,非收支
N02,山北,110,附表三,電話費(含網路)-執行率,66.0,非收支
N02,山北,111,附表三,電話費(含網路)-執行率,66.0,非收支
N02,山北,110,附表三,電話費(含網路)-決算數,29553.0,非收支
N02,山北,111,附表三,電話費(含網路)-決算數,29859.0,非收支
N02,山北,112,附表三,電話費（含 ADSL）-執行率,66.0,非收支
N02,山北,112,附表三,電話費（含 ADSL）-決算數,29727.0,非收支
N02,山北,110,附表三,電費-執行率,77.0,非收支
N02,山北,111,附表三,電費-執行率,101.0,非收支
N02,山北,112,附表三,電費-執行率,92.0,非收支
N02,山北,113,附表三,電費-執行率,93.0,非收支
N02,山北,110,附表三,電費-決算數,156603.0,非收支
N02,山北,111,附表三,電費-決算數,206946.0,非收支
N02,山北,112,附表三,電費-決算數,210502.0,非收支
N02,山北,113,附表三,電費-決算數,213390.0,非收支
N02,山北,110,附表三,餐點費-執行率,85.0,非收支
N02,山北,111,附表三,餐點費-執行率,88.0,非收支
N02,山北,112,附表三,餐點費-執行率,83.0,非收支
N02,山北,113,附表三,餐點費-執行率,79.0,非收支
N02,山北,110,附表三,餐點費-決算數,956269.0,非收支
N02,山北,111,附表三,餐點費-決算數,985112.0,非收支
N02,山北,112,附表三,餐點費-決算數,1076001.0,非收支
N02,山北,113,附表三,餐點費-決算數,981232.0,非收支
N02,山北,112,附表二,事務機器耗材-差異率,61.0,非收支
N02,山北,113,附表二,事務機器耗材-差異率,-59.0,非收支
N02,山北,112,附表二,事務機器耗材-決算數,23573.0,非收支
N02,山北,113,附表二,事務機器耗材-決算數,24424.0,非收支
N02,山北,110,附表二,五日未上課退費-差異率,,非收支
N02,山北,111,附表二,五日未上課退費-差異率,,非收支
N02,山北,110,附表二,五日未上課退費-決算數,-83589.0,非收支
N02,山北,111,附表二,五日未上課退費-決算數,-84053.0,非收支
N02,山北,110,附表二,人事費-差異率,90.0,非收支
N02,山北,111,附表二,人事費-差異率,91.0,非收支
N02,山北,112,附表二,人事費-差異率,7.0,非收支
N02,山北,112,附表二,人事費-差異率,4.0,非收支
N02,山北,113,附表二,人事費-差異率,-10.0,非收支
N02,山北,113,附表二,人事費-差異率,-8.0,非收支
N02,山北,110,附表二,人事費-決算數,6971731.0,非收支
N02,山北,111,附表二,人事費-決算數,7286602.0,非收支
N02,山北,112,附表二,人事費-決算數,9157815.0,非收支
N02,山北,112,附表二,人事費-決算數,8680822.0,非收支
N02,山北,113,附表二,人事費-決算數,9040242.0,非收支
N02,山北,113,附表二,人事費-決算數,8524181.0,非收支
N02,山北,110,附表二,代課費及廚工代班費-差異率,69.0,非收支
N02,山北,111,附表二,代課費及廚工代班費-差異率,95.0,非收支
N02,山北,110,附表二,代課費及廚工代班費-決算數,154504.0,非收支
N02,山北,111,附表二,代課費及廚工代班費-決算數,212350.0,非收支
N02,山北,112,附表二,保全-差異率,53.0,非收支
N02,山北,113,附表二,保全-差異率,-19.0,非收支
N02,山北,112,附表二,保全-決算數,37275.0,非收支
N02,山北,113,附表二,保全-決算數,64513.0,非收支
N02,山北,110,附表二,保險費-差異率,100.0,非收支
N02,山北,111,附表二,保險費-差異率,164.0,非收支
N02,山北,110,附表二,保險費-決算數,12978.0,非收支
N02,山北,111,附表二,保險費-決算數,21300.0,非收支
N02,山北,112,附表二,修繕購置費-差異率,15.0,非收支
N02,山北,113,附表二,修繕購置費-差異率,140.0,非收支
N02,山北,112,附表二,修繕購置費-決算數,107677.0,非收支
N02,山北,113,附表二,修繕購置費-決算數,288508.0,非收支
N02,山北,110,附表二,健康檢查-差異率,,非收支
N02,山北,111,附表二,健康檢查-差異率,9.0,非收支
N02,山北,110,附表二,健康檢查-決算數,,非收支
N02,山北,111,附表二,健康檢查-決算數,1130.0,非收支
N02,山北,112,附表二,公共事務管理費-差異率,86.0,非收支
N02,山北,113,附表二,公共事務管理費-差異率,-84.0,非收支
N02,山北,112,附表二,公共事務管理費-決算數,20538.0,非收支
N02,山北,113,附表二,公共事務管理費-決算數,21756.0,非收支
N02,山北,110,附表二,其他收入-差異率,,非收支
N02,山北,111,附表二,其他收入-差異率,,非收支
N02,山北,110,附表二,其他收入-決算數,1874209.0,非收支
N02,山北,111,附表二,其他收入-決算數,2293328.0,非收支
N02,山北,110,附表二,利息收入-差異率,,非收支
N02,山北,111,附表二,利息收入-差異率,,非收支
N02,山北,110,附表二,利息收入-決算數,25283.0,非收支
N02,山北,111,附表二,利息收入-決算數,37036.0,非收支
N02,山北,110,附表二,加班費-差異率,92.0,非收支
N02,山北,111,附表二,加班費-差異率,98.0,非收支
N02,山北,112,附表二,加班費-差異率,43.0,非收支
N02,山北,113,附表二,加班費-差異率,-39.0,非收支
N02,山北,110,附表二,加班費-決算數,306288.0,非收支
N02,山北,111,附表二,加班費-決算數,333557.0,非收支
N02,山北,112,附表二,加班費-決算數,421905.0,非收支
N02,山北,113,附表二,加班費-決算數,459742.0,非收支
N02,山北,110,附表二,勞、健保費-差異率,97.0,非收支
N02,山北,111,附表二,勞、健保費-差異率,96.0,非收支
N02,山北,110,附表二,勞、健保費-決算數,675231.0,非收支
N02,山北,111,附表二,勞、健保費-決算數,687987.0,非收支
N02,山北,110,附表二,勞退金提撥-差異率,97.0,非收支
N02,山北,111,附表二,勞退金提撥-差異率,98.0,非收支
N02,山北,110,附表二,勞退金提撥-決算數,324044.0,非收支
N02,山北,111,附表二,勞退金提撥-決算數,335647.0,非收支
N02,山北,112,附表二,合 計-差異率,12.0,非收支
N02,山北,113,附表二,合 計-差異率,-13.0,非收支
N02,山北,112,附表二,合 計-決算數,11286703.0,非收支
N02,山北,113,附表二,合 計-決算數,11228210.0,非收支
N02,山北,112,附表二,園務特支-差異率,17.0,非收支
N02,山北,113,附表二,園務特支-差異率,-46.0,非收支
N02,山北,112,附表二,園務特支-決算數,32520.0,非收支
N02,山北,113,附表二,園務特支-決算數,21010.0,非收支
N02,山北,110,附表二,園長及教保服務人員薪資(含職務加給)-差異率,89.0,非收支
N02,山北,110,附表二,園長及教保服務人員薪資(含職務加給)-決算數,4026084.0,非收支
N02,山北,111,附表二,園長及教保服務人員薪資（含職務加給）-差異率,88.0,非收支
N02,山北,111,附表二,園長及教保服務人員薪資（含職務加給）-決算數,4100131.0,非收支
N02,山北,110,附表二,學前特教師、社工人員、護理人員薪資-差異率,100.0,非收支
N02,山北,111,附表二,學前特教師、社工人員、護理人員薪資-差異率,101.0,非收支
N02,山北,110,附表二,學前特教師、社工人員、護理人員薪資-決算數,463241.0,非收支
N02,山北,111,附表二,學前特教師、社工人員、護理人員薪資-決算數,471716.0,非收支
N02,山北,112,附表二,差旅費-差異率,,非收支
N02,山北,113,附表二,差旅費-差異率,,非收支
N02,山北,112,附表二,差旅費-決算數,,非收支
N02,山北,113,附表二,差旅費-決算數,,非收支
N02,山北,110,附表二,延後托育收入-差異率,,非收支
N02,山北,111,附表二,延後托育收入-差異率,,非收支
N02,山北,110,附表二,延後托育收入-決算數,333797.0,非收支
N02,山北,111,附表二,延後托育收入-決算數,237300.0,非收支
N02,山北,110,附表二,延後托育收入淨額-差異率,,非收支
N02,山北,110,附表二,延後托育收入淨額-差異率,,非收支
N02,山北,111,附表二,延後托育收入淨額-差異率,,非收支
N02,山北,111,附表二,延後托育收入淨額-差異率,,非收支
N02,山北,110,附表二,延後托育收入淨額-決算數,333797.0,非收支
N02,山北,110,附表二,延後托育收入淨額-決算數,333797.0,非收支
N02,山北,111,附表二,延後托育收入淨額-決算數,237300.0,非收支
N02,山北,111,附表二,延後托育收入淨額-決算數,237300.0,非收支
N02,山北,110,附表二,延後托育收入退費-差異率,,非收支
N02,山北,111,附表二,延後托育收入退費-差異率,,非收支
N02,山北,110,附表二,延後托育收入退費-決算數,,非收支
N02,山北,111,附表二,延後托育收入退費-決算數,,非收支
N02,山北,112,附表二,攝影照片-差異率,55.0,非收支
N02,山北,113,附表二,攝影照片-差異率,-44.0,非收支
N02,山北,112,附表二,攝影照片-決算數,4050.0,非收支
N02,山北,113,附表二,攝影照片-決算數,5018.0,非收支
N02,山北,110,附表二,支出-差異率,109.0,非收支
N02,山北,111,附表二,支出-差異率,117.0,非收支
N02,山北,110,附表二,支出-決算數,11291786.0,非收支
N02,山北,111,附表二,支出-決算數,12287391.0,非收支
N02,山北,110,附表二,收入-差異率,,非收支
N02,山北,111,附表二,收入-差異率,124.0,非收支
N02,山北,110,附表二,收入-決算數,,非收支
N02,山北,111,附表二,收入-決算數,12701252.0,非收支
N02,山北,110,附表二,政府學費差額補助退費-差異率,,非收支
N02,山北,111,附表二,政府學費差額補助退費-差異率,,非收支
N02,山北,110,附表二,政府學費差額補助退費-決算數,,非收支
N02,山北,111,附表二,政府學費差額補助退費-決算數,,非收支
N02,山北,112,附表二,教保材料費-差異率,49.0,非收支
N02,山北,113,附表二,教保材料費-差異率,-48.0,非收支
N02,山北,112,附表二,教保材料費-決算數,109184.0,非收支
N02,山北,113,附表二,教保材料費-決算數,107757.0,非收支
N02,山北,110,附表二,教保費收入(家長繳費)-差異率,79.0,非收支
N02,山北,110,附表二,教保費收入(家長繳費)-決算數,2135565.0,非收支
N02,山北,110,附表二,教保費收入(政府學費差額補助)-差異率,107.0,非收支
N02,山北,110,附表二,教保費收入(政府學費差額補助)-決算數,8096832.0,非收支
N02,山北,110,附表二,教保費收入-差異率,100.0,非收支
N02,山北,111,附表二,教保費收入-差異率,100.0,非收支
N02,山北,110,附表二,教保費收入-決算數,10232397.0,非收支
N02,山北,111,附表二,教保費收入-決算數,10232832.0,非收支
N02,山北,110,附表二,教保費收入淨額-差異率,99.0,非收支
N02,山北,111,附表二,教保費收入淨額-差異率,99.0,非收支
N02,山北,110,附表二,教保費收入淨額-決算數,10148808.0,非收支
N02,山北,111,附表二,教保費收入淨額-決算數,10133588.0,非收支
N02,山北,110,附表二,教保費收入減項-差異率,,非收支
N02,山北,111,附表二,教保費收入減項-差異率,,非收支
N02,山北,110,附表二,教保費收入減項-決算數,-83589.0,非收支
N02,山北,111,附表二,教保費收入減項-決算數,-99244.0,非收支
N02,山北,111,附表二,教保費收入（家長繳費）-差異率,68.0,非收支
N02,山北,111,附表二,教保費收入（家長繳費）-決算數,1470000.0,非收支
N02,山北,111,附表二,教保費收入（政府學費差額補助）-差異率,109.0,非收支
N02,山北,111,附表二,教保費收入（政府學費差額補助）-決算數,8762832.0,非收支
N02,山北,112,附表二,文宣費（一般文宣）-差異率,92.0,非收支
N02,山北,113,附表二,文宣費（一般文宣）-差異率,-90.0,非收支
N02,山北,112,附表二,文宣費（一般文宣）-決算數,800.0,非收支
N02,山北,113,附表二,文宣費（一般文宣）-決算數,988.0,非收支
N02,山北,112,附表二,文宣費（園刊）-差異率,,非收支
N02,山北,113,附表二,文宣費（園刊）-差異率,,非收支
N02,山北,112,附表二,文宣費（園刊）-決算數,,非收支
N02,山北,113,附表二,文宣費（園刊）-決算數,,非收支
N02,山北,112,附表二,日常消耗用品-差異率,43.0,非收支
N02,山北,113,附表二,日常消耗用品-差異率,-48.0,非收支
N02,山北,112,附表二,日常消耗用品-決算數,31019.0,非收支
N02,山北,113,附表二,日常消耗用品-決算數,26614.0,非收支
N02,山北,110,附表二,會計、總務、廚工、清潔薪資-差異率,84.0,非收支
N02,山北,111,附表二,會計、總務、廚工、清潔薪資-差異率,93.0,非收支
N02,山北,110,附表二,會計、總務、廚工、清潔薪資-決算數,951683.0,非收支
N02,山北,111,附表二,會計、總務、廚工、清潔薪資-決算數,1063356.0,非收支
N02,山北,112,附表二,材料費-差異率,22.0,非收支
N02,山北,113,附表二,材料費-差異率,-25.0,非收支
N02,山北,112,附表二,材料費-決算數,1219134.0,非收支
N02,山北,113,附表二,材料費-決算數,1120241.0,非收支
N02,山北,110,附表二,業務費-差異率,65.0,非收支
N02,山北,112,附表二,業務費-差異率,36.0,非收支
N02,山北,113,附表二,業務費-差異率,-33.0,非收支
N02,山北,110,附表二,業務費-決算數,445333.0,非收支
N02,山北,112,附表二,業務費-決算數,463878.0,非收支
N02,山北,113,附表二,業務費-決算數,485428.0,非收支
N02,山北,112,附表二,水費-差異率,59.0,非收支
N02,山北,113,附表二,水費-差異率,-55.0,非收支
N02,山北,112,附表二,水費-決算數,10743.0,非收支
N02,山北,113,附表二,水費-決算數,11706.0,非收支
N02,山北,110,附表二,活動費-差異率,86.0,非收支
N02,山北,112,附表二,活動費-差異率,9.0,非收支
N02,山北,113,附表二,活動費-差異率,-14.0,非收支
N02,山北,110,附表二,活動費-決算數,81338.0,非收支
N02,山北,112,附表二,活動費-決算數,86400.0,非收支
N02,山北,113,附表二,活動費-決算數,82043.0,非收支
N02,山北,112,附表二,瓦斯費-差異率,57.0,非收支
N02,山北,113,附表二,瓦斯費-差異率,-62.0,非收支
N02,山北,112,附表二,瓦斯費-決算數,13620.0,非收支
N02,山北,113,附表二,瓦斯費-決算數,12051.0,非收支
N02,山北,112,附表二,研習、進修-差異率,74.0,非收支
N02,山北,113,附表二,研習、進修-差異率,-58.0,非收支
N02,山北,112,附表二,研習、進修-決算數,6800.0,非收支
N02,山北,113,附表二,研習、進修-決算數,10800.0,非收支
N02,山北,112,附表二,維護費-差異率,31.0,非收支
N02,山北,113,附表二,維護費-差異率,-62.0,非收支
N02,山北,112,附表二,維護費-決算數,81966.0,非收支
N02,山北,113,附表二,維護費-決算數,44629.0,非收支
N02,山北,110,附表二,腸病毒退費-差異率,,非收支
N02,山北,111,附表二,腸病毒退費-差異率,,非收支
N02,山北,110,附表二,腸病毒退費-決算數,,非收支
N02,山北,111,附表二,腸病毒退費-決算數,-15191.0,非收支
N02,山北,110,附表二,自強活動-差異率,95.0,非收支
N02,山北,111,附表二,自強活動-差異率,100.0,非收支
N02,山北,110,附表二,自強活動-決算數,12382.0,非收支
N02,山北,111,附表二,自強活動-決算數,13000.0,非收支
N02,山北,112,附表二,藥品費-差異率,53.0,非收支
N02,山北,113,附表二,藥品費-差異率,-23.0,非收支
N02,山北,112,附表二,藥品費-決算數,2930.0,非收支
N02,山北,113,附表二,藥品費-決算數,4638.0,非收支
N02,山北,112,附表二,行政管理費-差異率,,非收支
N02,山北,113,附表二,行政管理費-差異率,,非收支
N02,山北,112,附表二,行政管理費-決算數,229600.0,非收支
N02,山北,113,附表二,行政管理費-決算數,222612.0,非收支
N02,山北,110,附表二,資遣費-差異率,100.0,非收支
N02,山北,112,附表二,資遣費-差異率,,非收支
N02,山北,113,附表二,資遣費-差異率,,非收支
N02,山北,110,附表二,資遣費-決算數,45296.0,非收支
N02,山北,112,附表二,資遣費-決算數,55088.0,非收支
N02,山北,113,附表二,資遣費-決算數,56319.0,非收支
N02,山北,112,附表二,辦公文具-差異率,65.0,非收支
N02,山北,113,附表二,辦公文具-差異率,-76.0,非收支
N02,山北,112,附表二,辦公文具-決算數,6344.0,非收支
N02,山北,113,附表二,辦公文具-決算數,4390.0,非收支
N02,山北,112,附表二,郵資-差異率,79.0,非收支
N02,山北,113,附表二,郵資-差異率,-32.0,非收支
N02,山北,112,附表二,郵資-決算數,1524.0,非收支
N02,山北,113,附表二,郵資-決算數,4865.0,非收支
N02,山北,112,附表二,雜支-差異率,86.0,非收支
N02,山北,113,附表二,雜支-差異率,-89.0,非收支
N02,山北,112,附表二,雜支-決算數,6095.0,非收支
N02,山北,113,附表二,雜支-決算數,4794.0,非收支
N02,山北,112,附表二,電話費（含 ADSL）-差異率,34.0,非收支
N02,山北,113,附表二,電話費（含 ADSL）-差異率,-33.0,非收支
N02,山北,112,附表二,電話費（含 ADSL）-決算數,29727.0,非收支
N02,山北,113,附表二,電話費（含 ADSL）-決算數,30230.0,非收支
N02,山北,112,附表二,電費-差異率,8.0,非收支
N02,山北,113,附表二,電費-差異率,-7.0,非收支
N02,山北,112,附表二,電費-決算數,210502.0,非收支
N02,山北,113,附表二,電費-決算數,213390.0,非收支
N02,山北,112,附表二,餐點費-差異率,17.0,非收支
N02,山北,113,附表二,餐點費-差異率,-21.0,非收支
N02,山北,112,附表二,餐點費-決算數,1076001.0,非收支
N02,山北,113,附表二,餐點費-決算數,981232.0,非收支
N02,山北,110,附表四,帳面價值總額,108308.0,非收支
N02,山北,111,附表四,帳面價值總額,386251.0,非收支
N02,山北,112,附表四,帳面價值總額,789608.0,非收支
N02,山北,113,附表四,帳面價值總額,721289.0,非收支
N02,山北,110,附表四,財產筆數,9.0,非收支
N02,山北,111,附表四,財產筆數,15.0,非收支
N02,山北,112,附表四,財產筆數,49.0,非收支
N02,山北,113,附表四,財產筆數,49.0,非收支
N03,龍埔成長,109,收支餘絀表,人事費,7162121.0,收支
N03,龍埔成長,110,收支餘絀表,人事費,7235004.0,收支
N03,龍埔成長,111,收支餘絀表,人事費,6737493.0,收支
N03,龍埔成長,112,收支餘絀表,人事費,5280926.0,收支
N03,龍埔成長,113,收支餘絀表,人事費,8710840.0,收支
N03,龍埔成長,109,收支餘絀表,修繕購置費,125380.0,收支
N03,龍埔成長,110,收支餘絀表,修繕購置費,126641.0,收支
N03,龍埔成長,111,收支餘絀表,修繕購置費,125945.0,收支
N03,龍埔成長,112,收支餘絀表,修繕購置費,105781.0,收支
N03,龍埔成長,113,收支餘絀表,修繕購置費,91690.0,收支
N03,龍埔成長,109,收支餘絀表,其他支出,768008.0,收支
N03,龍埔成長,110,收支餘絀表,其他支出,1675731.0,收支
N03,龍埔成長,111,收支餘絀表,其他支出,1853498.0,收支
N03,龍埔成長,112,收支餘絀表,其他支出,3721263.0,收支
N03,龍埔成長,113,收支餘絀表,其他支出,948203.0,收支
N03,龍埔成長,109,收支餘絀表,其他收入,768008.0,收支
N03,龍埔成長,110,收支餘絀表,其他收入,1675731.0,收支
N03,龍埔成長,111,收支餘絀表,其他收入,1853498.0,收支
N03,龍埔成長,112,收支餘絀表,其他收入,3721263.0,收支
N03,龍埔成長,113,收支餘絀表,其他收入,948203.0,收支
N03,龍埔成長,109,收支餘絀表,利息收入,5526.0,收支
N03,龍埔成長,110,收支餘絀表,利息收入,1917.0,收支
N03,龍埔成長,111,收支餘絀表,利息收入,29028.0,收支
N03,龍埔成長,112,收支餘絀表,利息收入,57597.0,收支
N03,龍埔成長,113,收支餘絀表,利息收入,85197.0,收支
N03,龍埔成長,109,收支餘絀表,延後托育支出,184928.0,收支
N03,龍埔成長,110,收支餘絀表,延後托育支出,289925.0,收支
N03,龍埔成長,111,收支餘絀表,延後托育支出,293111.0,收支
N03,龍埔成長,109,收支餘絀表,延後托育收入淨額,247320.0,收支
N03,龍埔成長,110,收支餘絀表,延後托育收入淨額,289925.0,收支
N03,龍埔成長,111,收支餘絀表,延後托育收入淨額,342390.0,收支
N03,龍埔成長,112,收支餘絀表,延長照顧服務支出,331321.0,收支
N03,龍埔成長,113,收支餘絀表,延長照顧服務支出,185752.0,收支
N03,龍埔成長,112,收支餘絀表,延長照顧服務收入淨額,345159.0,收支
N03,龍埔成長,113,收支餘絀表,延長照顧服務收入淨額,186132.0,收支
N03,龍埔成長,109,收支餘絀表,所得稅費用,,收支
N03,龍埔成長,110,收支餘絀表,所得稅費用,,收支
N03,龍埔成長,111,收支餘絀表,所得稅費用,,收支
N03,龍埔成長,112,收支餘絀表,所得稅費用,,收支
N03,龍埔成長,113,收支餘絀表,所得稅費用,,收支
N03,龍埔成長,109,收支餘絀表,支出合計,10229117.0,收支
N03,龍埔成長,110,收支餘絀表,支出合計,11188278.0,收支
N03,龍埔成長,111,收支餘絀表,支出合計,11864854.0,收支
N03,龍埔成長,112,收支餘絀表,支出合計,13893372.0,收支
N03,龍埔成長,113,收支餘絀表,支出合計,13604475.0,收支
N03,龍埔成長,109,收支餘絀表,收入合計,10498307.0,收支
N03,龍埔成長,110,收支餘絀表,收入合計,11955951.0,收支
N03,龍埔成長,111,收支餘絀表,收入合計,12215954.0,收支
N03,龍埔成長,112,收支餘絀表,收入合計,14144106.0,收支
N03,龍埔成長,113,收支餘絀表,收入合計,12844402.0,收支
N03,龍埔成長,109,收支餘絀表,教保費收入,10123372.0,收支
N03,龍埔成長,110,收支餘絀表,教保費收入,10094201.0,收支
N03,龍埔成長,111,收支餘絀表,教保費收入,10081365.0,收支
N03,龍埔成長,112,收支餘絀表,教保費收入,10090612.0,收支
N03,龍埔成長,113,收支餘絀表,教保費收入,11931000.0,收支
N03,龍埔成長,109,收支餘絀表,教保費收入減項,-645919.0,收支
N03,龍埔成長,110,收支餘絀表,教保費收入減項,-105823.0,收支
N03,龍埔成長,111,收支餘絀表,教保費收入減項,-90327.0,收支
N03,龍埔成長,112,收支餘絀表,教保費收入減項,-70525.0,收支
N03,龍埔成長,113,收支餘絀表,教保費收入減項,-306130.0,收支
N03,龍埔成長,109,收支餘絀表,本期稅前餘絀,269190.0,收支
N03,龍埔成長,110,收支餘絀表,本期稅前餘絀,767673.0,收支
N03,龍埔成長,111,收支餘絀表,本期稅前餘絀,351100.0,收支
N03,龍埔成長,112,收支餘絀表,本期稅前餘絀,250734.0,收支
N03,龍埔成長,113,收支餘絀表,本期稅前餘絀,-760073.0,收支
N03,龍埔成長,109,收支餘絀表,本期稅後餘絀,269190.0,收支
N03,龍埔成長,110,收支餘絀表,本期稅後餘絀,767673.0,收支
N03,龍埔成長,111,收支餘絀表,本期稅後餘絀,351100.0,收支
N03,龍埔成長,112,收支餘絀表,本期稅後餘絀,250734.0,收支
N03,龍埔成長,113,收支餘絀表,本期稅後餘絀,,收支
N03,龍埔成長,109,收支餘絀表,材料費,1210642.0,收支
N03,龍埔成長,110,收支餘絀表,材料費,1126043.0,收支
N03,龍埔成長,111,收支餘絀表,材料費,1198211.0,收支
N03,龍埔成長,112,收支餘絀表,材料費,1350447.0,收支
N03,龍埔成長,113,收支餘絀表,材料費,1183148.0,收支
N03,龍埔成長,109,收支餘絀表,業務發展費,138501.0,收支
N03,龍埔成長,110,收支餘絀表,業務發展費,98000.0,收支
N03,龍埔成長,111,收支餘絀表,業務發展費,1000000.0,收支
N03,龍埔成長,112,收支餘絀表,業務發展費,2393000.0,收支
N03,龍埔成長,113,收支餘絀表,業務發展費,1699800.0,收支
N03,龍埔成長,109,收支餘絀表,業務費,409373.0,收支
N03,龍埔成長,110,收支餘絀表,業務費,413394.0,收支
N03,龍埔成長,111,收支餘絀表,業務費,419663.0,收支
N03,龍埔成長,112,收支餘絀表,業務費,480975.0,收支
N03,龍埔成長,113,收支餘絀表,業務費,498463.0,收支
N03,龍埔成長,109,收支餘絀表,維護費,80008.0,收支
N03,龍埔成長,110,收支餘絀表,維護費,87399.0,收支
N03,龍埔成長,111,收支餘絀表,維護費,104079.0,收支
N03,龍埔成長,112,收支餘絀表,維護費,105827.0,收支
N03,龍埔成長,113,收支餘絀表,維護費,98854.0,收支
N03,龍埔成長,109,收支餘絀表,行政管理費,117840.0,收支
N03,龍埔成長,110,收支餘絀表,行政管理費,117840.0,收支
N03,龍埔成長,111,收支餘絀表,行政管理費,117840.0,收支
N03,龍埔成長,112,收支餘絀表,行政管理費,117840.0,收支
N03,龍埔成長,113,收支餘絀表,行政管理費,182054.0,收支
N03,龍埔成長,109,收支餘絀表,雜支,32316.0,收支
N03,龍埔成長,110,收支餘絀表,雜支,18301.0,收支
N03,龍埔成長,111,收支餘絀表,雜支,15014.0,收支
N03,龍埔成長,112,收支餘絀表,雜支,5992.0,收支
N03,龍埔成長,113,收支餘絀表,雜支,5671.0,收支
N03,龍埔成長,110,現金流量表,其他應付款,153652.0,非收支
N03,龍埔成長,111,現金流量表,其他應付款,-71887.0,非收支
N03,龍埔成長,112,現金流量表,其他應付款,186432.0,非收支
N03,龍埔成長,113,現金流量表,其他應付款,272823.0,非收支
N03,龍埔成長,110,現金流量表,其他應收款,-531.0,非收支
N03,龍埔成長,111,現金流量表,其他應收款,-72652.0,非收支
N03,龍埔成長,112,現金流量表,其他應收款,73265.0,非收支
N03,龍埔成長,113,現金流量表,其他應收款,-8186.0,非收支
N03,龍埔成長,110,現金流量表,其他流動負債,-4.0,非收支
N03,龍埔成長,111,現金流量表,其他流動負債,-278.0,非收支
N03,龍埔成長,112,現金流量表,其他流動負債,48.0,非收支
N03,龍埔成長,113,現金流量表,其他流動負債,-48.0,非收支
N03,龍埔成長,110,現金流量表,其他流動資產,-2550.0,非收支
N03,龍埔成長,111,現金流量表,其他流動資產,,非收支
N03,龍埔成長,112,現金流量表,其他流動資產,-2002.0,非收支
N03,龍埔成長,113,現金流量表,其他流動資產,-271.0,非收支
N03,龍埔成長,110,現金流量表,應付帳款,287547.0,非收支
N03,龍埔成長,111,現金流量表,應付帳款,64623.0,非收支
N03,龍埔成長,112,現金流量表,應付帳款,-540061.0,非收支
N03,龍埔成長,113,現金流量表,應付帳款,31596.0,非收支
N03,龍埔成長,110,現金流量表,應付票據,-252071.0,非收支
N03,龍埔成長,111,現金流量表,應付票據,320284.0,非收支
N03,龍埔成長,112,現金流量表,應付票據,-224494.0,非收支
N03,龍埔成長,113,現金流量表,應付票據,-138180.0,非收支
N03,龍埔成長,110,現金流量表,應收帳款淨額,-63151.0,非收支
N03,龍埔成長,111,現金流量表,應收帳款淨額,-9215.0,非收支
N03,龍埔成長,112,現金流量表,應收帳款淨額,74339.0,非收支
N03,龍埔成長,113,現金流量表,應收帳款淨額,6000.0,非收支
N03,龍埔成長,110,現金流量表,投資活動之淨現金流入,,非收支
N03,龍埔成長,111,現金流量表,投資活動之淨現金流入,,非收支
N03,龍埔成長,112,現金流量表,投資活動之淨現金流入,,非收支
N03,龍埔成長,113,現金流量表,投資活動之淨現金流入,,非收支
N03,龍埔成長,110,現金流量表,投資活動之現金流量：,,非收支
N03,龍埔成長,111,現金流量表,投資活動之現金流量：,,非收支
N03,龍埔成長,112,現金流量表,投資活動之現金流量：,,非收支
N03,龍埔成長,113,現金流量表,投資活動之現金流量：,,非收支
N03,龍埔成長,110,現金流量表,期初現金及約當現金餘額,4734132.0,非收支
N03,龍埔成長,111,現金流量表,期初現金及約當現金餘額,5594770.0,非收支
N03,龍埔成長,112,現金流量表,期初現金及約當現金餘額,6310506.0,非收支
N03,龍埔成長,113,現金流量表,期初現金及約當現金餘額,6426739.0,非收支
N03,龍埔成長,110,現金流量表,期末現金及約當現金餘額,5594770.0,非收支
N03,龍埔成長,111,現金流量表,期末現金及約當現金餘額,6310506.0,非收支
N03,龍埔成長,112,現金流量表,期末現金及約當現金餘額,6426739.0,非收支
N03,龍埔成長,113,現金流量表,期末現金及約當現金餘額,6149763.0,非收支
N03,龍埔成長,110,現金流量表,本期現金及約當現金增加數,860638.0,非收支
N03,龍埔成長,111,現金流量表,本期現金及約當現金增加數,715736.0,非收支
N03,龍埔成長,112,現金流量表,本期現金及約當現金增加數,116233.0,非收支
N03,龍埔成長,113,現金流量表,本期現金及約當現金（減少）增加數,-276976.0,非收支
N03,龍埔成長,111,現金流量表,本期稅前餘絀,351100.0,非收支
N03,龍埔成長,112,現金流量表,本期稅前餘絀,250734.0,非收支
N03,龍埔成長,113,現金流量表,本期稅前餘絀,,非收支
N03,龍埔成長,110,現金流量表,本期稅前餘額,767673.0,非收支
N03,龍埔成長,110,現金流量表,營業活動之淨現金流入,860638.0,非收支
N03,龍埔成長,111,現金流量表,營業活動之淨現金流入,715736.0,非收支
N03,龍埔成長,112,現金流量表,營業活動之淨現金流入,116233.0,非收支
N03,龍埔成長,113,現金流量表,營業活動之淨現金流（出）入,-276976.0,非收支
N03,龍埔成長,110,現金流量表,營業活動之現金流量：,,非收支
N03,龍埔成長,111,現金流量表,營業活動之現金流量：,,非收支
N03,龍埔成長,112,現金流量表,營業活動之現金流量：,,非收支
N03,龍埔成長,113,現金流量表,營業活動之現金流量：,,非收支
N03,龍埔成長,110,現金流量表,籌資活動之淨現金流入,,非收支
N03,龍埔成長,111,現金流量表,籌資活動之淨現金流入,,非收支
N03,龍埔成長,112,現金流量表,籌資活動之淨現金流入,,非收支
N03,龍埔成長,113,現金流量表,籌資活動之淨現金流入,,非收支
N03,龍埔成長,110,現金流量表,籌資活動之現金流量：,,非收支
N03,龍埔成長,111,現金流量表,籌資活動之現金流量：,,非收支
N03,龍埔成長,112,現金流量表,籌資活動之現金流量：,,非收支
N03,龍埔成長,113,現金流量表,籌資活動之現金流量：,,非收支
N03,龍埔成長,110,現金流量表,調整項目：,,非收支
N03,龍埔成長,111,現金流量表,調整項目：,,非收支
N03,龍埔成長,112,現金流量表,調整項目：,,非收支
N03,龍埔成長,113,現金流量表,調整項目：,,非收支
N03,龍埔成長,110,現金流量表,資產/負債淨變動數,,非收支
N03,龍埔成長,111,現金流量表,資產/負債淨變動數,,非收支
N03,龍埔成長,112,現金流量表,資產／負債淨變動數,,非收支
N03,龍埔成長,113,現金流量表,資產／負債淨變動數,,非收支
N03,龍埔成長,110,現金流量表,預付款項,2006.0,非收支
N03,龍埔成長,111,現金流量表,預付款項,-50081.0,非收支
N03,龍埔成長,112,現金流量表,預付款項,61563.0,非收支
N03,龍埔成長,113,現金流量表,預付款項,,非收支
N03,龍埔成長,110,現金流量表,預收款項,-31933.0,非收支
N03,龍埔成長,111,現金流量表,預收款項,183842.0,非收支
N03,龍埔成長,112,現金流量表,預收款項,236409.0,非收支
N03,龍埔成長,113,現金流量表,預收款項,319363.0,非收支
N03,龍埔成長,110,資產負債表,代管財產,260214.0,非收支
N03,龍埔成長,111,資產負債表,代管財產,187464.0,非收支
N03,龍埔成長,112,資產負債表,代管財產,112760.0,非收支
N03,龍埔成長,113,資產負債表,代管財產,144960.0,非收支
N03,龍埔成長,110,資產負債表,其他應付款,831812.0,非收支
N03,龍埔成長,111,資產負債表,其他應付款,759925.0,非收支
N03,龍埔成長,112,資產負債表,其他應付款,946357.0,非收支
N03,龍埔成長,113,資產負債表,其他應付款,1219180.0,非收支
N03,龍埔成長,110,資產負債表,其他應收款,652.0,非收支
N03,龍埔成長,111,資產負債表,其他應收款,73304.0,非收支
N03,龍埔成長,112,資產負債表,其他應收款,39.0,非收支
N03,龍埔成長,113,資產負債表,其他應收款,8225.0,非收支
N03,龍埔成長,110,資產負債表,其他流動負債,278.0,非收支
N03,龍埔成長,111,資產負債表,其他流動負債,,非收支
N03,龍埔成長,112,資產負債表,其他流動負債,48.0,非收支
N03,龍埔成長,113,資產負債表,其他流動負債,,非收支
N03,龍埔成長,110,資產負債表,其他流動資產,3533.0,非收支
N03,龍埔成長,111,資產負債表,其他流動資產,3533.0,非收支
N03,龍埔成長,112,資產負債表,其他流動資產,5535.0,非收支
N03,龍埔成長,113,資產負債表,其他流動資產,5806.0,非收支
N03,龍埔成長,110,資產負債表,存出保證金,7200.0,非收支
N03,龍埔成長,111,資產負債表,存出保證金,7200.0,非收支
N03,龍埔成長,112,資產負債表,存出保證金,7200.0,非收支
N03,龍埔成長,113,資產負債表,存出保證金,7200.0,非收支
N03,龍埔成長,110,資產負債表,應付代管財產,260214.0,非收支
N03,龍埔成長,111,資產負債表,應付代管財產,187464.0,非收支
N03,龍埔成長,112,資產負債表,應付代管財產,112760.0,非收支
N03,龍埔成長,113,資產負債表,應付代管財產,144960.0,非收支
N03,龍埔成長,110,資產負債表,應付帳款,510278.0,非收支
N03,龍埔成長,111,資產負債表,應付帳款,574901.0,非收支
N03,龍埔成長,112,資產負債表,應付帳款,34840.0,非收支
N03,龍埔成長,113,資產負債表,應付帳款,66436.0,非收支
N03,龍埔成長,110,資產負債表,應付票據,74658.0,非收支
N03,龍埔成長,111,資產負債表,應付票據,394942.0,非收支
N03,龍埔成長,112,資產負債表,應付票據,170448.0,非收支
N03,龍埔成長,113,資產負債表,應付票據,32268.0,非收支
N03,龍埔成長,110,資產負債表,應付購置財產,460670.0,非收支
N03,龍埔成長,111,資產負債表,應付購置財產,558564.0,非收支
N03,龍埔成長,112,資產負債表,應付購置財產,610119.0,非收支
N03,龍埔成長,113,資產負債表,應付購置財產,610119.0,非收支
N03,龍埔成長,110,資產負債表,應收帳款淨額,71124.0,非收支
N03,龍埔成長,111,資產負債表,應收帳款淨額,80339.0,非收支
N03,龍埔成長,112,資產負債表,應收帳款淨額,6000.0,非收支
N03,龍埔成長,113,資產負債表,應收帳款淨額,,非收支
N03,龍埔成長,110,資產負債表,本期餘絀,767673.0,非收支
N03,龍埔成長,111,資產負債表,本期餘絀,351100.0,非收支
N03,龍埔成長,112,資產負債表,本期餘絀,250734.0,非收支
N03,龍埔成長,113,資產負債表,本期餘絀,-760073.0,非收支
N03,龍埔成長,110,資產負債表,業務發展準備,2536501.0,非收支
N03,龍埔成長,111,資產負債表,業務發展準備,3536501.0,非收支
N03,龍埔成長,112,資產負債表,業務發展準備,5929501.0,非收支
N03,龍埔成長,113,資產負債表,業務發展準備,7629301.0,非收支
N03,龍埔成長,110,資產負債表,業務發展準備金,2536501.0,非收支
N03,龍埔成長,111,資產負債表,業務發展準備金,3536501.0,非收支
N03,龍埔成長,112,資產負債表,業務發展準備金,5929501.0,非收支
N03,龍埔成長,113,資產負債表,業務發展準備金,7629301.0,非收支
N03,龍埔成長,111,資產負債表,流動負債,,非收支
N03,龍埔成長,110,資產負債表,流動負債合計,3397476.0,非收支
N03,龍埔成長,111,資產負債表,流動負債合計,3894060.0,非收支
N03,龍埔成長,112,資產負債表,流動負債合計,3552394.0,非收支
N03,龍埔成長,113,資產負債表,流動負債合計,4037948.0,非收支
N03,龍埔成長,111,資產負債表,流動資產,,非收支
N03,龍埔成長,110,資產負債表,流動資產合計,5685118.0,非收支
N03,龍埔成長,111,資產負債表,流動資產合計,6532802.0,非收支
N03,龍埔成長,112,資產負債表,流動資產合計,6441870.0,非收支
N03,龍埔成長,113,資產負債表,流動資產合計,6167351.0,非收支
N03,龍埔成長,110,資產負債表,現金及銀行存款,5594770.0,非收支
N03,龍埔成長,111,資產負債表,現金及銀行存款,6310506.0,非收支
N03,龍埔成長,112,資產負債表,現金及銀行存款,6426739.0,非收支
N03,龍埔成長,113,資產負債表,現金及銀行存款,6149763.0,非收支
N03,龍埔成長,110,資產負債表,累積餘絀,1527169.0,非收支
N03,龍埔成長,111,資產負債表,累積餘絀,2294842.0,非收支
N03,龍埔成長,112,資產負債表,累積餘絀,2645942.0,非收支
N03,龍埔成長,113,資產負債表,累積餘絀,2896676.0,非收支
N03,龍埔成長,110,資產負債表,負債及餘絀總計,9229892.0,非收支
N03,龍埔成長,111,資產負債表,負債及餘絀總計,11149432.0,非收支
N03,龍埔成長,112,資產負債表,負債及餘絀總計,13476093.0,非收支
N03,龍埔成長,113,資產負債表,負債及餘絀總計,14987068.0,非收支
N03,龍埔成長,110,資產負債表,負債總額,6935050.0,非收支
N03,龍埔成長,111,資產負債表,負債總額,8503490.0,非收支
N03,龍埔成長,112,資產負債表,負債總額,10579417.0,非收支
N03,龍埔成長,113,資產負債表,負債總額,12850465.0,非收支
N03,龍埔成長,110,資產負債表,資產總計,9229892.0,非收支
N03,龍埔成長,111,資產負債表,資產總計,11149432.0,非收支
N03,龍埔成長,112,資產負債表,資產總計,13476093.0,非收支
N03,龍埔成長,113,資產負債表,資產總計,14987068.0,非收支
N03,龍埔成長,110,資產負債表,資遣費準備,280189.0,非收支
N03,龍埔成長,111,資產負債表,資遣費準備,326901.0,非收支
N03,龍埔成長,112,資產負債表,資遣費準備,374643.0,非收支
N03,龍埔成長,110,資產負債表,資遣費準備金,280189.0,非收支
N03,龍埔成長,111,資產負債表,資遣費準備金,326901.0,非收支
N03,龍埔成長,112,資產負債表,資遣費準備金,374643.0,非收支
N03,龍埔成長,113,資產負債表,資遺費準備,428137.0,非收支
N03,龍埔成長,113,資產負債表,資遺費準備金,428137.0,非收支
N03,龍埔成長,110,資產負債表,購置財產,460670.0,非收支
N03,龍埔成長,111,資產負債表,購置財產,558564.0,非收支
N03,龍埔成長,112,資產負債表,購置財產,610119.0,非收支
N03,龍埔成長,113,資產負債表,購置財產,610119.0,非收支
N03,龍埔成長,111,資產負債表,非流動負債,,非收支
N03,龍埔成長,110,資產負債表,非流動負債合計,3537574.0,非收支
N03,龍埔成長,111,資產負債表,非流動負債合計,4609430.0,非收支
N03,龍埔成長,112,資產負債表,非流動負債合計,7027023.0,非收支
N03,龍埔成長,113,資產負債表,非流動負債合計,8812517.0,非收支
N03,龍埔成長,111,資產負債表,非流動資產,,非收支
N03,龍埔成長,110,資產負債表,非流動資產合計,3544774.0,非收支
N03,龍埔成長,111,資產負債表,非流動資產合計,4616630.0,非收支
N03,龍埔成長,112,資產負債表,非流動資產合計,7034223.0,非收支
N03,龍埔成長,113,資產負債表,非流動資產合計,8819717.0,非收支
N03,龍埔成長,110,資產負債表,預付款項,15039.0,非收支
N03,龍埔成長,111,資產負債表,預付款項,65120.0,非收支
N03,龍埔成長,112,資產負債表,預付款項,3557.0,非收支
N03,龍埔成長,113,資產負債表,預付款項,3557.0,非收支
N03,龍埔成長,110,資產負債表,預收款項,1980450.0,非收支
N03,龍埔成長,111,資產負債表,預收款項,2164292.0,非收支
N03,龍埔成長,112,資產負債表,預收款項,2400701.0,非收支
N03,龍埔成長,113,資產負債表,預收款項,2720064.0,非收支
N03,龍埔成長,111,資產負債表,餘絀,,非收支
N03,龍埔成長,110,資產負債表,餘絀總額,2294842.0,非收支
N03,龍埔成長,111,資產負債表,餘絀總額,2645942.0,非收支
N03,龍埔成長,112,資產負債表,餘絀總額,2896676.0,非收支
N03,龍埔成長,113,資產負債表,餘絀總額,2136603.0,非收支
N03,龍埔成長,110,附表三,事務機器耗材-執行率,78.0,非收支
N03,龍埔成長,111,附表三,事務機器耗材-執行率,76.0,非收支
N03,龍埔成長,112,附表三,事務機器耗材-執行率,98.0,非收支
N03,龍埔成長,113,附表三,事務機器耗材-執行率,95.0,非收支
N03,龍埔成長,110,附表三,事務機器耗材-決算數,46509.0,非收支
N03,龍埔成長,111,附表三,事務機器耗材-決算數,45675.0,非收支
N03,龍埔成長,112,附表三,事務機器耗材-決算數,58800.0,非收支
N03,龍埔成長,113,附表三,事務機器耗材-決算數,56769.0,非收支
N03,龍埔成長,112,附表三,五日未上課退費-執行率,,非收支
N03,龍埔成長,113,附表三,五日未上課退費-執行率,,非收支
N03,龍埔成長,112,附表三,五日未上課退費-決算數,-57022.0,非收支
N03,龍埔成長,113,附表三,五日未上課退費-決算數,-30858.0,非收支
N03,龍埔成長,112,附表三,人事費-執行率,63.0,非收支
N03,龍埔成長,113,附表三,人事費-執行率,91.0,非收支
N03,龍埔成長,112,附表三,人事費-決算數,5280926.0,非收支
N03,龍埔成長,113,附表三,人事費-決算數,8710840.0,非收支
N03,龍埔成長,112,附表三,代課費及代班費-執行率,17.0,非收支
N03,龍埔成長,113,附表三,代課費及代班費-執行率,1.0,非收支
N03,龍埔成長,112,附表三,代課費及代班費-決算數,17699.0,非收支
N03,龍埔成長,113,附表三,代課費及代班費-決算數,1800.0,非收支
N03,龍埔成長,110,附表三,保全-執行率,100.0,非收支
N03,龍埔成長,111,附表三,保全-執行率,100.0,非收支
N03,龍埔成長,112,附表三,保全-執行率,100.0,非收支
N03,龍埔成長,113,附表三,保全-執行率,100.0,非收支
N03,龍埔成長,110,附表三,保全-決算數,60000.0,非收支
N03,龍埔成長,111,附表三,保全-決算數,60000.0,非收支
N03,龍埔成長,112,附表三,保全-決算數,60000.0,非收支
N03,龍埔成長,113,附表三,保全-決算數,60000.0,非收支
N03,龍埔成長,112,附表三,保險費-執行率,101.0,非收支
N03,龍埔成長,113,附表三,保險費-執行率,101.0,非收支
N03,龍埔成長,112,附表三,保險費-決算數,12069.0,非收支
N03,龍埔成長,113,附表三,保險費-決算數,12071.0,非收支
N03,龍埔成長,111,附表三,修繕費-執行率,90.0,非收支
N03,龍埔成長,112,附表三,修繕費-執行率,92.0,非收支
N03,龍埔成長,113,附表三,修繕費-執行率,83.0,非收支
N03,龍埔成長,111,附表三,修繕費-決算數,76343.0,非收支
N03,龍埔成長,112,附表三,修繕費-決算數,77883.0,非收支
N03,龍埔成長,113,附表三,修繕費-決算數,70848.0,非收支
N03,龍埔成長,110,附表三,修繕購置費-執行率,101.0,非收支
N03,龍埔成長,111,附表三,修繕購置費-執行率,100.0,非收支
N03,龍埔成長,112,附表三,修繕購置費-執行率,84.0,非收支
N03,龍埔成長,113,附表三,修繕購置費-執行率,91.0,非收支
N03,龍埔成長,110,附表三,修繕購置費-決算數,126641.0,非收支
N03,龍埔成長,111,附表三,修繕購置費-決算數,125945.0,非收支
N03,龍埔成長,112,附表三,修繕購置費-決算數,105781.0,非收支
N03,龍埔成長,113,附表三,修繕購置費-決算數,91690.0,非收支
N03,龍埔成長,112,附表三,健康檢查-執行率,91.0,非收支
N03,龍埔成長,113,附表三,健康檢查-執行率,140.0,非收支
N03,龍埔成長,112,附表三,健康檢查-決算數,3630.0,非收支
N03,龍埔成長,113,附表三,健康檢查-決算數,1400.0,非收支
N03,龍埔成長,110,附表三,其他支出-執行率,,非收支
N03,龍埔成長,111,附表三,其他支出-執行率,,非收支
N03,龍埔成長,112,附表三,其他支出-執行率,,非收支
N03,龍埔成長,113,附表三,其他支出-執行率,,非收支
N03,龍埔成長,110,附表三,其他支出-決算數,1675731.0,非收支
N03,龍埔成長,111,附表三,其他支出-決算數,1853498.0,非收支
N03,龍埔成長,112,附表三,其他支出-決算數,3721263.0,非收支
N03,龍埔成長,113,附表三,其他支出-決算數,948203.0,非收支
N03,龍埔成長,112,附表三,其他收入-執行率,,非收支
N03,龍埔成長,113,附表三,其他收入-執行率,,非收支
N03,龍埔成長,112,附表三,其他收入-決算數,3721263.0,非收支
N03,龍埔成長,113,附表三,其他收入-決算數,948203.0,非收支
N03,龍埔成長,112,附表三,利息收入-執行率,,非收支
N03,龍埔成長,113,附表三,利息收入-執行率,,非收支
N03,龍埔成長,112,附表三,利息收入-決算數,57597.0,非收支
N03,龍埔成長,113,附表三,利息收入-決算數,85197.0,非收支
N03,龍埔成長,112,附表三,加班費-執行率,43.0,非收支
N03,龍埔成長,113,附表三,加班費-執行率,48.0,非收支
N03,龍埔成長,112,附表三,加班費-決算數,276835.0,非收支
N03,龍埔成長,113,附表三,加班費-決算數,346009.0,非收支
N03,龍埔成長,112,附表三,勞、健保費-執行率,76.0,非收支
N03,龍埔成長,113,附表三,勞、健保費-執行率,86.0,非收支
N03,龍埔成長,112,附表三,勞、健保費-決算數,552865.0,非收支
N03,龍埔成長,113,附表三,勞、健保費-決算數,841858.0,非收支
N03,龍埔成長,112,附表三,勞退金提撥-執行率,67.0,非收支
N03,龍埔成長,113,附表三,勞退金提撥-執行率,101.0,非收支
N03,龍埔成長,112,附表三,勞退金提撥-決算數,233216.0,非收支
N03,龍埔成長,113,附表三,勞退金提撥-決算數,390434.0,非收支
N03,龍埔成長,110,附表三,園務特支-執行率,98.0,非收支
N03,龍埔成長,111,附表三,園務特支-執行率,100.0,非收支
N03,龍埔成長,112,附表三,園務特支-執行率,98.0,非收支
N03,龍埔成長,113,附表三,園務特支-執行率,99.0,非收支
N03,龍埔成長,110,附表三,園務特支-決算數,38352.0,非收支
N03,龍埔成長,111,附表三,園務特支-決算數,38997.0,非收支
N03,龍埔成長,112,附表三,園務特支-決算數,38336.0,非收支
N03,龍埔成長,113,附表三,園務特支-決算數,38552.0,非收支
N03,龍埔成長,110,附表三,園舍消毒、清潔-執行率,100.0,非收支
N03,龍埔成長,111,附表三,園舍消毒、清潔-執行率,100.0,非收支
N03,龍埔成長,112,附表三,園舍消毒、清潔-執行率,100.0,非收支
N03,龍埔成長,113,附表三,園舍消毒、清潔-執行率,100.0,非收支
N03,龍埔成長,110,附表三,園舍消毒、清潔-決算數,25000.0,非收支
N03,龍埔成長,111,附表三,園舍消毒、清潔-決算數,25000.0,非收支
N03,龍埔成長,112,附表三,園舍消毒、清潔-決算數,25000.0,非收支
N03,龍埔成長,113,附表三,園舍消毒、清潔-決算數,25000.0,非收支
N03,龍埔成長,112,附表三,園長及教保服務人員薪資（含職務加給）-執行率,65.0,非收支
N03,龍埔成長,113,附表三,園長及教保服務人員薪資（含職務加給）-執行率,98.0,非收支
N03,龍埔成長,112,附表三,園長及教保服務人員薪資（含職務加給）-決算數,3044573.0,非收支
N03,龍埔成長,113,附表三,園長及教保服務人員薪資（含職務加給）-決算數,5669753.0,非收支
N03,龍埔成長,112,附表三,學前特教師、社工人員、護理人員薪資-執行率,44.0,非收支
N03,龍埔成長,112,附表三,學前特教師、社工人員、護理人員薪資-決算數,250029.0,非收支
N03,龍埔成長,110,附表三,差旅費-執行率,,非收支
N03,龍埔成長,111,附表三,差旅費-執行率,,非收支
N03,龍埔成長,112,附表三,差旅費-執行率,,非收支
N03,龍埔成長,113,附表三,差旅費-執行率,,非收支
N03,龍埔成長,110,附表三,差旅費-決算數,,非收支
N03,龍埔成長,111,附表三,差旅費-決算數,,非收支
N03,龍埔成長,112,附表三,差旅費-決算數,,非收支
N03,龍埔成長,113,附表三,差旅費-決算數,,非收支
N03,龍埔成長,110,附表三,延後托育支出-執行率,,非收支
N03,龍埔成長,111,附表三,延後托育支出-執行率,,非收支
N03,龍埔成長,110,附表三,延後托育支出-決算數,289925.0,非收支
N03,龍埔成長,111,附表三,延後托育支出-決算數,293111.0,非收支
N03,龍埔成長,112,附表三,延長照顧服務支出-執行率,,非收支
N03,龍埔成長,113,附表三,延長照顧服務支出-執行率,,非收支
N03,龍埔成長,112,附表三,延長照顧服務支出-決算數,331321.0,非收支
N03,龍埔成長,113,附表三,延長照顧服務支出-決算數,185752.0,非收支
N03,龍埔成長,112,附表三,延長照顧服務收入-執行率,,非收支
N03,龍埔成長,113,附表三,延長照顧服務收入-執行率,,非收支
N03,龍埔成長,112,附表三,延長照顧服務收入-決算數,370620.0,非收支
N03,龍埔成長,113,附表三,延長照顧服務收入-決算數,192500.0,非收支
N03,龍埔成長,112,附表三,延長照顧服務收入淨額-執行率,,非收支
N03,龍埔成長,112,附表三,延長照顧服務收入淨額-執行率,,非收支
N03,龍埔成長,113,附表三,延長照顧服務收入淨額-執行率,,非收支
N03,龍埔成長,113,附表三,延長照顧服務收入淨額-執行率,,非收支
N03,龍埔成長,112,附表三,延長照顧服務收入淨額-決算數,345159.0,非收支
N03,龍埔成長,112,附表三,延長照顧服務收入淨額-決算數,345159.0,非收支
N03,龍埔成長,113,附表三,延長照顧服務收入淨額-決算數,186132.0,非收支
N03,龍埔成長,113,附表三,延長照顧服務收入淨額-決算數,186132.0,非收支
N03,龍埔成長,112,附表三,延長照顧服務收入退費-執行率,,非收支
N03,龍埔成長,113,附表三,延長照顧服務收入退費-執行率,,非收支
N03,龍埔成長,112,附表三,延長照顧服務收入退費-決算數,-25461.0,非收支
N03,龍埔成長,113,附表三,延長照顧服務收入退費-決算數,-6368.0,非收支
N03,龍埔成長,110,附表三,所得稅費用-執行率,,非收支
N03,龍埔成長,111,附表三,所得稅費用-執行率,,非收支
N03,龍埔成長,112,附表三,所得稅費用-執行率,,非收支
N03,龍埔成長,113,附表三,所得稅費用-執行率,,非收支
N03,龍埔成長,110,附表三,所得稅費用-決算數,,非收支
N03,龍埔成長,111,附表三,所得稅費用-決算數,,非收支
N03,龍埔成長,112,附表三,所得稅費用-決算數,,非收支
N03,龍埔成長,113,附表三,所得稅費用-決算數,,非收支
N03,龍埔成長,110,附表三,攝影照片-執行率,17.0,非收支
N03,龍埔成長,111,附表三,攝影照片-執行率,24.0,非收支
N03,龍埔成長,112,附表三,攝影照片-執行率,55.0,非收支
N03,龍埔成長,113,附表三,攝影照片-執行率,56.0,非收支
N03,龍埔成長,110,附表三,攝影照片-決算數,1500.0,非收支
N03,龍埔成長,111,附表三,攝影照片-決算數,2190.0,非收支
N03,龍埔成長,112,附表三,攝影照片-決算數,4993.0,非收支
N03,龍埔成長,113,附表三,攝影照片-決算數,5000.0,非收支
N03,龍埔成長,112,附表三,支出-執行率,130.0,非收支
N03,龍埔成長,113,附表三,支出-執行率,115.0,非收支
N03,龍埔成長,112,附表三,支出-決算數,13893372.0,非收支
N03,龍埔成長,113,附表三,支出-決算數,13604475.0,非收支
N03,龍埔成長,112,附表三,收入-執行率,136.0,非收支
N03,龍埔成長,113,附表三,收入-執行率,109.0,非收支
N03,龍埔成長,112,附表三,收入-決算數,14144106.0,非收支
N03,龍埔成長,113,附表三,收入-決算數,12844402.0,非收支
N03,龍埔成長,112,附表三,政府學費差額補助退費-執行率,,非收支
N03,龍埔成長,113,附表三,政府學費差額補助退費-執行率,,非收支
N03,龍埔成長,112,附表三,政府學費差額補助退費-決算數,-11503.0,非收支
N03,龍埔成長,113,附表三,政府學費差額補助退費-決算數,-266639.0,非收支
N03,龍埔成長,110,附表三,教保材料費-執行率,46.0,非收支
N03,龍埔成長,111,附表三,教保材料費-執行率,54.0,非收支
N03,龍埔成長,112,附表三,教保材料費-執行率,78.0,非收支
N03,龍埔成長,113,附表三,教保材料費-執行率,97.0,非收支
N03,龍埔成長,110,附表三,教保材料費-決算數,98732.0,非收支
N03,龍埔成長,111,附表三,教保材料費-決算數,116891.0,非收支
N03,龍埔成長,112,附表三,教保材料費-決算數,168656.0,非收支
N03,龍埔成長,113,附表三,教保材料費-決算數,166801.0,非收支
N03,龍埔成長,112,附表三,教保費收入-執行率,97.0,非收支
N03,龍埔成長,113,附表三,教保費收入-執行率,102.0,非收支
N03,龍埔成長,112,附表三,教保費收入-決算數,10090612.0,非收支
N03,龍埔成長,113,附表三,教保費收入-決算數,11931000.0,非收支
N03,龍埔成長,112,附表三,教保費收入淨額-執行率,96.0,非收支
N03,龍埔成長,113,附表三,教保費收入淨額-執行率,99.0,非收支
N03,龍埔成長,112,附表三,教保費收入淨額-決算數,10020087.0,非收支
N03,龍埔成長,113,附表三,教保費收入淨額-決算數,11624870.0,非收支
N03,龍埔成長,112,附表三,教保費收入減項-執行率,,非收支
N03,龍埔成長,113,附表三,教保費收入減項-執行率,,非收支
N03,龍埔成長,112,附表三,教保費收入減項-決算數,-70525.0,非收支
N03,龍埔成長,113,附表三,教保費收入減項-決算數,-306130.0,非收支
N03,龍埔成長,112,附表三,教保費收入（家長繳費）-執行率,57.0,非收支
N03,龍埔成長,113,附表三,教保費收入（家長繳費）-執行率,47.0,非收支
N03,龍埔成長,112,附表三,教保費收入（家長繳費）-決算數,1225476.0,非收支
N03,龍埔成長,113,附表三,教保費收入（家長繳費）-決算數,811000.0,非收支
N03,龍埔成長,112,附表三,教保費收入（政府學費差額補助）-執行率,107.0,非收支
N03,龍埔成長,113,附表三,教保費收入（政府學費差額補助）-執行率,111.0,非收支
N03,龍埔成長,112,附表三,教保費收入（政府學費差額補助）-決算數,8865136.0,非收支
N03,龍埔成長,113,附表三,教保費收入（政府學費差額補助）-決算數,11120000.0,非收支
N03,龍埔成長,111,附表三,文宣費(一般文宣)-執行率,25.0,非收支
N03,龍埔成長,111,附表三,文宣費(一般文宣)-決算數,2450.0,非收支
N03,龍埔成長,111,附表三,文宣費(圖刊)-執行率,43.0,非收支
N03,龍埔成長,111,附表三,文宣費(圖刊)-決算數,11770.0,非收支
N03,龍埔成長,110,附表三,文宣費（一般文宣）-執行率,44.0,非收支
N03,龍埔成長,112,附表三,文宣費（一般文宣）-執行率,22.0,非收支
N03,龍埔成長,113,附表三,文宣費（一般文宣）-執行率,83.0,非收支
N03,龍埔成長,110,附表三,文宣費（一般文宣）-決算數,4385.0,非收支
N03,龍埔成長,112,附表三,文宣費（一般文宣）-決算數,2195.0,非收支
N03,龍埔成長,113,附表三,文宣費（一般文宣）-決算數,8317.0,非收支
N03,龍埔成長,112,附表三,文宣費（園刊）-執行率,65.0,非收支
N03,龍埔成長,113,附表三,文宣費（園刊）-執行率,35.0,非收支
N03,龍埔成長,112,附表三,文宣費（園刊）-決算數,17790.0,非收支
N03,龍埔成長,113,附表三,文宣費（園刊）-決算數,9722.0,非收支
N03,龍埔成長,110,附表三,文宣費（圖刊）-執行率,43.0,非收支
N03,龍埔成長,110,附表三,文宣費（圖刊）-決算數,11755.0,非收支
N03,龍埔成長,110,附表三,日常消耗用品-執行率,100.0,非收支
N03,龍埔成長,111,附表三,日常消耗用品-執行率,87.0,非收支
N03,龍埔成長,112,附表三,日常消耗用品-執行率,107.0,非收支
N03,龍埔成長,113,附表三,日常消耗用品-執行率,99.0,非收支
N03,龍埔成長,110,附表三,日常消耗用品-決算數,53915.0,非收支
N03,龍埔成長,111,附表三,日常消耗用品-決算數,46841.0,非收支
N03,龍埔成長,112,附表三,日常消耗用品-決算數,57773.0,非收支
N03,龍埔成長,113,附表三,日常消耗用品-決算數,42561.0,非收支
N03,龍埔成長,112,附表三,會計、總務、廚工、清潔薪資-執行率,68.0,非收支
N03,龍埔成長,113,附表三,會計、總務、廚工、清潔薪資-執行率,96.0,非收支
N03,龍埔成長,112,附表三,會計、總務、廚工、清潔薪資-決算數,830268.0,非收支
N03,龍埔成長,113,附表三,會計、總務、廚工、清潔薪資-決算數,1382021.0,非收支
N03,龍埔成長,110,附表三,本期稅前餘絀-執行率,955.0,非收支
N03,龍埔成長,111,附表三,本期稅前餘絀-執行率,-376.0,非收支
N03,龍埔成長,113,附表三,本期稅前餘絀-執行率,1065.0,非收支
N03,龍埔成長,110,附表三,本期稅前餘絀-決算數,767673.0,非收支
N03,龍埔成長,111,附表三,本期稅前餘絀-決算數,351100.0,非收支
N03,龍埔成長,113,附表三,本期稅前餘絀-決算數,-760073.0,非收支
N03,龍埔成長,112,附表三,本期稅前餘結-執行率,-93.0,非收支
N03,龍埔成長,112,附表三,本期稅前餘結-決算數,250734.0,非收支
N03,龍埔成長,110,附表三,本期稅後餘絀-執行率,955.0,非收支
N03,龍埔成長,111,附表三,本期稅後餘絀-執行率,-376.0,非收支
N03,龍埔成長,113,附表三,本期稅後餘絀-執行率,1065.0,非收支
N03,龍埔成長,110,附表三,本期稅後餘絀-決算數,767673.0,非收支
N03,龍埔成長,111,附表三,本期稅後餘絀-決算數,351100.0,非收支
N03,龍埔成長,113,附表三,本期稅後餘絀-決算數,,非收支
N03,龍埔成長,112,附表三,本期稅後餘結-執行率,-93.0,非收支
N03,龍埔成長,112,附表三,本期稅後餘結-決算數,250734.0,非收支
N03,龍埔成長,110,附表三,材料費-執行率,80.0,非收支
N03,龍埔成長,111,附表三,材料費-執行率,86.0,非收支
N03,龍埔成長,112,附表三,材料費-執行率,96.0,非收支
N03,龍埔成長,113,附表三,材料費-執行率,94.0,非收支
N03,龍埔成長,110,附表三,材料費-決算數,1126043.0,非收支
N03,龍埔成長,111,附表三,材料費-決算數,1198211.0,非收支
N03,龍埔成長,112,附表三,材料費-決算數,1350447.0,非收支
N03,龍埔成長,113,附表三,材料費-決算數,1183148.0,非收支
N03,龍埔成長,110,附表三,業務發展費-執行率,,非收支
N03,龍埔成長,111,附表三,業務發展費-執行率,,非收支
N03,龍埔成長,112,附表三,業務發展費-執行率,,非收支
N03,龍埔成長,113,附表三,業務發展費-執行率,,非收支
N03,龍埔成長,110,附表三,業務發展費-決算數,98000.0,非收支
N03,龍埔成長,111,附表三,業務發展費-決算數,1000000.0,非收支
N03,龍埔成長,112,附表三,業務發展費-決算數,2393000.0,非收支
N03,龍埔成長,113,附表三,業務發展費-決算數,1699800.0,非收支
N03,龍埔成長,112,附表三,業務費-執行率,85.0,非收支
N03,龍埔成長,113,附表三,業務費-執行率,89.0,非收支
N03,龍埔成長,112,附表三,業務費-決算數,480975.0,非收支
N03,龍埔成長,113,附表三,業務費-決算數,498463.0,非收支
N03,龍埔成長,110,附表三,水費-執行率,100.0,非收支
N03,龍埔成長,111,附表三,水費-執行率,89.0,非收支
N03,龍埔成長,112,附表三,水費-執行率,99.0,非收支
N03,龍埔成長,113,附表三,水費-執行率,157.0,非收支
N03,龍埔成長,110,附表三,水費-決算數,26102.0,非收支
N03,龍埔成長,111,附表三,水費-決算數,23178.0,非收支
N03,龍埔成長,112,附表三,水費-決算數,25726.0,非收支
N03,龍埔成長,113,附表三,水費-決算數,40857.0,非收支
N03,龍埔成長,110,附表三,水電修繕-執行率,70.0,非收支
N03,龍埔成長,110,附表三,水電修繕-決算數,59663.0,非收支
N03,龍埔成長,112,附表三,活動費-執行率,97.0,非收支
N03,龍埔成長,113,附表三,活動費-執行率,99.0,非收支
N03,龍埔成長,112,附表三,活動費-決算數,91946.0,非收支
N03,龍埔成長,113,附表三,活動費-決算數,94200.0,非收支
N03,龍埔成長,110,附表三,火險-執行率,34.0,非收支
N03,龍埔成長,111,附表三,火險-執行率,34.0,非收支
N03,龍埔成長,112,附表三,火險-執行率,37.0,非收支
N03,龍埔成長,113,附表三,火險-執行率,38.0,非收支
N03,龍埔成長,110,附表三,火險-決算數,2736.0,非收支
N03,龍埔成長,111,附表三,火險-決算數,2736.0,非收支
N03,龍埔成長,112,附表三,火險-決算數,2944.0,非收支
N03,龍埔成長,113,附表三,火險-決算數,3006.0,非收支
N03,龍埔成長,110,附表三,瓦斯費-執行率,65.0,非收支
N03,龍埔成長,111,附表三,瓦斯費-執行率,54.0,非收支
N03,龍埔成長,112,附表三,瓦斯費-執行率,58.0,非收支
N03,龍埔成長,113,附表三,瓦斯費-執行率,61.0,非收支
N03,龍埔成長,110,附表三,瓦斯費-決算數,20900.0,非收支
N03,龍埔成長,111,附表三,瓦斯費-決算數,17300.0,非收支
N03,龍埔成長,112,附表三,瓦斯費-決算數,18676.0,非收支
N03,龍埔成長,113,附表三,瓦斯費-決算數,19659.0,非收支
N03,龍埔成長,110,附表三,研習、進修-執行率,49.0,非收支
N03,龍埔成長,112,附表三,研習、進修-執行率,100.0,非收支
N03,龍埔成長,113,附表三,研習、進修-執行率,99.0,非收支
N03,龍埔成長,110,附表三,研習、進修-決算數,11800.0,非收支
N03,龍埔成長,112,附表三,研習、進修-決算數,24000.0,非收支
N03,龍埔成長,113,附表三,研習、進修-決算數,23666.0,非收支
N03,龍埔成長,110,附表三,維護費-執行率,74.0,非收支
N03,龍埔成長,111,附表三,維護費-執行率,88.0,非收支
N03,龍埔成長,112,附表三,維護費-執行率,90.0,非收支
N03,龍埔成長,113,附表三,維護費-執行率,84.0,非收支
N03,龍埔成長,110,附表三,維護費-決算數,87399.0,非收支
N03,龍埔成長,111,附表三,維護費-決算數,104079.0,非收支
N03,龍埔成長,112,附表三,維護費-決算數,105827.0,非收支
N03,龍埔成長,113,附表三,維護費-決算數,98854.0,非收支
N03,龍埔成長,113,附表三,腸病毒退費-執行率,,非收支
N03,龍埔成長,113,附表三,腸病毒退費-決算數,-8633.0,非收支
N03,龍埔成長,112,附表三,自強活動-執行率,100.0,非收支
N03,龍埔成長,113,附表三,自強活動-執行率,100.0,非收支
N03,龍埔成長,112,附表三,自強活動-決算數,12000.0,非收支
N03,龍埔成長,113,附表三,自強活動-決算數,12000.0,非收支
N03,龍埔成長,110,附表三,藥品費-執行率,72.0,非收支
N03,龍埔成長,111,附表三,藥品費-執行率,89.0,非收支
N03,龍埔成長,112,附表三,藥品費-執行率,101.0,非收支
N03,龍埔成長,113,附表三,藥品費-執行率,95.0,非收支
N03,龍埔成長,110,附表三,藥品費-決算數,4522.0,非收支
N03,龍埔成長,111,附表三,藥品費-決算數,5628.0,非收支
N03,龍埔成長,112,附表三,藥品費-決算數,6381.0,非收支
N03,龍埔成長,113,附表三,藥品費-決算數,4802.0,非收支
N03,龍埔成長,110,附表三,行政管理費-執行率,100.0,非收支
N03,龍埔成長,111,附表三,行政管理費-執行率,100.0,非收支
N03,龍埔成長,112,附表三,行政管理費-執行率,100.0,非收支
N03,龍埔成長,113,附表三,行政管理費-執行率,100.0,非收支
N03,龍埔成長,110,附表三,行政管理費-決算數,117840.0,非收支
N03,龍埔成長,111,附表三,行政管理費-決算數,117840.0,非收支
N03,龍埔成長,112,附表三,行政管理費-決算數,117840.0,非收支
N03,龍埔成長,113,附表三,行政管理費-決算數,182054.0,非收支
N03,龍埔成長,112,附表三,資遣費-執行率,100.0,非收支
N03,龍埔成長,113,附表三,資遣費-執行率,100.0,非收支
N03,龍埔成長,112,附表三,資遣費-決算數,47742.0,非收支
N03,龍埔成長,113,附表三,資遣費-決算數,53494.0,非收支
N03,龍埔成長,112,附表三,轉學/轉出退費-執行率,,非收支
N03,龍埔成長,112,附表三,轉學/轉出退費-決算數,-2000.0,非收支
N03,龍埔成長,110,附表三,辦公文具-執行率,87.0,非收支
N03,龍埔成長,111,附表三,辦公文具-執行率,54.0,非收支
N03,龍埔成長,112,附表三,辦公文具-執行率,62.0,非收支
N03,龍埔成長,113,附表三,辦公文具-執行率,73.0,非收支
N03,龍埔成長,110,附表三,辦公文具-決算數,15655.0,非收支
N03,龍埔成長,111,附表三,辦公文具-決算數,9685.0,非收支
N03,龍埔成長,112,附表三,辦公文具-決算數,11142.0,非收支
N03,龍埔成長,113,附表三,辦公文具-決算數,13052.0,非收支
N03,龍埔成長,110,附表三,郵資-執行率,74.0,非收支
N03,龍埔成長,111,附表三,郵資-執行率,51.0,非收支
N03,龍埔成長,112,附表三,郵資-執行率,42.0,非收支
N03,龍埔成長,113,附表三,郵資-執行率,32.0,非收支
N03,龍埔成長,110,附表三,郵資-決算數,5318.0,非收支
N03,龍埔成長,111,附表三,郵資-決算數,3698.0,非收支
N03,龍埔成長,112,附表三,郵資-決算數,3023.0,非收支
N03,龍埔成長,113,附表三,郵資-決算數,2326.0,非收支
N03,龍埔成長,110,附表三,雜支-執行率,54.0,非收支
N03,龍埔成長,111,附表三,雜支-執行率,44.0,非收支
N03,龍埔成長,112,附表三,雜支-執行率,18.0,非收支
N03,龍埔成長,113,附表三,雜支-執行率,17.0,非收支
N03,龍埔成長,110,附表三,雜支-決算數,18301.0,非收支
N03,龍埔成長,111,附表三,雜支-決算數,15014.0,非收支
N03,龍埔成長,112,附表三,雜支-決算數,5992.0,非收支
N03,龍埔成長,113,附表三,雜支-決算數,5671.0,非收支
N03,龍埔成長,111,附表三,電話費(含網路)-執行率,63.0,非收支
N03,龍埔成長,111,附表三,電話費(含網路)-決算數,28310.0,非收支
N03,龍埔成長,113,附表三,電話費（含 ADSL）-執行率,62.0,非收支
N03,龍埔成長,113,附表三,電話費（含 ADSL）-決算數,27713.0,非收支
N03,龍埔成長,112,附表三,電話費（含ADSL）-執行率,77.0,非收支
N03,龍埔成長,112,附表三,電話費（含ADSL）-決算數,34814.0,非收支
N03,龍埔成長,110,附表三,電話費（含網路）-執行率,59.0,非收支
N03,龍埔成長,110,附表三,電話費（含網路）-決算數,26726.0,非收支
N03,龍埔成長,110,附表三,電費-執行率,67.0,非收支
N03,龍埔成長,111,附表三,電費-執行率,67.0,非收支
N03,龍埔成長,112,附表三,電費-執行率,99.0,非收支
N03,龍埔成長,113,附表三,電費-執行率,110.0,非收支
N03,龍埔成長,110,附表三,電費-決算數,60735.0,非收支
N03,龍埔成長,111,附表三,電費-決算數,59969.0,非收支
N03,龍埔成長,112,附表三,電費-決算數,89534.0,非收支
N03,龍埔成長,113,附表三,電費-決算數,98630.0,非收支
N03,龍埔成長,110,附表三,餐點費-執行率,86.0,非收支
N03,龍埔成長,111,附表三,餐點費-執行率,91.0,非收支
N03,龍埔成長,112,附表三,餐點費-執行率,99.0,非收支
N03,龍埔成長,113,附表三,餐點費-執行率,93.0,非收支
N03,龍埔成長,110,附表三,餐點費-決算數,968874.0,非收支
N03,龍埔成長,111,附表三,餐點費-決算數,1028851.0,非收支
N03,龍埔成長,112,附表三,餐點費-決算數,1117637.0,非收支
N03,龍埔成長,113,附表三,餐點費-決算數,968984.0,非收支
N03,龍埔成長,112,附表二,事務機器耗材-差異率,2.0,非收支
N03,龍埔成長,113,附表二,事務機器耗材-差異率,5.0,非收支
N03,龍埔成長,112,附表二,事務機器耗材-決算數,58800.0,非收支
N03,龍埔成長,113,附表二,事務機器耗材-決算數,56769.0,非收支
N03,龍埔成長,110,附表二,五日未上課退費-差異率,,非收支
N03,龍埔成長,111,附表二,五日未上課退費-差異率,,非收支
N03,龍埔成長,110,附表二,五日未上課退費-決算數,-96073.0,非收支
N03,龍埔成長,111,附表二,五日未上課退費-決算數,-71202.0,非收支
N03,龍埔成長,110,附表二,人事費-差異率,91.0,非收支
N03,龍埔成長,111,附表二,人事費-差異率,83.0,非收支
N03,龍埔成長,112,附表二,人事費-差異率,37.0,非收支
N03,龍埔成長,112,附表二,人事費-差異率,35.0,非收支
N03,龍埔成長,113,附表二,人事費-差異率,9.0,非收支
N03,龍埔成長,113,附表二,人事費-差異率,5.0,非收支
N03,龍埔成長,110,附表二,人事費-決算數,7235004.0,非收支
N03,龍埔成長,111,附表二,人事費-決算數,6737493.0,非收支
N03,龍埔成長,112,附表二,人事費-決算數,5280926.0,非收支
N03,龍埔成長,112,附表二,人事費-決算數,4956349.0,非收支
N03,龍埔成長,113,附表二,人事費-決算數,8710840.0,非收支
N03,龍埔成長,113,附表二,人事費-決算數,8311337.0,非收支
N03,龍埔成長,110,附表二,代課費及廚工代班費-差異率,5.0,非收支
N03,龍埔成長,111,附表二,代課費及廚工代班費-差異率,53.0,非收支
N03,龍埔成長,110,附表二,代課費及廚工代班費-決算數,5074.0,非收支
N03,龍埔成長,111,附表二,代課費及廚工代班費-決算數,54215.0,非收支
N03,龍埔成長,112,附表二,保全-差異率,,非收支
N03,龍埔成長,113,附表二,保全-差異率,,非收支
N03,龍埔成長,112,附表二,保全-決算數,60000.0,非收支
N03,龍埔成長,113,附表二,保全-決算數,60000.0,非收支
N03,龍埔成長,110,附表二,保險費-差異率,100.0,非收支
N03,龍埔成長,111,附表二,保險費-差異率,93.0,非收支
N03,龍埔成長,110,附表二,保險費-決算數,11957.0,非收支
N03,龍埔成長,111,附表二,保險費-決算數,11153.0,非收支
N03,龍埔成長,112,附表二,修繕購置費-差異率,16.0,非收支
N03,龍埔成長,113,附表二,修繕購置費-差異率,9.0,非收支
N03,龍埔成長,112,附表二,修繕購置費-決算數,105781.0,非收支
N03,龍埔成長,113,附表二,修繕購置費-決算數,91690.0,非收支
N03,龍埔成長,110,附表二,健康檢查-差異率,103.0,非收支
N03,龍埔成長,111,附表二,健康檢查-差異率,61.0,非收支
N03,龍埔成長,110,附表二,健康檢查-決算數,4100.0,非收支
N03,龍埔成長,111,附表二,健康檢查-決算數,4900.0,非收支
N03,龍埔成長,110,附表二,其他收入-差異率,,非收支
N03,龍埔成長,111,附表二,其他收入-差異率,,非收支
N03,龍埔成長,110,附表二,其他收入-決算數,1675731.0,非收支
N03,龍埔成長,111,附表二,其他收入-決算數,1853498.0,非收支
N03,龍埔成長,110,附表二,利息收入-差異率,,非收支
N03,龍埔成長,111,附表二,利息收入-差異率,,非收支
N03,龍埔成長,110,附表二,利息收入-決算數,1917.0,非收支
N03,龍埔成長,111,附表二,利息收入-決算數,29028.0,非收支
N03,龍埔成長,110,附表二,加班費-差異率,32.0,非收支
N03,龍埔成長,111,附表二,加班費-差異率,33.0,非收支
N03,龍埔成長,112,附表二,加班費-差異率,57.0,非收支
N03,龍埔成長,113,附表二,加班費-差異率,52.0,非收支
N03,龍埔成長,110,附表二,加班費-決算數,196409.0,非收支
N03,龍埔成長,111,附表二,加班費-決算數,206210.0,非收支
N03,龍埔成長,112,附表二,加班費-決算數,276835.0,非收支
N03,龍埔成長,113,附表二,加班費-決算數,346009.0,非收支
N03,龍埔成長,110,附表二,勞、健保費-差異率,103.0,非收支
N03,龍埔成長,111,附表二,勞、健保費-差異率,91.0,非收支
N03,龍埔成長,110,附表二,勞、健保費-決算數,714734.0,非收支
N03,龍埔成長,111,附表二,勞、健保費-決算數,646035.0,非收支
N03,龍埔成長,110,附表二,勞退金提撥-差異率,96.0,非收支
N03,龍埔成長,111,附表二,勞退金提撥-差異率,90.0,非收支
N03,龍埔成長,110,附表二,勞退金提撥-決算數,324815.0,非收支
N03,龍埔成長,111,附表二,勞退金提撥-決算數,307703.0,非收支
N03,龍埔成長,112,附表二,合計-差異率,30.0,非收支
N03,龍埔成長,113,附表二,合計-差異率,9.0,非收支
N03,龍埔成長,112,附表二,合計-決算數,7447788.0,非收支
N03,龍埔成長,113,附表二,合計-決算數,10770720.0,非收支
N03,龍埔成長,112,附表二,園務特支-差異率,2.0,非收支
N03,龍埔成長,113,附表二,園務特支-差異率,1.0,非收支
N03,龍埔成長,112,附表二,園務特支-決算數,38336.0,非收支
N03,龍埔成長,113,附表二,園務特支-決算數,38552.0,非收支
N03,龍埔成長,110,附表二,園長及教保服務人員薪資(含職務加給)-差異率,96.0,非收支
N03,龍埔成長,111,附表二,園長及教保服務人員薪資(含職務加給)-差異率,83.0,非收支
N03,龍埔成長,110,附表二,園長及教保服務人員薪資(含職務加給)-決算數,4250308.0,非收支
N03,龍埔成長,111,附表二,園長及教保服務人員薪資(含職務加給)-決算數,3755052.0,非收支
N03,龍埔成長,110,附表二,學前特教師、社工人員、護理人員薪資-差異率,100.0,非收支
N03,龍埔成長,111,附表二,學前特教師、社工人員、護理人員薪資-差異率,99.0,非收支
N03,龍埔成長,110,附表二,學前特教師、社工人員、護理人員薪資-決算數,538862.0,非收支
N03,龍埔成長,111,附表二,學前特教師、社工人員、護理人員薪資-決算數,546686.0,非收支
N03,龍埔成長,112,附表二,差旅費-差異率,,非收支
N03,龍埔成長,113,附表二,差旅費-差異率,,非收支
N03,龍埔成長,112,附表二,差旅費-決算數,,非收支
N03,龍埔成長,113,附表二,差旅費-決算數,,非收支
N03,龍埔成長,111,附表二,延後托育入退費-差異率,,非收支
N03,龍埔成長,111,附表二,延後托育入退費-決算數,-6600.0,非收支
N03,龍埔成長,110,附表二,延後托育收入-差異率,,非收支
N03,龍埔成長,111,附表二,延後托育收入-差異率,,非收支
N03,龍埔成長,110,附表二,延後托育收入-決算數,336190.0,非收支
N03,龍埔成長,111,附表二,延後托育收入-決算數,348990.0,非收支
N03,龍埔成長,110,附表二,延後托育收入淨額-差異率,,非收支
N03,龍埔成長,110,附表二,延後托育收入淨額-差異率,,非收支
N03,龍埔成長,111,附表二,延後托育收入淨額-差異率,,非收支
N03,龍埔成長,111,附表二,延後托育收入淨額-差異率,,非收支
N03,龍埔成長,110,附表二,延後托育收入淨額-決算數,289925.0,非收支
N03,龍埔成長,110,附表二,延後托育收入淨額-決算數,289925.0,非收支
N03,龍埔成長,111,附表二,延後托育收入淨額-決算數,342390.0,非收支
N03,龍埔成長,111,附表二,延後托育收入淨額-決算數,342390.0,非收支
N03,龍埔成長,110,附表二,延後托育收入退費-差異率,,非收支
N03,龍埔成長,110,附表二,延後托育收入退費-決算數,-46265.0,非收支
N03,龍埔成長,112,附表二,攝影照片-差異率,45.0,非收支
N03,龍埔成長,113,附表二,攝影照片-差異率,44.0,非收支
N03,龍埔成長,112,附表二,攝影照片-決算數,4993.0,非收支
N03,龍埔成長,113,附表二,攝影照片-決算數,5000.0,非收支
N03,龍埔成長,110,附表二,支出-差異率,108.0,非收支
N03,龍埔成長,111,附表二,支出-差異率,113.0,非收支
N03,龍埔成長,110,附表二,支出-決算數,11188278.0,非收支
N03,龍埔成長,111,附表二,支出-決算數,11864854.0,非收支
N03,龍埔成長,110,附表二,收入-差異率,115.0,非收支
N03,龍埔成長,111,附表二,收入-差異率,117.0,非收支
N03,龍埔成長,110,附表二,收入-決算數,11955951.0,非收支
N03,龍埔成長,111,附表二,收入-決算數,12215954.0,非收支
N03,龍埔成長,110,附表二,政府學費差額補助退費-差異率,,非收支
N03,龍埔成長,111,附表二,政府學費差額補助退費-差異率,,非收支
N03,龍埔成長,110,附表二,政府學費差額補助退費-決算數,,非收支
N03,龍埔成長,111,附表二,政府學費差額補助退費-決算數,-14670.0,非收支
N03,龍埔成長,112,附表二,教保材料費-差異率,22.0,非收支
N03,龍埔成長,113,附表二,教保材料費-差異率,3.0,非收支
N03,龍埔成長,112,附表二,教保材料費-決算數,168656.0,非收支
N03,龍埔成長,113,附表二,教保材料費-決算數,166801.0,非收支
N03,龍埔成長,110,附表二,教保費收入(家長繳費)-差異率,79.0,非收支
N03,龍埔成長,111,附表二,教保費收入(家長繳費)-差異率,66.0,非收支
N03,龍埔成長,110,附表二,教保費收入(家長繳費)-決算數,2140982.0,非收支
N03,龍埔成長,111,附表二,教保費收入(家長繳費)-決算數,1423575.0,非收支
N03,龍埔成長,110,附表二,教保費收入(政府學費差額補助)-差異率,103.0,非收支
N03,龍埔成長,111,附表二,教保費收入(政府學費差額補助)-差異率,105.0,非收支
N03,龍埔成長,110,附表二,教保費收入(政府學費差額補助)-決算數,7953219.0,非收支
N03,龍埔成長,111,附表二,教保費收入(政府學費差額補助)-決算數,8657790.0,非收支
N03,龍埔成長,110,附表二,教保費收入-差異率,97.0,非收支
N03,龍埔成長,111,附表二,教保費收入-差異率,97.0,非收支
N03,龍埔成長,110,附表二,教保費收入-決算數,10094201.0,非收支
N03,龍埔成長,111,附表二,教保費收入-決算數,10081365.0,非收支
N03,龍埔成長,110,附表二,教保費收入淨額-差異率,96.0,非收支
N03,龍埔成長,111,附表二,教保費收入淨額-差異率,96.0,非收支
N03,龍埔成長,110,附表二,教保費收入淨額-決算數,9988378.0,非收支
N03,龍埔成長,111,附表二,教保費收入淨額-決算數,9991038.0,非收支
N03,龍埔成長,110,附表二,教保費收入減項-差異率,,非收支
N03,龍埔成長,111,附表二,教保費收入減項-差異率,,非收支
N03,龍埔成長,110,附表二,教保費收入減項-決算數,-105823.0,非收支
N03,龍埔成長,111,附表二,教保費收入減項-決算數,-90327.0,非收支
N03,龍埔成長,112,附表二,文宣費（一般文宣）-差異率,78.0,非收支
N03,龍埔成長,113,附表二,文宣費（一般文宣）-差異率,17.0,非收支
N03,龍埔成長,112,附表二,文宣費（一般文宣）-決算數,2195.0,非收支
N03,龍埔成長,113,附表二,文宣費（一般文宣）-決算數,8317.0,非收支
N03,龍埔成長,112,附表二,文宣費（園刊）-差異率,35.0,非收支
N03,龍埔成長,113,附表二,文宣費（園刊）-差異率,65.0,非收支
N03,龍埔成長,112,附表二,文宣費（園刊）-決算數,17790.0,非收支
N03,龍埔成長,113,附表二,文宣費（園刊）-決算數,9722.0,非收支
N03,龍埔成長,112,附表二,日常消耗用品-差異率,7.0,非收支
N03,龍埔成長,113,附表二,日常消耗用品-差異率,1.0,非收支
N03,龍埔成長,112,附表二,日常消耗用品-決算數,57773.0,非收支
N03,龍埔成長,113,附表二,日常消耗用品-決算數,42561.0,非收支
N03,龍埔成長,110,附表二,會計、總務、廚工、清潔薪資-差異率,95.0,非收支
N03,龍埔成長,111,附表二,會計、總務、廚工、清潔薪資-差異率,95.0,非收支
N03,龍埔成長,110,附表二,會計、總務、廚工、清潔薪資-決算數,1131063.0,非收支
N03,龍埔成長,111,附表二,會計、總務、廚工、清潔薪資-決算數,1146827.0,非收支
N03,龍埔成長,112,附表二,材料費-差異率,4.0,非收支
N03,龍埔成長,113,附表二,材料費-差異率,6.0,非收支
N03,龍埔成長,112,附表二,材料費-決算數,1350447.0,非收支
N03,龍埔成長,113,附表二,材料費-決算數,1183148.0,非收支
N03,龍埔成長,110,附表二,業務費-差異率,73.0,非收支
N03,龍埔成長,111,附表二,業務費-差異率,75.0,非收支
N03,龍埔成長,112,附表二,業務費-差異率,15.0,非收支
N03,龍埔成長,113,附表二,業務費-差異率,11.0,非收支
N03,龍埔成長,110,附表二,業務費-決算數,413394.0,非收支
N03,龍埔成長,111,附表二,業務費-決算數,419663.0,非收支
N03,龍埔成長,112,附表二,業務費-決算數,480975.0,非收支
N03,龍埔成長,113,附表二,業務費-決算數,498463.0,非收支
N03,龍埔成長,112,附表二,水費-差異率,1.0,非收支
N03,龍埔成長,113,附表二,水費-差異率,57.0,非收支
N03,龍埔成長,112,附表二,水費-決算數,25726.0,非收支
N03,龍埔成長,113,附表二,水費-決算數,40857.0,非收支
N03,龍埔成長,110,附表二,活動費-差異率,88.0,非收支
N03,龍埔成長,111,附表二,活動費-差異率,99.0,非收支
N03,龍埔成長,112,附表二,活動費-差異率,3.0,非收支
N03,龍埔成長,113,附表二,活動費-差異率,1.0,非收支
N03,龍埔成長,110,附表二,活動費-決算數,83657.0,非收支
N03,龍埔成長,111,附表二,活動費-決算數,93741.0,非收支
N03,龍埔成長,112,附表二,活動費-決算數,91946.0,非收支
N03,龍埔成長,113,附表二,活動費-決算數,94200.0,非收支
N03,龍埔成長,112,附表二,瓦斯費-差異率,42.0,非收支
N03,龍埔成長,113,附表二,瓦斯費-差異率,39.0,非收支
N03,龍埔成長,112,附表二,瓦斯費-決算數,18676.0,非收支
N03,龍埔成長,113,附表二,瓦斯費-決算數,19659.0,非收支
N03,龍埔成長,111,附表二,研習、進修-差異率,95.0,非收支
N03,龍埔成長,112,附表二,研習、進修-差異率,,非收支
N03,龍埔成長,113,附表二,研習、進修-差異率,1.0,非收支
N03,龍埔成長,111,附表二,研習、進修-決算數,22700.0,非收支
N03,龍埔成長,112,附表二,研習、進修-決算數,24000.0,非收支
N03,龍埔成長,113,附表二,研習、進修-決算數,23666.0,非收支
N03,龍埔成長,112,附表二,維護費-差異率,10.0,非收支
N03,龍埔成長,113,附表二,維護費-差異率,16.0,非收支
N03,龍埔成長,112,附表二,維護費-決算數,105827.0,非收支
N03,龍埔成長,113,附表二,維護費-決算數,98854.0,非收支
N03,龍埔成長,110,附表二,自強活動-差異率,100.0,非收支
N03,龍埔成長,111,附表二,自強活動-差異率,100.0,非收支
N03,龍埔成長,110,附表二,自強活動-決算數,12000.0,非收支
N03,龍埔成長,111,附表二,自強活動-決算數,12000.0,非收支
N03,龍埔成長,112,附表二,藥品費-差異率,1.0,非收支
N03,龍埔成長,113,附表二,藥品費-差異率,5.0,非收支
N03,龍埔成長,112,附表二,藥品費-決算數,6381.0,非收支
N03,龍埔成長,113,附表二,藥品費-決算數,4802.0,非收支
N03,龍埔成長,112,附表二,行政管理費-差異率,,非收支
N03,龍埔成長,113,附表二,行政管理費-差異率,,非收支
N03,龍埔成長,112,附表二,行政管理費-決算數,117840.0,非收支
N03,龍埔成長,113,附表二,行政管理費-決算數,182054.0,非收支
N03,龍埔成長,110,附表二,資遣費-差異率,100.0,非收支
N03,龍埔成長,111,附表二,資遣費-差異率,100.0,非收支
N03,龍埔成長,112,附表二,資遣費-差異率,,非收支
N03,龍埔成長,113,附表二,資遣費-差異率,,非收支
N03,龍埔成長,110,附表二,資遣費-決算數,45682.0,非收支
N03,龍埔成長,111,附表二,資遣費-決算數,46712.0,非收支
N03,龍埔成長,112,附表二,資遣費-決算數,47742.0,非收支
N03,龍埔成長,113,附表二,資遣費-決算數,53494.0,非收支
N03,龍埔成長,110,附表二,轉學/轉出退費-差異率,,非收支
N03,龍埔成長,111,附表二,轉學/轉出退費-差異率,,非收支
N03,龍埔成長,110,附表二,轉學/轉出退費-決算數,-9750.0,非收支
N03,龍埔成長,111,附表二,轉學/轉出退費-決算數,-4455.0,非收支
N03,龍埔成長,112,附表二,辦公文具-差異率,38.0,非收支
N03,龍埔成長,113,附表二,辦公文具-差異率,27.0,非收支
N03,龍埔成長,112,附表二,辦公文具-決算數,11142.0,非收支
N03,龍埔成長,113,附表二,辦公文具-決算數,13052.0,非收支
N03,龍埔成長,112,附表二,郵資-差異率,58.0,非收支
N03,龍埔成長,113,附表二,郵資-差異率,68.0,非收支
N03,龍埔成長,112,附表二,郵資-決算數,3023.0,非收支
N03,龍埔成長,113,附表二,郵資-決算數,2326.0,非收支
N03,龍埔成長,112,附表二,雜支-差異率,82.0,非收支
N03,龍埔成長,113,附表二,雜支-差異率,83.0,非收支
N03,龍埔成長,112,附表二,雜支-決算數,5992.0,非收支
N03,龍埔成長,113,附表二,雜支-決算數,5671.0,非收支
N03,龍埔成長,113,附表二,電話費（含 ADSL）-差異率,38.0,非收支
N03,龍埔成長,113,附表二,電話費（含 ADSL）-決算數,27713.0,非收支
N03,龍埔成長,112,附表二,電話費（含ADSL）-差異率,23.0,非收支
N03,龍埔成長,112,附表二,電話費（含ADSL）-決算數,34814.0,非收支
N03,龍埔成長,112,附表二,電費-差異率,1.0,非收支
N03,龍埔成長,113,附表二,電費-差異率,10.0,非收支
N03,龍埔成長,112,附表二,電費-決算數,89534.0,非收支
N03,龍埔成長,113,附表二,電費-決算數,98630.0,非收支
N03,龍埔成長,112,附表二,餐點費-差異率,1.0,非收支
N03,龍埔成長,113,附表二,餐點費-差異率,7.0,非收支
N03,龍埔成長,112,附表二,餐點費-決算數,1117637.0,非收支
N03,龍埔成長,113,附表二,餐點費-決算數,968984.0,非收支
N03,龍埔成長,110,附表四,帳面價值總額,41818.0,非收支
N03,龍埔成長,111,附表四,帳面價值總額,47861.0,非收支
N03,龍埔成長,112,附表四,帳面價值總額,112515.0,非收支
N03,龍埔成長,113,附表四,帳面價值總額,144960.0,非收支
N03,龍埔成長,110,附表四,財產筆數,38.0,非收支
N03,龍埔成長,111,附表四,財產筆數,45.0,非收支
N03,龍埔成長,112,附表四,財產筆數,79.0,非收支
N03,龍埔成長,113,附表四,財產筆數,85.0,非收支
N04,海工,109,收支餘絀表,人事費,3719957.0,收支
N04,海工,110,收支餘絀表,人事費,3798440.0,收支
N04,海工,111,收支餘絀表,人事費,4018956.0,收支
N04,海工,112,收支餘絀表,人事費,2899218.0,收支
N04,海工,113,收支餘絀表,人事費,5682706.0,收支
N04,海工,109,收支餘絀表,修繕購置費,177849.0,收支
N04,海工,110,收支餘絀表,修繕購置費,195741.0,收支
N04,海工,111,收支餘絀表,修繕購置費,166999.0,收支
N04,海工,112,收支餘絀表,修繕購置費,143845.0,收支
N04,海工,113,收支餘絀表,修繕購置費,67200.0,收支
N04,海工,109,收支餘絀表,其他支出,174027.0,收支
N04,海工,110,收支餘絀表,其他支出,765804.0,收支
N04,海工,111,收支餘絀表,其他支出,1219083.0,收支
N04,海工,112,收支餘絀表,其他支出,2593336.0,收支
N04,海工,113,收支餘絀表,其他支出,,收支
N04,海工,109,收支餘絀表,其他收入,174050.0,收支
N04,海工,110,收支餘絀表,其他收入,765804.0,收支
N04,海工,111,收支餘絀表,其他收入,1219083.0,收支
N04,海工,112,收支餘絀表,其他收入,2593336.0,收支
N04,海工,113,收支餘絀表,其他收入,,收支
N04,海工,109,收支餘絀表,利息收入,8006.0,收支
N04,海工,110,收支餘絀表,利息收入,11066.0,收支
N04,海工,111,收支餘絀表,利息收入,32860.0,收支
N04,海工,112,收支餘絀表,利息收入,55146.0,收支
N04,海工,113,收支餘絀表,利息收入,,收支
N04,海工,109,收支餘絀表,延後托育支出,108304.0,收支
N04,海工,110,收支餘絀表,延後托育支出,209704.0,收支
N04,海工,111,收支餘絀表,延後托育支出,180909.0,收支
N04,海工,109,收支餘絀表,延後托育收入淨額,178409.0,收支
N04,海工,110,收支餘絀表,延後托育收入淨額,223200.0,收支
N04,海工,111,收支餘絀表,延後托育收入淨額,332867.0,收支
N04,海工,112,收支餘絀表,延長照顧服務支出,159722.0,收支
N04,海工,113,收支餘絀表,延長照顧服務支出,,收支
N04,海工,112,收支餘絀表,延長照顧服務收入淨額,218400.0,收支
N04,海工,113,收支餘絀表,延長照顧服務收入淨額,,收支
N04,海工,109,收支餘絀表,所得稅費用,63106.0,收支
N04,海工,110,收支餘絀表,所得稅費用,,收支
N04,海工,111,收支餘絀表,所得稅費用,,收支
N04,海工,112,收支餘絀表,所得稅費用,,收支
N04,海工,113,收支餘絀表,所得稅費用,,收支
N04,海工,109,收支餘絀表,支出合計,5983467.0,收支
N04,海工,110,收支餘絀表,支出合計,6790138.0,收支
N04,海工,111,收支餘絀表,支出合計,7679993.0,收支
N04,海工,112,收支餘絀表,支出合計,8709004.0,收支
N04,海工,113,收支餘絀表,支出合計,7398682.0,收支
N04,海工,109,收支餘絀表,收入合計,6198132.0,收支
N04,海工,110,收支餘絀表,收入合計,7163219.0,收支
N04,海工,111,收支餘絀表,收入合計,7765295.0,收支
N04,海工,112,收支餘絀表,收入合計,9031229.0,收支
N04,海工,113,收支餘絀表,收入合計,7394688.0,收支
N04,海工,109,收支餘絀表,教保費收入,6228326.0,收支
N04,海工,110,收支餘絀表,教保費收入,6210921.0,收支
N04,海工,111,收支餘絀表,教保費收入,6214320.0,收支
N04,海工,112,收支餘絀表,教保費收入,6202211.0,收支
N04,海工,113,收支餘絀表,教保費收入,7394688.0,收支
N04,海工,109,收支餘絀表,教保費收入減項,-390659.0,收支
N04,海工,110,收支餘絀表,教保費收入減項,-47772.0,收支
N04,海工,111,收支餘絀表,教保費收入減項,-33835.0,收支
N04,海工,112,收支餘絀表,教保費收入減項,-37864.0,收支
N04,海工,113,收支餘絀表,教保費收入減項,,收支
N04,海工,109,收支餘絀表,本期稅前餘絀,214665.0,收支
N04,海工,110,收支餘絀表,本期稅前餘絀,373081.0,收支
N04,海工,111,收支餘絀表,本期稅前餘絀,85302.0,收支
N04,海工,112,收支餘絀表,本期稅前餘絀,322225.0,收支
N04,海工,113,收支餘絀表,本期稅前餘絀,-3994.0,收支
N04,海工,109,收支餘絀表,本期稅後餘絀,151559.0,收支
N04,海工,110,收支餘絀表,本期稅後餘絀,373081.0,收支
N04,海工,111,收支餘絀表,本期稅後餘絀,85302.0,收支
N04,海工,112,收支餘絀表,本期稅後餘絀,322225.0,收支
N04,海工,113,收支餘絀表,本期稅後餘絀,,收支
N04,海工,109,收支餘絀表,材料費,834652.0,收支
N04,海工,110,收支餘絀表,材料費,956833.0,收支
N04,海工,111,收支餘絀表,材料費,1040430.0,收支
N04,海工,112,收支餘絀表,材料費,1098507.0,收支
N04,海工,113,收支餘絀表,材料費,838560.0,收支
N04,海工,109,收支餘絀表,業務發展費,448000.0,收支
N04,海工,110,收支餘絀表,業務發展費,336000.0,收支
N04,海工,111,收支餘絀表,業務發展費,480000.0,收支
N04,海工,112,收支餘絀表,業務發展費,1300000.0,收支
N04,海工,113,收支餘絀表,業務發展費,,收支
N04,海工,109,收支餘絀表,業務費,318596.0,收支
N04,海工,110,收支餘絀表,業務費,356834.0,收支
N04,海工,111,收支餘絀表,業務費,375935.0,收支
N04,海工,112,收支餘絀表,業務費,384913.0,收支
N04,海工,113,收支餘絀表,業務費,546000.0,收支
N04,海工,109,收支餘絀表,維護費,100460.0,收支
N04,海工,110,收支餘絀表,維護費,70282.0,收支
N04,海工,111,收支餘絀表,維護費,85436.0,收支
N04,海工,112,收支餘絀表,維護費,33078.0,收支
N04,海工,113,收支餘絀表,維護費,93000.0,收支
N04,海工,109,收支餘絀表,行政管理費,90012.0,收支
N04,海工,110,收支餘絀表,行政管理費,90012.0,收支
N04,海工,111,收支餘絀表,行政管理費,90012.0,收支
N04,海工,112,收支餘絀表,行政管理費,90012.0,收支
N04,海工,113,收支餘絀表,行政管理費,138456.0,收支
N04,海工,109,收支餘絀表,雜支,11610.0,收支
N04,海工,110,收支餘絀表,雜支,10488.0,收支
N04,海工,111,收支餘絀表,雜支,22233.0,收支
N04,海工,112,收支餘絀表,雜支,6373.0,收支
N04,海工,113,收支餘絀表,雜支,32760.0,收支
N04,海工,110,現金流量表,其他應付款,22885.0,非收支
N04,海工,111,現金流量表,其他應付款,-46031.0,非收支
N04,海工,112,現金流量表,其他應付款,96520.0,非收支
N04,海工,113,現金流量表,其他應付款,419463.0,非收支
N04,海工,113,現金流量表,其他應收款,-9269.0,非收支
N04,海工,110,現金流量表,其他流動負債,3021.0,非收支
N04,海工,111,現金流量表,其他流動負債,-11099.0,非收支
N04,海工,112,現金流量表,其他流動負債,12727.0,非收支
N04,海工,113,現金流量表,其他流動負債,-13904.0,非收支
N04,海工,110,現金流量表,應付帳款,49110.0,非收支
N04,海工,111,現金流量表,應付帳款,64412.0,非收支
N04,海工,112,現金流量表,應付帳款,-125922.0,非收支
N04,海工,113,現金流量表,應付帳款,,非收支
N04,海工,110,現金流量表,應收帳款淨額,221460.0,非收支
N04,海工,111,現金流量表,應收帳款淨額,-33583.0,非收支
N04,海工,113,現金流量表,應收帳款淨額,,非收支
N04,海工,110,現金流量表,投資活動之淨現金流入,,非收支
N04,海工,111,現金流量表,投資活動之淨現金流入,,非收支
N04,海工,113,現金流量表,投資活動之淨現金流入,,非收支
N04,海工,110,現金流量表,投資活動之現金流量：,,非收支
N04,海工,111,現金流量表,投資活動之現金流量：,,非收支
N04,海工,113,現金流量表,投資活動之現金流量：,,非收支
N04,海工,112,現金流量表,"投資活動之現金流量：
投資活動之淨現金流入",,非收支
N04,海工,110,現金流量表,期初現金及約當現金餘額,1803908.0,非收支
N04,海工,111,現金流量表,期初現金及約當現金餘額,2575148.0,非收支
N04,海工,112,現金流量表,期初現金及約當現金餘額,2706430.0,非收支
N04,海工,113,現金流量表,期初現金及約當現金餘額,3226040.0,非收支
N04,海工,110,現金流量表,期末現金及約當現金餘額,2575148.0,非收支
N04,海工,111,現金流量表,期末現金及約當現金餘額,2706430.0,非收支
N04,海工,112,現金流量表,期末現金及約當現金餘額,3226040.0,非收支
N04,海工,113,現金流量表,期末現金及約當現金餘額,3294879.0,非收支
N04,海工,110,現金流量表,本期支付所得稅,,非收支
N04,海工,111,現金流量表,本期現金及約當現金增加數,131282.0,非收支
N04,海工,112,現金流量表,本期現金及約當現金增加數,519610.0,非收支
N04,海工,113,現金流量表,本期現金及約當現金增加數,68839.0,非收支
N04,海工,110,現金流量表,本期現金及約當現金增加（減少）數,771240.0,非收支
N04,海工,110,現金流量表,本期稅前餘絀,373081.0,非收支
N04,海工,111,現金流量表,本期稅前餘絀,85302.0,非收支
N04,海工,113,現金流量表,本期稅前餘絀,,非收支
N04,海工,110,現金流量表,業務發展準備淨變動,,非收支
N04,海工,111,現金流量表,營業活動之淨現金流入,131282.0,非收支
N04,海工,112,現金流量表,營業活動之淨現金流入,519610.0,非收支
N04,海工,113,現金流量表,營業活動之淨現金流入,68839.0,非收支
N04,海工,110,現金流量表,營業活動之淨現金流入（出）,771240.0,非收支
N04,海工,110,現金流量表,營業活動之現金流量：,,非收支
N04,海工,111,現金流量表,營業活動之現金流量：,,非收支
N04,海工,113,現金流量表,營業活動之現金流量：,,非收支
N04,海工,112,現金流量表,"營業活動之現金流量：
本期稅前餘絀",322225.0,非收支
N04,海工,110,現金流量表,營運產生之現金,771240.0,非收支
N04,海工,110,現金流量表,籌資活動之淨現金流入,,非收支
N04,海工,111,現金流量表,籌資活動之淨現金流入,,非收支
N04,海工,113,現金流量表,籌資活動之淨現金流入,,非收支
N04,海工,110,現金流量表,籌資活動之現金流量：,,非收支
N04,海工,111,現金流量表,籌資活動之現金流量：,,非收支
N04,海工,113,現金流量表,籌資活動之現金流量：,,非收支
N04,海工,112,現金流量表,"籌資活動之現金流量：
籌資活動之淨現金流入",,非收支
N04,海工,110,現金流量表,調整項目：,,非收支
N04,海工,111,現金流量表,調整項目：,,非收支
N04,海工,113,現金流量表,調整項目：,,非收支
N04,海工,112,現金流量表,"調整項目：
資產/負債淨變動數
應收帳款淨額",51583.0,非收支
N04,海工,111,現金流量表,資產/負債淨變動數,,非收支
N04,海工,113,現金流量表,資產/負債淨變動數,,非收支
N04,海工,110,現金流量表,資產／負債淨變動數,,非收支
N04,海工,110,現金流量表,資遣費準備淨變動,-3317.0,非收支
N04,海工,111,現金流量表,資遣費準備淨變動,,非收支
N04,海工,112,現金流量表,預付款項,-45000.0,非收支
N04,海工,113,現金流量表,預付款項,39283.0,非收支
N04,海工,110,現金流量表,預收款項,105000.0,非收支
N04,海工,111,現金流量表,預收款項,72281.0,非收支
N04,海工,112,現金流量表,預收款項,207477.0,非收支
N04,海工,113,現金流量表,預收款項,153334.0,非收支
N04,海工,110,資產負債表,代管財產,188534.0,非收支
N04,海工,111,資產負債表,代管財產,160231.0,非收支
N04,海工,112,資產負債表,代管財產,161339.0,非收支
N04,海工,113,資產負債表,代管財產,127360.0,非收支
N04,海工,110,資產負債表,其他應付款,148378.0,非收支
N04,海工,111,資產負債表,其他應付款,102347.0,非收支
N04,海工,112,資產負債表,其他應付款,198867.0,非收支
N04,海工,113,資產負債表,其他應付款,618330.0,非收支
N04,海工,113,資產負債表,其他應收款,9269.0,非收支
N04,海工,110,資產負債表,其他流動負債,12276.0,非收支
N04,海工,111,資產負債表,其他流動負債,1177.0,非收支
N04,海工,112,資產負債表,其他流動負債,13904.0,非收支
N04,海工,113,資產負債表,其他流動負債,,非收支
N04,海工,110,資產負債表,應付代管財產,188534.0,非收支
N04,海工,111,資產負債表,應付代管財產,160231.0,非收支
N04,海工,112,資產負債表,應付代管財產,161339.0,非收支
N04,海工,113,資產負債表,應付代管財產,127360.0,非收支
N04,海工,110,資產負債表,應付帳款,61510.0,非收支
N04,海工,111,資產負債表,應付帳款,125922.0,非收支
N04,海工,112,資產負債表,應付帳款,,非收支
N04,海工,110,資產負債表,應付購置財產,316183.0,非收支
N04,海工,111,資產負債表,應付購置財產,316183.0,非收支
N04,海工,112,資產負債表,應付購置財產,337703.0,非收支
N04,海工,113,資產負債表,應付購置財產,372503.0,非收支
N04,海工,110,資產負債表,應收帳款淨額,18000.0,非收支
N04,海工,111,資產負債表,應收帳款淨額,51583.0,非收支
N04,海工,112,資產負債表,應收帳款淨額,,非收支
N04,海工,110,資產負債表,本期餘絀,373081.0,非收支
N04,海工,111,資產負債表,本期餘絀,85302.0,非收支
N04,海工,112,資產負債表,本期餘絀,322225.0,非收支
N04,海工,113,資產負債表,本期餘絀,-520068.0,非收支
N04,海工,111,資產負債表,業務發展準備,2554000.0,非收支
N04,海工,113,資產負債表,業務發展準備,5024000.0,非收支
N04,海工,110,資產負債表,業務發展準備金,2074000.0,非收支
N04,海工,110,資產負債表,業務發展準備金,2074000.0,非收支
N04,海工,111,資產負債表,業務發展準備金,2554000.0,非收支
N04,海工,112,資產負債表,業務發展準備金,3854000.0,非收支
N04,海工,112,資產負債表,業務發展準備金,3854000.0,非收支
N04,海工,113,資產負債表,業務發展準備金,5024000.0,非收支
N04,海工,110,資產負債表,流動負債合計,1430744.0,非收支
N04,海工,111,資產負債表,流動負債合計,1510307.0,非收支
N04,海工,112,資產負債表,流動負債合計,1701109.0,非收支
N04,海工,113,資產負債表,流動負債合計,2260002.0,非收支
N04,海工,110,資產負債表,流動資產合計,2593148.0,非收支
N04,海工,111,資產負債表,流動資產合計,2758013.0,非收支
N04,海工,112,資產負債表,流動資產合計,3271040.0,非收支
N04,海工,113,資產負債表,流動資產合計,3309865.0,非收支
N04,海工,110,資產負債表,現金及銀行存款,2575148.0,非收支
N04,海工,111,資產負債表,現金及銀行存款,2706430.0,非收支
N04,海工,112,資產負債表,現金及銀行存款,3226040.0,非收支
N04,海工,113,資產負債表,現金及銀行存款,3294879.0,非收支
N04,海工,110,資產負債表,累積餘絀,789323.0,非收支
N04,海工,111,資產負債表,累積餘絀,1162404.0,非收支
N04,海工,112,資產負債表,累積餘絀,1247706.0,非收支
N04,海工,113,資產負債表,累積餘絀,1569931.0,非收支
N04,海工,110,資產負債表,負債及餘絀總計,5285338.0,非收支
N04,海工,111,資產負債表,負債及餘絀總計,5928185.0,非收支
N04,海工,112,資產負債表,負債及餘絀總計,7790743.0,非收支
N04,海工,113,資產負債表,負債及餘絀總計,9032432.0,非收支
N04,海工,110,資產負債表,負債總額,4122934.0,非收支
N04,海工,111,資產負債表,負債總額,4680479.0,非收支
N04,海工,112,資產負債表,負債總額,6220812.0,非收支
N04,海工,113,資產負債表,負債總額,7982569.0,非收支
N04,海工,110,資產負債表,資產總計,5285338.0,非收支
N04,海工,111,資產負債表,資產總計,5928185.0,非收支
N04,海工,112,資產負債表,資產總計,7790743.0,非收支
N04,海工,113,資產負債表,資產總計,9032432.0,非收支
N04,海工,111,資產負債表,資遣費準備,139758.0,非收支
N04,海工,113,資產負債表,資遣費準備,198704.0,非收支
N04,海工,110,資產負債表,資遣費準備金,113473.0,非收支
N04,海工,110,資產負債表,資遣費準備金,113473.0,非收支
N04,海工,111,資產負債表,資遣費準備金,139758.0,非收支
N04,海工,112,資產負債表,資遣費準備金,166661.0,非收支
N04,海工,112,資產負債表,資遣費準備金,166661.0,非收支
N04,海工,113,資產負債表,資遣費準備金,198704.0,非收支
N04,海工,110,資產負債表,購置財產,316183.0,非收支
N04,海工,111,資產負債表,購置財產,316183.0,非收支
N04,海工,112,資產負債表,購置財產,337703.0,非收支
N04,海工,113,資產負債表,購置財產,372503.0,非收支
N04,海工,110,資產負債表,非流動負債合計,2692190.0,非收支
N04,海工,111,資產負債表,非流動負債合計,3170172.0,非收支
N04,海工,112,資產負債表,非流動負債合計,4519703.0,非收支
N04,海工,113,資產負債表,非流動負債合計,5722567.0,非收支
N04,海工,110,資產負債表,非流動資產合計,2692190.0,非收支
N04,海工,111,資產負債表,非流動資產合計,3170172.0,非收支
N04,海工,112,資產負債表,非流動資產合計,4519703.0,非收支
N04,海工,113,資產負債表,非流動資產合計,5722567.0,非收支
N04,海工,112,資產負債表,預付款項,45000.0,非收支
N04,海工,113,資產負債表,預付款項,5717.0,非收支
N04,海工,110,資產負債表,預收款項,1208580.0,非收支
N04,海工,111,資產負債表,預收款項,1280861.0,非收支
N04,海工,112,資產負債表,預收款項,1488338.0,非收支
N04,海工,113,資產負債表,預收款項,1641672.0,非收支
N04,海工,110,資產負債表,餘絀總額,1162404.0,非收支
N04,海工,111,資產負債表,餘絀總額,1247706.0,非收支
N04,海工,112,資產負債表,餘絀總額,1569931.0,非收支
N04,海工,113,資產負債表,餘絀總額,1049863.0,非收支
N04,海工,110,附表三,事務機器耗材-執行率,74.0,非收支
N04,海工,111,附表三,事務機器耗材-執行率,83.0,非收支
N04,海工,112,附表三,事務機器耗材-執行率,90.0,非收支
N04,海工,113,附表三,事務機器耗材-執行率,109.0,非收支
N04,海工,110,附表三,事務機器耗材-決算數,40827.0,非收支
N04,海工,111,附表三,事務機器耗材-決算數,45710.0,非收支
N04,海工,112,附表三,事務機器耗材-決算數,49602.0,非收支
N04,海工,113,附表三,事務機器耗材-決算數,60076.0,非收支
N04,海工,112,附表三,五日未上課退費-執行率,,非收支
N04,海工,113,附表三,五日未上課退費-執行率,,非收支
N04,海工,112,附表三,五日未上課退費-決算數,-28917.0,非收支
N04,海工,113,附表三,五日未上課退費-決算數,-13604.0,非收支
N04,海工,112,附表三,人事費-執行率,61.0,非收支
N04,海工,113,附表三,人事費-執行率,89.0,非收支
N04,海工,112,附表三,人事費-決算數,2899218.0,非收支
N04,海工,113,附表三,人事費-決算數,5072224.0,非收支
N04,海工,112,附表三,代課費及代班費-執行率,,非收支
N04,海工,113,附表三,代課費及代班費-執行率,43.0,非收支
N04,海工,112,附表三,代課費及代班費-決算數,,非收支
N04,海工,113,附表三,代課費及代班費-決算數,41768.0,非收支
N04,海工,110,附表三,保全-執行率,,非收支
N04,海工,111,附表三,保全-執行率,,非收支
N04,海工,112,附表三,保全-執行率,,非收支
N04,海工,113,附表三,保全-執行率,,非收支
N04,海工,110,附表三,保全-決算數,,非收支
N04,海工,111,附表三,保全-決算數,,非收支
N04,海工,112,附表三,保全-決算數,,非收支
N04,海工,113,附表三,保全-決算數,,非收支
N04,海工,112,附表三,保險費-執行率,92.0,非收支
N04,海工,113,附表三,保險費-執行率,16.0,非收支
N04,海工,112,附表三,保險費-決算數,6440.0,非收支
N04,海工,113,附表三,保險費-決算數,1143.0,非收支
N04,海工,112,附表三,修繕費-執行率,44.0,非收支
N04,海工,113,附表三,修繕費-執行率,46.0,非收支
N04,海工,112,附表三,修繕費-決算數,26642.0,非收支
N04,海工,113,附表三,修繕費-決算數,27410.0,非收支
N04,海工,110,附表三,修繕購置費-執行率,233.0,非收支
N04,海工,111,附表三,修繕購置費-執行率,199.0,非收支
N04,海工,112,附表三,修繕購置費-執行率,171.0,非收支
N04,海工,113,附表三,修繕購置費-執行率,348.0,非收支
N04,海工,110,附表三,修繕購置費-決算數,195741.0,非收支
N04,海工,111,附表三,修繕購置費-決算數,166999.0,非收支
N04,海工,112,附表三,修繕購置費-決算數,143845.0,非收支
N04,海工,113,附表三,修繕購置費-決算數,234047.0,非收支
N04,海工,112,附表三,健康檢查-執行率,100.0,非收支
N04,海工,113,附表三,健康檢查-執行率,100.0,非收支
N04,海工,112,附表三,健康檢查-決算數,1000.0,非收支
N04,海工,113,附表三,健康檢查-決算數,1000.0,非收支
N04,海工,110,附表三,其他支出-執行率,,非收支
N04,海工,111,附表三,其他支出-執行率,,非收支
N04,海工,112,附表三,其他支出-執行率,,非收支
N04,海工,113,附表三,其他支出-執行率,,非收支
N04,海工,110,附表三,其他支出-決算數,765804.0,非收支
N04,海工,111,附表三,其他支出-決算數,1219083.0,非收支
N04,海工,112,附表三,其他支出-決算數,2593336.0,非收支
N04,海工,113,附表三,其他支出-決算數,854260.0,非收支
N04,海工,112,附表三,其他收入-執行率,,非收支
N04,海工,113,附表三,其他收入-執行率,,非收支
N04,海工,112,附表三,其他收入-決算數,2593336.0,非收支
N04,海工,113,附表三,其他收入-決算數,854260.0,非收支
N04,海工,112,附表三,利息收入-執行率,,非收支
N04,海工,113,附表三,利息收入-執行率,,非收支
N04,海工,112,附表三,利息收入-決算數,55146.0,非收支
N04,海工,113,附表三,利息收入-決算數,41695.0,非收支
N04,海工,112,附表三,加班費-執行率,23.0,非收支
N04,海工,113,附表三,加班費-執行率,32.0,非收支
N04,海工,112,附表三,加班費-決算數,84620.0,非收支
N04,海工,113,附表三,加班費-決算數,135558.0,非收支
N04,海工,112,附表三,勞、健保費-執行率,61.0,非收支
N04,海工,113,附表三,勞、健保費-執行率,80.0,非收支
N04,海工,112,附表三,勞、健保費-決算數,265577.0,非收支
N04,海工,113,附表三,勞、健保費-決算數,469767.0,非收支
N04,海工,112,附表三,勞退金提撥-執行率,61.0,非收支
N04,海工,113,附表三,勞退金提撥-執行率,100.0,非收支
N04,海工,112,附表三,勞退金提撥-決算數,121965.0,非收支
N04,海工,113,附表三,勞退金提撥-決算數,231146.0,非收支
N04,海工,110,附表三,園務特支-執行率,100.0,非收支
N04,海工,111,附表三,園務特支-執行率,103.0,非收支
N04,海工,112,附表三,園務特支-執行率,100.0,非收支
N04,海工,113,附表三,園務特支-執行率,100.0,非收支
N04,海工,110,附表三,園務特支-決算數,35979.0,非收支
N04,海工,111,附表三,園務特支-決算數,37077.0,非收支
N04,海工,112,附表三,園務特支-決算數,35984.0,非收支
N04,海工,113,附表三,園務特支-決算數,35875.0,非收支
N04,海工,110,附表三,園舍消毒、清潔-執行率,149.0,非收支
N04,海工,111,附表三,園舍消毒、清潔-執行率,109.0,非收支
N04,海工,112,附表三,園舍消毒、清潔-執行率,20.0,非收支
N04,海工,113,附表三,園舍消毒、清潔-執行率,84.0,非收支
N04,海工,110,附表三,園舍消毒、清潔-決算數,37200.0,非收支
N04,海工,111,附表三,園舍消毒、清潔-決算數,27200.0,非收支
N04,海工,112,附表三,園舍消毒、清潔-決算數,5000.0,非收支
N04,海工,113,附表三,園舍消毒、清潔-決算數,21000.0,非收支
N04,海工,112,附表三,園長及教保服務人員薪資(含職務加給)-執行率,65.0,非收支
N04,海工,112,附表三,園長及教保服務人員薪資(含職務加給)-決算數,1811398.0,非收支
N04,海工,113,附表三,園長及教保服務人員薪資（含職務加給）-執行率,98.0,非收支
N04,海工,113,附表三,園長及教保服務人員薪資（含職務加給）-決算數,3195289.0,非收支
N04,海工,110,附表三,差旅費-執行率,,非收支
N04,海工,111,附表三,差旅費-執行率,,非收支
N04,海工,112,附表三,差旅費-執行率,,非收支
N04,海工,113,附表三,差旅費-執行率,,非收支
N04,海工,110,附表三,差旅費-決算數,,非收支
N04,海工,111,附表三,差旅費-決算數,,非收支
N04,海工,112,附表三,差旅費-決算數,,非收支
N04,海工,113,附表三,差旅費-決算數,,非收支
N04,海工,110,附表三,延後托育支出-執行率,,非收支
N04,海工,111,附表三,延後托育支出-執行率,,非收支
N04,海工,110,附表三,延後托育支出-決算數,209704.0,非收支
N04,海工,111,附表三,延後托育支出-決算數,180909.0,非收支
N04,海工,112,附表三,延長照顧服務支出-執行率,,非收支
N04,海工,113,附表三,延長照顧服務支出-執行率,,非收支
N04,海工,112,附表三,延長照顧服務支出-決算數,159722.0,非收支
N04,海工,113,附表三,延長照顧服務支出-決算數,85540.0,非收支
N04,海工,112,附表三,延長照顧服務收入-執行率,,非收支
N04,海工,113,附表三,延長照顧服務收入-執行率,,非收支
N04,海工,112,附表三,延長照顧服務收入-決算數,218400.0,非收支
N04,海工,113,附表三,延長照顧服務收入-決算數,85540.0,非收支
N04,海工,112,附表三,延長照顧服務收入淨額-執行率,,非收支
N04,海工,112,附表三,延長照顧服務收入淨額-執行率,,非收支
N04,海工,113,附表三,延長照顧服務收入淨額-執行率,,非收支
N04,海工,113,附表三,延長照顧服務收入淨額-執行率,,非收支
N04,海工,112,附表三,延長照顧服務收入淨額-決算數,218400.0,非收支
N04,海工,112,附表三,延長照顧服務收入淨額-決算數,218400.0,非收支
N04,海工,113,附表三,延長照顧服務收入淨額-決算數,85540.0,非收支
N04,海工,113,附表三,延長照顧服務收入淨額-決算數,85540.0,非收支
N04,海工,112,附表三,延長照顧服務收入退費-執行率,,非收支
N04,海工,112,附表三,延長照顧服務收入退費-決算數,,非收支
N04,海工,110,附表三,所得稅費用-執行率,,非收支
N04,海工,111,附表三,所得稅費用-執行率,,非收支
N04,海工,112,附表三,所得稅費用-執行率,,非收支
N04,海工,113,附表三,所得稅費用-執行率,,非收支
N04,海工,110,附表三,所得稅費用-決算數,,非收支
N04,海工,111,附表三,所得稅費用-決算數,,非收支
N04,海工,112,附表三,所得稅費用-決算數,,非收支
N04,海工,113,附表三,所得稅費用-決算數,,非收支
N04,海工,110,附表三,攝影照片-執行率,111.0,非收支
N04,海工,111,附表三,攝影照片-執行率,116.0,非收支
N04,海工,112,附表三,攝影照片-執行率,118.0,非收支
N04,海工,113,附表三,攝影照片-執行率,110.0,非收支
N04,海工,110,附表三,攝影照片-決算數,8892.0,非收支
N04,海工,111,附表三,攝影照片-決算數,9303.0,非收支
N04,海工,112,附表三,攝影照片-決算數,9420.0,非收支
N04,海工,113,附表三,攝影照片-決算數,8784.0,非收支
N04,海工,112,附表三,支出-執行率,133.0,非收支
N04,海工,113,附表三,支出-執行率,120.0,非收支
N04,海工,112,附表三,支出-決算數,8709004.0,非收支
N04,海工,113,附表三,支出-決算數,8871195.0,非收支
N04,海工,112,附表三,收入-執行率,141.0,非收支
N04,海工,113,附表三,收入-執行率,113.0,非收支
N04,海工,112,附表三,收入-決算數,9031229.0,非收支
N04,海工,113,附表三,收入-決算數,8351127.0,非收支
N04,海工,112,附表三,政府學費差額補助退費-執行率,,非收支
N04,海工,113,附表三,政府學費差額補助退費-執行率,,非收支
N04,海工,112,附表三,政府學費差額補助退費-決算數,-8947.0,非收支
N04,海工,113,附表三,政府學費差額補助退費-決算數,-213312.0,非收支
N04,海工,110,附表三,教保材料費-執行率,114.0,非收支
N04,海工,111,附表三,教保材料費-執行率,120.0,非收支
N04,海工,112,附表三,教保材料費-執行率,107.0,非收支
N04,海工,113,附表三,教保材料費-執行率,118.0,非收支
N04,海工,110,附表三,教保材料費-決算數,164709.0,非收支
N04,海工,111,附表三,教保材料費-決算數,172659.0,非收支
N04,海工,112,附表三,教保材料費-決算數,154696.0,非收支
N04,海工,113,附表三,教保材料費-決算數,136132.0,非收支
N04,海工,112,附表三,教保費收入-執行率,97.0,非收支
N04,海工,113,附表三,教保費收入-執行率,103.0,非收支
N04,海工,112,附表三,教保費收入-決算數,6202211.0,非收支
N04,海工,113,附表三,教保費收入-決算數,7608000.0,非收支
N04,海工,112,附表三,教保費收入淨額-執行率,96.0,非收支
N04,海工,113,附表三,教保費收入淨額-執行率,100.0,非收支
N04,海工,112,附表三,教保費收入淨額-決算數,6164347.0,非收支
N04,海工,113,附表三,教保費收入淨額-決算數,7369632.0,非收支
N04,海工,112,附表三,教保費收入減項-執行率,,非收支
N04,海工,113,附表三,教保費收入減項-執行率,,非收支
N04,海工,112,附表三,教保費收入減項-決算數,-37864.0,非收支
N04,海工,113,附表三,教保費收入減項-決算數,-238368.0,非收支
N04,海工,112,附表三,教保費收入（家長繳費）-執行率,69.0,非收支
N04,海工,113,附表三,教保費收入（家長繳費）-執行率,72.0,非收支
N04,海工,112,附表三,教保費收入（家長繳費）-決算數,990521.0,非收支
N04,海工,113,附表三,教保費收入（家長繳費）-決算數,828000.0,非收支
N04,海工,112,附表三,教保費收入（政府學費差額補助）-執行率,105.0,非收支
N04,海工,113,附表三,教保費收入（政府學費差額補助）-執行率,109.0,非收支
N04,海工,112,附表三,教保費收入（政府學費差額補助）-決算數,5211690.0,非收支
N04,海工,113,附表三,教保費收入（政府學費差額補助）-決算數,6780000.0,非收支
N04,海工,110,附表三,文宣費(一般文宣)-執行率,109.0,非收支
N04,海工,111,附表三,文宣費(一般文宣)-執行率,115.0,非收支
N04,海工,112,附表三,文宣費(一般文宣)-執行率,97.0,非收支
N04,海工,110,附表三,文宣費(一般文宣)-決算數,10900.0,非收支
N04,海工,111,附表三,文宣費(一般文宣)-決算數,11500.0,非收支
N04,海工,112,附表三,文宣費(一般文宣)-決算數,9700.0,非收支
N04,海工,110,附表三,文宣費(圖刊)-執行率,100.0,非收支
N04,海工,111,附表三,文宣費(圖刊)-執行率,100.0,非收支
N04,海工,112,附表三,文宣費(圖刊)-執行率,100.0,非收支
N04,海工,110,附表三,文宣費(圖刊)-決算數,25000.0,非收支
N04,海工,111,附表三,文宣費(圖刊)-決算數,25000.0,非收支
N04,海工,112,附表三,文宣費(圖刊)-決算數,25000.0,非收支
N04,海工,113,附表三,文宣費（一般文宣）-執行率,37.0,非收支
N04,海工,113,附表三,文宣費（一般文宣）-決算數,3690.0,非收支
N04,海工,113,附表三,文宣費（園刊）-執行率,101.0,非收支
N04,海工,113,附表三,文宣費（園刊）-決算數,25137.0,非收支
N04,海工,110,附表三,日常消耗用品-執行率,118.0,非收支
N04,海工,111,附表三,日常消耗用品-執行率,118.0,非收支
N04,海工,112,附表三,日常消耗用品-執行率,116.0,非收支
N04,海工,113,附表三,日常消耗用品-執行率,112.0,非收支
N04,海工,110,附表三,日常消耗用品-決算數,42538.0,非收支
N04,海工,111,附表三,日常消耗用品-決算數,42524.0,非收支
N04,海工,112,附表三,日常消耗用品-決算數,41911.0,非收支
N04,海工,113,附表三,日常消耗用品-決算數,32356.0,非收支
N04,海工,112,附表三,會計、總務、廚工、清潔薪資-執行率,67.0,非收支
N04,海工,113,附表三,會計、總務、廚工、清潔薪資-執行率,94.0,非收支
N04,海工,112,附表三,會計、總務、廚工、清潔薪資-決算數,574315.0,非收支
N04,海工,113,附表三,會計、總務、廚工、清潔薪資-決算數,957510.0,非收支
N04,海工,110,附表三,本期稅前餘絀-執行率,620.0,非收支
N04,海工,111,附表三,本期稅前餘絀-執行率,-155.0,非收支
N04,海工,112,附表三,本期稅前餘絀-執行率,-201.0,非收支
N04,海工,113,附表三,本期稅前餘絀-執行率,13021.0,非收支
N04,海工,110,附表三,本期稅前餘絀-決算數,373081.0,非收支
N04,海工,111,附表三,本期稅前餘絀-決算數,85302.0,非收支
N04,海工,112,附表三,本期稅前餘絀-決算數,322225.0,非收支
N04,海工,113,附表三,本期稅前餘絀-決算數,-520068.0,非收支
N04,海工,110,附表三,本期稅後餘絀-執行率,620.0,非收支
N04,海工,111,附表三,本期稅後餘絀-執行率,-155.0,非收支
N04,海工,112,附表三,本期稅後餘絀-執行率,-201.0,非收支
N04,海工,113,附表三,本期稅後餘絀-執行率,13021.0,非收支
N04,海工,110,附表三,本期稅後餘絀-決算數,373081.0,非收支
N04,海工,111,附表三,本期稅後餘絀-決算數,85302.0,非收支
N04,海工,112,附表三,本期稅後餘絀-決算數,322225.0,非收支
N04,海工,113,附表三,本期稅後餘絀-決算數,,非收支
N04,海工,110,附表三,材料費-執行率,102.0,非收支
N04,海工,111,附表三,材料費-執行率,111.0,非收支
N04,海工,112,附表三,材料費-執行率,118.0,非收支
N04,海工,113,附表三,材料費-執行率,103.0,非收支
N04,海工,110,附表三,材料費-決算數,956833.0,非收支
N04,海工,111,附表三,材料費-決算數,1040430.0,非收支
N04,海工,112,附表三,材料費-決算數,1098507.0,非收支
N04,海工,113,附表三,材料費-決算數,862438.0,非收支
N04,海工,110,附表三,業務發展費-執行率,,非收支
N04,海工,111,附表三,業務發展費-執行率,,非收支
N04,海工,112,附表三,業務發展費-執行率,,非收支
N04,海工,113,附表三,業務發展費-執行率,,非收支
N04,海工,110,附表三,業務發展費-決算數,336000.0,非收支
N04,海工,111,附表三,業務發展費-決算數,480000.0,非收支
N04,海工,112,附表三,業務發展費-決算數,1300000.0,非收支
N04,海工,113,附表三,業務發展費-決算數,1170000.0,非收支
N04,海工,112,附表三,業務費-執行率,68.0,非收支
N04,海工,113,附表三,業務費-執行率,72.0,非收支
N04,海工,112,附表三,業務費-決算數,384913.0,非收支
N04,海工,113,附表三,業務費-決算數,391984.0,非收支
N04,海工,110,附表三,水費-執行率,41.0,非收支
N04,海工,112,附表三,水費-執行率,43.0,非收支
N04,海工,113,附表三,水費-執行率,46.0,非收支
N04,海工,110,附表三,水費-決算數,8229.0,非收支
N04,海工,112,附表三,水費-決算數,8684.0,非收支
N04,海工,113,附表三,水費-決算數,9191.0,非收支
N04,海工,110,附表三,水電修繕-執行率,52.0,非收支
N04,海工,111,附表三,水電修繕-執行率,95.0,非收支
N04,海工,110,附表三,水電修繕-決算數,31487.0,非收支
N04,海工,111,附表三,水電修繕-決算數,56800.0,非收支
N04,海工,112,附表三,活動費-執行率,115.0,非收支
N04,海工,113,附表三,活動費-執行率,119.0,非收支
N04,海工,112,附表三,活動費-決算數,85890.0,非收支
N04,海工,113,附表三,活動費-決算數,89486.0,非收支
N04,海工,110,附表三,火險-執行率,20.0,非收支
N04,海工,111,附表三,火險-執行率,18.0,非收支
N04,海工,112,附表三,火險-執行率,18.0,非收支
N04,海工,113,附表三,火險-執行率,18.0,非收支
N04,海工,110,附表三,火險-決算數,1595.0,非收支
N04,海工,111,附表三,火險-決算數,1436.0,非收支
N04,海工,112,附表三,火險-決算數,1436.0,非收支
N04,海工,113,附表三,火險-決算數,1436.0,非收支
N04,海工,110,附表三,瓦斯費-執行率,107.0,非收支
N04,海工,111,附表三,瓦斯費-執行率,116.0,非收支
N04,海工,112,附表三,瓦斯費-執行率,110.0,非收支
N04,海工,113,附表三,瓦斯費-執行率,102.0,非收支
N04,海工,110,附表三,瓦斯費-決算數,32014.0,非收支
N04,海工,111,附表三,瓦斯費-決算數,34870.0,非收支
N04,海工,112,附表三,瓦斯費-決算數,33048.0,非收支
N04,海工,113,附表三,瓦斯費-決算數,30680.0,非收支
N04,海工,110,附表三,研習、進修-執行率,34.0,非收支
N04,海工,112,附表三,研習、進修-執行率,23.0,非收支
N04,海工,113,附表三,研習、進修-執行率,54.0,非收支
N04,海工,110,附表三,研習、進修-決算數,4700.0,非收支
N04,海工,112,附表三,研習、進修-決算數,3200.0,非收支
N04,海工,113,附表三,研習、進修-決算數,7600.0,非收支
N04,海工,110,附表三,維護費-執行率,76.0,非收支
N04,海工,111,附表三,維護費-執行率,92.0,非收支
N04,海工,112,附表三,維護費-執行率,36.0,非收支
N04,海工,113,附表三,維護費-執行率,54.0,非收支
N04,海工,110,附表三,維護費-決算數,70282.0,非收支
N04,海工,111,附表三,維護費-決算數,85436.0,非收支
N04,海工,112,附表三,維護費-決算數,33078.0,非收支
N04,海工,113,附表三,維護費-決算數,49846.0,非收支
N04,海工,113,附表三,腸病毒退費-執行率,,非收支
N04,海工,113,附表三,腸病毒退費-決算數,-11452.0,非收支
N04,海工,112,附表三,自強活動-執行率,100.0,非收支
N04,海工,113,附表三,自強活動-執行率,100.0,非收支
N04,海工,112,附表三,自強活動-決算數,7000.0,非收支
N04,海工,113,附表三,自強活動-決算數,7000.0,非收支
N04,海工,110,附表三,藥品費-執行率,116.0,非收支
N04,海工,111,附表三,藥品費-執行率,98.0,非收支
N04,海工,112,附表三,藥品費-執行率,102.0,非收支
N04,海工,113,附表三,藥品費-執行率,98.0,非收支
N04,海工,110,附表三,藥品費-決算數,4853.0,非收支
N04,海工,111,附表三,藥品費-決算數,4122.0,非收支
N04,海工,112,附表三,藥品費-決算數,4270.0,非收支
N04,海工,113,附表三,藥品費-決算數,3305.0,非收支
N04,海工,110,附表三,行政管理費-執行率,100.0,非收支
N04,海工,111,附表三,行政管理費-執行率,100.0,非收支
N04,海工,112,附表三,行政管理費-執行率,100.0,非收支
N04,海工,113,附表三,行政管理費-執行率,100.0,非收支
N04,海工,110,附表三,行政管理費-決算數,90012.0,非收支
N04,海工,111,附表三,行政管理費-決算數,90012.0,非收支
N04,海工,112,附表三,行政管理費-決算數,90012.0,非收支
N04,海工,113,附表三,行政管理費-決算數,138456.0,非收支
N04,海工,112,附表三,資遣費-執行率,100.0,非收支
N04,海工,113,附表三,資遣費-執行率,100.0,非收支
N04,海工,112,附表三,資遣費-決算數,26903.0,非收支
N04,海工,113,附表三,資遣費-決算數,32043.0,非收支
N04,海工,112,附表三,轉學/轉出退費-執行率,,非收支
N04,海工,112,附表三,轉學/轉出退費-決算數,,非收支
N04,海工,110,附表三,辦公文具-執行率,111.0,非收支
N04,海工,111,附表三,辦公文具-執行率,114.0,非收支
N04,海工,112,附表三,辦公文具-執行率,103.0,非收支
N04,海工,113,附表三,辦公文具-執行率,106.0,非收支
N04,海工,110,附表三,辦公文具-決算數,13298.0,非收支
N04,海工,111,附表三,辦公文具-決算數,13684.0,非收支
N04,海工,112,附表三,辦公文具-決算數,12340.0,非收支
N04,海工,113,附表三,辦公文具-決算數,12709.0,非收支
N04,海工,110,附表三,郵資-執行率,36.0,非收支
N04,海工,111,附表三,郵資-執行率,60.0,非收支
N04,海工,112,附表三,郵資-執行率,69.0,非收支
N04,海工,113,附表三,郵資-執行率,57.0,非收支
N04,海工,110,附表三,郵資-決算數,2165.0,非收支
N04,海工,111,附表三,郵資-決算數,3591.0,非收支
N04,海工,112,附表三,郵資-決算數,4154.0,非收支
N04,海工,113,附表三,郵資-決算數,3429.0,非收支
N04,海工,110,附表三,雜支-執行率,31.0,非收支
N04,海工,111,附表三,雜支-執行率,65.0,非收支
N04,海工,112,附表三,雜支-執行率,19.0,非收支
N04,海工,113,附表三,雜支-執行率,38.0,非收支
N04,海工,110,附表三,雜支-決算數,10488.0,非收支
N04,海工,111,附表三,雜支-決算數,22233.0,非收支
N04,海工,112,附表三,雜支-決算數,6373.0,非收支
N04,海工,113,附表三,雜支-決算數,12400.0,非收支
N04,海工,112,附表三,電話費(含ADSL)-執行率,50.0,非收支
N04,海工,112,附表三,電話費(含ADSL)-決算數,18115.0,非收支
N04,海工,110,附表三,電話費(含網路)-執行率,65.0,非收支
N04,海工,111,附表三,電話費(含網路)-執行率,53.0,非收支
N04,海工,110,附表三,電話費(含網路)-決算數,23356.0,非收支
N04,海工,111,附表三,電話費(含網路)-決算數,19200.0,非收支
N04,海工,113,附表三,電話費（含ADSL）-執行率,49.0,非收支
N04,海工,113,附表三,電話費（含ADSL）-決算數,17811.0,非收支
N04,海工,110,附表三,電費-執行率,49.0,非收支
N04,海工,111,附表三,電費-執行率,56.0,非收支
N04,海工,112,附表三,電費-執行率,62.0,非收支
N04,海工,113,附表三,電費-執行率,61.0,非收支
N04,海工,110,附表三,電費-決算數,70664.0,非收支
N04,海工,111,附表三,電費-決算數,80012.0,非收支
N04,海工,112,附表三,電費-決算數,89776.0,非收支
N04,海工,113,附表三,電費-決算數,87516.0,非收支
N04,海工,110,附表三,餐點費-執行率,99.0,非收支
N04,海工,111,附表三,餐點費-執行率,109.0,非收支
N04,海工,112,附表三,餐點費-執行率,120.0,非收支
N04,海工,113,附表三,餐點費-執行率,100.0,非收支
N04,海工,110,附表三,餐點費-決算數,744733.0,非收支
N04,海工,111,附表三,餐點費-決算數,821125.0,非收支
N04,海工,112,附表三,餐點費-決算數,897630.0,非收支
N04,海工,113,附表三,餐點費-決算數,690645.0,非收支
N04,海工,112,附表二,事務機器耗材-差異率,-10.0,非收支
N04,海工,113,附表二,事務機器耗材-差異率,9.0,非收支
N04,海工,112,附表二,事務機器耗材-決算數,49602.0,非收支
N04,海工,113,附表二,事務機器耗材-決算數,60076.0,非收支
N04,海工,110,附表二,五日未上課退費-差異率,,非收支
N04,海工,111,附表二,五日未上課退費-差異率,,非收支
N04,海工,110,附表二,五日未上課退費-決算數,-44439.0,非收支
N04,海工,111,附表二,五日未上課退費-決算數,-33835.0,非收支
N04,海工,110,附表二,人事費-差異率,84.0,非收支
N04,海工,111,附表二,人事費-差異率,86.0,非收支
N04,海工,112,附表二,人事費-差異率,-39.0,非收支
N04,海工,112,附表二,人事費-差異率,-36.0,非收支
N04,海工,113,附表二,人事費-差異率,-11.0,非收支
N04,海工,113,附表二,人事費-差異率,-6.0,非收支
N04,海工,110,附表二,人事費-決算數,3798440.0,非收支
N04,海工,111,附表二,人事費-決算數,4018956.0,非收支
N04,海工,112,附表二,人事費-決算數,2899218.0,非收支
N04,海工,112,附表二,人事費-決算數,2787695.0,非收支
N04,海工,113,附表二,人事費-決算數,5072224.0,非收支
N04,海工,113,附表二,人事費-決算數,4904623.0,非收支
N04,海工,110,附表二,代課費及廚工代班費-差異率,,非收支
N04,海工,111,附表二,代課費及廚工代班費-差異率,,非收支
N04,海工,110,附表二,代課費及廚工代班費-決算數,,非收支
N04,海工,111,附表二,代課費及廚工代班費-決算數,,非收支
N04,海工,112,附表二,保全-差異率,,非收支
N04,海工,113,附表二,保全-差異率,,非收支
N04,海工,112,附表二,保全-決算數,,非收支
N04,海工,113,附表二,保全-決算數,,非收支
N04,海工,110,附表二,保險費-差異率,98.0,非收支
N04,海工,111,附表二,保險費-差異率,98.0,非收支
N04,海工,110,附表二,保險費-決算數,6860.0,非收支
N04,海工,111,附表二,保險費-決算數,6860.0,非收支
N04,海工,112,附表二,修繕購置費-差異率,71.0,非收支
N04,海工,113,附表二,修繕購置費-差異率,248.0,非收支
N04,海工,112,附表二,修繕購置費-決算數,143845.0,非收支
N04,海工,113,附表二,修繕購置費-決算數,234047.0,非收支
N04,海工,110,附表二,健康檢查-差異率,100.0,非收支
N04,海工,111,附表二,健康檢查-差異率,14.0,非收支
N04,海工,110,附表二,健康檢查-決算數,1000.0,非收支
N04,海工,111,附表二,健康檢查-決算數,1000.0,非收支
N04,海工,110,附表二,其他收入-差異率,,非收支
N04,海工,111,附表二,其他收入-差異率,,非收支
N04,海工,110,附表二,其他收入-決算數,765804.0,非收支
N04,海工,111,附表二,其他收入-決算數,1219083.0,非收支
N04,海工,110,附表二,利息收入-差異率,,非收支
N04,海工,111,附表二,利息收入-差異率,,非收支
N04,海工,110,附表二,利息收入-決算數,11066.0,非收支
N04,海工,111,附表二,利息收入-決算數,32860.0,非收支
N04,海工,110,附表二,加班費-差異率,28.0,非收支
N04,海工,111,附表二,加班費-差異率,24.0,非收支
N04,海工,112,附表二,加班費-差異率,-77.0,非收支
N04,海工,113,附表二,加班費-差異率,-68.0,非收支
N04,海工,110,附表二,加班費-決算數,95617.0,非收支
N04,海工,111,附表二,加班費-決算數,85669.0,非收支
N04,海工,112,附表二,加班費-決算數,84620.0,非收支
N04,海工,113,附表二,加班費-決算數,135558.0,非收支
N04,海工,110,附表二,勞、健保費-差異率,84.0,非收支
N04,海工,111,附表二,勞、健保費-差異率,85.0,非收支
N04,海工,110,附表二,勞、健保費-決算數,342192.0,非收支
N04,海工,111,附表二,勞、健保費-決算數,354816.0,非收支
N04,海工,110,附表二,勞退金提撥-差異率,92.0,非收支
N04,海工,111,附表二,勞退金提撥-差異率,94.0,非收支
N04,海工,110,附表二,勞退金提撥-決算數,173839.0,非收支
N04,海工,111,附表二,勞退金提撥-決算數,182192.0,非收支
N04,海工,112,附表二,合計-差異率,-29.0,非收支
N04,海工,113,附表二,合計-差異率,-9.0,非收支
N04,海工,112,附表二,合計-決算數,4655946.0,非收支
N04,海工,113,附表二,合計-決算數,6761395.0,非收支
N04,海工,112,附表二,園務特支-差異率,,非收支
N04,海工,113,附表二,園務特支-差異率,,非收支
N04,海工,112,附表二,園務特支-決算數,35984.0,非收支
N04,海工,113,附表二,園務特支-決算數,35875.0,非收支
N04,海工,110,附表二,園長及教保服務人員薪資(含職務加給)-差異率,88.0,非收支
N04,海工,111,附表二,園長及教保服務人員薪資(含職務加給)-差異率,94.0,非收支
N04,海工,110,附表二,園長及教保服務人員薪資(含職務加給)-決算數,2326567.0,非收支
N04,海工,111,附表二,園長及教保服務人員薪資(含職務加給)-決算數,2551468.0,非收支
N04,海工,112,附表二,差旅費-差異率,,非收支
N04,海工,113,附表二,差旅費-差異率,,非收支
N04,海工,112,附表二,差旅費-決算數,,非收支
N04,海工,113,附表二,差旅費-決算數,,非收支
N04,海工,110,附表二,延後托育收入-差異率,,非收支
N04,海工,111,附表二,延後托育收入-差異率,,非收支
N04,海工,110,附表二,延後托育收入-決算數,223200.0,非收支
N04,海工,111,附表二,延後托育收入-決算數,337200.0,非收支
N04,海工,110,附表二,延後托育收入淨額-差異率,,非收支
N04,海工,110,附表二,延後托育收入淨額-差異率,,非收支
N04,海工,111,附表二,延後托育收入淨額-差異率,,非收支
N04,海工,111,附表二,延後托育收入淨額-差異率,,非收支
N04,海工,110,附表二,延後托育收入淨額-決算數,223200.0,非收支
N04,海工,110,附表二,延後托育收入淨額-決算數,223200.0,非收支
N04,海工,111,附表二,延後托育收入淨額-決算數,332867.0,非收支
N04,海工,111,附表二,延後托育收入淨額-決算數,332867.0,非收支
N04,海工,110,附表二,延後托育收入退費-差異率,,非收支
N04,海工,111,附表二,延後托育收入退費-差異率,,非收支
N04,海工,110,附表二,延後托育收入退費-決算數,,非收支
N04,海工,111,附表二,延後托育收入退費-決算數,-4333.0,非收支
N04,海工,112,附表二,攝影照片-差異率,18.0,非收支
N04,海工,113,附表二,攝影照片-差異率,10.0,非收支
N04,海工,112,附表二,攝影照片-決算數,9420.0,非收支
N04,海工,113,附表二,攝影照片-決算數,8784.0,非收支
N04,海工,110,附表二,支出-差異率,107.0,非收支
N04,海工,111,附表二,支出-差異率,119.0,非收支
N04,海工,110,附表二,支出-決算數,6790138.0,非收支
N04,海工,111,附表二,支出-決算數,7679993.0,非收支
N04,海工,110,附表二,收入-差異率,112.0,非收支
N04,海工,111,附表二,收入-差異率,121.0,非收支
N04,海工,110,附表二,收入-決算數,7163219.0,非收支
N04,海工,111,附表二,收入-決算數,7765295.0,非收支
N04,海工,110,附表二,政府學費差額補助退費-差異率,,非收支
N04,海工,110,附表二,政府學費差額補助退費-決算數,,非收支
N04,海工,112,附表二,教保材料費-差異率,7.0,非收支
N04,海工,113,附表二,教保材料費-差異率,18.0,非收支
N04,海工,112,附表二,教保材料費-決算數,154696.0,非收支
N04,海工,113,附表二,教保材料費-決算數,136132.0,非收支
N04,海工,111,附表二,教保費收入 (家長繳費)-差異率,69.0,非收支
N04,海工,111,附表二,教保費收入 (家長繳費)-決算數,990000.0,非收支
N04,海工,111,附表二,教保費收入 (政府學費差額補助)-差異率,105.0,非收支
N04,海工,111,附表二,教保費收入 (政府學費差額補助)-決算數,5224320.0,非收支
N04,海工,110,附表二,教保費收入(家長繳費)-差異率,64.0,非收支
N04,海工,110,附表二,教保費收入(家長繳費)-決算數,1157666.0,非收支
N04,海工,110,附表二,教保費收入(政府學費差額補助)-差異率,110.0,非收支
N04,海工,110,附表二,教保費收入(政府學費差額補助)-決算數,5053255.0,非收支
N04,海工,110,附表二,教保費收入-差異率,97.0,非收支
N04,海工,111,附表二,教保費收入-差異率,97.0,非收支
N04,海工,110,附表二,教保費收入-決算數,6210921.0,非收支
N04,海工,111,附表二,教保費收入-決算數,6214320.0,非收支
N04,海工,110,附表二,教保費收入淨額-差異率,96.0,非收支
N04,海工,111,附表二,教保費收入淨額-差異率,96.0,非收支
N04,海工,110,附表二,教保費收入淨額-決算數,6163149.0,非收支
N04,海工,111,附表二,教保費收入淨額-決算數,6180485.0,非收支
N04,海工,110,附表二,教保費收入減項-差異率,,非收支
N04,海工,111,附表二,教保費收入減項-差異率,,非收支
N04,海工,110,附表二,教保費收入減項-決算數,-47772.0,非收支
N04,海工,111,附表二,教保費收入減項-決算數,-33835.0,非收支
N04,海工,112,附表二,文宣費(一般文宣)-差異率,-3.0,非收支
N04,海工,112,附表二,文宣費(一般文宣)-決算數,9700.0,非收支
N04,海工,112,附表二,文宣費(園刊)-差異率,,非收支
N04,海工,112,附表二,文宣費(園刊)-決算數,25000.0,非收支
N04,海工,113,附表二,文宣費（一般文宣）-差異率,-63.0,非收支
N04,海工,113,附表二,文宣費（一般文宣）-決算數,3690.0,非收支
N04,海工,113,附表二,文宣費（園刊）-差異率,1.0,非收支
N04,海工,113,附表二,文宣費（園刊）-決算數,25137.0,非收支
N04,海工,112,附表二,日常消耗用品-差異率,16.0,非收支
N04,海工,113,附表二,日常消耗用品-差異率,12.0,非收支
N04,海工,112,附表二,日常消耗用品-決算數,41911.0,非收支
N04,海工,113,附表二,日常消耗用品-決算數,32356.0,非收支
N04,海工,110,附表二,會計、總務、廚工、清潔薪資-差異率,98.0,非收支
N04,海工,111,附表二,會計、總務、廚工、清潔薪資-差異率,95.0,非收支
N04,海工,110,附表二,會計、總務、廚工、清潔薪資-決算數,812848.0,非收支
N04,海工,111,附表二,會計、總務、廚工、清潔薪資-決算數,800536.0,非收支
N04,海工,112,附表二,材料費-差異率,18.0,非收支
N04,海工,113,附表二,材料費-差異率,3.0,非收支
N04,海工,112,附表二,材料費-決算數,1098507.0,非收支
N04,海工,113,附表二,材料費-決算數,862438.0,非收支
N04,海工,110,附表二,業務費-差異率,63.0,非收支
N04,海工,111,附表二,業務費-差異率,66.0,非收支
N04,海工,112,附表二,業務費-差異率,-32.0,非收支
N04,海工,113,附表二,業務費-差異率,-28.0,非收支
N04,海工,110,附表二,業務費-決算數,356834.0,非收支
N04,海工,111,附表二,業務費-決算數,375935.0,非收支
N04,海工,112,附表二,業務費-決算數,384913.0,非收支
N04,海工,113,附表二,業務費-決算數,391984.0,非收支
N04,海工,111,附表二,水費-差異率,35.0,非收支
N04,海工,112,附表二,水費-差異率,-57.0,非收支
N04,海工,113,附表二,水費-差異率,-54.0,非收支
N04,海工,111,附表二,水費-決算數,6903.0,非收支
N04,海工,112,附表二,水費-決算數,8684.0,非收支
N04,海工,113,附表二,水費-決算數,9191.0,非收支
N04,海工,110,附表二,活動費-差異率,108.0,非收支
N04,海工,111,附表二,活動費-差異率,119.0,非收支
N04,海工,112,附表二,活動費-差異率,15.0,非收支
N04,海工,113,附表二,活動費-差異率,19.0,非收支
N04,海工,110,附表二,活動費-決算數,80810.0,非收支
N04,海工,111,附表二,活動費-決算數,89085.0,非收支
N04,海工,112,附表二,活動費-決算數,85890.0,非收支
N04,海工,113,附表二,活動費-決算數,89486.0,非收支
N04,海工,112,附表二,瓦斯費-差異率,10.0,非收支
N04,海工,113,附表二,瓦斯費-差異率,2.0,非收支
N04,海工,112,附表二,瓦斯費-決算數,33048.0,非收支
N04,海工,113,附表二,瓦斯費-決算數,30680.0,非收支
N04,海工,111,附表二,研習、進修-差異率,,非收支
N04,海工,112,附表二,研習、進修-差異率,-77.0,非收支
N04,海工,113,附表二,研習、進修-差異率,-46.0,非收支
N04,海工,111,附表二,研習、進修-決算數,,非收支
N04,海工,112,附表二,研習、進修-決算數,3200.0,非收支
N04,海工,113,附表二,研習、進修-決算數,7600.0,非收支
N04,海工,112,附表二,維護費-差異率,-64.0,非收支
N04,海工,113,附表二,維護費-差異率,-46.0,非收支
N04,海工,112,附表二,維護費-決算數,33078.0,非收支
N04,海工,113,附表二,維護費-決算數,49846.0,非收支
N04,海工,110,附表二,腸病毒退費-差異率,,非收支
N04,海工,110,附表二,腸病毒退費-決算數,,非收支
N04,海工,110,附表二,自強活動-差異率,198.0,非收支
N04,海工,111,附表二,自強活動-差異率,145.0,非收支
N04,海工,110,附表二,自強活動-決算數,13850.0,非收支
N04,海工,111,附表二,自強活動-決算數,10130.0,非收支
N04,海工,112,附表二,藥品費-差異率,2.0,非收支
N04,海工,113,附表二,藥品費-差異率,-2.0,非收支
N04,海工,112,附表二,藥品費-決算數,4270.0,非收支
N04,海工,113,附表二,藥品費-決算數,3305.0,非收支
N04,海工,112,附表二,行政管理費-差異率,,非收支
N04,海工,113,附表二,行政管理費-差異率,,非收支
N04,海工,112,附表二,行政管理費-決算數,90012.0,非收支
N04,海工,113,附表二,行政管理費-決算數,138456.0,非收支
N04,海工,110,附表二,資遣費-差異率,100.0,非收支
N04,海工,111,附表二,資遣費-差異率,100.0,非收支
N04,海工,112,附表二,資遣費-差異率,,非收支
N04,海工,113,附表二,資遣費-差異率,,非收支
N04,海工,110,附表二,資遣費-決算數,25667.0,非收支
N04,海工,111,附表二,資遣費-決算數,26285.0,非收支
N04,海工,112,附表二,資遣費-決算數,26903.0,非收支
N04,海工,113,附表二,資遣費-決算數,32043.0,非收支
N04,海工,110,附表二,轉學/轉出退費-差異率,,非收支
N04,海工,111,附表二,轉學/轉出退費-差異率,,非收支
N04,海工,110,附表二,轉學/轉出退費-決算數,-3333.0,非收支
N04,海工,111,附表二,轉學/轉出退費-決算數,,非收支
N04,海工,112,附表二,辦公文具-差異率,3.0,非收支
N04,海工,113,附表二,辦公文具-差異率,6.0,非收支
N04,海工,112,附表二,辦公文具-決算數,12340.0,非收支
N04,海工,113,附表二,辦公文具-決算數,12709.0,非收支
N04,海工,113,附表二,郵費-差異率,-43.0,非收支
N04,海工,113,附表二,郵費-決算數,3429.0,非收支
N04,海工,112,附表二,郵資-差異率,-31.0,非收支
N04,海工,112,附表二,郵資-決算數,4154.0,非收支
N04,海工,112,附表二,雜支-差異率,-81.0,非收支
N04,海工,113,附表二,雜支-差異率,-62.0,非收支
N04,海工,112,附表二,雜支-決算數,6373.0,非收支
N04,海工,113,附表二,雜支-決算數,12400.0,非收支
N04,海工,112,附表二,電話費(含ADSL)-差異率,-50.0,非收支
N04,海工,112,附表二,電話費(含ADSL)-決算數,18115.0,非收支
N04,海工,113,附表二,電話費（含 ADSL）-差異率,-51.0,非收支
N04,海工,113,附表二,電話費（含 ADSL）-決算數,17811.0,非收支
N04,海工,112,附表二,電費-差異率,-38.0,非收支
N04,海工,113,附表二,電費-差異率,-39.0,非收支
N04,海工,112,附表二,電費-決算數,89776.0,非收支
N04,海工,113,附表二,電費-決算數,87516.0,非收支
N04,海工,112,附表二,餐點費-差異率,20.0,非收支
N04,海工,113,附表二,餐點費-差異率,,非收支
N04,海工,112,附表二,餐點費-決算數,897630.0,非收支
N04,海工,113,附表二,餐點費-決算數,690645.0,非收支
N04,海工,110,附表四,帳面價值總額,0.0,非收支
N04,海工,111,附表四,帳面價值總額,13200.0,非收支
N04,海工,112,附表四,帳面價值總額,499042.0,非收支
N04,海工,113,附表四,帳面價值總額,127360.0,非收支
N04,海工,110,附表四,財產筆數,10.0,非收支
N04,海工,111,附表四,財產筆數,15.0,非收支
N04,海工,112,附表四,財產筆數,44.0,非收支
N04,海工,113,附表四,財產筆數,43.0,非收支
N05,漢翔,109,收支餘絀表,人事費,5793497.0,收支
N05,漢翔,111,收支餘絀表,人事費,6412661.0,收支
N05,漢翔,112,收支餘絀表,人事費,5032018.0,收支
N05,漢翔,113,收支餘絀表,人事費,6363884.0,收支
N05,漢翔,109,收支餘絀表,修繕購置費,115271.0,收支
N05,漢翔,111,收支餘絀表,修繕購置費,46170.0,收支
N05,漢翔,112,收支餘絀表,修繕購置費,111709.0,收支
N05,漢翔,113,收支餘絀表,修繕購置費,55784.0,收支
N05,漢翔,109,收支餘絀表,其他支出,1093143.0,收支
N05,漢翔,111,收支餘絀表,其他支出,2463788.0,收支
N05,漢翔,112,收支餘絀表,其他支出,3729484.0,收支
N05,漢翔,113,收支餘絀表,其他支出,999581.0,收支
N05,漢翔,109,收支餘絀表,其他收入,1093143.0,收支
N05,漢翔,111,收支餘絀表,其他收入,2463788.0,收支
N05,漢翔,112,收支餘絀表,其他收入,3729484.0,收支
N05,漢翔,113,收支餘絀表,其他收入,999581.0,收支
N05,漢翔,109,收支餘絀表,利息收入,2470.0,收支
N05,漢翔,111,收支餘絀表,利息收入,39517.0,收支
N05,漢翔,112,收支餘絀表,利息收入,71207.0,收支
N05,漢翔,113,收支餘絀表,利息收入,105887.0,收支
N05,漢翔,109,收支餘絀表,延後托育支出,357729.0,收支
N05,漢翔,111,收支餘絀表,延後托育支出,408622.0,收支
N05,漢翔,109,收支餘絀表,延後托育收入淨額,408450.0,收支
N05,漢翔,111,收支餘絀表,延後托育收入淨額,490290.0,收支
N05,漢翔,112,收支餘絀表,延長照顧服務支出,168240.0,收支
N05,漢翔,113,收支餘絀表,延長照顧服務支出,127995.0,收支
N05,漢翔,112,收支餘絀表,延長照顧服務收入淨額,168240.0,收支
N05,漢翔,113,收支餘絀表,延長照顧服務收入淨額,127995.0,收支
N05,漢翔,109,收支餘絀表,所得稅費用,13008.0,收支
N05,漢翔,110,收支餘絀表,所得稅費用,,收支
N05,漢翔,111,收支餘絀表,所得稅費用,,收支
N05,漢翔,112,收支餘絀表,所得稅費用,,收支
N05,漢翔,113,收支餘絀表,所得稅費用,,收支
N05,漢翔,110,收支餘絀表,支出 人事費,7006576.0,收支
N05,漢翔,110,收支餘絀表,支出 修繕購置費,106400.0,收支
N05,漢翔,110,收支餘絀表,支出 其他支出,,收支
N05,漢翔,110,收支餘絀表,支出 延後托育支出,,收支
N05,漢翔,110,收支餘絀表,支出 材料費,1183320.0,收支
N05,漢翔,110,收支餘絀表,支出 業務發展費,,收支
N05,漢翔,110,收支餘絀表,支出 業務費,694700.0,收支
N05,漢翔,110,收支餘絀表,支出 維護費,118000.0,收支
N05,漢翔,110,收支餘絀表,支出 行政管理費,112681.0,收支
N05,漢翔,110,收支餘絀表,支出 雜支,41682.0,收支
N05,漢翔,109,收支餘絀表,支出合計,10331296.0,收支
N05,漢翔,110,收支餘絀表,支出合計,9263359.0,收支
N05,漢翔,111,收支餘絀表,支出合計,11869873.0,收支
N05,漢翔,112,收支餘絀表,支出合計,12653515.0,收支
N05,漢翔,113,收支餘絀表,支出合計,11597650.0,收支
N05,漢翔,110,收支餘絀表,收入 其他收入,,收支
N05,漢翔,110,收支餘絀表,收入 利息收入,,收支
N05,漢翔,110,收支餘絀表,收入 延後托育收入淨額,,收支
N05,漢翔,110,收支餘絀表,收入 教保費收入,9343440.0,收支
N05,漢翔,110,收支餘絀表,收入 教保費收入減項,,收支
N05,漢翔,109,收支餘絀表,收入合計,9992126.0,收支
N05,漢翔,110,收支餘絀表,收入合計,9343440.0,收支
N05,漢翔,111,收支餘絀表,收入合計,11976524.0,收支
N05,漢翔,112,收支餘絀表,收入合計,12921591.0,收支
N05,漢翔,113,收支餘絀表,收入合計,13204495.0,收支
N05,漢翔,109,收支餘絀表,教保費收入,9030766.0,收支
N05,漢翔,111,收支餘絀表,教保費收入,9024121.0,收支
N05,漢翔,112,收支餘絀表,教保費收入,9017887.0,收支
N05,漢翔,113,收支餘絀表,教保費收入,12232000.0,收支
N05,漢翔,109,收支餘絀表,教保費收入減項,-542703.0,收支
N05,漢翔,111,收支餘絀表,教保費收入減項,-41192.0,收支
N05,漢翔,112,收支餘絀表,教保費收入減項,-65227.0,收支
N05,漢翔,113,收支餘絀表,教保費收入減項,-260968.0,收支
N05,漢翔,109,收支餘絀表,本期稅前餘絀,-339170.0,收支
N05,漢翔,110,收支餘絀表,本期稅前餘絀,80081.0,收支
N05,漢翔,111,收支餘絀表,本期稅前餘絀,106651.0,收支
N05,漢翔,112,收支餘絀表,本期稅前餘絀,268076.0,收支
N05,漢翔,113,收支餘絀表,本期稅前餘絀,1606845.0,收支
N05,漢翔,109,收支餘絀表,本期稅後餘絀,,收支
N05,漢翔,110,收支餘絀表,本期稅後餘絀,80081.0,收支
N05,漢翔,111,收支餘絀表,本期稅後餘絀,106651.0,收支
N05,漢翔,112,收支餘絀表,本期稅後餘絀,268076.0,收支
N05,漢翔,113,收支餘絀表,本期稅後餘絀,1606845.0,收支
N05,漢翔,109,收支餘絀表,材料費,700530.0,收支
N05,漢翔,111,收支餘絀表,材料費,1086820.0,收支
N05,漢翔,112,收支餘絀表,材料費,1180578.0,收支
N05,漢翔,113,收支餘絀表,材料費,811922.0,收支
N05,漢翔,109,收支餘絀表,業務發展費,1718000.0,收支
N05,漢翔,111,收支餘絀表,業務發展費,744800.0,收支
N05,漢翔,112,收支餘絀表,業務發展費,1782519.0,收支
N05,漢翔,113,收支餘絀表,業務發展費,2575405.0,收支
N05,漢翔,109,收支餘絀表,業務費,331216.0,收支
N05,漢翔,111,收支餘絀表,業務費,412723.0,收支
N05,漢翔,112,收支餘絀表,業務費,421276.0,收支
N05,漢翔,113,收支餘絀表,業務費,298788.0,收支
N05,漢翔,109,收支餘絀表,維護費,84294.0,收支
N05,漢翔,111,收支餘絀表,維護費,147265.0,收支
N05,漢翔,112,收支餘絀表,維護費,88595.0,收支
N05,漢翔,113,收支餘絀表,維護費,127280.0,收支
N05,漢翔,109,收支餘絀表,行政管理費,112681.0,收支
N05,漢翔,111,收支餘絀表,行政管理費,112681.0,收支
N05,漢翔,112,收支餘絀表,行政管理費,112681.0,收支
N05,漢翔,113,收支餘絀表,行政管理費,197754.0,收支
N05,漢翔,109,收支餘絀表,雜支,24935.0,收支
N05,漢翔,111,收支餘絀表,雜支,34343.0,收支
N05,漢翔,112,收支餘絀表,雜支,26415.0,收支
N05,漢翔,113,收支餘絀表,雜支,39257.0,收支
N05,漢翔,110,現金流量表,其他應付款,-113638.0,非收支
N05,漢翔,111,現金流量表,其他應付款,357419.0,非收支
N05,漢翔,112,現金流量表,其他應付款,-362751.0,非收支
N05,漢翔,113,現金流量表,其他應付款,-64077.0,非收支
N05,漢翔,110,現金流量表,其他應收款,-253019.0,非收支
N05,漢翔,111,現金流量表,其他應收款,-35803.0,非收支
N05,漢翔,112,現金流量表,其他應收款,389485.0,非收支
N05,漢翔,113,現金流量表,其他應收款,-76556.0,非收支
N05,漢翔,111,現金流量表,其他流動資產,-635.0,非收支
N05,漢翔,112,現金流量表,其他流動資產,635.0,非收支
N05,漢翔,113,現金流量表,其他流動資產,-5503.0,非收支
N05,漢翔,110,現金流量表,應付帳款,-26043.0,非收支
N05,漢翔,111,現金流量表,應付帳款,4661.0,非收支
N05,漢翔,112,現金流量表,應付帳款,89602.0,非收支
N05,漢翔,113,現金流量表,應付帳款,-95945.0,非收支
N05,漢翔,110,現金流量表,應付票據,,非收支
N05,漢翔,110,現金流量表,應收帳款淨額,-405.0,非收支
N05,漢翔,111,現金流量表,應收帳款淨額,675.0,非收支
N05,漢翔,112,現金流量表,應收帳款淨額,-742.0,非收支
N05,漢翔,113,現金流量表,應收帳款淨額,742.0,非收支
N05,漢翔,110,現金流量表,投資活動之淨現金流入,,非收支
N05,漢翔,111,現金流量表,投資活動之淨現金流入,,非收支
N05,漢翔,112,現金流量表,投資活動之淨現金流入,,非收支
N05,漢翔,113,現金流量表,投資活動之淨現金流入,,非收支
N05,漢翔,110,現金流量表,投資活動之現金流量：,,非收支
N05,漢翔,111,現金流量表,投資活動之現金流量：,,非收支
N05,漢翔,112,現金流量表,投資活動之現金流量：,,非收支
N05,漢翔,113,現金流量表,投資活動之現金流量：,,非收支
N05,漢翔,110,現金流量表,期初現金及約當現金餘額,4005885.0,非收支
N05,漢翔,111,現金流量表,期初現金及約當現金餘額,4227113.0,非收支
N05,漢翔,112,現金流量表,期初現金及約當現金餘額,4718448.0,非收支
N05,漢翔,113,現金流量表,期初現金及約當現金餘額,5236308.0,非收支
N05,漢翔,110,現金流量表,期末現金及約當現金餘額,4227113.0,非收支
N05,漢翔,111,現金流量表,期末現金及約當現金餘額,4718448.0,非收支
N05,漢翔,112,現金流量表,期末現金及約當現金餘額,5236308.0,非收支
N05,漢翔,113,現金流量表,期末現金及約當現金餘額,6877439.0,非收支
N05,漢翔,110,現金流量表,本期支付所得稅,-40034.0,非收支
N05,漢翔,111,現金流量表,本期支付所得稅,,非收支
N05,漢翔,110,現金流量表,本期現金及約當現金增加數,221228.0,非收支
N05,漢翔,111,現金流量表,本期現金及約當現金增加數,491335.0,非收支
N05,漢翔,112,現金流量表,本期現金及約當現金增加數,517860.0,非收支
N05,漢翔,113,現金流量表,本期現金及約當現金增加數,1641131.0,非收支
N05,漢翔,111,現金流量表,本期稅前餘納,106651.0,非收支
N05,漢翔,113,現金流量表,本期稅前餘絀,1606845.0,非收支
N05,漢翔,110,現金流量表,本期稅前餘額,832041.0,非收支
N05,漢翔,112,現金流量表,本期稅前餘額,268076.0,非收支
N05,漢翔,110,現金流量表,營業活動之淨現金流入,221228.0,非收支
N05,漢翔,111,現金流量表,營業活動之淨現金流入,491335.0,非收支
N05,漢翔,112,現金流量表,營業活動之淨現金流入,517860.0,非收支
N05,漢翔,113,現金流量表,營業活動之淨現金流入,1641131.0,非收支
N05,漢翔,110,現金流量表,營業活動之現金流量：,,非收支
N05,漢翔,111,現金流量表,營業活動之現金流量：,,非收支
N05,漢翔,112,現金流量表,營業活動之現金流量：,,非收支
N05,漢翔,113,現金流量表,營業活動之現金流量：,,非收支
N05,漢翔,110,現金流量表,營運產生之現金,261262.0,非收支
N05,漢翔,111,現金流量表,營運產生之現金,491335.0,非收支
N05,漢翔,110,現金流量表,籌資活動之淨現金流入,,非收支
N05,漢翔,111,現金流量表,籌資活動之淨現金流入,,非收支
N05,漢翔,112,現金流量表,籌資活動之淨現金流入,,非收支
N05,漢翔,113,現金流量表,籌資活動之淨現金流入,,非收支
N05,漢翔,110,現金流量表,籌資活動之現金流量：,,非收支
N05,漢翔,111,現金流量表,籌資活動之現金流量：,,非收支
N05,漢翔,112,現金流量表,籌資活動之現金流量：,,非收支
N05,漢翔,113,現金流量表,籌資活動之現金流量：,,非收支
N05,漢翔,110,現金流量表,調整項目：,,非收支
N05,漢翔,111,現金流量表,調整項目：,,非收支
N05,漢翔,112,現金流量表,調整項目：,,非收支
N05,漢翔,113,現金流量表,調整項目：,,非收支
N05,漢翔,111,現金流量表,資產/負債淨變動數,,非收支
N05,漢翔,112,現金流量表,資產/負債淨變動數,,非收支
N05,漢翔,113,現金流量表,資產/負債淨變動數,,非收支
N05,漢翔,110,現金流量表,資產／負債淨變動數,,非收支
N05,漢翔,110,現金流量表,預付款項,4910.0,非收支
N05,漢翔,111,現金流量表,預付款項,-19857.0,非收支
N05,漢翔,112,現金流量表,預付款項,27140.0,非收支
N05,漢翔,113,現金流量表,預付款項,2167.0,非收支
N05,漢翔,110,現金流量表,預收款項,-182584.0,非收支
N05,漢翔,111,現金流量表,預收款項,78224.0,非收支
N05,漢翔,112,現金流量表,預收款項,106415.0,非收支
N05,漢翔,113,現金流量表,預收款項,273458.0,非收支
N05,漢翔,110,資產負債表,代管財產,1440724.0,非收支
N05,漢翔,111,資產負債表,代管財產,687572.0,非收支
N05,漢翔,112,資產負債表,代管財產,515711.0,非收支
N05,漢翔,113,資產負債表,代管財產,941471.0,非收支
N05,漢翔,110,資產負債表,其他應付款,1009356.0,非收支
N05,漢翔,111,資產負債表,其他應付款,1366775.0,非收支
N05,漢翔,112,資產負債表,其他應付款,1004024.0,非收支
N05,漢翔,113,資產負債表,其他應付款,939947.0,非收支
N05,漢翔,110,資產負債表,其他應收款,367937.0,非收支
N05,漢翔,111,資產負債表,其他應收款,403740.0,非收支
N05,漢翔,112,資產負債表,其他應收款,14255.0,非收支
N05,漢翔,113,資產負債表,其他應收款,90811.0,非收支
N05,漢翔,111,資產負債表,其他流動資產,635.0,非收支
N05,漢翔,112,資產負債表,其他流動資產,,非收支
N05,漢翔,113,資產負債表,其他流動資產,5503.0,非收支
N05,漢翔,110,資產負債表,存出保證金,15000.0,非收支
N05,漢翔,111,資產負債表,存出保證金,15000.0,非收支
N05,漢翔,112,資產負債表,存出保證金,15000.0,非收支
N05,漢翔,113,資產負債表,存出保證金,15000.0,非收支
N05,漢翔,110,資產負債表,應付代管財產,1440724.0,非收支
N05,漢翔,111,資產負債表,應付代管財產,687572.0,非收支
N05,漢翔,112,資產負債表,應付代管財產,515711.0,非收支
N05,漢翔,113,資產負債表,應付代管財產,941471.0,非收支
N05,漢翔,110,資產負債表,應付帳款,17254.0,非收支
N05,漢翔,111,資產負債表,應付帳款,21915.0,非收支
N05,漢翔,112,資產負債表,應付帳款,111517.0,非收支
N05,漢翔,113,資產負債表,應付帳款,15572.0,非收支
N05,漢翔,110,資產負債表,應付購置財產,338493.0,非收支
N05,漢翔,111,資產負債表,應付購置財產,355293.0,非收支
N05,漢翔,112,資產負債表,應付購置財產,391293.0,非收支
N05,漢翔,113,資產負債表,應付購置財產,391293.0,非收支
N05,漢翔,110,資產負債表,應收帳款淨額,675.0,非收支
N05,漢翔,111,資產負債表,應收帳款淨額,,非收支
N05,漢翔,112,資產負債表,應收帳款淨額,742.0,非收支
N05,漢翔,113,資產負債表,應收帳款淨額,,非收支
N05,漢翔,110,資產負債表,本期餘絀,792007.0,非收支
N05,漢翔,111,資產負債表,本期餘絀,106651.0,非收支
N05,漢翔,112,資產負債表,本期餘絀,268076.0,非收支
N05,漢翔,113,資產負債表,本期餘絀,1606845.0,非收支
N05,漢翔,110,資產負債表,業務發展準備,5664300.0,非收支
N05,漢翔,111,資產負債表,業務發展準備,6409100.0,非收支
N05,漢翔,112,資產負債表,業務發展準備,8191619.0,非收支
N05,漢翔,113,資產負債表,業務發展準備,10767024.0,非收支
N05,漢翔,110,資產負債表,業務發展準備金,5664300.0,非收支
N05,漢翔,111,資產負債表,業務發展準備金,6409100.0,非收支
N05,漢翔,112,資產負債表,業務發展準備金,8191619.0,非收支
N05,漢翔,113,資產負債表,業務發展準備金,10767024.0,非收支
N05,漢翔,110,資產負債表,流動負債合計,3037369.0,非收支
N05,漢翔,111,資產負債表,流動負債合計,3477673.0,非收支
N05,漢翔,112,資產負債表,流動負債合計,3310939.0,非收支
N05,漢翔,113,資產負債表,流動負債合計,3424375.0,非收支
N05,漢翔,110,資產負債表,流動資產合計,4605175.0,非收支
N05,漢翔,111,資產負債表,流動資產合計,5152130.0,非收支
N05,漢翔,112,資產負債表,流動資產合計,5253472.0,非收支
N05,漢翔,113,資產負債表,流動資產合計,6973753.0,非收支
N05,漢翔,110,資產負債表,現金及銀行存款,4227113.0,非收支
N05,漢翔,111,資產負債表,現金及銀行存款,4718448.0,非收支
N05,漢翔,112,資產負債表,現金及銀行存款,5236308.0,非收支
N05,漢翔,113,資產負債表,現金及銀行存款,6877439.0,非收支
N05,漢翔,110,資產負債表,累積餘絀,790799.0,非收支
N05,漢翔,111,資產負債表,累積餘絀,1582806.0,非收支
N05,漢翔,112,資產負債表,累積餘絀,1689457.0,非收支
N05,漢翔,113,資產負債表,累積餘絀,1957533.0,非收支
N05,漢翔,110,資產負債表,負債及餘絀總計,12286520.0,非收支
N05,漢翔,111,資產負債表,負債及餘絀總計,12882843.0,非收支
N05,漢翔,112,資產負債表,負債及餘絀總計,14672741.0,非收支
N05,漢翔,113,資產負債表,負債及餘絀總計,19443325.0,非收支
N05,漢翔,110,資產負債表,負債總額,10703714.0,非收支
N05,漢翔,111,資產負債表,負債總額,11193386.0,非收支
N05,漢翔,112,資產負債表,負債總額,12715208.0,非收支
N05,漢翔,113,資產負債表,負債總額,15878947.0,非收支
N05,漢翔,110,資產負債表,資產總計,12286520.0,非收支
N05,漢翔,111,資產負債表,資產總計,12882843.0,非收支
N05,漢翔,112,資產負債表,資產總計,14672741.0,非收支
N05,漢翔,113,資產負債表,資產總計,19443325.0,非收支
N05,漢翔,110,資產負債表,資遣費準備,222828.0,非收支
N05,漢翔,111,資產負債表,資遣費準備,263748.0,非收支
N05,漢翔,112,資產負債表,資遣費準備,305646.0,非收支
N05,漢翔,113,資產負債表,資遣費準備,354784.0,非收支
N05,漢翔,110,資產負債表,資遣費準備金,222828.0,非收支
N05,漢翔,111,資產負債表,資遣費準備金,263748.0,非收支
N05,漢翔,112,資產負債表,資遣費準備金,305646.0,非收支
N05,漢翔,113,資產負債表,資遣費準備金,354784.0,非收支
N05,漢翔,110,資產負債表,購置財產,338493.0,非收支
N05,漢翔,111,資產負債表,購置財產,355293.0,非收支
N05,漢翔,112,資產負債表,購置財產,391293.0,非收支
N05,漢翔,113,資產負債表,購置財產,391293.0,非收支
N05,漢翔,110,資產負債表,非流動負債合計,7666345.0,非收支
N05,漢翔,111,資產負債表,非流動負債合計,7715713.0,非收支
N05,漢翔,112,資產負債表,非流動負債合計,9404269.0,非收支
N05,漢翔,113,資產負債表,非流動負債合計,12454572.0,非收支
N05,漢翔,110,資產負債表,非流動資產合計,7681345.0,非收支
N05,漢翔,111,資產負債表,非流動資產合計,7730713.0,非收支
N05,漢翔,112,資產負債表,非流動資產合計,9419269.0,非收支
N05,漢翔,113,資產負債表,非流動資產合計,12469572.0,非收支
N05,漢翔,110,資產負債表,預付款項,9450.0,非收支
N05,漢翔,111,資產負債表,預付款項,29307.0,非收支
N05,漢翔,112,資產負債表,預付款項,2167.0,非收支
N05,漢翔,113,資產負債表,預付款項,,非收支
N05,漢翔,110,資產負債表,預收款項,2010759.0,非收支
N05,漢翔,111,資產負債表,預收款項,2088983.0,非收支
N05,漢翔,112,資產負債表,預收款項,2195398.0,非收支
N05,漢翔,113,資產負債表,預收款項,2468856.0,非收支
N05,漢翔,110,資產負債表,餘絀總額,1582806.0,非收支
N05,漢翔,111,資產負債表,餘絀總額,1689457.0,非收支
N05,漢翔,112,資產負債表,餘絀總額,1957533.0,非收支
N05,漢翔,113,資產負債表,餘絀總額,3564378.0,非收支
N05,漢翔,110,附表三,事務機器耗材-執行率,68.0,非收支
N05,漢翔,111,附表三,事務機器耗材-執行率,67.0,非收支
N05,漢翔,112,附表三,事務機器耗材-執行率,45.0,非收支
N05,漢翔,113,附表三,事務機器耗材-執行率,35.0,非收支
N05,漢翔,110,附表三,事務機器耗材-決算數,40542.0,非收支
N05,漢翔,111,附表三,事務機器耗材-決算數,40429.0,非收支
N05,漢翔,112,附表三,事務機器耗材-決算數,27126.0,非收支
N05,漢翔,113,附表三,事務機器耗材-決算數,20817.0,非收支
N05,漢翔,110,附表三,五日未上課退費-執行率,,非收支
N05,漢翔,111,附表三,五日未上課退費-執行率,,非收支
N05,漢翔,112,附表三,五日未上課退費-執行率,,非收支
N05,漢翔,113,附表三,五日未上課退費-執行率,,非收支
N05,漢翔,110,附表三,五日未上課退費-決算數,-37992.0,非收支
N05,漢翔,111,附表三,五日未上課退費-決算數,-41192.0,非收支
N05,漢翔,112,附表三,五日未上課退費-決算數,-32755.0,非收支
N05,漢翔,113,附表三,五日未上課退費-決算數,-37414.0,非收支
N05,漢翔,110,附表三,人事費-執行率,84.0,非收支
N05,漢翔,111,附表三,人事費-執行率,89.0,非收支
N05,漢翔,112,附表三,人事費-執行率,68.0,非收支
N05,漢翔,113,附表三,人事費-執行率,72.0,非收支
N05,漢翔,110,附表三,人事費-決算數,5862148.0,非收支
N05,漢翔,111,附表三,人事費-決算數,6412661.0,非收支
N05,漢翔,112,附表三,人事費-決算數,5032018.0,非收支
N05,漢翔,113,附表三,人事費-決算數,6363884.0,非收支
N05,漢翔,112,附表三,代課費及代班費-執行率,,非收支
N05,漢翔,113,附表三,代課費及代班費-執行率,10.0,非收支
N05,漢翔,112,附表三,代課費及代班費-決算數,,非收支
N05,漢翔,113,附表三,代課費及代班費-決算數,15754.0,非收支
N05,漢翔,110,附表三,代課費及廚工代班費-執行率,28.0,非收支
N05,漢翔,111,附表三,代課費及廚工代班費-執行率,8.0,非收支
N05,漢翔,110,附表三,代課費及廚工代班費-決算數,28800.0,非收支
N05,漢翔,111,附表三,代課費及廚工代班費-決算數,8448.0,非收支
N05,漢翔,110,附表三,保全-執行率,18.0,非收支
N05,漢翔,111,附表三,保全-執行率,,非收支
N05,漢翔,112,附表三,保全-執行率,24.0,非收支
N05,漢翔,113,附表三,保全-執行率,,非收支
N05,漢翔,110,附表三,保全-決算數,14559.0,非收支
N05,漢翔,111,附表三,保全-決算數,,非收支
N05,漢翔,112,附表三,保全-決算數,19152.0,非收支
N05,漢翔,113,附表三,保全-決算數,,非收支
N05,漢翔,110,附表三,保險費-執行率,91.0,非收支
N05,漢翔,111,附表三,保險費-執行率,155.0,非收支
N05,漢翔,112,附表三,保險費-執行率,138.0,非收支
N05,漢翔,113,附表三,保險費-執行率,153.0,非收支
N05,漢翔,110,附表三,保險費-決算數,9990.0,非收支
N05,漢翔,111,附表三,保險費-決算數,17000.0,非收支
N05,漢翔,112,附表三,保險費-決算數,15230.0,非收支
N05,漢翔,113,附表三,保險費-決算數,16819.0,非收支
N05,漢翔,112,附表三,修繕費-執行率,71.0,非收支
N05,漢翔,113,附表三,修繕費-執行率,90.0,非收支
N05,漢翔,112,附表三,修繕費-決算數,60578.0,非收支
N05,漢翔,113,附表三,修繕費-決算數,76263.0,非收支
N05,漢翔,110,附表三,修繕購置費-執行率,105.0,非收支
N05,漢翔,111,附表三,修繕購置費-執行率,43.0,非收支
N05,漢翔,112,附表三,修繕購置費-執行率,105.0,非收支
N05,漢翔,113,附表三,修繕購置費-執行率,55.0,非收支
N05,漢翔,110,附表三,修繕購置費-決算數,111654.0,非收支
N05,漢翔,111,附表三,修繕購置費-決算數,46170.0,非收支
N05,漢翔,112,附表三,修繕購置費-決算數,111709.0,非收支
N05,漢翔,113,附表三,修繕購置費-決算數,55784.0,非收支
N05,漢翔,110,附表三,健康檢查-執行率,75.0,非收支
N05,漢翔,111,附表三,健康檢查-執行率,,非收支
N05,漢翔,112,附表三,健康檢查-執行率,45.0,非收支
N05,漢翔,113,附表三,健康檢查-執行率,200.0,非收支
N05,漢翔,110,附表三,健康檢查-決算數,8210.0,非收支
N05,漢翔,111,附表三,健康檢查-決算數,,非收支
N05,漢翔,112,附表三,健康檢查-決算數,4900.0,非收支
N05,漢翔,113,附表三,健康檢查-決算數,2000.0,非收支
N05,漢翔,110,附表三,其他支出-執行率,,非收支
N05,漢翔,111,附表三,其他支出-執行率,,非收支
N05,漢翔,112,附表三,其他支出-執行率,,非收支
N05,漢翔,113,附表三,其他支出-執行率,,非收支
N05,漢翔,110,附表三,其他支出-決算數,2312245.0,非收支
N05,漢翔,111,附表三,其他支出-決算數,2463788.0,非收支
N05,漢翔,112,附表三,其他支出-決算數,3729484.0,非收支
N05,漢翔,113,附表三,其他支出-決算數,999581.0,非收支
N05,漢翔,110,附表三,其他收入-執行率,,非收支
N05,漢翔,111,附表三,其他收入-執行率,,非收支
N05,漢翔,112,附表三,其他收入-執行率,,非收支
N05,漢翔,113,附表三,其他收入-執行率,,非收支
N05,漢翔,110,附表三,其他收入-決算數,2312245.0,非收支
N05,漢翔,111,附表三,其他收入-決算數,2463788.0,非收支
N05,漢翔,112,附表三,其他收入-決算數,3729484.0,非收支
N05,漢翔,113,附表三,其他收入-決算數,999581.0,非收支
N05,漢翔,110,附表三,利息收入-執行率,,非收支
N05,漢翔,111,附表三,利息收入-執行率,,非收支
N05,漢翔,112,附表三,利息收入-執行率,,非收支
N05,漢翔,113,附表三,利息收入-執行率,,非收支
N05,漢翔,110,附表三,利息收入-決算數,,非收支
N05,漢翔,111,附表三,利息收入-決算數,39517.0,非收支
N05,漢翔,112,附表三,利息收入-決算數,71207.0,非收支
N05,漢翔,113,附表三,利息收入-決算數,105887.0,非收支
N05,漢翔,110,附表三,加班費-執行率,18.0,非收支
N05,漢翔,111,附表三,加班費-執行率,20.0,非收支
N05,漢翔,112,附表三,加班費-執行率,47.0,非收支
N05,漢翔,113,附表三,加班費-執行率,32.0,非收支
N05,漢翔,110,附表三,加班費-決算數,98005.0,非收支
N05,漢翔,111,附表三,加班費-決算數,111487.0,非收支
N05,漢翔,112,附表三,加班費-決算數,266196.0,非收支
N05,漢翔,113,附表三,加班費-決算數,213588.0,非收支
N05,漢翔,110,附表三,勞、健保費-執行率,99.0,非收支
N05,漢翔,111,附表三,勞、健保費-執行率,101.0,非收支
N05,漢翔,112,附表三,勞、健保費-執行率,72.0,非收支
N05,漢翔,113,附表三,勞、健保費-執行率,68.0,非收支
N05,漢翔,110,附表三,勞、健保費-決算數,604774.0,非收支
N05,漢翔,111,附表三,勞、健保費-決算數,635875.0,非收支
N05,漢翔,112,附表三,勞、健保費-決算數,465218.0,非收支
N05,漢翔,113,附表三,勞、健保費-決算數,615951.0,非收支
N05,漢翔,110,附表三,勞退金提撥-執行率,97.0,非收支
N05,漢翔,111,附表三,勞退金提撥-執行率,100.0,非收支
N05,漢翔,112,附表三,勞退金提撥-執行率,68.0,非收支
N05,漢翔,113,附表三,勞退金提撥-執行率,83.0,非收支
N05,漢翔,110,附表三,勞退金提撥-決算數,284906.0,非收支
N05,漢翔,111,附表三,勞退金提撥-決算數,303014.0,非收支
N05,漢翔,112,附表三,勞退金提撥-決算數,211235.0,非收支
N05,漢翔,113,附表三,勞退金提撥-決算數,292140.0,非收支
N05,漢翔,110,附表三,園務特支-執行率,87.0,非收支
N05,漢翔,111,附表三,園務特支-執行率,81.0,非收支
N05,漢翔,112,附表三,園務特支-執行率,78.0,非收支
N05,漢翔,113,附表三,園務特支-執行率,16.0,非收支
N05,漢翔,110,附表三,園務特支-決算數,33814.0,非收支
N05,漢翔,111,附表三,園務特支-決算數,31572.0,非收支
N05,漢翔,112,附表三,園務特支-決算數,30363.0,非收支
N05,漢翔,113,附表三,園務特支-決算數,6220.0,非收支
N05,漢翔,110,附表三,園舍消毒、清潔-執行率,84.0,非收支
N05,漢翔,111,附表三,園舍消毒、清潔-執行率,108.0,非收支
N05,漢翔,112,附表三,園舍消毒、清潔-執行率,108.0,非收支
N05,漢翔,113,附表三,園舍消毒、清潔-執行率,200.0,非收支
N05,漢翔,110,附表三,園舍消毒、清潔-決算數,21000.0,非收支
N05,漢翔,111,附表三,園舍消毒、清潔-決算數,27000.0,非收支
N05,漢翔,112,附表三,園舍消毒、清潔-決算數,27000.0,非收支
N05,漢翔,113,附表三,園舍消毒、清潔-決算數,50000.0,非收支
N05,漢翔,112,附表三,園長及教保服務人員薪資(含職務加給)-執行率,77.0,非收支
N05,漢翔,112,附表三,園長及教保服務人員薪資(含職務加給)-決算數,3012992.0,非收支
N05,漢翔,110,附表三,園長及教保服務人員薪資（含職務加給）-執行率,92.0,非收支
N05,漢翔,111,附表三,園長及教保服務人員薪資（含職務加給）-執行率,99.0,非收支
N05,漢翔,113,附表三,園長及教保服務人員薪資（含職務加給）-執行率,86.0,非收支
N05,漢翔,110,附表三,園長及教保服務人員薪資（含職務加給）-決算數,3411215.0,非收支
N05,漢翔,111,附表三,園長及教保服務人員薪資（含職務加給）-決算數,3749923.0,非收支
N05,漢翔,113,附表三,園長及教保服務人員薪資（含職務加給）-決算數,4511419.0,非收支
N05,漢翔,110,附表三,學前特教師、社工人員、護理人員薪資-執行率,78.0,非收支
N05,漢翔,111,附表三,學前特教師、社工人員、護理人員薪資-執行率,87.0,非收支
N05,漢翔,112,附表三,學前特教師、社工人員、護理人員薪資-執行率,70.0,非收支
N05,漢翔,110,附表三,學前特教師、社工人員、護理人員薪資-決算數,381073.0,非收支
N05,漢翔,111,附表三,學前特教師、社工人員、護理人員薪資-決算數,438714.0,非收支
N05,漢翔,112,附表三,學前特教師、社工人員、護理人員薪資-決算數,362873.0,非收支
N05,漢翔,110,附表三,差旅費-執行率,,非收支
N05,漢翔,111,附表三,差旅費-執行率,,非收支
N05,漢翔,112,附表三,差旅費-執行率,,非收支
N05,漢翔,113,附表三,差旅費-執行率,,非收支
N05,漢翔,110,附表三,差旅費-決算數,,非收支
N05,漢翔,111,附表三,差旅費-決算數,,非收支
N05,漢翔,112,附表三,差旅費-決算數,,非收支
N05,漢翔,113,附表三,差旅費-決算數,,非收支
N05,漢翔,110,附表三,延後托育支出-執行率,,非收支
N05,漢翔,111,附表三,延後托育支出-執行率,,非收支
N05,漢翔,110,附表三,延後托育支出-決算數,446820.0,非收支
N05,漢翔,111,附表三,延後托育支出-決算數,408622.0,非收支
N05,漢翔,110,附表三,延後托育收入-執行率,,非收支
N05,漢翔,111,附表三,延後托育收入-執行率,,非收支
N05,漢翔,110,附表三,延後托育收入-決算數,532950.0,非收支
N05,漢翔,111,附表三,延後托育收入-決算數,490290.0,非收支
N05,漢翔,110,附表三,延後托育收入淨額-執行率,,非收支
N05,漢翔,110,附表三,延後托育收入淨額-執行率,,非收支
N05,漢翔,111,附表三,延後托育收入淨額-執行率,,非收支
N05,漢翔,111,附表三,延後托育收入淨額-執行率,,非收支
N05,漢翔,110,附表三,延後托育收入淨額-決算數,532950.0,非收支
N05,漢翔,110,附表三,延後托育收入淨額-決算數,532950.0,非收支
N05,漢翔,111,附表三,延後托育收入淨額-決算數,490290.0,非收支
N05,漢翔,111,附表三,延後托育收入淨額-決算數,490290.0,非收支
N05,漢翔,112,附表三,延長照顧服務支出-執行率,,非收支
N05,漢翔,113,附表三,延長照顧服務支出-執行率,,非收支
N05,漢翔,112,附表三,延長照顧服務支出-決算數,168240.0,非收支
N05,漢翔,113,附表三,延長照顧服務支出-決算數,127995.0,非收支
N05,漢翔,112,附表三,延長照顧服務收入-執行率,,非收支
N05,漢翔,113,附表三,延長照顧服務收入-執行率,,非收支
N05,漢翔,112,附表三,延長照顧服務收入-決算數,168240.0,非收支
N05,漢翔,113,附表三,延長照顧服務收入-決算數,127995.0,非收支
N05,漢翔,112,附表三,延長照顧服務收入淨額-執行率,,非收支
N05,漢翔,112,附表三,延長照顧服務收入淨額-執行率,,非收支
N05,漢翔,113,附表三,延長照顧服務收入淨額-執行率,,非收支
N05,漢翔,113,附表三,延長照顧服務收入淨額-執行率,,非收支
N05,漢翔,112,附表三,延長照顧服務收入淨額-決算數,168240.0,非收支
N05,漢翔,112,附表三,延長照顧服務收入淨額-決算數,168240.0,非收支
N05,漢翔,113,附表三,延長照顧服務收入淨額-決算數,127995.0,非收支
N05,漢翔,113,附表三,延長照顧服務收入淨額-決算數,127995.0,非收支
N05,漢翔,110,附表三,所得稅費用-執行率,,非收支
N05,漢翔,111,附表三,所得稅費用-執行率,,非收支
N05,漢翔,112,附表三,所得稅費用-執行率,,非收支
N05,漢翔,113,附表三,所得稅費用-執行率,,非收支
N05,漢翔,110,附表三,所得稅費用-決算數,40034.0,非收支
N05,漢翔,111,附表三,所得稅費用-決算數,,非收支
N05,漢翔,112,附表三,所得稅費用-決算數,,非收支
N05,漢翔,113,附表三,所得稅費用-決算數,,非收支
N05,漢翔,110,附表三,攝影照片-執行率,89.0,非收支
N05,漢翔,111,附表三,攝影照片-執行率,89.0,非收支
N05,漢翔,112,附表三,攝影照片-執行率,68.0,非收支
N05,漢翔,113,附表三,攝影照片-執行率,1.0,非收支
N05,漢翔,110,附表三,攝影照片-決算數,7970.0,非收支
N05,漢翔,111,附表三,攝影照片-決算數,7976.0,非收支
N05,漢翔,112,附表三,攝影照片-決算數,6116.0,非收支
N05,漢翔,113,附表三,攝影照片-決算數,96.0,非收支
N05,漢翔,110,附表三,支出-執行率,119.0,非收支
N05,漢翔,111,附表三,支出-執行率,126.0,非收支
N05,漢翔,112,附表三,支出-執行率,132.0,非收支
N05,漢翔,113,附表三,支出-執行率,103.0,非收支
N05,漢翔,110,附表三,支出-決算數,11009882.0,非收支
N05,漢翔,111,附表三,支出-決算數,11869873.0,非收支
N05,漢翔,112,附表三,支出-決算數,12653515.0,非收支
N05,漢翔,113,附表三,支出-決算數,11597650.0,非收支
N05,漢翔,110,附表三,收入-執行率,127.0,非收支
N05,漢翔,111,附表三,收入-執行率,128.0,非收支
N05,漢翔,112,附表三,收入-執行率,138.0,非收支
N05,漢翔,113,附表三,收入-執行率,110.0,非收支
N05,漢翔,110,附表三,收入-決算數,11841923.0,非收支
N05,漢翔,111,附表三,收入-決算數,11976524.0,非收支
N05,漢翔,112,附表三,收入-決算數,12921591.0,非收支
N05,漢翔,113,附表三,收入-決算數,13204495.0,非收支
N05,漢翔,112,附表三,政府學費差額補助退費-執行率,,非收支
N05,漢翔,113,附表三,政府學費差額補助退費-執行率,,非收支
N05,漢翔,112,附表三,政府學費差額補助退費-決算數,-1008.0,非收支
N05,漢翔,113,附表三,政府學費差額補助退費-決算數,-217120.0,非收支
N05,漢翔,110,附表三,教保材料費-執行率,46.0,非收支
N05,漢翔,111,附表三,教保材料費-執行率,48.0,非收支
N05,漢翔,112,附表三,教保材料費-執行率,77.0,非收支
N05,漢翔,113,附表三,教保材料費-執行率,57.0,非收支
N05,漢翔,110,附表三,教保材料費-決算數,83448.0,非收支
N05,漢翔,111,附表三,教保材料費-決算數,87680.0,非收支
N05,漢翔,112,附表三,教保材料費-決算數,140801.0,非收支
N05,漢翔,113,附表三,教保材料費-決算數,99130.0,非收支
N05,漢翔,110,附表三,教保費收入-執行率,97.0,非收支
N05,漢翔,111,附表三,教保費收入-執行率,97.0,非收支
N05,漢翔,112,附表三,教保費收入-執行率,97.0,非收支
N05,漢翔,113,附表三,教保費收入-執行率,102.0,非收支
N05,漢翔,110,附表三,教保費收入-決算數,9030884.0,非收支
N05,漢翔,111,附表三,教保費收入-決算數,9024121.0,非收支
N05,漢翔,112,附表三,教保費收入-決算數,9017887.0,非收支
N05,漢翔,113,附表三,教保費收入-決算數,12232000.0,非收支
N05,漢翔,110,附表三,教保費收入淨額-執行率,96.0,非收支
N05,漢翔,111,附表三,教保費收入淨額-執行率,96.0,非收支
N05,漢翔,112,附表三,教保費收入淨額-執行率,96.0,非收支
N05,漢翔,113,附表三,教保費收入淨額-執行率,99.0,非收支
N05,漢翔,110,附表三,教保費收入淨額-決算數,8992892.0,非收支
N05,漢翔,111,附表三,教保費收入淨額-決算數,8982929.0,非收支
N05,漢翔,112,附表三,教保費收入淨額-決算數,8952660.0,非收支
N05,漢翔,113,附表三,教保費收入淨額-決算數,11971032.0,非收支
N05,漢翔,110,附表三,教保費收入減項-執行率,,非收支
N05,漢翔,111,附表三,教保費收入減項-執行率,,非收支
N05,漢翔,112,附表三,教保費收入減項-執行率,,非收支
N05,漢翔,113,附表三,教保費收入減項-執行率,,非收支
N05,漢翔,110,附表三,教保費收入減項-決算數,-37992.0,非收支
N05,漢翔,111,附表三,教保費收入減項-決算數,-41192.0,非收支
N05,漢翔,112,附表三,教保費收入減項-決算數,-65227.0,非收支
N05,漢翔,113,附表三,教保費收入減項-決算數,-260968.0,非收支
N05,漢翔,110,附表三,教保費收入（家長繳費）-執行率,60.0,非收支
N05,漢翔,111,附表三,教保費收入（家長繳費）-執行率,50.0,非收支
N05,漢翔,112,附表三,教保費收入（家長繳費）-執行率,51.0,非收支
N05,漢翔,113,附表三,教保費收入（家長繳費）-執行率,53.0,非收支
N05,漢翔,110,附表三,教保費收入（家長繳費）-決算數,1362000.0,非收支
N05,漢翔,111,附表三,教保費收入（家長繳費）-決算數,918000.0,非收支
N05,漢翔,112,附表三,教保費收入（家長繳費）-決算數,934607.0,非收支
N05,漢翔,113,附表三,教保費收入（家長繳費）-決算數,912000.0,非收支
N05,漢翔,110,附表三,教保費收入（政府學費差額補助）-執行率,109.0,非收支
N05,漢翔,111,附表三,教保費收入（政府學費差額補助）-執行率,108.0,非收支
N05,漢翔,112,附表三,教保費收入（政府學費差額補助）-執行率,107.0,非收支
N05,漢翔,113,附表三,教保費收入（政府學費差額補助）-執行率,110.0,非收支
N05,漢翔,110,附表三,教保費收入（政府學費差額補助）-決算數,7668884.0,非收支
N05,漢翔,111,附表三,教保費收入（政府學費差額補助）-決算數,8106121.0,非收支
N05,漢翔,112,附表三,教保費收入（政府學費差額補助）-決算數,8083280.0,非收支
N05,漢翔,113,附表三,教保費收入（政府學費差額補助）-決算數,11320000.0,非收支
N05,漢翔,110,附表三,文宣費（一般文宣）-執行率,10.0,非收支
N05,漢翔,111,附表三,文宣費（一般文宣）-執行率,34.0,非收支
N05,漢翔,112,附表三,文宣費（一般文宣）-執行率,31.0,非收支
N05,漢翔,113,附表三,文宣費（一般文宣）-執行率,,非收支
N05,漢翔,110,附表三,文宣費（一般文宣）-決算數,1000.0,非收支
N05,漢翔,111,附表三,文宣費（一般文宣）-決算數,3373.0,非收支
N05,漢翔,112,附表三,文宣費（一般文宣）-決算數,3120.0,非收支
N05,漢翔,113,附表三,文宣費（一般文宣）-決算數,,非收支
N05,漢翔,110,附表三,文宣費（園刊）-執行率,55.0,非收支
N05,漢翔,111,附表三,文宣費（園刊）-執行率,18.0,非收支
N05,漢翔,113,附表三,文宣費（園刊）-執行率,,非收支
N05,漢翔,110,附表三,文宣費（園刊）-決算數,15000.0,非收支
N05,漢翔,111,附表三,文宣費（園刊）-決算數,5084.0,非收支
N05,漢翔,113,附表三,文宣費（園刊）-決算數,,非收支
N05,漢翔,112,附表三,文宣費（圖刊）-執行率,36.0,非收支
N05,漢翔,112,附表三,文宣費（圖刊）-決算數,9997.0,非收支
N05,漢翔,110,附表三,日常消耗用品-執行率,63.0,非收支
N05,漢翔,111,附表三,日常消耗用品-執行率,92.0,非收支
N05,漢翔,112,附表三,日常消耗用品-執行率,85.0,非收支
N05,漢翔,113,附表三,日常消耗用品-執行率,91.0,非收支
N05,漢翔,110,附表三,日常消耗用品-決算數,28659.0,非收支
N05,漢翔,111,附表三,日常消耗用品-決算數,42083.0,非收支
N05,漢翔,112,附表三,日常消耗用品-決算數,38613.0,非收支
N05,漢翔,113,附表三,日常消耗用品-決算數,39236.0,非收支
N05,漢翔,110,附表三,會計、總務、廚工、清潔薪資-執行率,82.0,非收支
N05,漢翔,111,附表三,會計、總務、廚工、清潔薪資-執行率,89.0,非收支
N05,漢翔,112,附表三,會計、總務、廚工、清潔薪資-執行率,51.0,非收支
N05,漢翔,113,附表三,會計、總務、廚工、清潔薪資-執行率,46.0,非收支
N05,漢翔,110,附表三,會計、總務、廚工、清潔薪資-決算數,991546.0,非收支
N05,漢翔,111,附表三,會計、總務、廚工、清潔薪資-決算數,1096280.0,非收支
N05,漢翔,112,附表三,會計、總務、廚工、清潔薪資-決算數,640476.0,非收支
N05,漢翔,113,附表三,會計、總務、廚工、清潔薪資-決算數,647075.0,非收支
N05,漢翔,110,附表三,本期稅前餘絀-執行率,1039.0,非收支
N05,漢翔,111,附表三,本期稅前餘絀-執行率,-121.0,非收支
N05,漢翔,112,附表三,本期稅前餘絀-執行率,-102.0,非收支
N05,漢翔,113,附表三,本期稅前餘絀-執行率,198.0,非收支
N05,漢翔,110,附表三,本期稅前餘絀-決算數,832041.0,非收支
N05,漢翔,111,附表三,本期稅前餘絀-決算數,106651.0,非收支
N05,漢翔,112,附表三,本期稅前餘絀-決算數,268076.0,非收支
N05,漢翔,113,附表三,本期稅前餘絀-決算數,1606845.0,非收支
N05,漢翔,110,附表三,本期稅後餘絀-執行率,989.0,非收支
N05,漢翔,111,附表三,本期稅後餘絀-執行率,-121.0,非收支
N05,漢翔,112,附表三,本期稅後餘絀-執行率,-102.0,非收支
N05,漢翔,113,附表三,本期稅後餘絀-執行率,198.0,非收支
N05,漢翔,110,附表三,本期稅後餘絀-決算數,792007.0,非收支
N05,漢翔,111,附表三,本期稅後餘絀-決算數,106651.0,非收支
N05,漢翔,112,附表三,本期稅後餘絀-決算數,268076.0,非收支
N05,漢翔,113,附表三,本期稅後餘絀-決算數,1606845.0,非收支
N05,漢翔,110,附表三,材料費-執行率,77.0,非收支
N05,漢翔,111,附表三,材料費-執行率,92.0,非收支
N05,漢翔,112,附表三,材料費-執行率,100.0,非收支
N05,漢翔,113,附表三,材料費-執行率,65.0,非收支
N05,漢翔,110,附表三,材料費-決算數,907619.0,非收支
N05,漢翔,111,附表三,材料費-決算數,1086820.0,非收支
N05,漢翔,112,附表三,材料費-決算數,1180578.0,非收支
N05,漢翔,113,附表三,材料費-決算數,811922.0,非收支
N05,漢翔,110,附表三,業務發展費-執行率,,非收支
N05,漢翔,111,附表三,業務發展費-執行率,,非收支
N05,漢翔,112,附表三,業務發展費-執行率,,非收支
N05,漢翔,113,附表三,業務發展費-執行率,,非收支
N05,漢翔,110,附表三,業務發展費-決算數,766300.0,非收支
N05,漢翔,111,附表三,業務發展費-決算數,744800.0,非收支
N05,漢翔,112,附表三,業務發展費-決算數,1782519.0,非收支
N05,漢翔,113,附表三,業務發展費-決算數,2575405.0,非收支
N05,漢翔,110,附表三,業務費-執行率,54.0,非收支
N05,漢翔,111,附表三,業務費-執行率,59.0,非收支
N05,漢翔,112,附表三,業務費-執行率,61.0,非收支
N05,漢翔,113,附表三,業務費-執行率,42.0,非收支
N05,漢翔,110,附表三,業務費-決算數,373048.0,非收支
N05,漢翔,111,附表三,業務費-決算數,412723.0,非收支
N05,漢翔,112,附表三,業務費-決算數,421276.0,非收支
N05,漢翔,113,附表三,業務費-決算數,298788.0,非收支
N05,漢翔,110,附表三,水費-執行率,33.0,非收支
N05,漢翔,111,附表三,水費-執行率,37.0,非收支
N05,漢翔,112,附表三,水費-執行率,39.0,非收支
N05,漢翔,113,附表三,水費-執行率,34.0,非收支
N05,漢翔,110,附表三,水費-決算數,8620.0,非收支
N05,漢翔,111,附表三,水費-決算數,9611.0,非收支
N05,漢翔,112,附表三,水費-決算數,10090.0,非收支
N05,漢翔,113,附表三,水費-決算數,8855.0,非收支
N05,漢翔,110,附表三,水電修繕-執行率,71.0,非收支
N05,漢翔,111,附表三,水電修繕-執行率,140.0,非收支
N05,漢翔,110,附表三,水電修繕-決算數,60264.0,非收支
N05,漢翔,111,附表三,水電修繕-決算數,119248.0,非收支
N05,漢翔,110,附表三,活動費-執行率,70.0,非收支
N05,漢翔,111,附表三,活動費-執行率,113.0,非收支
N05,漢翔,112,附表三,活動費-執行率,97.0,非收支
N05,漢翔,113,附表三,活動費-執行率,45.0,非收支
N05,漢翔,110,附表三,活動費-決算數,66776.0,非收支
N05,漢翔,111,附表三,活動費-決算數,107536.0,非收支
N05,漢翔,112,附表三,活動費-決算數,91855.0,非收支
N05,漢翔,113,附表三,活動費-決算數,42887.0,非收支
N05,漢翔,110,附表三,火險-執行率,14.0,非收支
N05,漢翔,111,附表三,火險-執行率,13.0,非收支
N05,漢翔,112,附表三,火險-執行率,13.0,非收支
N05,漢翔,113,附表三,火險-執行率,13.0,非收支
N05,漢翔,110,附表三,火險-決算數,1130.0,非收支
N05,漢翔,111,附表三,火險-決算數,1017.0,非收支
N05,漢翔,112,附表三,火險-決算數,1017.0,非收支
N05,漢翔,113,附表三,火險-決算數,1017.0,非收支
N05,漢翔,110,附表三,瓦斯費-執行率,34.0,非收支
N05,漢翔,111,附表三,瓦斯費-執行率,39.0,非收支
N05,漢翔,112,附表三,瓦斯費-執行率,40.0,非收支
N05,漢翔,113,附表三,瓦斯費-執行率,34.0,非收支
N05,漢翔,110,附表三,瓦斯費-決算數,10843.0,非收支
N05,漢翔,111,附表三,瓦斯費-決算數,12616.0,非收支
N05,漢翔,112,附表三,瓦斯費-決算數,12775.0,非收支
N05,漢翔,113,附表三,瓦斯費-決算數,10756.0,非收支
N05,漢翔,110,附表三,研習、進修-執行率,36.0,非收支
N05,漢翔,111,附表三,研習、進修-執行率,13.0,非收支
N05,漢翔,112,附表三,研習、進修-執行率,75.0,非收支
N05,漢翔,113,附表三,研習、進修-執行率,16.0,非收支
N05,漢翔,110,附表三,研習、進修-決算數,7900.0,非收支
N05,漢翔,111,附表三,研習、進修-決算數,2950.0,非收支
N05,漢翔,112,附表三,研習、進修-決算數,16500.0,非收支
N05,漢翔,113,附表三,研習、進修-決算數,3600.0,非收支
N05,漢翔,110,附表三,維護費-執行率,70.0,非收支
N05,漢翔,111,附表三,維護費-執行率,125.0,非收支
N05,漢翔,112,附表三,維護費-執行率,75.0,非收支
N05,漢翔,113,附表三,維護費-執行率,108.0,非收支
N05,漢翔,110,附表三,維護費-決算數,82394.0,非收支
N05,漢翔,111,附表三,維護費-決算數,147265.0,非收支
N05,漢翔,112,附表三,維護費-決算數,88595.0,非收支
N05,漢翔,113,附表三,維護費-決算數,127280.0,非收支
N05,漢翔,112,附表三,腸病毒退費-執行率,,非收支
N05,漢翔,113,附表三,腸病毒退費-執行率,,非收支
N05,漢翔,112,附表三,腸病毒退費-決算數,-29830.0,非收支
N05,漢翔,113,附表三,腸病毒退費-決算數,-6434.0,非收支
N05,漢翔,110,附表三,自強活動-執行率,34.0,非收支
N05,漢翔,111,附表三,自強活動-執行率,100.0,非收支
N05,漢翔,112,附表三,自強活動-執行率,100.0,非收支
N05,漢翔,113,附表三,自強活動-執行率,,非收支
N05,漢翔,110,附表三,自強活動-決算數,3688.0,非收支
N05,漢翔,111,附表三,自強活動-決算數,11000.0,非收支
N05,漢翔,112,附表三,自強活動-決算數,11000.0,非收支
N05,漢翔,113,附表三,自強活動-決算數,,非收支
N05,漢翔,110,附表三,藥品費-執行率,27.0,非收支
N05,漢翔,111,附表三,藥品費-執行率,115.0,非收支
N05,漢翔,112,附表三,藥品費-執行率,82.0,非收支
N05,漢翔,113,附表三,藥品費-執行率,91.0,非收支
N05,漢翔,110,附表三,藥品費-決算數,1455.0,非收支
N05,漢翔,111,附表三,藥品費-決算數,6121.0,非收支
N05,漢翔,112,附表三,藥品費-決算數,4339.0,非收支
N05,漢翔,113,附表三,藥品費-決算數,4607.0,非收支
N05,漢翔,110,附表三,行政管理費-執行率,100.0,非收支
N05,漢翔,111,附表三,行政管理費-執行率,100.0,非收支
N05,漢翔,112,附表三,行政管理費-執行率,100.0,非收支
N05,漢翔,113,附表三,行政管理費-執行率,100.0,非收支
N05,漢翔,110,附表三,行政管理費-決算數,112681.0,非收支
N05,漢翔,111,附表三,行政管理費-決算數,112681.0,非收支
N05,漢翔,112,附表三,行政管理費-決算數,112681.0,非收支
N05,漢翔,113,附表三,行政管理費-決算數,197754.0,非收支
N05,漢翔,112,附表三,資產費-執行率,100.0,非收支
N05,漢翔,112,附表三,資產費-決算數,41898.0,非收支
N05,漢翔,110,附表三,資遣費-執行率,100.0,非收支
N05,漢翔,111,附表三,資遣費-執行率,100.0,非收支
N05,漢翔,113,附表三,資遣費-執行率,100.0,非收支
N05,漢翔,110,附表三,資遣費-決算數,39941.0,非收支
N05,漢翔,111,附表三,資遣費-決算數,40920.0,非收支
N05,漢翔,113,附表三,資遣費-決算數,49138.0,非收支
N05,漢翔,110,附表三,轉學/轉出退費-執行率,,非收支
N05,漢翔,111,附表三,轉學/轉出退費-執行率,,非收支
N05,漢翔,112,附表三,轉學/轉出退費-執行率,,非收支
N05,漢翔,110,附表三,轉學/轉出退費-決算數,,非收支
N05,漢翔,111,附表三,轉學/轉出退費-決算數,,非收支
N05,漢翔,112,附表三,轉學/轉出退費-決算數,-1634.0,非收支
N05,漢翔,110,附表三,辦公文具-執行率,44.0,非收支
N05,漢翔,111,附表三,辦公文具-執行率,91.0,非收支
N05,漢翔,112,附表三,辦公文具-執行率,67.0,非收支
N05,漢翔,113,附表三,辦公文具-執行率,74.0,非收支
N05,漢翔,110,附表三,辦公文具-決算數,7856.0,非收支
N05,漢翔,111,附表三,辦公文具-決算數,16337.0,非收支
N05,漢翔,112,附表三,辦公文具-決算數,12015.0,非收支
N05,漢翔,113,附表三,辦公文具-決算數,13275.0,非收支
N05,漢翔,110,附表三,郵資-執行率,118.0,非收支
N05,漢翔,111,附表三,郵資-執行率,42.0,非收支
N05,漢翔,112,附表三,郵資-執行率,31.0,非收支
N05,漢翔,113,附表三,郵資-執行率,74.0,非收支
N05,漢翔,110,附表三,郵資-決算數,8499.0,非收支
N05,漢翔,111,附表三,郵資-決算數,3034.0,非收支
N05,漢翔,112,附表三,郵資-決算數,2255.0,非收支
N05,漢翔,113,附表三,郵資-決算數,5320.0,非收支
N05,漢翔,110,附表三,雜支-執行率,84.0,非收支
N05,漢翔,111,附表三,雜支-執行率,82.0,非收支
N05,漢翔,112,附表三,雜支-執行率,63.0,非收支
N05,漢翔,113,附表三,雜支-執行率,91.0,非收支
N05,漢翔,110,附表三,雜支-決算數,34973.0,非收支
N05,漢翔,111,附表三,雜支-決算數,34343.0,非收支
N05,漢翔,112,附表三,雜支-決算數,26415.0,非收支
N05,漢翔,113,附表三,雜支-決算數,39257.0,非收支
N05,漢翔,112,附表三,電話費（含ADSL）-執行率,83.0,非收支
N05,漢翔,113,附表三,電話費（含ADSL）-執行率,79.0,非收支
N05,漢翔,112,附表三,電話費（含ADSL）-決算數,37125.0,非收支
N05,漢翔,113,附表三,電話費（含ADSL）-決算數,35608.0,非收支
N05,漢翔,110,附表三,電話費（含網路）-執行率,78.0,非收支
N05,漢翔,111,附表三,電話費（含網路）-執行率,83.0,非收支
N05,漢翔,110,附表三,電話費（含網路）-決算數,35287.0,非收支
N05,漢翔,111,附表三,電話費（含網路）-決算數,37141.0,非收支
N05,漢翔,110,附表三,電費-執行率,56.0,非收支
N05,漢翔,111,附表三,電費-執行率,66.0,非收支
N05,漢翔,112,附表三,電費-執行率,70.0,非收支
N05,漢翔,113,附表三,電費-執行率,66.0,非收支
N05,漢翔,110,附表三,電費-決算數,114382.0,非收支
N05,漢翔,111,附表三,電費-決算數,135064.0,非收支
N05,漢翔,112,附表三,電費-決算數,142787.0,非收支
N05,漢翔,113,附表三,電費-決算數,151354.0,非收支
N05,漢翔,110,附表三,餐點費-執行率,84.0,非收支
N05,漢翔,111,附表三,餐點費-執行率,100.0,非收支
N05,漢翔,112,附表三,餐點費-執行率,105.0,非收支
N05,漢翔,113,附表三,餐點費-執行率,65.0,非收支
N05,漢翔,110,附表三,餐點費-決算數,794057.0,非收支
N05,漢翔,111,附表三,餐點費-決算數,950936.0,非收支
N05,漢翔,112,附表三,餐點費-決算數,996825.0,非收支
N05,漢翔,113,附表三,餐點費-決算數,668949.0,非收支
N05,漢翔,110,附表二,事務機器耗材-差異率,-32.0,非收支
N05,漢翔,111,附表二,事務機器耗材-差異率,33.0,非收支
N05,漢翔,112,附表二,事務機器耗材-差異率,55.0,非收支
N05,漢翔,113,附表二,事務機器耗材-差異率,-65.0,非收支
N05,漢翔,110,附表二,事務機器耗材-決算數,40542.0,非收支
N05,漢翔,111,附表二,事務機器耗材-決算數,40429.0,非收支
N05,漢翔,112,附表二,事務機器耗材-決算數,27126.0,非收支
N05,漢翔,113,附表二,事務機器耗材-決算數,20817.0,非收支
N05,漢翔,110,附表二,人事費-差異率,-16.0,非收支
N05,漢翔,110,附表二,人事費-差異率,-11.0,非收支
N05,漢翔,111,附表二,人事費-差異率,11.0,非收支
N05,漢翔,111,附表二,人事費-差異率,5.0,非收支
N05,漢翔,112,附表二,人事費-差異率,32.0,非收支
N05,漢翔,112,附表二,人事費-差異率,30.0,非收支
N05,漢翔,113,附表二,人事費-差異率,-28.0,非收支
N05,漢翔,113,附表二,人事費-差異率,-24.0,非收支
N05,漢翔,110,附表二,人事費-決算數,5862148.0,非收支
N05,漢翔,110,附表二,人事費-決算數,5724202.0,非收支
N05,漢翔,111,附表二,人事費-決算數,6412661.0,非收支
N05,漢翔,111,附表二,人事費-決算數,6260254.0,非收支
N05,漢翔,112,附表二,人事費-決算數,5032018.0,非收支
N05,漢翔,112,附表二,人事費-決算數,4723924.0,非收支
N05,漢翔,113,附表二,人事費-決算數,6363884.0,非收支
N05,漢翔,113,附表二,人事費-決算數,6101158.0,非收支
N05,漢翔,110,附表二,保全-差異率,-82.0,非收支
N05,漢翔,111,附表二,保全-差異率,,非收支
N05,漢翔,112,附表二,保全-差異率,76.0,非收支
N05,漢翔,113,附表二,保全-差異率,,非收支
N05,漢翔,110,附表二,保全-決算數,14559.0,非收支
N05,漢翔,111,附表二,保全-決算數,,非收支
N05,漢翔,112,附表二,保全-決算數,19152.0,非收支
N05,漢翔,113,附表二,保全-決算數,,非收支
N05,漢翔,110,附表二,修繕購置費-差異率,5.0,非收支
N05,漢翔,111,附表二,修繕購置費-差異率,57.0,非收支
N05,漢翔,112,附表二,修繕購置費-差異率,5.0,非收支
N05,漢翔,113,附表二,修繕購置費-差異率,-45.0,非收支
N05,漢翔,110,附表二,修繕購置費-決算數,111654.0,非收支
N05,漢翔,111,附表二,修繕購置費-決算數,46170.0,非收支
N05,漢翔,112,附表二,修繕購置費-決算數,111709.0,非收支
N05,漢翔,113,附表二,修繕購置費-決算數,55784.0,非收支
N05,漢翔,110,附表二,加班費-差異率,-82.0,非收支
N05,漢翔,111,附表二,加班費-差異率,80.0,非收支
N05,漢翔,112,附表二,加班費-差異率,53.0,非收支
N05,漢翔,113,附表二,加班費-差異率,-68.0,非收支
N05,漢翔,110,附表二,加班費-決算數,98005.0,非收支
N05,漢翔,111,附表二,加班費-決算數,111487.0,非收支
N05,漢翔,112,附表二,加班費-決算數,266196.0,非收支
N05,漢翔,113,附表二,加班費-決算數,213588.0,非收支
N05,漢翔,112,附表二,合 計-差異率,27.0,非收支
N05,漢翔,112,附表二,合 計-決算數,6973272.0,非收支
N05,漢翔,110,附表二,合計-差異率,-19.0,非收支
N05,漢翔,111,附表二,合計-差異率,13.0,非收支
N05,漢翔,113,附表二,合計-差異率,-30.0,非收支
N05,漢翔,110,附表二,合計-決算數,7484517.0,非收支
N05,漢翔,111,附表二,合計-決算數,8252663.0,非收支
N05,漢翔,113,附表二,合計-決算數,7894669.0,非收支
N05,漢翔,110,附表二,園務特支-差異率,-13.0,非收支
N05,漢翔,111,附表二,園務特支-差異率,19.0,非收支
N05,漢翔,112,附表二,園務特支-差異率,22.0,非收支
N05,漢翔,113,附表二,園務特支-差異率,-84.0,非收支
N05,漢翔,110,附表二,園務特支-決算數,33814.0,非收支
N05,漢翔,111,附表二,園務特支-決算數,31572.0,非收支
N05,漢翔,112,附表二,園務特支-決算數,30363.0,非收支
N05,漢翔,113,附表二,園務特支-決算數,6220.0,非收支
N05,漢翔,110,附表二,差旅費-差異率,,非收支
N05,漢翔,111,附表二,差旅費-差異率,,非收支
N05,漢翔,112,附表二,差旅費-差異率,,非收支
N05,漢翔,113,附表二,差旅費-差異率,,非收支
N05,漢翔,110,附表二,差旅費-決算數,,非收支
N05,漢翔,111,附表二,差旅費-決算數,,非收支
N05,漢翔,112,附表二,差旅費-決算數,,非收支
N05,漢翔,113,附表二,差旅費-決算數,,非收支
N05,漢翔,110,附表二,攝影照片-差異率,-11.0,非收支
N05,漢翔,111,附表二,攝影照片-差異率,11.0,非收支
N05,漢翔,112,附表二,攝影照片-差異率,32.0,非收支
N05,漢翔,113,附表二,攝影照片-差異率,-99.0,非收支
N05,漢翔,110,附表二,攝影照片-決算數,7970.0,非收支
N05,漢翔,111,附表二,攝影照片-決算數,7976.0,非收支
N05,漢翔,112,附表二,攝影照片-決算數,6116.0,非收支
N05,漢翔,113,附表二,攝影照片-決算數,96.0,非收支
N05,漢翔,110,附表二,教保材料費-差異率,-54.0,非收支
N05,漢翔,111,附表二,教保材料費-差異率,52.0,非收支
N05,漢翔,112,附表二,教保材料費-差異率,23.0,非收支
N05,漢翔,113,附表二,教保材料費-差異率,-43.0,非收支
N05,漢翔,110,附表二,教保材料費-決算數,83448.0,非收支
N05,漢翔,111,附表二,教保材料費-決算數,87680.0,非收支
N05,漢翔,112,附表二,教保材料費-決算數,140801.0,非收支
N05,漢翔,113,附表二,教保材料費-決算數,99130.0,非收支
N05,漢翔,112,附表二,文宣費(一般文宣)-差異率,69.0,非收支
N05,漢翔,112,附表二,文宣費(一般文宣)-決算數,3120.0,非收支
N05,漢翔,112,附表二,文宣費(園刊)-差異率,64.0,非收支
N05,漢翔,112,附表二,文宣費(園刊)-決算數,9997.0,非收支
N05,漢翔,110,附表二,文宣費（一般文宣）-差異率,-90.0,非收支
N05,漢翔,111,附表二,文宣費（一般文宣）-差異率,66.0,非收支
N05,漢翔,113,附表二,文宣費（一般文宣）-差異率,,非收支
N05,漢翔,110,附表二,文宣費（一般文宣）-決算數,1000.0,非收支
N05,漢翔,111,附表二,文宣費（一般文宣）-決算數,3373.0,非收支
N05,漢翔,113,附表二,文宣費（一般文宣）-決算數,,非收支
N05,漢翔,110,附表二,文宣費（園刊）-差異率,-45.0,非收支
N05,漢翔,111,附表二,文宣費（園刊）-差異率,82.0,非收支
N05,漢翔,113,附表二,文宣費（園刊）-差異率,,非收支
N05,漢翔,110,附表二,文宣費（園刊）-決算數,15000.0,非收支
N05,漢翔,111,附表二,文宣費（園刊）-決算數,5084.0,非收支
N05,漢翔,113,附表二,文宣費（園刊）-決算數,,非收支
N05,漢翔,110,附表二,日常消耗用品-差異率,-37.0,非收支
N05,漢翔,111,附表二,日常消耗用品-差異率,8.0,非收支
N05,漢翔,112,附表二,日常消耗用品-差異率,15.0,非收支
N05,漢翔,113,附表二,日常消耗用品-差異率,-9.0,非收支
N05,漢翔,110,附表二,日常消耗用品-決算數,28659.0,非收支
N05,漢翔,111,附表二,日常消耗用品-決算數,42083.0,非收支
N05,漢翔,112,附表二,日常消耗用品-決算數,38613.0,非收支
N05,漢翔,113,附表二,日常消耗用品-決算數,39236.0,非收支
N05,漢翔,110,附表二,材料費-差異率,-23.0,非收支
N05,漢翔,111,附表二,材料費-差異率,8.0,非收支
N05,漢翔,112,附表二,材料費-差異率,,非收支
N05,漢翔,113,附表二,材料費-差異率,-35.0,非收支
N05,漢翔,110,附表二,材料費-決算數,907619.0,非收支
N05,漢翔,111,附表二,材料費-決算數,1086820.0,非收支
N05,漢翔,112,附表二,材料費-決算數,1180578.0,非收支
N05,漢翔,113,附表二,材料費-決算數,811922.0,非收支
N05,漢翔,110,附表二,業務費-差異率,-46.0,非收支
N05,漢翔,111,附表二,業務費-差異率,41.0,非收支
N05,漢翔,112,附表二,業務費-差異率,39.0,非收支
N05,漢翔,113,附表二,業務費-差異率,-58.0,非收支
N05,漢翔,110,附表二,業務費-決算數,373048.0,非收支
N05,漢翔,111,附表二,業務費-決算數,412723.0,非收支
N05,漢翔,112,附表二,業務費-決算數,421276.0,非收支
N05,漢翔,113,附表二,業務費-決算數,298788.0,非收支
N05,漢翔,110,附表二,水費-差異率,-67.0,非收支
N05,漢翔,111,附表二,水費-差異率,63.0,非收支
N05,漢翔,112,附表二,水費-差異率,61.0,非收支
N05,漢翔,113,附表二,水費-差異率,-66.0,非收支
N05,漢翔,110,附表二,水費-決算數,8620.0,非收支
N05,漢翔,111,附表二,水費-決算數,9611.0,非收支
N05,漢翔,112,附表二,水費-決算數,10090.0,非收支
N05,漢翔,113,附表二,水費-決算數,8855.0,非收支
N05,漢翔,110,附表二,活動費-差異率,-30.0,非收支
N05,漢翔,111,附表二,活動費-差異率,13.0,非收支
N05,漢翔,112,附表二,活動費-差異率,3.0,非收支
N05,漢翔,113,附表二,活動費-差異率,-55.0,非收支
N05,漢翔,110,附表二,活動費-決算數,66776.0,非收支
N05,漢翔,111,附表二,活動費-決算數,107536.0,非收支
N05,漢翔,112,附表二,活動費-決算數,91855.0,非收支
N05,漢翔,113,附表二,活動費-決算數,42887.0,非收支
N05,漢翔,110,附表二,瓦斯費-差異率,-66.0,非收支
N05,漢翔,111,附表二,瓦斯費-差異率,61.0,非收支
N05,漢翔,112,附表二,瓦斯費-差異率,60.0,非收支
N05,漢翔,113,附表二,瓦斯費-差異率,-66.0,非收支
N05,漢翔,110,附表二,瓦斯費-決算數,10843.0,非收支
N05,漢翔,111,附表二,瓦斯費-決算數,12616.0,非收支
N05,漢翔,112,附表二,瓦斯費-決算數,12775.0,非收支
N05,漢翔,113,附表二,瓦斯費-決算數,10756.0,非收支
N05,漢翔,110,附表二,研習、進修-差異率,-64.0,非收支
N05,漢翔,111,附表二,研習、進修-差異率,87.0,非收支
N05,漢翔,112,附表二,研習、進修-差異率,25.0,非收支
N05,漢翔,113,附表二,研習、進修-差異率,-84.0,非收支
N05,漢翔,110,附表二,研習、進修-決算數,7900.0,非收支
N05,漢翔,111,附表二,研習、進修-決算數,2950.0,非收支
N05,漢翔,112,附表二,研習、進修-決算數,16500.0,非收支
N05,漢翔,113,附表二,研習、進修-決算數,3600.0,非收支
N05,漢翔,110,附表二,維護費-差異率,-30.0,非收支
N05,漢翔,111,附表二,維護費-差異率,25.0,非收支
N05,漢翔,112,附表二,維護費-差異率,25.0,非收支
N05,漢翔,113,附表二,維護費-差異率,8.0,非收支
N05,漢翔,110,附表二,維護費-決算數,82394.0,非收支
N05,漢翔,111,附表二,維護費-決算數,147265.0,非收支
N05,漢翔,112,附表二,維護費-決算數,88595.0,非收支
N05,漢翔,113,附表二,維護費-決算數,127280.0,非收支
N05,漢翔,110,附表二,藥品費-差異率,-73.0,非收支
N05,漢翔,111,附表二,藥品費-差異率,15.0,非收支
N05,漢翔,112,附表二,藥品費-差異率,18.0,非收支
N05,漢翔,113,附表二,藥品費-差異率,-9.0,非收支
N05,漢翔,110,附表二,藥品費-決算數,1455.0,非收支
N05,漢翔,111,附表二,藥品費-決算數,6121.0,非收支
N05,漢翔,112,附表二,藥品費-決算數,4339.0,非收支
N05,漢翔,113,附表二,藥品費-決算數,4607.0,非收支
N05,漢翔,110,附表二,行政管理費-差異率,,非收支
N05,漢翔,111,附表二,行政管理費-差異率,,非收支
N05,漢翔,112,附表二,行政管理費-差異率,,非收支
N05,漢翔,113,附表二,行政管理費-差異率,,非收支
N05,漢翔,110,附表二,行政管理費-決算數,112681.0,非收支
N05,漢翔,111,附表二,行政管理費-決算數,112681.0,非收支
N05,漢翔,112,附表二,行政管理費-決算數,112681.0,非收支
N05,漢翔,113,附表二,行政管理費-決算數,197754.0,非收支
N05,漢翔,110,附表二,資遣費-差異率,,非收支
N05,漢翔,111,附表二,資遣費-差異率,,非收支
N05,漢翔,112,附表二,資遣費-差異率,,非收支
N05,漢翔,113,附表二,資遣費-差異率,,非收支
N05,漢翔,110,附表二,資遣費-決算數,39941.0,非收支
N05,漢翔,111,附表二,資遣費-決算數,40920.0,非收支
N05,漢翔,112,附表二,資遣費-決算數,41898.0,非收支
N05,漢翔,113,附表二,資遣費-決算數,49138.0,非收支
N05,漢翔,110,附表二,辦公文具-差異率,-56.0,非收支
N05,漢翔,111,附表二,辦公文具-差異率,9.0,非收支
N05,漢翔,112,附表二,辦公文具-差異率,33.0,非收支
N05,漢翔,113,附表二,辦公文具-差異率,-26.0,非收支
N05,漢翔,110,附表二,辦公文具-決算數,7856.0,非收支
N05,漢翔,111,附表二,辦公文具-決算數,16337.0,非收支
N05,漢翔,112,附表二,辦公文具-決算數,12015.0,非收支
N05,漢翔,113,附表二,辦公文具-決算數,13275.0,非收支
N05,漢翔,110,附表二,郵資-差異率,18.0,非收支
N05,漢翔,111,附表二,郵資-差異率,58.0,非收支
N05,漢翔,112,附表二,郵資-差異率,69.0,非收支
N05,漢翔,113,附表二,郵資-差異率,-26.0,非收支
N05,漢翔,110,附表二,郵資-決算數,8499.0,非收支
N05,漢翔,111,附表二,郵資-決算數,3034.0,非收支
N05,漢翔,112,附表二,郵資-決算數,2255.0,非收支
N05,漢翔,113,附表二,郵資-決算數,5320.0,非收支
N05,漢翔,110,附表二,雜支-差異率,-16.0,非收支
N05,漢翔,111,附表二,雜支-差異率,18.0,非收支
N05,漢翔,112,附表二,雜支-差異率,37.0,非收支
N05,漢翔,113,附表二,雜支-差異率,-9.0,非收支
N05,漢翔,110,附表二,雜支-決算數,34973.0,非收支
N05,漢翔,111,附表二,雜支-決算數,34343.0,非收支
N05,漢翔,112,附表二,雜支-決算數,26415.0,非收支
N05,漢翔,113,附表二,雜支-決算數,39257.0,非收支
N05,漢翔,112,附表二,電話費(含 ADSL)-差異率,18.0,非收支
N05,漢翔,112,附表二,電話費(含 ADSL)-決算數,37125.0,非收支
N05,漢翔,113,附表二,電話費（含ADSL）-差異率,-21.0,非收支
N05,漢翔,113,附表二,電話費（含ADSL）-決算數,35608.0,非收支
N05,漢翔,110,附表二,電話費（含網路）-差異率,-22.0,非收支
N05,漢翔,111,附表二,電話費（含網路）-差異率,17.0,非收支
N05,漢翔,110,附表二,電話費（含網路）-決算數,35287.0,非收支
N05,漢翔,111,附表二,電話費（含網路）-決算數,37141.0,非收支
N05,漢翔,110,附表二,電費-差異率,-44.0,非收支
N05,漢翔,111,附表二,電費-差異率,34.0,非收支
N05,漢翔,112,附表二,電費-差異率,30.0,非收支
N05,漢翔,113,附表二,電費-差異率,-34.0,非收支
N05,漢翔,110,附表二,電費-決算數,114382.0,非收支
N05,漢翔,111,附表二,電費-決算數,135064.0,非收支
N05,漢翔,112,附表二,電費-決算數,142787.0,非收支
N05,漢翔,113,附表二,電費-決算數,151354.0,非收支
N05,漢翔,110,附表二,餐點費-差異率,-16.0,非收支
N05,漢翔,111,附表二,餐點費-差異率,,非收支
N05,漢翔,112,附表二,餐點費-差異率,5.0,非收支
N05,漢翔,113,附表二,餐點費-差異率,-35.0,非收支
N05,漢翔,110,附表二,餐點費-決算數,794057.0,非收支
N05,漢翔,111,附表二,餐點費-決算數,950936.0,非收支
N05,漢翔,112,附表二,餐點費-決算數,996825.0,非收支
N05,漢翔,113,附表二,餐點費-決算數,668949.0,非收支
N05,漢翔,110,附表四,帳面價值總額,471156.0,非收支
N05,漢翔,111,附表四,帳面價值總額,687572.0,非收支
N05,漢翔,112,附表四,帳面價值總額,515711.0,非收支
N05,漢翔,113,附表四,帳面價值總額,632449.0,非收支
N05,漢翔,110,附表四,財產筆數,187.0,非收支
N05,漢翔,111,附表四,財產筆數,184.0,非收支
N05,漢翔,112,附表四,財產筆數,122.0,非收支
N05,漢翔,113,附表四,財產筆數,192.0,非收支
N06,昌平,109,收支餘絀表,人事費,6795977.0,收支
N06,昌平,110,收支餘絀表,人事費,7099629.0,收支
N06,昌平,111,收支餘絀表,人事費,7770536.0,收支
N06,昌平,112,收支餘絀表,人事費,6839375.0,收支
N06,昌平,113,收支餘絀表,人事費,7955962.0,收支
N06,昌平,109,收支餘絀表,修繕購置費,111104.0,收支
N06,昌平,110,收支餘絀表,修繕購置費,140166.0,收支
N06,昌平,111,收支餘絀表,修繕購置費,115092.0,收支
N06,昌平,112,收支餘絀表,修繕購置費,116753.0,收支
N06,昌平,113,收支餘絀表,修繕購置費,157505.0,收支
N06,昌平,109,收支餘絀表,公共事務管理費,89120.0,收支
N06,昌平,109,收支餘絀表,其他支出,618996.0,收支
N06,昌平,110,收支餘絀表,其他支出,1830781.0,收支
N06,昌平,111,收支餘絀表,其他支出,2000383.0,收支
N06,昌平,112,收支餘絀表,其他支出,3186160.0,收支
N06,昌平,113,收支餘絀表,其他支出,2756369.0,收支
N06,昌平,109,收支餘絀表,其他收入,618996.0,收支
N06,昌平,110,收支餘絀表,其他收入,1830781.0,收支
N06,昌平,111,收支餘絀表,其他收入,2000383.0,收支
N06,昌平,112,收支餘絀表,其他收入,3186160.0,收支
N06,昌平,113,收支餘絀表,其他收入,2756369.0,收支
N06,昌平,109,收支餘絀表,利息收入,19030.0,收支
N06,昌平,110,收支餘絀表,利息收入,28253.0,收支
N06,昌平,111,收支餘絀表,利息收入,38872.0,收支
N06,昌平,112,收支餘絀表,利息收入,71787.0,收支
N06,昌平,113,收支餘絀表,利息收入,94566.0,收支
N06,昌平,109,收支餘絀表,延後托育支出,254776.0,收支
N06,昌平,110,收支餘絀表,延後托育支出,397224.0,收支
N06,昌平,111,收支餘絀表,延後托育支出,281821.0,收支
N06,昌平,109,收支餘絀表,延後托育收入淨額,349030.0,收支
N06,昌平,110,收支餘絀表,延後托育收入淨額,547530.0,收支
N06,昌平,111,收支餘絀表,延後托育收入淨額,281880.0,收支
N06,昌平,112,收支餘絀表,延長照顧服務支出,266206.0,收支
N06,昌平,113,收支餘絀表,延長照顧服務支出,85320.0,收支
N06,昌平,112,收支餘絀表,延長照顧服務收入淨額,275006.0,收支
N06,昌平,113,收支餘絀表,延長照顧服務收入淨額,92310.0,收支
N06,昌平,109,收支餘絀表,所得稅費用,,收支
N06,昌平,110,收支餘絀表,所得稅費用,30655.0,收支
N06,昌平,111,收支餘絀表,所得稅費用,,收支
N06,昌平,112,收支餘絀表,所得稅費用,,收支
N06,昌平,113,收支餘絀表,所得稅費用,,收支
N06,昌平,109,收支餘絀表,支出合計,10921309.0,收支
N06,昌平,110,收支餘絀表,支出合計,12416699.0,收支
N06,昌平,111,收支餘絀表,支出合計,14033020.0,收支
N06,昌平,112,收支餘絀表,支出合計,14950976.0,收支
N06,昌平,113,收支餘絀表,支出合計,15234973.0,收支
N06,昌平,109,收支餘絀表,收入合計,10283332.0,收支
N06,昌平,110,收支餘絀表,收入合計,14059209.0,收支
N06,昌平,111,收支餘絀表,收入合計,13965976.0,收支
N06,昌平,112,收支餘絀表,收入合計,15138118.0,收支
N06,昌平,113,收支餘絀表,收入合計,14632460.0,收支
N06,昌平,109,收支餘絀表,教保費收入,10176900.0,收支
N06,昌平,110,收支餘絀表,教保費收入,11741812.0,收支
N06,昌平,111,收支餘絀表,教保費收入,11744640.0,收支
N06,昌平,112,收支餘絀表,教保費收入,11753640.0,收支
N06,昌平,113,收支餘絀表,教保費收入,11765429.0,收支
N06,昌平,109,收支餘絀表,教保費收入減項,-880624.0,收支
N06,昌平,110,收支餘絀表,教保費收入減項,-89167.0,收支
N06,昌平,111,收支餘絀表,教保費收入減項,-99799.0,收支
N06,昌平,112,收支餘絀表,教保費收入減項,-148475.0,收支
N06,昌平,113,收支餘絀表,教保費收入減項,-76214.0,收支
N06,昌平,109,收支餘絀表,本期稅前餘絀,-637977.0,收支
N06,昌平,110,收支餘絀表,本期稅前餘絀,1642510.0,收支
N06,昌平,111,收支餘絀表,本期稅前餘絀,-67044.0,收支
N06,昌平,112,收支餘絀表,本期稅前餘絀,187142.0,收支
N06,昌平,113,收支餘絀表,本期稅前餘絀,-602513.0,收支
N06,昌平,109,收支餘絀表,本期稅後餘絀,,收支
N06,昌平,110,收支餘絀表,本期稅後餘絀,1611855.0,收支
N06,昌平,111,收支餘絀表,本期稅後餘絀,,收支
N06,昌平,112,收支餘絀表,本期稅後餘絀,187142.0,收支
N06,昌平,113,收支餘絀表,本期稅後餘絀,,收支
N06,昌平,109,收支餘絀表,材料費,1265471.0,收支
N06,昌平,110,收支餘絀表,材料費,1462619.0,收支
N06,昌平,111,收支餘絀表,材料費,1575211.0,收支
N06,昌平,112,收支餘絀表,材料費,1602786.0,收支
N06,昌平,113,收支餘絀表,材料費,1638179.0,收支
N06,昌平,109,收支餘絀表,業務發展費,1066000.0,收支
N06,昌平,110,收支餘絀表,業務發展費,613100.0,收支
N06,昌平,111,收支餘絀表,業務發展費,1382600.0,收支
N06,昌平,112,收支餘絀表,業務發展費,2039112.0,收支
N06,昌平,113,收支餘絀表,業務發展費,1783086.0,收支
N06,昌平,109,收支餘絀表,業務費,545111.0,收支
N06,昌平,110,收支餘絀表,業務費,532499.0,收支
N06,昌平,111,收支餘絀表,業務費,559276.0,收支
N06,昌平,112,收支餘絀表,業務費,514283.0,收支
N06,昌平,113,收支餘絀表,業務費,501842.0,收支
N06,昌平,109,收支餘絀表,維護費,70046.0,收支
N06,昌平,110,收支餘絀表,維護費,54588.0,收支
N06,昌平,111,收支餘絀表,維護費,73263.0,收支
N06,昌平,112,收支餘絀表,維護費,104233.0,收支
N06,昌平,113,收支餘絀表,維護費,70966.0,收支
N06,昌平,109,收支餘絀表,行政管理費,66928.0,收支
N06,昌平,110,收支餘絀表,行政管理費,262780.0,收支
N06,昌平,111,收支餘絀表,行政管理費,262780.0,收支
N06,昌平,112,收支餘絀表,行政管理費,262780.0,收支
N06,昌平,113,收支餘絀表,行政管理費,277604.0,收支
N06,昌平,109,收支餘絀表,雜支,37780.0,收支
N06,昌平,110,收支餘絀表,雜支,23313.0,收支
N06,昌平,111,收支餘絀表,雜支,12058.0,收支
N06,昌平,112,收支餘絀表,雜支,19288.0,收支
N06,昌平,113,收支餘絀表,雜支,8140.0,收支
N06,昌平,110,現金流量表,其他應付款,21950.0,非收支
N06,昌平,111,現金流量表,其他應付款,312075.0,非收支
N06,昌平,112,現金流量表,其他應付款,-322873.0,非收支
N06,昌平,113,現金流量表,其他應付款,205104.0,非收支
N06,昌平,110,現金流量表,其他應收款,-208848.0,非收支
N06,昌平,111,現金流量表,其他應收款,162572.0,非收支
N06,昌平,112,現金流量表,其他應收款,-69522.0,非收支
N06,昌平,113,現金流量表,其他應收款,158950.0,非收支
N06,昌平,110,現金流量表,其他流動負債,162.0,非收支
N06,昌平,111,現金流量表,其他流動負債,-106.0,非收支
N06,昌平,112,現金流量表,其他流動負債,-4.0,非收支
N06,昌平,113,現金流量表,其他流動負債,-50.0,非收支
N06,昌平,110,現金流量表,其他流動資產,-412.0,非收支
N06,昌平,111,現金流量表,其他流動資產,444.0,非收支
N06,昌平,112,現金流量表,其他流動資產,,非收支
N06,昌平,113,現金流量表,其他流動資產,-2716.0,非收支
N06,昌平,110,現金流量表,存出保證金（增加）,,非收支
N06,昌平,110,現金流量表,應付帳款,-70507.0,非收支
N06,昌平,111,現金流量表,應付帳款,-6780.0,非收支
N06,昌平,112,現金流量表,應付帳款,112579.0,非收支
N06,昌平,113,現金流量表,應付帳款,-100804.0,非收支
N06,昌平,110,現金流量表,應付票據,,非收支
N06,昌平,113,現金流量表,應付票據,-2000.0,非收支
N06,昌平,110,現金流量表,應收帳款淨額,-10362.0,非收支
N06,昌平,111,現金流量表,應收帳款淨額,3522.0,非收支
N06,昌平,112,現金流量表,應收帳款淨額,630.0,非收支
N06,昌平,113,現金流量表,應收帳款淨額,-780.0,非收支
N06,昌平,111,現金流量表,投資活動之淨現金流入,,非收支
N06,昌平,112,現金流量表,投資活動之淨現金流入,,非收支
N06,昌平,113,現金流量表,投資活動之淨現金流入,,非收支
N06,昌平,110,現金流量表,投資活動之淨現金流（出）,,非收支
N06,昌平,110,現金流量表,投資活動之現金流量：,,非收支
N06,昌平,111,現金流量表,投資活動之現金流量：,,非收支
N06,昌平,112,現金流量表,投資活動之現金流量：,,非收支
N06,昌平,113,現金流量表,投資活動之現金流量：,,非收支
N06,昌平,110,現金流量表,期初現金及約當現金餘額,3674287.0,非收支
N06,昌平,111,現金流量表,期初現金及約當現金餘額,5319138.0,非收支
N06,昌平,112,現金流量表,期初現金及約當現金餘額,5654815.0,非收支
N06,昌平,113,現金流量表,期初現金及約當現金餘額,5823963.0,非收支
N06,昌平,110,現金流量表,期末現金及約當現金餘額,5319138.0,非收支
N06,昌平,111,現金流量表,期末現金及約當現金餘額,5654815.0,非收支
N06,昌平,112,現金流量表,期末現金及約當現金餘額,5823963.0,非收支
N06,昌平,113,現金流量表,期末現金及約當現金餘額,4822001.0,非收支
N06,昌平,110,現金流量表,本期支付所得稅,-30655.0,非收支
N06,昌平,111,現金流量表,本期支付所得稅,,非收支
N06,昌平,111,現金流量表,本期現金及約當現金增加數,335677.0,非收支
N06,昌平,112,現金流量表,本期現金及約當現金增加數,169148.0,非收支
N06,昌平,110,現金流量表,本期現金及約當現金增加（減少）數,1644851.0,非收支
N06,昌平,113,現金流量表,本期現金及約當現金（減少）增加數,-1001962.0,非收支
N06,昌平,110,現金流量表,本期稅前餘絀,1642510.0,非收支
N06,昌平,111,現金流量表,本期稅前餘絀,,非收支
N06,昌平,112,現金流量表,本期稅前餘絀,187142.0,非收支
N06,昌平,113,現金流量表,本期稅前餘絀,,非收支
N06,昌平,111,現金流量表,營業活動之淨現金流入,335677.0,非收支
N06,昌平,112,現金流量表,營業活動之淨現金流入,169148.0,非收支
N06,昌平,110,現金流量表,營業活動之淨現金流入（出）,1644851.0,非收支
N06,昌平,113,現金流量表,營業活動之淨現金流（出）入,-1001962.0,非收支
N06,昌平,110,現金流量表,營業活動之現金流量：,,非收支
N06,昌平,111,現金流量表,營業活動之現金流量：,,非收支
N06,昌平,112,現金流量表,營業活動之現金流量：,,非收支
N06,昌平,113,現金流量表,營業活動之現金流量：,,非收支
N06,昌平,110,現金流量表,營運產生之現金,1675506.0,非收支
N06,昌平,111,現金流量表,營運產生之現金,335677.0,非收支
N06,昌平,110,現金流量表,籌資活動之淨現金流入,,非收支
N06,昌平,111,現金流量表,籌資活動之淨現金流入,,非收支
N06,昌平,112,現金流量表,籌資活動之淨現金流入,,非收支
N06,昌平,113,現金流量表,籌資活動之淨現金流入,,非收支
N06,昌平,110,現金流量表,籌資活動之現金流量：,,非收支
N06,昌平,111,現金流量表,籌資活動之現金流量：,,非收支
N06,昌平,112,現金流量表,籌資活動之現金流量：,,非收支
N06,昌平,113,現金流量表,籌資活動之現金流量：,,非收支
N06,昌平,110,現金流量表,調整項目：,,非收支
N06,昌平,111,現金流量表,調整項目：,,非收支
N06,昌平,112,現金流量表,調整項目：,,非收支
N06,昌平,113,現金流量表,調整項目：,,非收支
N06,昌平,110,現金流量表,資產／負債淨變動數,,非收支
N06,昌平,111,現金流量表,資產／負債淨變動數,,非收支
N06,昌平,112,現金流量表,資產／負債淨變動數,,非收支
N06,昌平,113,現金流量表,資產／負債淨變動數,,非收支
N06,昌平,110,現金流量表,預付款項,-20410.0,非收支
N06,昌平,111,現金流量表,預付款項,17710.0,非收支
N06,昌平,112,現金流量表,預付款項,-35350.0,非收支
N06,昌平,113,現金流量表,預付款項,49950.0,非收支
N06,昌平,110,現金流量表,預收款項,321423.0,非收支
N06,昌平,111,現金流量表,預收款項,-86716.0,非收支
N06,昌平,112,現金流量表,預收款項,296546.0,非收支
N06,昌平,113,現金流量表,預收款項,-707103.0,非收支
N06,昌平,110,資產負債表,代管財產,1064891.0,非收支
N06,昌平,111,資產負債表,代管財產,1385955.0,非收支
N06,昌平,112,資產負債表,代管財產,1385955.0,非收支
N06,昌平,113,資產負債表,代管財產,1290255.0,非收支
N06,昌平,110,資產負債表,其他應付款,1269841.0,非收支
N06,昌平,111,資產負債表,其他應付款,1581916.0,非收支
N06,昌平,112,資產負債表,其他應付款,1259043.0,非收支
N06,昌平,113,資產負債表,其他應付款,1464147.0,非收支
N06,昌平,110,資產負債表,其他應收款,252000.0,非收支
N06,昌平,111,資產負債表,其他應收款,89428.0,非收支
N06,昌平,112,資產負債表,其他應收款,158950.0,非收支
N06,昌平,113,資產負債表,其他應收款,,非收支
N06,昌平,110,資產負債表,其他流動負債,162.0,非收支
N06,昌平,111,資產負債表,其他流動負債,56.0,非收支
N06,昌平,112,資產負債表,其他流動負債,52.0,非收支
N06,昌平,113,資產負債表,其他流動負債,2.0,非收支
N06,昌平,110,資產負債表,其他流動資產,444.0,非收支
N06,昌平,111,資產負債表,其他流動資產,,非收支
N06,昌平,113,資產負債表,其他流動資產,2716.0,非收支
N06,昌平,110,資產負債表,存出保證金,11500.0,非收支
N06,昌平,111,資產負債表,存出保證金,11500.0,非收支
N06,昌平,112,資產負債表,存出保證金,11500.0,非收支
N06,昌平,113,資產負債表,存出保證金,11500.0,非收支
N06,昌平,110,資產負債表,應付代管財產,1064891.0,非收支
N06,昌平,111,資產負債表,應付代管財產,1385955.0,非收支
N06,昌平,112,資產負債表,應付代管財產,1385955.0,非收支
N06,昌平,113,資產負債表,應付代管財產,1290255.0,非收支
N06,昌平,110,資產負債表,應付帳款,6780.0,非收支
N06,昌平,111,資產負債表,應付帳款,,非收支
N06,昌平,112,資產負債表,應付帳款,112579.0,非收支
N06,昌平,113,資產負債表,應付帳款,11775.0,非收支
N06,昌平,110,資產負債表,應付票據,2000.0,非收支
N06,昌平,111,資產負債表,應付票據,2000.0,非收支
N06,昌平,112,資產負債表,應付票據,2000.0,非收支
N06,昌平,113,資產負債表,應付票據,,非收支
N06,昌平,110,資產負債表,應付購置財產,270513.0,非收支
N06,昌平,111,資產負債表,應付購置財產,270513.0,非收支
N06,昌平,112,資產負債表,應付購置財產,287838.0,非收支
N06,昌平,113,資產負債表,應付購置財產,305163.0,非收支
N06,昌平,110,資產負債表,應收帳款淨額,10362.0,非收支
N06,昌平,111,資產負債表,應收帳款淨額,6840.0,非收支
N06,昌平,112,資產負債表,應收帳款淨額,6210.0,非收支
N06,昌平,113,資產負債表,應收帳款淨額,6990.0,非收支
N06,昌平,110,資產負債表,本期餘絀,1611855.0,非收支
N06,昌平,111,資產負債表,本期餘絀,-67044.0,非收支
N06,昌平,112,資產負債表,本期餘絀,187142.0,非收支
N06,昌平,113,資產負債表,本期餘絀,-602513.0,非收支
N06,昌平,110,資產負債表,業務發展準備,4277567.0,非收支
N06,昌平,111,資產負債表,業務發展準備,5660167.0,非收支
N06,昌平,112,資產負債表,業務發展準備,7699279.0,非收支
N06,昌平,113,資產負債表,業務發展準備,9482365.0,非收支
N06,昌平,110,資產負債表,業務發展準備金,4277567.0,非收支
N06,昌平,111,資產負債表,業務發展準備金,5660167.0,非收支
N06,昌平,112,資產負債表,業務發展準備金,7699279.0,非收支
N06,昌平,113,資產負債表,業務發展準備金,9482365.0,非收支
N06,昌平,110,資產負債表,流動負債合計,3806456.0,非收支
N06,昌平,111,資產負債表,流動負債合計,4024929.0,非收支
N06,昌平,112,資產負債表,流動負債合計,4111177.0,非收支
N06,昌平,113,資產負債表,流動負債合計,3506324.0,非收支
N06,昌平,110,資產負債表,流動資產合計,5614254.0,非收支
N06,昌平,111,資產負債表,流動資產合計,5765683.0,非收支
N06,昌平,112,資產負債表,流動資產合計,6039073.0,非收支
N06,昌平,113,資產負債表,流動資產合計,4831707.0,非收支
N06,昌平,110,資產負債表,現金及銀行存款,5319138.0,非收支
N06,昌平,111,資產負債表,現金及銀行存款,5654815.0,非收支
N06,昌平,112,資產負債表,現金及銀行存款,5823963.0,非收支
N06,昌平,113,資產負債表,現金及銀行存款,4822001.0,非收支
N06,昌平,110,資產負債表,累積餘絀,207443.0,非收支
N06,昌平,111,資產負債表,累積餘絀,1819298.0,非收支
N06,昌平,112,資產負債表,累積餘絀,1752254.0,非收支
N06,昌平,113,資產負債表,累積餘絀,1939396.0,非收支
N06,昌平,110,資產負債表,負債及餘絀總計,11454209.0,非收支
N06,昌平,111,資產負債表,負債及餘絀總計,13342087.0,非收支
N06,昌平,112,資產負債表,負債及餘絀總計,15705283.0,非收支
N06,昌平,113,資產負債表,負債及餘絀總計,16254782.0,非收支
N06,昌平,110,資產負債表,負債總額,9634911.0,非收支
N06,昌平,111,資產負債表,負債總額,11589833.0,非收支
N06,昌平,112,資產負債表,負債總額,13765887.0,非收支
N06,昌平,113,資產負債表,負債總額,14917899.0,非收支
N06,昌平,110,資產負債表,資產總計,11454209.0,非收支
N06,昌平,111,資產負債表,資產總計,13342087.0,非收支
N06,昌平,112,資產負債表,資產總計,15705283.0,非收支
N06,昌平,113,資產負債表,資產總計,16254782.0,非收支
N06,昌平,110,資產負債表,資遣費準備,215484.0,非收支
N06,昌平,111,資產負債表,資遣費準備,248269.0,非收支
N06,昌平,112,資產負債表,資遣費準備,281638.0,非收支
N06,昌平,113,資產負債表,資遣費準備,333792.0,非收支
N06,昌平,110,資產負債表,資遣費準備金,215484.0,非收支
N06,昌平,111,資產負債表,資遣費準備金,248269.0,非收支
N06,昌平,112,資產負債表,資遣費準備金,281638.0,非收支
N06,昌平,113,資產負債表,資遣費準備金,333792.0,非收支
N06,昌平,110,資產負債表,購置財產,270513.0,非收支
N06,昌平,111,資產負債表,購置財產,270513.0,非收支
N06,昌平,112,資產負債表,購置財產,287838.0,非收支
N06,昌平,113,資產負債表,購置財產,305163.0,非收支
N06,昌平,110,資產負債表,非流動負債合計,5828455.0,非收支
N06,昌平,111,資產負債表,非流動負債合計,7564904.0,非收支
N06,昌平,112,資產負債表,非流動負債合計,9654710.0,非收支
N06,昌平,113,資產負債表,非流動負債合計,11411575.0,非收支
N06,昌平,110,資產負債表,非流動資產合計,5839955.0,非收支
N06,昌平,111,資產負債表,非流動資產合計,7576404.0,非收支
N06,昌平,112,資產負債表,非流動資產合計,9666210.0,非收支
N06,昌平,113,資產負債表,非流動資產合計,11423075.0,非收支
N06,昌平,110,資產負債表,預付款項,32310.0,非收支
N06,昌平,111,資產負債表,預付款項,14600.0,非收支
N06,昌平,112,資產負債表,預付款項,49950.0,非收支
N06,昌平,113,資產負債表,預付款項,,非收支
N06,昌平,110,資產負債表,預收款項,2527673.0,非收支
N06,昌平,111,資產負債表,預收款項,2440957.0,非收支
N06,昌平,112,資產負債表,預收款項,2737503.0,非收支
N06,昌平,113,資產負債表,預收款項,2030400.0,非收支
N06,昌平,110,資產負債表,餘絀總額,1819298.0,非收支
N06,昌平,111,資產負債表,餘絀總額,1752254.0,非收支
N06,昌平,112,資產負債表,餘絀總額,1939396.0,非收支
N06,昌平,113,資產負債表,餘絀總額,1336883.0,非收支
N06,昌平,110,附表三,事務機器耗材-執行率,115.0,非收支
N06,昌平,111,附表三,事務機器耗材-執行率,98.0,非收支
N06,昌平,112,附表三,事務機器耗材-執行率,67.0,非收支
N06,昌平,113,附表三,事務機器耗材-執行率,57.0,非收支
N06,昌平,110,附表三,事務機器耗材-決算數,74809.0,非收支
N06,昌平,111,附表三,事務機器耗材-決算數,63505.0,非收支
N06,昌平,112,附表三,事務機器耗材-決算數,43521.0,非收支
N06,昌平,113,附表三,事務機器耗材-決算數,36930.0,非收支
N06,昌平,112,附表三,五日未上課退費-執行率,,非收支
N06,昌平,113,附表三,五日未上課退費-執行率,,非收支
N06,昌平,112,附表三,五日未上課退費-決算數,-66786.0,非收支
N06,昌平,113,附表三,五日未上課退費-決算數,-59154.0,非收支
N06,昌平,112,附表三,人事費-執行率,76.0,非收支
N06,昌平,113,附表三,人事費-執行率,87.0,非收支
N06,昌平,112,附表三,人事費-決算數,6839375.0,非收支
N06,昌平,113,附表三,人事費-決算數,7955962.0,非收支
N06,昌平,112,附表三,代課費及代班費-執行率,72.0,非收支
N06,昌平,113,附表三,代課費及代班費-執行率,57.0,非收支
N06,昌平,112,附表三,代課費及代班費-決算數,109642.0,非收支
N06,昌平,113,附表三,代課費及代班費-決算數,86146.0,非收支
N06,昌平,111,附表三,保全-執行率,50.0,非收支
N06,昌平,112,附表三,保全-執行率,54.0,非收支
N06,昌平,113,附表三,保全-執行率,58.0,非收支
N06,昌平,111,附表三,保全-決算數,40320.0,非收支
N06,昌平,112,附表三,保全-決算數,43050.0,非收支
N06,昌平,113,附表三,保全-決算數,46013.0,非收支
N06,昌平,112,附表三,保險費-執行率,99.0,非收支
N06,昌平,113,附表三,保險費-執行率,85.0,非收支
N06,昌平,112,附表三,保險費-決算數,12911.0,非收支
N06,昌平,113,附表三,保險費-決算數,10989.0,非收支
N06,昌平,112,附表三,修繕費-執行率,54.0,非收支
N06,昌平,113,附表三,修繕費-執行率,36.0,非收支
N06,昌平,112,附表三,修繕費-決算數,59498.0,非收支
N06,昌平,113,附表三,修繕費-決算數,39671.0,非收支
N06,昌平,110,附表三,修繕購置費-執行率,83.0,非收支
N06,昌平,111,附表三,修繕購置費-執行率,69.0,非收支
N06,昌平,112,附表三,修繕購置費-執行率,69.0,非收支
N06,昌平,113,附表三,修繕購置費-執行率,100.0,非收支
N06,昌平,110,附表三,修繕購置費-決算數,140166.0,非收支
N06,昌平,111,附表三,修繕購置費-決算數,115092.0,非收支
N06,昌平,112,附表三,修繕購置費-決算數,116753.0,非收支
N06,昌平,113,附表三,修繕購置費-決算數,157505.0,非收支
N06,昌平,112,附表三,健康檢查-執行率,460.0,非收支
N06,昌平,113,附表三,健康檢查-執行率,21.0,非收支
N06,昌平,112,附表三,健康檢查-決算數,4600.0,非收支
N06,昌平,113,附表三,健康檢查-決算數,2780.0,非收支
N06,昌平,110,附表三,其他支出-執行率,,非收支
N06,昌平,111,附表三,其他支出-執行率,,非收支
N06,昌平,112,附表三,其他支出-執行率,,非收支
N06,昌平,113,附表三,其他支出-執行率,,非收支
N06,昌平,110,附表三,其他支出-決算數,1830781.0,非收支
N06,昌平,111,附表三,其他支出-決算數,2000383.0,非收支
N06,昌平,112,附表三,其他支出-決算數,3186160.0,非收支
N06,昌平,113,附表三,其他支出-決算數,2756369.0,非收支
N06,昌平,112,附表三,其他收入-執行率,,非收支
N06,昌平,113,附表三,其他收入-執行率,,非收支
N06,昌平,112,附表三,其他收入-決算數,3186160.0,非收支
N06,昌平,113,附表三,其他收入-決算數,2756369.0,非收支
N06,昌平,112,附表三,利息收入-執行率,,非收支
N06,昌平,113,附表三,利息收入-執行率,,非收支
N06,昌平,112,附表三,利息收入-決算數,71787.0,非收支
N06,昌平,113,附表三,利息收入-決算數,94566.0,非收支
N06,昌平,112,附表三,加班費-執行率,27.0,非收支
N06,昌平,113,附表三,加班費-執行率,36.0,非收支
N06,昌平,112,附表三,加班費-決算數,181649.0,非收支
N06,昌平,113,附表三,加班費-決算數,250777.0,非收支
N06,昌平,112,附表三,勞、健保費-執行率,78.0,非收支
N06,昌平,113,附表三,勞、健保費-執行率,92.0,非收支
N06,昌平,112,附表三,勞、健保費-決算數,636889.0,非收支
N06,昌平,113,附表三,勞、健保費-決算數,765042.0,非收支
N06,昌平,112,附表三,勞退金提撥-執行率,86.0,非收支
N06,昌平,113,附表三,勞退金提撥-執行率,100.0,非收支
N06,昌平,112,附表三,勞退金提撥-決算數,317196.0,非收支
N06,昌平,113,附表三,勞退金提撥-決算數,376207.0,非收支
N06,昌平,110,附表三,園務特支-執行率,74.0,非收支
N06,昌平,111,附表三,園務特支-執行率,85.0,非收支
N06,昌平,112,附表三,園務特支-執行率,70.0,非收支
N06,昌平,113,附表三,園務特支-執行率,72.0,非收支
N06,昌平,110,附表三,園務特支-決算數,31164.0,非收支
N06,昌平,111,附表三,園務特支-決算數,35683.0,非收支
N06,昌平,112,附表三,園務特支-決算數,29458.0,非收支
N06,昌平,113,附表三,園務特支-決算數,30039.0,非收支
N06,昌平,110,附表三,園舍消毒、清潔-執行率,46.0,非收支
N06,昌平,111,附表三,園舍消毒、清潔-執行率,123.0,非收支
N06,昌平,112,附表三,園舍消毒、清潔-執行率,176.0,非收支
N06,昌平,113,附表三,園舍消毒、清潔-執行率,122.0,非收支
N06,昌平,110,附表三,園舍消毒、清潔-決算數,11400.0,非收支
N06,昌平,111,附表三,園舍消毒、清潔-決算數,30700.0,非收支
N06,昌平,112,附表三,園舍消毒、清潔-決算數,44015.0,非收支
N06,昌平,113,附表三,園舍消毒、清潔-決算數,30575.0,非收支
N06,昌平,112,附表三,園長及教保服務人員薪資(含職務加給)-執行率,80.0,非收支
N06,昌平,112,附表三,園長及教保服務人員薪資(含職務加給)-決算數,4501398.0,非收支
N06,昌平,113,附表三,園長及教保服務人員薪資（含職務加給）-執行率,91.0,非收支
N06,昌平,113,附表三,園長及教保服務人員薪資（含職務加給）-決算數,5244044.0,非收支
N06,昌平,110,附表三,差旅費-執行率,,非收支
N06,昌平,111,附表三,差旅費-執行率,,非收支
N06,昌平,112,附表三,差旅費-執行率,,非收支
N06,昌平,113,附表三,差旅費-執行率,,非收支
N06,昌平,110,附表三,差旅費-決算數,,非收支
N06,昌平,111,附表三,差旅費-決算數,,非收支
N06,昌平,112,附表三,差旅費-決算數,,非收支
N06,昌平,113,附表三,差旅費-決算數,,非收支
N06,昌平,110,附表三,延後托育支出-執行率,,非收支
N06,昌平,111,附表三,延後托育支出-執行率,,非收支
N06,昌平,110,附表三,延後托育支出-決算數,397224.0,非收支
N06,昌平,111,附表三,延後托育支出-決算數,281821.0,非收支
N06,昌平,112,附表三,延長照顧服務支出-執行率,,非收支
N06,昌平,113,附表三,延長照顧服務支出-執行率,,非收支
N06,昌平,112,附表三,延長照顧服務支出-決算數,266206.0,非收支
N06,昌平,113,附表三,延長照顧服務支出-決算數,85320.0,非收支
N06,昌平,112,附表三,延長照顧服務收入-執行率,,非收支
N06,昌平,113,附表三,延長照顧服務收入-執行率,,非收支
N06,昌平,112,附表三,延長照顧服務收入-決算數,275006.0,非收支
N06,昌平,113,附表三,延長照顧服務收入-決算數,92310.0,非收支
N06,昌平,112,附表三,延長照顧服務收入淨額-執行率,,非收支
N06,昌平,112,附表三,延長照顧服務收入淨額-執行率,,非收支
N06,昌平,113,附表三,延長照顧服務收入淨額-執行率,,非收支
N06,昌平,113,附表三,延長照顧服務收入淨額-執行率,,非收支
N06,昌平,112,附表三,延長照顧服務收入淨額-決算數,275006.0,非收支
N06,昌平,112,附表三,延長照顧服務收入淨額-決算數,275006.0,非收支
N06,昌平,113,附表三,延長照顧服務收入淨額-決算數,92310.0,非收支
N06,昌平,113,附表三,延長照顧服務收入淨額-決算數,92310.0,非收支
N06,昌平,110,附表三,所得稅費用-執行率,,非收支
N06,昌平,111,附表三,所得稅費用-執行率,,非收支
N06,昌平,112,附表三,所得稅費用-執行率,,非收支
N06,昌平,113,附表三,所得稅費用-執行率,,非收支
N06,昌平,110,附表三,所得稅費用-決算數,30655.0,非收支
N06,昌平,111,附表三,所得稅費用-決算數,,非收支
N06,昌平,112,附表三,所得稅費用-決算數,,非收支
N06,昌平,113,附表三,所得稅費用-決算數,,非收支
N06,昌平,110,附表三,攝影照片-執行率,14.0,非收支
N06,昌平,111,附表三,攝影照片-執行率,3.0,非收支
N06,昌平,112,附表三,攝影照片-執行率,,非收支
N06,昌平,113,附表三,攝影照片-執行率,,非收支
N06,昌平,110,附表三,攝影照片-決算數,1360.0,非收支
N06,昌平,111,附表三,攝影照片-決算數,290.0,非收支
N06,昌平,112,附表三,攝影照片-決算數,,非收支
N06,昌平,113,附表三,攝影照片-決算數,,非收支
N06,昌平,112,附表三,支出-執行率,122.0,非收支
N06,昌平,113,附表三,支出-執行率,121.0,非收支
N06,昌平,112,附表三,支出-決算數,14950976.0,非收支
N06,昌平,113,附表三,支出-決算數,15234973.0,非收支
N06,昌平,112,附表三,收入-執行率,125.0,非收支
N06,昌平,113,附表三,收入-執行率,123.0,非收支
N06,昌平,112,附表三,收入-決算數,15138118.0,非收支
N06,昌平,113,附表三,收入-決算數,14632460.0,非收支
N06,昌平,112,附表三,政府學費差額補助退費-執行率,,非收支
N06,昌平,113,附表三,政府學費差額補助退費-執行率,,非收支
N06,昌平,112,附表三,政府學費差額補助退費-決算數,-39624.0,非收支
N06,昌平,113,附表三,政府學費差額補助退費-決算數,-9775.0,非收支
N06,昌平,110,附表三,教保材料費-執行率,35.0,非收支
N06,昌平,111,附表三,教保材料費-執行率,56.0,非收支
N06,昌平,112,附表三,教保材料費-執行率,68.0,非收支
N06,昌平,113,附表三,教保材料費-執行率,69.0,非收支
N06,昌平,110,附表三,教保材料費-決算數,100311.0,非收支
N06,昌平,111,附表三,教保材料費-決算數,161813.0,非收支
N06,昌平,112,附表三,教保材料費-決算數,194969.0,非收支
N06,昌平,113,附表三,教保材料費-決算數,184806.0,非收支
N06,昌平,112,附表三,教保費收入(家長繳費)-執行率,61.0,非收支
N06,昌平,112,附表三,教保費收入(家長繳費)-決算數,1749000.0,非收支
N06,昌平,112,附表三,教保費收入(政府學費差額補助)-執行率,108.0,非收支
N06,昌平,112,附表三,教保費收入(政府學費差額補助)-決算數,10004640.0,非收支
N06,昌平,112,附表三,教保費收入-執行率,97.0,非收支
N06,昌平,113,附表三,教保費收入-執行率,99.0,非收支
N06,昌平,112,附表三,教保費收入-決算數,11753640.0,非收支
N06,昌平,113,附表三,教保費收入-決算數,11765429.0,非收支
N06,昌平,112,附表三,教保費收入淨額-執行率,96.0,非收支
N06,昌平,113,附表三,教保費收入淨額-執行率,98.0,非收支
N06,昌平,112,附表三,教保費收入淨額-決算數,11605165.0,非收支
N06,昌平,113,附表三,教保費收入淨額-決算數,11689215.0,非收支
N06,昌平,112,附表三,教保費收入減項-執行率,,非收支
N06,昌平,113,附表三,教保費收入減項-執行率,,非收支
N06,昌平,112,附表三,教保費收入減項-決算數,-148475.0,非收支
N06,昌平,113,附表三,教保費收入減項-決算數,-76214.0,非收支
N06,昌平,113,附表三,教保費收入（家長繳費）-執行率,54.0,非收支
N06,昌平,113,附表三,教保費收入（家長繳費）-決算數,1445429.0,非收支
N06,昌平,113,附表三,教保費收入（政府學費差額補助）-執行率,112.0,非收支
N06,昌平,113,附表三,教保費收入（政府學費差額補助）-決算數,10320000.0,非收支
N06,昌平,111,附表三,文宣費(一般文宣)-執行率,4.0,非收支
N06,昌平,112,附表三,文宣費(一般文宣)-執行率,44.0,非收支
N06,昌平,111,附表三,文宣費(一般文宣)-決算數,352.0,非收支
N06,昌平,112,附表三,文宣費(一般文宣)-決算數,4389.0,非收支
N06,昌平,112,附表三,文宣費(園刊)-執行率,15.0,非收支
N06,昌平,112,附表三,文宣費(園刊)-決算數,4543.0,非收支
N06,昌平,111,附表三,文宣費(圖刊)-執行率,53.0,非收支
N06,昌平,111,附表三,文宣費(圖刊)-決算數,15768.0,非收支
N06,昌平,110,附表三,文宣費（一般文宣）-執行率,64.0,非收支
N06,昌平,113,附表三,文宣費（一般文宣）-執行率,,非收支
N06,昌平,110,附表三,文宣費（一般文宣）-決算數,6431.0,非收支
N06,昌平,113,附表三,文宣費（一般文宣）-決算數,,非收支
N06,昌平,110,附表三,文宣費（園刊）-執行率,13.0,非收支
N06,昌平,110,附表三,文宣費（園刊）-決算數,3974.0,非收支
N06,昌平,113,附表三,文宣費（圖刊）-執行率,37.0,非收支
N06,昌平,113,附表三,文宣費（圖刊）-決算數,11019.0,非收支
N06,昌平,110,附表三,日常消耗用品-執行率,98.0,非收支
N06,昌平,111,附表三,日常消耗用品-執行率,88.0,非收支
N06,昌平,112,附表三,日常消耗用品-執行率,79.0,非收支
N06,昌平,113,附表三,日常消耗用品-執行率,72.0,非收支
N06,昌平,110,附表三,日常消耗用品-決算數,70276.0,非收支
N06,昌平,111,附表三,日常消耗用品-決算數,63689.0,非收支
N06,昌平,112,附表三,日常消耗用品-決算數,56524.0,非收支
N06,昌平,113,附表三,日常消耗用品-決算數,48221.0,非收支
N06,昌平,112,附表三,會計、總務、廚工、清潔薪資-執行率,82.0,非收支
N06,昌平,113,附表三,會計、總務、廚工、清潔薪資-執行率,92.0,非收支
N06,昌平,112,附表三,會計、總務、廚工、清潔薪資-決算數,1011121.0,非收支
N06,昌平,113,附表三,會計、總務、廚工、清潔薪資-決算數,1158271.0,非收支
N06,昌平,110,附表三,本期稅前餘絀-執行率,525.0,非收支
N06,昌平,111,附表三,本期稅前餘絀-執行率,-69.0,非收支
N06,昌平,112,附表三,本期稅前餘絀-執行率,-195.0,非收支
N06,昌平,113,附表三,本期稅前餘絀-執行率,86.0,非收支
N06,昌平,110,附表三,本期稅前餘絀-決算數,1642510.0,非收支
N06,昌平,111,附表三,本期稅前餘絀-決算數,-67044.0,非收支
N06,昌平,112,附表三,本期稅前餘絀-決算數,187142.0,非收支
N06,昌平,113,附表三,本期稅前餘絀-決算數,-602513.0,非收支
N06,昌平,110,附表三,本期稅後餘絀-執行率,515.0,非收支
N06,昌平,111,附表三,本期稅後餘絀-執行率,-69.0,非收支
N06,昌平,112,附表三,本期稅後餘絀-執行率,-195.0,非收支
N06,昌平,113,附表三,本期稅後餘絀-執行率,86.0,非收支
N06,昌平,110,附表三,本期稅後餘絀-決算數,1611855.0,非收支
N06,昌平,111,附表三,本期稅後餘絀-決算數,,非收支
N06,昌平,112,附表三,本期稅後餘絀-決算數,187142.0,非收支
N06,昌平,113,附表三,本期稅後餘絀-決算數,,非收支
N06,昌平,110,附表三,材料費-執行率,81.0,非收支
N06,昌平,111,附表三,材料費-執行率,87.0,非收支
N06,昌平,112,附表三,材料費-執行率,89.0,非收支
N06,昌平,113,附表三,材料費-執行率,84.0,非收支
N06,昌平,110,附表三,材料費-決算數,1462619.0,非收支
N06,昌平,111,附表三,材料費-決算數,1575211.0,非收支
N06,昌平,112,附表三,材料費-決算數,1602786.0,非收支
N06,昌平,113,附表三,材料費-決算數,1638179.0,非收支
N06,昌平,110,附表三,業務發展費-執行率,,非收支
N06,昌平,111,附表三,業務發展費-執行率,,非收支
N06,昌平,112,附表三,業務發展費-執行率,,非收支
N06,昌平,113,附表三,業務發展費-執行率,,非收支
N06,昌平,110,附表三,業務發展費-決算數,613100.0,非收支
N06,昌平,111,附表三,業務發展費-決算數,1382600.0,非收支
N06,昌平,112,附表三,業務發展費-決算數,2039112.0,非收支
N06,昌平,113,附表三,業務發展費-決算數,1783086.0,非收支
N06,昌平,112,附表三,業務費-執行率,63.0,非收支
N06,昌平,113,附表三,業務費-執行率,61.0,非收支
N06,昌平,112,附表三,業務費-決算數,514283.0,非收支
N06,昌平,113,附表三,業務費-決算數,501842.0,非收支
N06,昌平,112,附表三,水費-執行率,23.0,非收支
N06,昌平,113,附表三,水費-執行率,29.0,非收支
N06,昌平,112,附表三,水費-決算數,7400.0,非收支
N06,昌平,113,附表三,水費-決算數,9348.0,非收支
N06,昌平,110,附表三,水電修繕-執行率,39.0,非收支
N06,昌平,111,附表三,水電修繕-執行率,38.0,非收支
N06,昌平,110,附表三,水電修繕-決算數,42388.0,非收支
N06,昌平,111,附表三,水電修繕-決算數,41843.0,非收支
N06,昌平,112,附表三,活動費-執行率,59.0,非收支
N06,昌平,113,附表三,活動費-執行率,48.0,非收支
N06,昌平,112,附表三,活動費-決算數,68241.0,非收支
N06,昌平,113,附表三,活動費-決算數,55090.0,非收支
N06,昌平,110,附表三,火險-執行率,10.0,非收支
N06,昌平,111,附表三,火險-執行率,9.0,非收支
N06,昌平,112,附表三,火險-執行率,9.0,非收支
N06,昌平,113,附表三,火險-執行率,9.0,非收支
N06,昌平,110,附表三,火險-決算數,800.0,非收支
N06,昌平,111,附表三,火險-決算數,720.0,非收支
N06,昌平,112,附表三,火險-決算數,720.0,非收支
N06,昌平,113,附表三,火險-決算數,720.0,非收支
N06,昌平,111,附表三,瓦斯費-執行率,62.0,非收支
N06,昌平,112,附表三,瓦斯費-執行率,64.0,非收支
N06,昌平,113,附表三,瓦斯費-執行率,67.0,非收支
N06,昌平,111,附表三,瓦斯費-決算數,21050.0,非收支
N06,昌平,112,附表三,瓦斯費-決算數,21900.0,非收支
N06,昌平,113,附表三,瓦斯費-決算數,22700.0,非收支
N06,昌平,112,附表三,研習、進修-執行率,29.0,非收支
N06,昌平,113,附表三,研習、進修-執行率,22.0,非收支
N06,昌平,112,附表三,研習、進修-決算數,7550.0,非收支
N06,昌平,113,附表三,研習、進修-決算數,5600.0,非收支
N06,昌平,110,附表三,維護費-執行率,38.0,非收支
N06,昌平,111,附表三,維護費-執行率,51.0,非收支
N06,昌平,112,附表三,維護費-執行率,73.0,非收支
N06,昌平,113,附表三,維護費-執行率,50.0,非收支
N06,昌平,110,附表三,維護費-決算數,54588.0,非收支
N06,昌平,111,附表三,維護費-決算數,73263.0,非收支
N06,昌平,112,附表三,維護費-決算數,104233.0,非收支
N06,昌平,113,附表三,維護費-決算數,70966.0,非收支
N06,昌平,112,附表三,腸病毒退費-執行率,,非收支
N06,昌平,113,附表三,腸病毒退費-執行率,,非收支
N06,昌平,112,附表三,腸病毒退費-決算數,-40065.0,非收支
N06,昌平,113,附表三,腸病毒退費-決算數,-7285.0,非收支
N06,昌平,112,附表三,自強活動-執行率,100.0,非收支
N06,昌平,113,附表三,自強活動-執行率,73.0,非收支
N06,昌平,112,附表三,自強活動-決算數,13000.0,非收支
N06,昌平,113,附表三,自強活動-決算數,9552.0,非收支
N06,昌平,110,附表三,藥品費-執行率,10.0,非收支
N06,昌平,111,附表三,藥品費-執行率,16.0,非收支
N06,昌平,112,附表三,藥品費-執行率,19.0,非收支
N06,昌平,113,附表三,藥品費-執行率,47.0,非收支
N06,昌平,110,附表三,藥品費-決算數,878.0,非收支
N06,昌平,111,附表三,藥品費-決算數,1308.0,非收支
N06,昌平,112,附表三,藥品費-決算數,1577.0,非收支
N06,昌平,113,附表三,藥品費-決算數,3672.0,非收支
N06,昌平,110,附表三,行政管理費-執行率,100.0,非收支
N06,昌平,111,附表三,行政管理費-執行率,100.0,非收支
N06,昌平,112,附表三,行政管理費-執行率,100.0,非收支
N06,昌平,113,附表三,行政管理費-執行率,100.0,非收支
N06,昌平,110,附表三,行政管理費-決算數,262780.0,非收支
N06,昌平,111,附表三,行政管理費-決算數,262780.0,非收支
N06,昌平,112,附表三,行政管理費-決算數,262780.0,非收支
N06,昌平,113,附表三,行政管理費-決算數,277604.0,非收支
N06,昌平,112,附表三,資遣費-執行率,100.0,非收支
N06,昌平,113,附表三,資遣費-執行率,100.0,非收支
N06,昌平,112,附表三,資遣費-決算數,50969.0,非收支
N06,昌平,113,附表三,資遣費-決算數,52154.0,非收支
N06,昌平,112,附表三,轉學/轉出退費-執行率,,非收支
N06,昌平,113,附表三,轉學/轉出退費-執行率,,非收支
N06,昌平,112,附表三,轉學/轉出退費-決算數,-2000.0,非收支
N06,昌平,113,附表三,轉學/轉出退費-決算數,,非收支
N06,昌平,111,附表三,辦公文具-執行率,111.0,非收支
N06,昌平,112,附表三,辦公文具-執行率,55.0,非收支
N06,昌平,113,附表三,辦公文具-執行率,41.0,非收支
N06,昌平,111,附表三,辦公文具-決算數,26617.0,非收支
N06,昌平,112,附表三,辦公文具-決算數,13180.0,非收支
N06,昌平,113,附表三,辦公文具-決算數,9813.0,非收支
N06,昌平,110,附表三,郵資-執行率,91.0,非收支
N06,昌平,111,附表三,郵資-執行率,34.0,非收支
N06,昌平,112,附表三,郵資-執行率,15.0,非收支
N06,昌平,113,附表三,郵資-執行率,15.0,非收支
N06,昌平,110,附表三,郵資-決算數,7652.0,非收支
N06,昌平,111,附表三,郵資-決算數,2873.0,非收支
N06,昌平,112,附表三,郵資-決算數,1228.0,非收支
N06,昌平,113,附表三,郵資-決算數,1261.0,非收支
N06,昌平,110,附表三,雜支-執行率,47.0,非收支
N06,昌平,111,附表三,雜支-執行率,25.0,非收支
N06,昌平,112,附表三,雜支-執行率,39.0,非收支
N06,昌平,113,附表三,雜支-執行率,17.0,非收支
N06,昌平,110,附表三,雜支-決算數,23313.0,非收支
N06,昌平,111,附表三,雜支-決算數,12058.0,非收支
N06,昌平,112,附表三,雜支-決算數,19288.0,非收支
N06,昌平,113,附表三,雜支-決算數,8140.0,非收支
N06,昌平,111,附表三,電話費(含網路)-執行率,75.0,非收支
N06,昌平,112,附表三,電話費(含網路)-執行率,83.0,非收支
N06,昌平,111,附表三,電話費(含網路)-決算數,40511.0,非收支
N06,昌平,112,附表三,電話費(含網路)-決算數,44649.0,非收支
N06,昌平,113,附表三,電話費（含ADSL）-執行率,72.0,非收支
N06,昌平,113,附表三,電話費（含ADSL）-決算數,38690.0,非收支
N06,昌平,110,附表三,電話費（含網路）-執行率,98.0,非收支
N06,昌平,110,附表三,電話費（含網路）-決算數,52770.0,非收支
N06,昌平,112,附表三,電費-執行率,85.0,非收支
N06,昌平,113,附表三,電費-執行率,89.0,非收支
N06,昌平,112,附表三,電費-決算數,225174.0,非收支
N06,昌平,113,附表三,電費-決算數,235339.0,非收支
N06,昌平,110,附表三,餐點費-執行率,90.0,非收支
N06,昌平,111,附表三,餐點費-執行率,94.0,非收支
N06,昌平,112,附表三,餐點費-執行率,94.0,非收支
N06,昌平,113,附表三,餐點費-執行率,87.0,非收支
N06,昌平,110,附表三,餐點費-決算數,1291154.0,非收支
N06,昌平,111,附表三,餐點費-決算數,1348401.0,非收支
N06,昌平,112,附表三,餐點費-決算數,1349716.0,非收支
N06,昌平,113,附表三,餐點費-決算數,1401480.0,非收支
N06,昌平,112,附表二,事務機器耗材-差異率,-33.0,非收支
N06,昌平,113,附表二,事務機器耗材-差異率,-43.0,非收支
N06,昌平,112,附表二,事務機器耗材-決算數,43521.0,非收支
N06,昌平,113,附表二,事務機器耗材-決算數,36930.0,非收支
N06,昌平,110,附表二,五日未上課退費-差異率,,非收支
N06,昌平,111,附表二,五日未上課退費-差異率,,非收支
N06,昌平,110,附表二,五日未上課退費-決算數,-87620.0,非收支
N06,昌平,111,附表二,五日未上課退費-決算數,-99799.0,非收支
N06,昌平,110,附表二,人事費-差異率,83.0,非收支
N06,昌平,111,附表二,人事費-差異率,88.0,非收支
N06,昌平,112,附表二,人事費-差異率,-24.0,非收支
N06,昌平,112,附表二,人事費-差異率,-20.0,非收支
N06,昌平,113,附表二,人事費-差異率,-13.0,非收支
N06,昌平,113,附表二,人事費-差異率,-9.0,非收支
N06,昌平,110,附表二,人事費-決算數,7099629.0,非收支
N06,昌平,111,附表二,人事費-決算數,7770536.0,非收支
N06,昌平,112,附表二,人事費-決算數,6839375.0,非收支
N06,昌平,112,附表二,人事費-決算數,6606757.0,非收支
N06,昌平,113,附表二,人事費-決算數,7955962.0,非收支
N06,昌平,113,附表二,人事費-決算數,7653031.0,非收支
N06,昌平,110,附表二,代課費及廚工代班費-差異率,26.0,非收支
N06,昌平,111,附表二,代課費及廚工代班費-差異率,50.0,非收支
N06,昌平,110,附表二,代課費及廚工代班費-決算數,38648.0,非收支
N06,昌平,111,附表二,代課費及廚工代班費-決算數,74927.0,非收支
N06,昌平,110,附表二,保全-差異率,39.0,非收支
N06,昌平,112,附表二,保全-差異率,-46.0,非收支
N06,昌平,113,附表二,保全-差異率,-42.0,非收支
N06,昌平,110,附表二,保全-決算數,31220.0,非收支
N06,昌平,112,附表二,保全-決算數,43050.0,非收支
N06,昌平,113,附表二,保全-決算數,46013.0,非收支
N06,昌平,110,附表二,保險費-差異率,95.0,非收支
N06,昌平,111,附表二,保險費-差異率,92.0,非收支
N06,昌平,110,附表二,保險費-決算數,12315.0,非收支
N06,昌平,111,附表二,保險費-決算數,11979.0,非收支
N06,昌平,112,附表二,修繕購置費-差異率,-31.0,非收支
N06,昌平,113,附表二,修繕購置費-差異率,,非收支
N06,昌平,112,附表二,修繕購置費-決算數,116753.0,非收支
N06,昌平,113,附表二,修繕購置費-決算數,157505.0,非收支
N06,昌平,110,附表二,健康檢查-差異率,100.0,非收支
N06,昌平,111,附表二,健康檢查-差異率,28.0,非收支
N06,昌平,110,附表二,健康檢查-決算數,1000.0,非收支
N06,昌平,111,附表二,健康檢查-決算數,3680.0,非收支
N06,昌平,110,附表二,其他收入-差異率,,非收支
N06,昌平,111,附表二,其他收入-差異率,,非收支
N06,昌平,110,附表二,其他收入-決算數,1830781.0,非收支
N06,昌平,111,附表二,其他收入-決算數,2000383.0,非收支
N06,昌平,110,附表二,利息收入-差異率,,非收支
N06,昌平,111,附表二,利息收入-差異率,,非收支
N06,昌平,110,附表二,利息收入-決算數,28253.0,非收支
N06,昌平,111,附表二,利息收入-決算數,38872.0,非收支
N06,昌平,110,附表二,加班費-差異率,28.0,非收支
N06,昌平,111,附表二,加班費-差異率,41.0,非收支
N06,昌平,112,附表二,加班費-差異率,-73.0,非收支
N06,昌平,113,附表二,加班費-差異率,-64.0,非收支
N06,昌平,110,附表二,加班費-決算數,182717.0,非收支
N06,昌平,111,附表二,加班費-決算數,272630.0,非收支
N06,昌平,112,附表二,加班費-決算數,181649.0,非收支
N06,昌平,113,附表二,加班費-決算數,250777.0,非收支
N06,昌平,110,附表二,勞、健保費-差異率,89.0,非收支
N06,昌平,111,附表二,勞、健保費-差異率,93.0,非收支
N06,昌平,110,附表二,勞、健保費-決算數,694492.0,非收支
N06,昌平,111,附表二,勞、健保費-決算數,738402.0,非收支
N06,昌平,110,附表二,勞退金提撥-差異率,98.0,非收支
N06,昌平,111,附表二,勞退金提撥-差異率,101.0,非收支
N06,昌平,110,附表二,勞退金提撥-決算數,341969.0,非收支
N06,昌平,111,附表二,勞退金提撥-決算數,362434.0,非收支
N06,昌平,112,附表二,合 計-差異率,-23.0,非收支
N06,昌平,112,附表二,合 計-決算數,9459498.0,非收支
N06,昌平,113,附表二,合計-差異率,-16.0,非收支
N06,昌平,113,附表二,合計-決算數,10610198.0,非收支
N06,昌平,112,附表二,園務特支-差異率,-30.0,非收支
N06,昌平,113,附表二,園務特支-差異率,-28.0,非收支
N06,昌平,112,附表二,園務特支-決算數,29458.0,非收支
N06,昌平,113,附表二,園務特支-決算數,30039.0,非收支
N06,昌平,110,附表二,園長及教保服務人員薪資（含職務加給）-差異率,87.0,非收支
N06,昌平,111,附表二,園長及教保服務人員薪資（含職務加給）-差異率,92.0,非收支
N06,昌平,110,附表二,園長及教保服務人員薪資（含職務加給）-決算數,4683859.0,非收支
N06,昌平,111,附表二,園長及教保服務人員薪資（含職務加給）-決算數,5089969.0,非收支
N06,昌平,112,附表二,差旅費-差異率,,非收支
N06,昌平,113,附表二,差旅費-差異率,,非收支
N06,昌平,112,附表二,差旅費-決算數,,非收支
N06,昌平,113,附表二,差旅費-決算數,,非收支
N06,昌平,110,附表二,延後托育收入-差異率,,非收支
N06,昌平,111,附表二,延後托育收入-差異率,,非收支
N06,昌平,110,附表二,延後托育收入-決算數,547530.0,非收支
N06,昌平,111,附表二,延後托育收入-決算數,281880.0,非收支
N06,昌平,110,附表二,延後托育收入淨額-差異率,,非收支
N06,昌平,110,附表二,延後托育收入淨額-差異率,,非收支
N06,昌平,111,附表二,延後托育收入淨額-差異率,,非收支
N06,昌平,111,附表二,延後托育收入淨額-差異率,,非收支
N06,昌平,110,附表二,延後托育收入淨額-決算數,547530.0,非收支
N06,昌平,110,附表二,延後托育收入淨額-決算數,547530.0,非收支
N06,昌平,111,附表二,延後托育收入淨額-決算數,281880.0,非收支
N06,昌平,111,附表二,延後托育收入淨額-決算數,281880.0,非收支
N06,昌平,110,附表二,延後托育收入退費-差異率,,非收支
N06,昌平,110,附表二,延後托育收入退費-決算數,,非收支
N06,昌平,112,附表二,攝影照片-差異率,,非收支
N06,昌平,113,附表二,攝影照片-差異率,,非收支
N06,昌平,112,附表二,攝影照片-決算數,,非收支
N06,昌平,113,附表二,攝影照片-決算數,,非收支
N06,昌平,110,附表二,支出-差異率,105.0,非收支
N06,昌平,111,附表二,支出-差異率,117.0,非收支
N06,昌平,110,附表二,支出-決算數,12416699.0,非收支
N06,昌平,111,附表二,支出-決算數,14033020.0,非收支
N06,昌平,110,附表二,收入-差異率,116.0,非收支
N06,昌平,111,附表二,收入-差異率,115.0,非收支
N06,昌平,110,附表二,收入-決算數,14059209.0,非收支
N06,昌平,111,附表二,收入-決算數,13965976.0,非收支
N06,昌平,112,附表二,教保材料費-差異率,-32.0,非收支
N06,昌平,113,附表二,教保材料費-差異率,-31.0,非收支
N06,昌平,112,附表二,教保材料費-決算數,194969.0,非收支
N06,昌平,113,附表二,教保材料費-決算數,184806.0,非收支
N06,昌平,110,附表二,教保費收入-差異率,97.0,非收支
N06,昌平,111,附表二,教保費收入-差異率,97.0,非收支
N06,昌平,110,附表二,教保費收入-決算數,11741812.0,非收支
N06,昌平,111,附表二,教保費收入-決算數,11744640.0,非收支
N06,昌平,110,附表二,教保費收入淨額-差異率,96.0,非收支
N06,昌平,111,附表二,教保費收入淨額-差異率,96.0,非收支
N06,昌平,110,附表二,教保費收入淨額-決算數,11652645.0,非收支
N06,昌平,111,附表二,教保費收入淨額-決算數,11644841.0,非收支
N06,昌平,110,附表二,教保費收入減項-差異率,,非收支
N06,昌平,111,附表二,教保費收入減項-差異率,,非收支
N06,昌平,110,附表二,教保費收入減項-決算數,-89167.0,非收支
N06,昌平,111,附表二,教保費收入減項-決算數,-99799.0,非收支
N06,昌平,110,附表二,教保費收入（家長繳費）-差異率,68.0,非收支
N06,昌平,111,附表二,教保費收入（家長繳費）-差異率,63.0,非收支
N06,昌平,110,附表二,教保費收入（家長繳費）-決算數,2447000.0,非收支
N06,昌平,111,附表二,教保費收入（家長繳費）-決算數,1806000.0,非收支
N06,昌平,110,附表二,教保費收入（政府學費差額補助）-差異率,109.0,非收支
N06,昌平,111,附表二,教保費收入（政府學費差額補助）-差異率,107.0,非收支
N06,昌平,110,附表二,教保費收入（政府學費差額補助）-決算數,9294812.0,非收支
N06,昌平,111,附表二,教保費收入（政府學費差額補助）-決算數,9938640.0,非收支
N06,昌平,112,附表二,文宣費(一般文宣)-差異率,-56.0,非收支
N06,昌平,112,附表二,文宣費(一般文宣)-決算數,4389.0,非收支
N06,昌平,112,附表二,文宣費(園刊)-差異率,-85.0,非收支
N06,昌平,112,附表二,文宣費(園刊)-決算數,4543.0,非收支
N06,昌平,113,附表二,文宣費（一般文宣）-差異率,,非收支
N06,昌平,113,附表二,文宣費（一般文宣）-決算數,,非收支
N06,昌平,113,附表二,文宣費（園刊）-差異率,-63.0,非收支
N06,昌平,113,附表二,文宣費（園刊）-決算數,11019.0,非收支
N06,昌平,112,附表二,日常消耗用品-差異率,-21.0,非收支
N06,昌平,113,附表二,日常消耗用品-差異率,-28.0,非收支
N06,昌平,112,附表二,日常消耗用品-決算數,56524.0,非收支
N06,昌平,113,附表二,日常消耗用品-決算數,48221.0,非收支
N06,昌平,110,附表二,會計、總務、廚工、清潔薪資-差異率,91.0,非收支
N06,昌平,111,附表二,會計、總務、廚工、清潔薪資-差異率,95.0,非收支
N06,昌平,110,附表二,會計、總務、廚工、清潔薪資-決算數,1085846.0,非收支
N06,昌平,111,附表二,會計、總務、廚工、清潔薪資-決算數,1153730.0,非收支
N06,昌平,112,附表二,材料費-差異率,-11.0,非收支
N06,昌平,113,附表二,材料費-差異率,-16.0,非收支
N06,昌平,112,附表二,材料費-決算數,1602786.0,非收支
N06,昌平,113,附表二,材料費-決算數,1638179.0,非收支
N06,昌平,110,附表二,業務費-差異率,65.0,非收支
N06,昌平,111,附表二,業務費-差異率,68.0,非收支
N06,昌平,112,附表二,業務費-差異率,-37.0,非收支
N06,昌平,113,附表二,業務費-差異率,-39.0,非收支
N06,昌平,110,附表二,業務費-決算數,532499.0,非收支
N06,昌平,111,附表二,業務費-決算數,559276.0,非收支
N06,昌平,112,附表二,業務費-決算數,514283.0,非收支
N06,昌平,113,附表二,業務費-決算數,501842.0,非收支
N06,昌平,110,附表二,水費-差異率,14.0,非收支
N06,昌平,111,附表二,水費-差異率,76.0,非收支
N06,昌平,112,附表二,水費-差異率,-77.0,非收支
N06,昌平,113,附表二,水費-差異率,-71.0,非收支
N06,昌平,110,附表二,水費-決算數,4525.0,非收支
N06,昌平,111,附表二,水費-決算數,24404.0,非收支
N06,昌平,112,附表二,水費-決算數,7400.0,非收支
N06,昌平,113,附表二,水費-決算數,9348.0,非收支
N06,昌平,110,附表二,活動費-差異率,58.0,非收支
N06,昌平,111,附表二,活動費-差異率,48.0,非收支
N06,昌平,112,附表二,活動費-差異率,-41.0,非收支
N06,昌平,113,附表二,活動費-差異率,-52.0,非收支
N06,昌平,110,附表二,活動費-決算數,66648.0,非收支
N06,昌平,111,附表二,活動費-決算數,55086.0,非收支
N06,昌平,112,附表二,活動費-決算數,68241.0,非收支
N06,昌平,113,附表二,活動費-決算數,55090.0,非收支
N06,昌平,110,附表二,瓦斯費-差異率,55.0,非收支
N06,昌平,112,附表二,瓦斯費-差異率,-36.0,非收支
N06,昌平,113,附表二,瓦斯費-差異率,-33.0,非收支
N06,昌平,110,附表二,瓦斯費-決算數,18720.0,非收支
N06,昌平,112,附表二,瓦斯費-決算數,21900.0,非收支
N06,昌平,113,附表二,瓦斯費-決算數,22700.0,非收支
N06,昌平,110,附表二,研習、進修-差異率,44.0,非收支
N06,昌平,111,附表二,研習、進修-差異率,14.0,非收支
N06,昌平,112,附表二,研習、進修-差異率,-71.0,非收支
N06,昌平,113,附表二,研習、進修-差異率,-78.0,非收支
N06,昌平,110,附表二,研習、進修-決算數,11500.0,非收支
N06,昌平,111,附表二,研習、進修-決算數,3600.0,非收支
N06,昌平,112,附表二,研習、進修-決算數,7550.0,非收支
N06,昌平,113,附表二,研習、進修-決算數,5600.0,非收支
N06,昌平,112,附表二,維護費-差異率,-27.0,非收支
N06,昌平,113,附表二,維護費-差異率,-50.0,非收支
N06,昌平,112,附表二,維護費-決算數,104233.0,非收支
N06,昌平,113,附表二,維護費-決算數,70966.0,非收支
N06,昌平,110,附表二,自強活動-差異率,78.0,非收支
N06,昌平,111,附表二,自強活動-差異率,100.0,非收支
N06,昌平,110,附表二,自強活動-決算數,10183.0,非收支
N06,昌平,111,附表二,自強活動-決算數,13000.0,非收支
N06,昌平,112,附表二,藥品費-差異率,-81.0,非收支
N06,昌平,113,附表二,藥品費-差異率,-53.0,非收支
N06,昌平,112,附表二,藥品費-決算數,1577.0,非收支
N06,昌平,113,附表二,藥品費-決算數,3672.0,非收支
N06,昌平,112,附表二,行政管理費-差異率,,非收支
N06,昌平,113,附表二,行政管理費-差異率,,非收支
N06,昌平,112,附表二,行政管理費-決算數,262780.0,非收支
N06,昌平,113,附表二,行政管理費-決算數,277604.0,非收支
N06,昌平,110,附表二,資遣費-差異率,100.0,非收支
N06,昌平,111,附表二,資遣費-差異率,100.0,非收支
N06,昌平,112,附表二,資遣費-差異率,,非收支
N06,昌平,113,附表二,資遣費-差異率,,非收支
N06,昌平,110,附表二,資遣費-決算數,48600.0,非收支
N06,昌平,111,附表二,資遣費-決算數,49785.0,非收支
N06,昌平,112,附表二,資遣費-決算數,50969.0,非收支
N06,昌平,113,附表二,資遣費-決算數,52154.0,非收支
N06,昌平,110,附表二,轉學/轉出退費-差異率,,非收支
N06,昌平,111,附表二,轉學/轉出退費-差異率,,非收支
N06,昌平,110,附表二,轉學/轉出退費-決算數,-1547.0,非收支
N06,昌平,111,附表二,轉學/轉出退費-決算數,,非收支
N06,昌平,110,附表二,辦公文具-差異率,49.0,非收支
N06,昌平,112,附表二,辦公文具-差異率,-45.0,非收支
N06,昌平,113,附表二,辦公文具-差異率,-59.0,非收支
N06,昌平,110,附表二,辦公文具-決算數,11703.0,非收支
N06,昌平,112,附表二,辦公文具-決算數,13180.0,非收支
N06,昌平,113,附表二,辦公文具-決算數,9813.0,非收支
N06,昌平,112,附表二,郵資-差異率,-85.0,非收支
N06,昌平,113,附表二,郵資-差異率,-85.0,非收支
N06,昌平,112,附表二,郵資-決算數,1228.0,非收支
N06,昌平,113,附表二,郵資-決算數,1261.0,非收支
N06,昌平,112,附表二,雜支-差異率,-61.0,非收支
N06,昌平,113,附表二,雜支-差異率,-83.0,非收支
N06,昌平,112,附表二,雜支-決算數,19288.0,非收支
N06,昌平,113,附表二,雜支-決算數,8140.0,非收支
N06,昌平,112,附表二,電話費(含 ADSL)-差異率,-17.0,非收支
N06,昌平,112,附表二,電話費(含 ADSL)-決算數,44649.0,非收支
N06,昌平,113,附表二,電話費（含 ADSL）-差異率,-28.0,非收支
N06,昌平,113,附表二,電話費（含 ADSL）-決算數,38690.0,非收支
N06,昌平,110,附表二,電費-差異率,80.0,非收支
N06,昌平,111,附表二,電費-差異率,87.0,非收支
N06,昌平,112,附表二,電費-差異率,-15.0,非收支
N06,昌平,113,附表二,電費-差異率,-11.0,非收支
N06,昌平,110,附表二,電費-決算數,210023.0,非收支
N06,昌平,111,附表二,電費-決算數,229217.0,非收支
N06,昌平,112,附表二,電費-決算數,225174.0,非收支
N06,昌平,113,附表二,電費-決算數,235339.0,非收支
N06,昌平,112,附表二,餐點費-差異率,-6.0,非收支
N06,昌平,113,附表二,餐點費-差異率,-13.0,非收支
N06,昌平,112,附表二,餐點費-決算數,1349716.0,非收支
N06,昌平,113,附表二,餐點費-決算數,1401480.0,非收支
N06,昌平,110,附表四,帳面價值總額,654156.0,非收支
N06,昌平,111,附表四,帳面價值總額,1290445.0,非收支
N06,昌平,112,附表四,帳面價值總額,1381355.0,非收支
N06,昌平,113,附表四,帳面價值總額,1595418.0,非收支
N06,昌平,110,附表四,財產筆數,109.0,非收支
N06,昌平,111,附表四,財產筆數,171.0,非收支
N06,昌平,112,附表四,財產筆數,182.0,非收支
N06,昌平,113,附表四,財產筆數,173.0,非收支
N07,北大,109,收支餘絀表,人事費,8654975.0,收支
N07,北大,110,收支餘絀表,人事費,9226416.0,收支
N07,北大,111,收支餘絀表,人事費,14516199.0,收支
N07,北大,112,收支餘絀表,人事費,14991246.0,收支
N07,北大,113,收支餘絀表,人事費,17915419.0,收支
N07,北大,109,收支餘絀表,修繕購置費,205754.0,收支
N07,北大,110,收支餘絀表,修繕購置費,202136.0,收支
N07,北大,111,收支餘絀表,修繕購置費,227960.0,收支
N07,北大,112,收支餘絀表,修繕購置費,243262.0,收支
N07,北大,113,收支餘絀表,修繕購置費,172003.0,收支
N07,北大,109,收支餘絀表,公共事務管理費,150000.0,收支
N07,北大,109,收支餘絀表,其他支出,1289207.0,收支
N07,北大,110,收支餘絀表,其他支出,1832078.0,收支
N07,北大,111,收支餘絀表,其他支出,1412744.0,收支
N07,北大,112,收支餘絀表,其他支出,2813277.0,收支
N07,北大,113,收支餘絀表,其他支出,2652139.0,收支
N07,北大,109,收支餘絀表,其他收入,1289207.0,收支
N07,北大,110,收支餘絀表,其他收入,1832078.0,收支
N07,北大,111,收支餘絀表,其他收入,1412744.0,收支
N07,北大,112,收支餘絀表,其他收入,2813277.0,收支
N07,北大,113,收支餘絀表,其他收入,2652139.0,收支
N07,北大,113,收支餘絀表,其他收入-其它,7029239.0,收支
N07,北大,109,收支餘絀表,利息收入,19021.0,收支
N07,北大,110,收支餘絀表,利息收入,27037.0,收支
N07,北大,111,收支餘絀表,利息收入,67581.0,收支
N07,北大,112,收支餘絀表,利息收入,125882.0,收支
N07,北大,113,收支餘絀表,利息收入,197821.0,收支
N07,北大,111,收支餘絀表,呆帳損失,1714.0,收支
N07,北大,109,收支餘絀表,延後托育支出,204801.0,收支
N07,北大,110,收支餘絀表,延後托育支出,182692.0,收支
N07,北大,111,收支餘絀表,延後托育支出,291910.0,收支
N07,北大,109,收支餘絀表,延後托育收入淨額,242250.0,收支
N07,北大,110,收支餘絀表,延後托育收入淨額,188370.0,收支
N07,北大,111,收支餘絀表,延後托育收入淨額,291910.0,收支
N07,北大,112,收支餘絀表,延長照顧服務支出,385564.0,收支
N07,北大,113,收支餘絀表,延長照顧服務支出,337990.0,收支
N07,北大,112,收支餘絀表,延長照顧服務收入淨額,418145.0,收支
N07,北大,113,收支餘絀表,延長照顧服務收入淨額,337990.0,收支
N07,北大,109,收支餘絀表,所得稅費用,,收支
N07,北大,110,收支餘絀表,所得稅費用,,收支
N07,北大,111,收支餘絀表,所得稅費用,,收支
N07,北大,112,收支餘絀表,所得稅費用,,收支
N07,北大,113,收支餘絀表,所得稅費用,1109813.0,收支
N07,北大,109,收支餘絀表,支出合計,13604626.0,收支
N07,北大,110,收支餘絀表,支出合計,14636905.0,收支
N07,北大,111,收支餘絀表,支出合計,21332856.0,收支
N07,北大,112,收支餘絀表,支出合計,23849400.0,收支
N07,北大,113,收支餘絀表,支出合計,25409886.0,收支
N07,北大,109,收支餘絀表,收入合計,12866751.0,收支
N07,北大,110,收支餘絀表,收入合計,16159911.0,收支
N07,北大,111,收支餘絀表,收入合計,21855494.0,收支
N07,北大,112,收支餘絀表,收入合計,23797554.0,收支
N07,北大,113,收支餘絀表,收入合計,29145666.0,收支
N07,北大,109,收支餘絀表,教保費收入,12282361.0,收支
N07,北大,110,收支餘絀表,教保費收入,14247593.0,收支
N07,北大,111,收支餘絀表,教保費收入,20293031.0,收支
N07,北大,112,收支餘絀表,教保費收入,20772125.0,收支
N07,北大,113,收支餘絀表,教保費收入,19063795.0,收支
N07,北大,109,收支餘絀表,教保費收入減項,-966088.0,收支
N07,北大,110,收支餘絀表,教保費收入減項,-135167.0,收支
N07,北大,111,收支餘絀表,教保費收入減項,-209772.0,收支
N07,北大,112,收支餘絀表,教保費收入減項,-331875.0,收支
N07,北大,113,收支餘絀表,教保費收入減項,-135318.0,收支
N07,北大,109,收支餘絀表,本期稅前餘絀,-737875.0,收支
N07,北大,110,收支餘絀表,本期稅前餘絀,1523006.0,收支
N07,北大,111,收支餘絀表,本期稅前餘絀,522638.0,收支
N07,北大,112,收支餘絀表,本期稅前餘絀,-51846.0,收支
N07,北大,113,收支餘絀表,本期稅前餘絀,3735780.0,收支
N07,北大,109,收支餘絀表,本期稅後餘絀,,收支
N07,北大,110,收支餘絀表,本期稅後餘絀,1523006.0,收支
N07,北大,111,收支餘絀表,本期稅後餘絀,522638.0,收支
N07,北大,112,收支餘絀表,本期稅後餘絀,,收支
N07,北大,113,收支餘絀表,本期稅後餘絀,2625967.0,收支
N07,北大,109,收支餘絀表,材料費,1736479.0,收支
N07,北大,110,收支餘絀表,材料費,1973721.0,收支
N07,北大,111,收支餘絀表,材料費,2312942.0,收支
N07,北大,112,收支餘絀表,材料費,2438717.0,收支
N07,北大,113,收支餘絀表,材料費,2067204.0,收支
N07,北大,109,收支餘絀表,業務發展費,728000.0,收支
N07,北大,110,收支餘絀表,業務發展費,99000.0,收支
N07,北大,111,收支餘絀表,業務發展費,1400000.0,收支
N07,北大,112,收支餘絀表,業務發展費,1772000.0,收支
N07,北大,113,收支餘絀表,業務發展費,1170239.0,收支
N07,北大,109,收支餘絀表,業務費,456122.0,收支
N07,北大,110,收支餘絀表,業務費,685944.0,收支
N07,北大,111,收支餘絀表,業務費,588451.0,收支
N07,北大,112,收支餘絀表,業務費,653272.0,收支
N07,北大,113,收支餘絀表,業務費,596627.0,收支
N07,北大,109,收支餘絀表,維護費,74894.0,收支
N07,北大,110,收支餘絀表,維護費,67720.0,收支
N07,北大,111,收支餘絀表,維護費,191755.0,收支
N07,北大,112,收支餘絀表,維護費,155492.0,收支
N07,北大,113,收支餘絀表,維護費,129310.0,收支
N07,北大,109,收支餘絀表,行政管理費,69472.0,收支
N07,北大,110,收支餘絀表,行政管理費,315990.0,收支
N07,北大,111,收支餘絀表,行政管理費,358913.0,收支
N07,北大,112,收支餘絀表,行政管理費,358913.0,收支
N07,北大,113,收支餘絀表,行政管理費,355553.0,收支
N07,北大,109,收支餘絀表,雜支,34922.0,收支
N07,北大,110,收支餘絀表,雜支,51208.0,收支
N07,北大,111,收支餘絀表,雜支,30268.0,收支
N07,北大,112,收支餘絀表,雜支,37657.0,收支
N07,北大,113,收支餘絀表,雜支,13402.0,收支
N07,北大,110,現金流量表,其他應付款,71141.0,非收支
N07,北大,111,現金流量表,其他應付款,579819.0,非收支
N07,北大,112,現金流量表,其他應付款,47993.0,非收支
N07,北大,113,現金流量表,其他應付款,2256779.0,非收支
N07,北大,110,現金流量表,其他應收款,315175.0,非收支
N07,北大,111,現金流量表,其他應收款,12328.0,非收支
N07,北大,112,現金流量表,其他應收款,-3102.0,非收支
N07,北大,113,現金流量表,其他應收款,-228426.0,非收支
N07,北大,110,現金流量表,其他流動負債,10040.0,非收支
N07,北大,111,現金流量表,其他流動負債,16698.0,非收支
N07,北大,112,現金流量表,其他流動負債,14810.0,非收支
N07,北大,113,現金流量表,其他流動負債,-1946.0,非收支
N07,北大,113,現金流量表,應付帳款,18326.0,非收支
N07,北大,110,現金流量表,應收帳款淨額,-2351.0,非收支
N07,北大,111,現金流量表,應收帳款淨額,-108139.0,非收支
N07,北大,112,現金流量表,應收帳款淨額,33069.0,非收支
N07,北大,113,現金流量表,應收帳款淨額,-11360.0,非收支
N07,北大,110,現金流量表,投資活動之淨現金流入,,非收支
N07,北大,111,現金流量表,投資活動之淨現金流入,,非收支
N07,北大,112,現金流量表,投資活動之淨現金流入,,非收支
N07,北大,113,現金流量表,投資活動之淨現金流入,,非收支
N07,北大,110,現金流量表,投資活動之現金流量：,,非收支
N07,北大,111,現金流量表,投資活動之現金流量：,,非收支
N07,北大,112,現金流量表,投資活動之現金流量：,,非收支
N07,北大,113,現金流量表,投資活動之現金流量：,,非收支
N07,北大,110,現金流量表,期初現金及約當現金餘額,3835528.0,非收支
N07,北大,111,現金流量表,期初現金及約當現金餘額,6036334.0,非收支
N07,北大,112,現金流量表,期初現金及約當現金餘額,8778113.0,非收支
N07,北大,113,現金流量表,期初現金及約當現金餘額,9280051.0,非收支
N07,北大,110,現金流量表,期末現金及約當現金餘額,6036334.0,非收支
N07,北大,111,現金流量表,期末現金及約當現金餘額,8778113.0,非收支
N07,北大,112,現金流量表,期末現金及約當現金餘額,9280051.0,非收支
N07,北大,113,現金流量表,期末現金及約當現金餘額,10214084.0,非收支
N07,北大,110,現金流量表,本期現金及約當現金增加數,2200806.0,非收支
N07,北大,111,現金流量表,本期現金及約當現金增加數,2741779.0,非收支
N07,北大,112,現金流量表,本期現金及約當現金增加數,501938.0,非收支
N07,北大,113,現金流量表,本期現金及約當現金增加數,934033.0,非收支
N07,北大,110,現金流量表,本期稅前餘絀,1523006.0,非收支
N07,北大,111,現金流量表,本期稅前餘絀,522638.0,非收支
N07,北大,112,現金流量表,本期稅前餘絀,,非收支
N07,北大,113,現金流量表,本期稅前餘絀,3735780.0,非收支
N07,北大,110,現金流量表,營業活動之淨現金流入,2200806.0,非收支
N07,北大,111,現金流量表,營業活動之淨現金流入,2741779.0,非收支
N07,北大,112,現金流量表,營業活動之淨現金流入,501938.0,非收支
N07,北大,113,現金流量表,營業活動之淨現金流入,934033.0,非收支
N07,北大,110,現金流量表,營業活動之現金流量：,,非收支
N07,北大,111,現金流量表,營業活動之現金流量：,,非收支
N07,北大,112,現金流量表,營業活動之現金流量：,,非收支
N07,北大,113,現金流量表,營業活動之現金流量：,,非收支
N07,北大,110,現金流量表,籌資活動之淨現金流入,,非收支
N07,北大,111,現金流量表,籌資活動之淨現金流入,,非收支
N07,北大,112,現金流量表,籌資活動之淨現金流入,,非收支
N07,北大,113,現金流量表,籌資活動之淨現金流入,,非收支
N07,北大,110,現金流量表,籌資活動之現金流量：,,非收支
N07,北大,111,現金流量表,籌資活動之現金流量：,,非收支
N07,北大,112,現金流量表,籌資活動之現金流量：,,非收支
N07,北大,113,現金流量表,籌資活動之現金流量：,,非收支
N07,北大,110,現金流量表,調整項目：,,非收支
N07,北大,111,現金流量表,調整項目：,,非收支
N07,北大,112,現金流量表,調整項目：,,非收支
N07,北大,113,現金流量表,調整項目：,,非收支
N07,北大,111,現金流量表,資產/負債淨變動數,,非收支
N07,北大,112,現金流量表,資產/負債淨變動數,,非收支
N07,北大,110,現金流量表,資產／負債淨變動數,,非收支
N07,北大,113,現金流量表,資產／負債淨變動數,,非收支
N07,北大,110,現金流量表,預付款項,58795.0,非收支
N07,北大,111,現金流量表,預付款項,-33990.0,非收支
N07,北大,112,現金流量表,預付款項,31794.0,非收支
N07,北大,113,現金流量表,預付款項,11126.0,非收支
N07,北大,110,現金流量表,預收款項,225000.0,非收支
N07,北大,111,現金流量表,預收款項,1752425.0,非收支
N07,北大,112,現金流量表,預收款項,429220.0,非收支
N07,北大,113,現金流量表,預收款項,-4846095.0,非收支
N07,北大,110,資產負債表,代管財產,2367179.0,非收支
N07,北大,110,資產負債表,代管財產,2994505.0,非收支
N07,北大,111,資產負債表,代管財產,2329996.0,非收支
N07,北大,112,資產負債表,代管財產,1929317.0,非收支
N07,北大,113,資產負債表,代管財產,1571292.0,非收支
N07,北大,110,資產負債表,其他應付款,1710583.0,非收支
N07,北大,110,資產負債表,其他應付款,1639442.0,非收支
N07,北大,111,資產負債表,其他應付款,2290402.0,非收支
N07,北大,112,資產負債表,其他應付款,2338395.0,非收支
N07,北大,113,資產負債表,其他應付款,4594993.0,非收支
N07,北大,110,資產負債表,其他應收款,13800.0,非收支
N07,北大,110,資產負債表,其他應收款,328975.0,非收支
N07,北大,111,資產負債表,其他應收款,1472.0,非收支
N07,北大,112,資產負債表,其他應收款,4574.0,非收支
N07,北大,113,資產負債表,其他應收款,233000.0,非收支
N07,北大,110,資產負債表,其他流動負債,33899.0,非收支
N07,北大,110,資產負債表,其他流動負債,23859.0,非收支
N07,北大,111,資產負債表,其他流動負債,50597.0,非收支
N07,北大,112,資產負債表,其他流動負債,65407.0,非收支
N07,北大,113,資產負債表,其他流動負債,63461.0,非收支
N07,北大,110,資產負債表,應付代管財產,2367179.0,非收支
N07,北大,110,資產負債表,應付代管財產,2994505.0,非收支
N07,北大,111,資產負債表,應付代管財產,2329996.0,非收支
N07,北大,112,資產負債表,應付代管財產,1929317.0,非收支
N07,北大,113,資產負債表,應付代管財產,1571292.0,非收支
N07,北大,113,資產負債表,應付帳款,18356.0,非收支
N07,北大,113,資產負債表,應付所得稅,1109813.0,非收支
N07,北大,110,資產負債表,應付購置財產,402575.0,非收支
N07,北大,110,資產負債表,應付購置財產,252425.0,非收支
N07,北大,111,資產負債表,應付購置財產,491345.0,非收支
N07,北大,112,資產負債表,應付購置財產,519345.0,非收支
N07,北大,113,資產負債表,應付購置財產,580811.0,非收支
N07,北大,110,資產負債表,應收帳款淨額,2351.0,非收支
N07,北大,110,資產負債表,應收帳款淨額,,非收支
N07,北大,111,資產負債表,應收帳款淨額,110490.0,非收支
N07,北大,112,資產負債表,應收帳款淨額,77421.0,非收支
N07,北大,113,資產負債表,應收帳款淨額,88781.0,非收支
N07,北大,110,資產負債表,本期餘絀,1523006.0,非收支
N07,北大,110,資產負債表,本期餘絀,-737875.0,非收支
N07,北大,111,資產負債表,本期餘絀,522638.0,非收支
N07,北大,112,資產負債表,本期餘絀,-51846.0,非收支
N07,北大,113,資產負債表,本期餘絀,2625967.0,非收支
N07,北大,110,資產負債表,業務發展準備,2687000.0,非收支
N07,北大,110,資產負債表,業務發展準備,2588000.0,非收支
N07,北大,111,資產負債表,業務發展準備,4087000.0,非收支
N07,北大,112,資產負債表,業務發展準備,5859000.0,非收支
N07,北大,113,資產負債表,業務發展準備,,非收支
N07,北大,110,資產負債表,業務發展準備金,2687000.0,非收支
N07,北大,110,資產負債表,業務發展準備金,2588000.0,非收支
N07,北大,111,資產負債表,業務發展準備金,4087000.0,非收支
N07,北大,112,資產負債表,業務發展準備金,5859000.0,非收支
N07,北大,113,資產負債表,業務發展準備金,,非收支
N07,北大,110,資產負債表,流動負債合計,4408932.0,非收支
N07,北大,110,資產負債表,流動負債合計,4102751.0,非收支
N07,北大,111,資產負債表,流動負債合計,6757874.0,非收支
N07,北大,112,資產負債表,流動負債合計,7249897.0,非收支
N07,北大,113,資產負債表,流動負債合計,5786623.0,非收支
N07,北大,110,資產負債表,流動資產合計,6061415.0,非收支
N07,北大,110,資產負債表,流動資產合計,4232228.0,非收支
N07,北大,111,資產負債表,流動資產合計,8932995.0,非收支
N07,北大,112,資產負債表,流動資產合計,9373172.0,非收支
N07,北大,113,資產負債表,流動資產合計,10535865.0,非收支
N07,北大,110,資產負債表,現金及銀行存款,6036334.0,非收支
N07,北大,110,資產負債表,現金及銀行存款,3835528.0,非收支
N07,北大,111,資產負債表,現金及銀行存款,8778113.0,非收支
N07,北大,112,資產負債表,現金及銀行存款,9280051.0,非收支
N07,北大,113,資產負債表,現金及銀行存款,10214084.0,非收支
N07,北大,110,資產負債表,累積餘絀,129477.0,非收支
N07,北大,110,資產負債表,累積餘絀,867352.0,非收支
N07,北大,111,資產負債表,累積餘絀,1652483.0,非收支
N07,北大,112,資產負債表,累積餘絀,2175121.0,非收支
N07,北大,113,資產負債表,累積餘絀,2123275.0,非收支
N07,北大,110,資產負債表,負債及餘絀總計,11779938.0,非收支
N07,北大,110,資產負債表,負債及餘絀總計,10269638.0,非收支
N07,北大,111,資產負債表,負債及餘絀總計,16195719.0,非收支
N07,北大,112,資產負債表,負債及餘絀總計,18129973.0,非收支
N07,北大,113,資產負債表,負債及餘絀總計,12687968.0,非收支
N07,北大,110,資產負債表,負債總額,10127455.0,非收支
N07,北大,110,資產負債表,負債總額,10140161.0,非收支
N07,北大,111,資產負債表,負債總額,14020598.0,非收支
N07,北大,112,資產負債表,負債總額,16006698.0,非收支
N07,北大,113,資產負債表,負債總額,7938726.0,非收支
N07,北大,110,資產負債表,資產總計,11779938.0,非收支
N07,北大,110,資產負債表,資產總計,10269638.0,非收支
N07,北大,111,資產負債表,資產總計,16195719.0,非收支
N07,北大,112,資產負債表,資產總計,18129973.0,非收支
N07,北大,113,資產負債表,資產總計,12687968.0,非收支
N07,北大,111,資產負債表,資遣費準備,354383.0,非收支
N07,北大,112,資產負債表,資遣費準備,449139.0,非收支
N07,北大,113,資產負債表,資遣費準備,,非收支
N07,北大,111,資產負債表,資遣費準備金,354383.0,非收支
N07,北大,112,資產負債表,資遣費準備金,449139.0,非收支
N07,北大,113,資產負債表,資遣費準備金,,非收支
N07,北大,110,資產負債表,資遺費準備,261769.0,非收支
N07,北大,110,資產負債表,資遺費準備,202480.0,非收支
N07,北大,110,資產負債表,資遺費準備金,261769.0,非收支
N07,北大,110,資產負債表,資遺費準備金,202480.0,非收支
N07,北大,110,資產負債表,購置財產,402575.0,非收支
N07,北大,110,資產負債表,購置財產,252425.0,非收支
N07,北大,111,資產負債表,購置財產,491345.0,非收支
N07,北大,112,資產負債表,購置財產,519345.0,非收支
N07,北大,113,資產負債表,購置財產,580811.0,非收支
N07,北大,110,資產負債表,非流動負債合計,5718523.0,非收支
N07,北大,110,資產負債表,非流動負債合計,6037410.0,非收支
N07,北大,111,資產負債表,非流動負債合計,7262724.0,非收支
N07,北大,112,資產負債表,非流動負債合計,8756801.0,非收支
N07,北大,113,資產負債表,非流動負債合計,2152103.0,非收支
N07,北大,110,資產負債表,非流動資產合計,5718523.0,非收支
N07,北大,110,資產負債表,非流動資產合計,6037410.0,非收支
N07,北大,111,資產負債表,非流動資產合計,7262724.0,非收支
N07,北大,112,資產負債表,非流動資產合計,8756801.0,非收支
N07,北大,113,資產負債表,非流動資產合計,2152103.0,非收支
N07,北大,110,資產負債表,預付款項,8930.0,非收支
N07,北大,110,資產負債表,預付款項,67725.0,非收支
N07,北大,111,資產負債表,預付款項,42920.0,非收支
N07,北大,112,資產負債表,預付款項,11126.0,非收支
N07,北大,113,資產負債表,預付款項,,非收支
N07,北大,110,資產負債表,預收款項,2664450.0,非收支
N07,北大,110,資產負債表,預收款項,2439450.0,非收支
N07,北大,111,資產負債表,預收款項,4416875.0,非收支
N07,北大,112,資產負債表,預收款項,4846095.0,非收支
N07,北大,113,資產負債表,預收款項,,非收支
N07,北大,110,資產負債表,餘絀總額,1652483.0,非收支
N07,北大,110,資產負債表,餘絀總額,129477.0,非收支
N07,北大,111,資產負債表,餘絀總額,2175121.0,非收支
N07,北大,112,資產負債表,餘絀總額,2123275.0,非收支
N07,北大,113,資產負債表,餘絀總額,4749242.0,非收支
N07,北大,111,附表三,事務機器耗材-執行率,96.0,非收支
N07,北大,111,附表三,事務機器耗材-決算數,76440.0,非收支
N07,北大,111,附表三,五日未上課退費-執行率,,非收支
N07,北大,112,附表三,五日未上課退費-執行率,,非收支
N07,北大,113,附表三,五日未上課退費-執行率,,非收支
N07,北大,111,附表三,五日未上課退費-決算數,-145669.0,非收支
N07,北大,112,附表三,五日未上課退費-決算數,-193128.0,非收支
N07,北大,113,附表三,五日未上課退費-決算數,-46925.0,非收支
N07,北大,111,附表三,人事費-執行率,88.0,非收支
N07,北大,112,附表三,人事費-執行率,89.0,非收支
N07,北大,113,附表三,人事費-執行率,105.0,非收支
N07,北大,111,附表三,人事費-決算數,14516199.0,非收支
N07,北大,112,附表三,人事費-決算數,14991246.0,非收支
N07,北大,113,附表三,人事費-決算數,17915419.0,非收支
N07,北大,112,附表三,代課費及代班費-執行率,60.0,非收支
N07,北大,112,附表三,代課費及代班費-決算數,189424.0,非收支
N07,北大,111,附表三,代課費及廚工代班費-執行率,52.0,非收支
N07,北大,111,附表三,代課費及廚工代班費-決算數,165101.0,非收支
N07,北大,111,附表三,保全-執行率,20.0,非收支
N07,北大,111,附表三,保全-決算數,24000.0,非收支
N07,北大,111,附表三,保險費-執行率,84.0,非收支
N07,北大,112,附表三,保險費-執行率,97.0,非收支
N07,北大,113,附表三,保險費-執行率,93.0,非收支
N07,北大,111,附表三,保險費-決算數,19369.0,非收支
N07,北大,112,附表三,保險費-決算數,22195.0,非收支
N07,北大,113,附表三,保險費-決算數,21483.0,非收支
N07,北大,111,附表三,修繕費-執行率,122.0,非收支
N07,北大,111,附表三,修繕費-決算數,164975.0,非收支
N07,北大,110,附表三,修繕購置費-執行率,96.0,非收支
N07,北大,111,附表三,修繕購置費-執行率,89.0,非收支
N07,北大,110,附表三,修繕購置費-決算數,202136.0,非收支
N07,北大,111,附表三,修繕購置費-決算數,227960.0,非收支
N07,北大,111,附表三,健康檢查-執行率,115.0,非收支
N07,北大,112,附表三,健康檢查-執行率,,非收支
N07,北大,113,附表三,健康檢查-執行率,100.0,非收支
N07,北大,111,附表三,健康檢查-決算數,26478.0,非收支
N07,北大,112,附表三,健康檢查-決算數,,非收支
N07,北大,113,附表三,健康檢查-決算數,23072.0,非收支
N07,北大,110,附表三,其他支出-執行率,,非收支
N07,北大,111,附表三,其他支出-執行率,,非收支
N07,北大,110,附表三,其他支出-決算數,1832078.0,非收支
N07,北大,111,附表三,其他支出-決算數,1412744.0,非收支
N07,北大,113,附表三,其他收入-其它-執行率,,非收支
N07,北大,113,附表三,其他收入-其它-決算數,7029239.0,非收支
N07,北大,111,附表三,其他收入-執行率,,非收支
N07,北大,112,附表三,其他收入-執行率,,非收支
N07,北大,113,附表三,其他收入-執行率,,非收支
N07,北大,111,附表三,其他收入-決算數,1412744.0,非收支
N07,北大,112,附表三,其他收入-決算數,2813277.0,非收支
N07,北大,113,附表三,其他收入-決算數,2652139.0,非收支
N07,北大,111,附表三,利息收入-執行率,,非收支
N07,北大,112,附表三,利息收入-執行率,,非收支
N07,北大,113,附表三,利息收入-執行率,,非收支
N07,北大,111,附表三,利息收入-決算數,67581.0,非收支
N07,北大,112,附表三,利息收入-決算數,125882.0,非收支
N07,北大,113,附表三,利息收入-決算數,197821.0,非收支
N07,北大,111,附表三,加班費-執行率,26.0,非收支
N07,北大,112,附表三,加班費-執行率,26.0,非收支
N07,北大,113,附表三,加班費-執行率,49.0,非收支
N07,北大,111,附表三,加班費-決算數,319617.0,非收支
N07,北大,112,附表三,加班費-決算數,333335.0,非收支
N07,北大,113,附表三,加班費-決算數,630725.0,非收支
N07,北大,111,附表三,勞、健保費-執行率,93.0,非收支
N07,北大,112,附表三,勞、健保費-執行率,91.0,非收支
N07,北大,113,附表三,勞、健保費-執行率,107.0,非收支
N07,北大,111,附表三,勞、健保費-決算數,1469410.0,非收支
N07,北大,112,附表三,勞、健保費-決算數,1466280.0,非收支
N07,北大,113,附表三,勞、健保費-決算數,1631882.0,非收支
N07,北大,111,附表三,勞退金提撥-執行率,100.0,非收支
N07,北大,112,附表三,勞退金提撥-執行率,100.0,非收支
N07,北大,113,附表三,勞退金提撥-執行率,107.0,非收支
N07,北大,111,附表三,勞退金提撥-決算數,664268.0,非收支
N07,北大,112,附表三,勞退金提撥-決算數,684558.0,非收支
N07,北大,113,附表三,勞退金提撥-決算數,748631.0,非收支
N07,北大,111,附表三,呆帳損失-執行率,,非收支
N07,北大,111,附表三,呆帳損失-決算數,1714.0,非收支
N07,北大,110,附表三,園務特支-執行率,100.0,非收支
N07,北大,111,附表三,園務特支-執行率,40.0,非收支
N07,北大,110,附表三,園務特支-決算數,41900.0,非收支
N07,北大,111,附表三,園務特支-決算數,18144.0,非收支
N07,北大,110,附表三,園舍消毒、清潔-執行率,91.0,非收支
N07,北大,111,附表三,園舍消毒、清潔-執行率,52.0,非收支
N07,北大,110,附表三,園舍消毒、清潔-決算數,22829.0,非收支
N07,北大,111,附表三,園舍消毒、清潔-決算數,23214.0,非收支
N07,北大,111,附表三,園長及教保服務人員薪資(含職務加給)-執行率,92.0,非收支
N07,北大,112,附表三,園長及教保服務人員薪資(含職務加給)-執行率,93.0,非收支
N07,北大,113,附表三,園長及教保服務人員薪資(含職務加給)-執行率,97.0,非收支
N07,北大,111,附表三,園長及教保服務人員薪資(含職務加給)-決算數,8668599.0,非收支
N07,北大,112,附表三,園長及教保服務人員薪資(含職務加給)-決算數,8951272.0,非收支
N07,北大,113,附表三,園長及教保服務人員薪資(含職務加給)-決算數,9557963.0,非收支
N07,北大,111,附表三,學前特教師、社工人員、護理人員薪資-執行率,102.0,非收支
N07,北大,112,附表三,學前特教師、社工人員、護理人員薪資-執行率,108.0,非收支
N07,北大,113,附表三,學前特教師、社工人員、護理人員薪資-執行率,131.0,非收支
N07,北大,111,附表三,學前特教師、社工人員、護理人員薪資-決算數,519812.0,非收支
N07,北大,112,附表三,學前特教師、社工人員、護理人員薪資-決算數,566004.0,非收支
N07,北大,113,附表三,學前特教師、社工人員、護理人員薪資-決算數,701808.0,非收支
N07,北大,110,附表三,差旅費-執行率,,非收支
N07,北大,111,附表三,差旅費-執行率,,非收支
N07,北大,110,附表三,差旅費-決算數,,非收支
N07,北大,111,附表三,差旅費-決算數,,非收支
N07,北大,110,附表三,延後托育支出-執行率,,非收支
N07,北大,111,附表三,延後托育支出-執行率,,非收支
N07,北大,110,附表三,延後托育支出-決算數,182692.0,非收支
N07,北大,111,附表三,延後托育支出-決算數,291910.0,非收支
N07,北大,111,附表三,延後托育收入-執行率,,非收支
N07,北大,111,附表三,延後托育收入-決算數,291910.0,非收支
N07,北大,111,附表三,延後托育收入淨額-執行率,,非收支
N07,北大,111,附表三,延後托育收入淨額-執行率,,非收支
N07,北大,111,附表三,延後托育收入淨額-決算數,291910.0,非收支
N07,北大,111,附表三,延後托育收入淨額-決算數,291910.0,非收支
N07,北大,112,附表三,延長照顧服務收入-執行率,,非收支
N07,北大,113,附表三,延長照顧服務收入-執行率,,非收支
N07,北大,112,附表三,延長照顧服務收入-決算數,418145.0,非收支
N07,北大,113,附表三,延長照顧服務收入-決算數,337990.0,非收支
N07,北大,112,附表三,延長照顧服務收入淨額-執行率,,非收支
N07,北大,112,附表三,延長照顧服務收入淨額-執行率,,非收支
N07,北大,113,附表三,延長照顧服務收入淨額-執行率,,非收支
N07,北大,113,附表三,延長照顧服務收入淨額-執行率,,非收支
N07,北大,112,附表三,延長照顧服務收入淨額-決算數,418145.0,非收支
N07,北大,112,附表三,延長照顧服務收入淨額-決算數,418145.0,非收支
N07,北大,113,附表三,延長照顧服務收入淨額-決算數,337990.0,非收支
N07,北大,113,附表三,延長照顧服務收入淨額-決算數,337990.0,非收支
N07,北大,110,附表三,所得稅費用-執行率,,非收支
N07,北大,111,附表三,所得稅費用-執行率,,非收支
N07,北大,110,附表三,所得稅費用-決算數,,非收支
N07,北大,111,附表三,所得稅費用-決算數,,非收支
N07,北大,110,附表三,攝影照片-執行率,,非收支
N07,北大,111,附表三,攝影照片-執行率,,非收支
N07,北大,110,附表三,攝影照片-決算數,,非收支
N07,北大,111,附表三,攝影照片-決算數,,非收支
N07,北大,111,附表三,支出-執行率,102.0,非收支
N07,北大,112,附表三,支出-執行率,112.0,非收支
N07,北大,113,附表三,支出-執行率,119.0,非收支
N07,北大,111,附表三,支出-決算數,21332856.0,非收支
N07,北大,112,附表三,支出-決算數,23849400.0,非收支
N07,北大,113,附表三,支出-決算數,25409886.0,非收支
N07,北大,111,附表三,收入-執行率,103.0,非收支
N07,北大,112,附表三,收入-執行率,112.0,非收支
N07,北大,113,附表三,收入-執行率,143.0,非收支
N07,北大,111,附表三,收入-決算數,21855494.0,非收支
N07,北大,112,附表三,收入-決算數,23797554.0,非收支
N07,北大,113,附表三,收入-決算數,29145666.0,非收支
N07,北大,111,附表三,政府學費差額補助退費-執行率,,非收支
N07,北大,112,附表三,政府學費差額補助退費-執行率,,非收支
N07,北大,113,附表三,政府學費差額補助退費-執行率,,非收支
N07,北大,111,附表三,政府學費差額補助退費-決算數,-43702.0,非收支
N07,北大,112,附表三,政府學費差額補助退費-決算數,-114673.0,非收支
N07,北大,113,附表三,政府學費差額補助退費-決算數,-18326.0,非收支
N07,北大,110,附表三,教保材料費-執行率,101.0,非收支
N07,北大,111,附表三,教保材料費-執行率,103.0,非收支
N07,北大,110,附表三,教保材料費-決算數,362540.0,非收支
N07,北大,111,附表三,教保材料費-決算數,413117.0,非收支
N07,北大,111,附表三,教保費收入(家長繳費)-執行率,60.0,非收支
N07,北大,112,附表三,教保費收入(家長繳費)-執行率,62.0,非收支
N07,北大,113,附表三,教保費收入(家長繳費)-執行率,58.0,非收支
N07,北大,111,附表三,教保費收入(家長繳費)-決算數,2629114.0,非收支
N07,北大,112,附表三,教保費收入(家長繳費)-決算數,2715395.0,非收支
N07,北大,113,附表三,教保費收入(家長繳費)-決算數,2263795.0,非收支
N07,北大,111,附表三,教保費收入(政府學費差額補助)-執行率,104.0,非收支
N07,北大,112,附表三,教保費收入(政府學費差額補助)-執行率,107.0,非收支
N07,北大,113,附表三,教保費收入(政府學費差額補助)-執行率,102.0,非收支
N07,北大,111,附表三,教保費收入(政府學費差額補助)-決算數,17663917.0,非收支
N07,北大,112,附表三,教保費收入(政府學費差額補助)-決算數,18056730.0,非收支
N07,北大,113,附表三,教保費收入(政府學費差額補助)-決算數,16800000.0,非收支
N07,北大,111,附表三,教保費收入-執行率,95.0,非收支
N07,北大,112,附表三,教保費收入-執行率,98.0,非收支
N07,北大,113,附表三,教保費收入-執行率,93.0,非收支
N07,北大,111,附表三,教保費收入-決算數,20293031.0,非收支
N07,北大,112,附表三,教保費收入-決算數,20772125.0,非收支
N07,北大,113,附表三,教保費收入-決算數,19063795.0,非收支
N07,北大,111,附表三,教保費收入淨額-執行率,94.0,非收支
N07,北大,112,附表三,教保費收入淨額-執行率,96.0,非收支
N07,北大,113,附表三,教保費收入淨額-執行率,93.0,非收支
N07,北大,111,附表三,教保費收入淨額-決算數,20083259.0,非收支
N07,北大,112,附表三,教保費收入淨額-決算數,20440250.0,非收支
N07,北大,113,附表三,教保費收入淨額-決算數,18928477.0,非收支
N07,北大,111,附表三,教保費收入減項-執行率,,非收支
N07,北大,112,附表三,教保費收入減項-執行率,-209772.0,非收支
N07,北大,113,附表三,教保費收入減項-執行率,,非收支
N07,北大,111,附表三,教保費收入減項-決算數,-209772.0,非收支
N07,北大,112,附表三,教保費收入減項-決算數,-331875.0,非收支
N07,北大,113,附表三,教保費收入減項-決算數,-135318.0,非收支
N07,北大,110,附表三,文宣費(一般文宣)-執行率,,非收支
N07,北大,111,附表三,文宣費(一般文宣)-執行率,,非收支
N07,北大,110,附表三,文宣費(一般文宣)-決算數,,非收支
N07,北大,111,附表三,文宣費(一般文宣)-決算數,,非收支
N07,北大,110,附表三,文宣費(園刊)-執行率,,非收支
N07,北大,111,附表三,文宣費(園刊)-執行率,,非收支
N07,北大,110,附表三,文宣費(園刊)-決算數,,非收支
N07,北大,111,附表三,文宣費(園刊)-決算數,,非收支
N07,北大,110,附表三,日常消耗用品-執行率,100.0,非收支
N07,北大,111,附表三,日常消耗用品-執行率,118.0,非收支
N07,北大,110,附表三,日常消耗用品-決算數,89766.0,非收支
N07,北大,111,附表三,日常消耗用品-決算數,86129.0,非收支
N07,北大,111,附表三,會計、總務、廚工、清潔薪資-執行率,98.0,非收支
N07,北大,112,附表三,會計、總務、廚工、清潔薪資-執行率,101.0,非收支
N07,北大,113,附表三,會計、總務、廚工、清潔薪資-執行率,99.0,非收支
N07,北大,111,附表三,會計、總務、廚工、清潔薪資-決算數,2547931.0,非收支
N07,北大,112,附表三,會計、總務、廚工、清潔薪資-決算數,2660436.0,非收支
N07,北大,113,附表三,會計、總務、廚工、清潔薪資-決算數,2648022.0,非收支
N07,北大,110,附表三,本期稅前餘絀-執行率,401.0,非收支
N07,北大,111,附表三,本期稅前餘絀-執行率,143.0,非收支
N07,北大,110,附表三,本期稅前餘絀-決算數,1523006.0,非收支
N07,北大,111,附表三,本期稅前餘絀-決算數,522638.0,非收支
N07,北大,110,附表三,本期稅後餘絀-執行率,401.0,非收支
N07,北大,111,附表三,本期稅後餘絀-執行率,143.0,非收支
N07,北大,110,附表三,本期稅後餘絀-決算數,1523006.0,非收支
N07,北大,111,附表三,本期稅後餘絀-決算數,522638.0,非收支
N07,北大,110,附表三,材料費-執行率,87.0,非收支
N07,北大,111,附表三,材料費-執行率,94.0,非收支
N07,北大,110,附表三,材料費-決算數,1973721.0,非收支
N07,北大,111,附表三,材料費-決算數,2312942.0,非收支
N07,北大,110,附表三,業務發展費-執行率,,非收支
N07,北大,111,附表三,業務發展費-執行率,,非收支
N07,北大,110,附表三,業務發展費-決算數,99000.0,非收支
N07,北大,111,附表三,業務發展費-決算數,1400000.0,非收支
N07,北大,111,附表三,業務費-執行率,52.0,非收支
N07,北大,112,附表三,業務費-執行率,57.0,非收支
N07,北大,111,附表三,業務費-決算數,588451.0,非收支
N07,北大,112,附表三,業務費-決算數,653272.0,非收支
N07,北大,111,附表三,水費-執行率,62.0,非收支
N07,北大,112,附表三,水費-執行率,50.0,非收支
N07,北大,111,附表三,水費-決算數,30974.0,非收支
N07,北大,112,附表三,水費-決算數,24924.0,非收支
N07,北大,110,附表三,水電修繕-執行率,38.0,非收支
N07,北大,110,附表三,水電修繕-決算數,41325.0,非收支
N07,北大,111,附表三,活動費-執行率,61.0,非收支
N07,北大,112,附表三,活動費-執行率,90.0,非收支
N07,北大,111,附表三,活動費-決算數,75791.0,非收支
N07,北大,112,附表三,活動費-決算數,112892.0,非收支
N07,北大,110,附表三,火險-執行率,45.0,非收支
N07,北大,111,附表三,火險-執行率,36.0,非收支
N07,北大,110,附表三,火險-決算數,3566.0,非收支
N07,北大,111,附表三,火險-決算數,3566.0,非收支
N07,北大,111,附表三,瓦斯費-執行率,69.0,非收支
N07,北大,111,附表三,瓦斯費-決算數,27460.0,非收支
N07,北大,111,附表三,研習、進修-執行率,70.0,非收支
N07,北大,112,附表三,研習、進修-執行率,96.0,非收支
N07,北大,111,附表三,研習、進修-決算數,32000.0,非收支
N07,北大,112,附表三,研習、進修-決算數,44000.0,非收支
N07,北大,110,附表三,維護費-執行率,47.0,非收支
N07,北大,111,附表三,維護費-執行率,101.0,非收支
N07,北大,110,附表三,維護費-決算數,67720.0,非收支
N07,北大,111,附表三,維護費-決算數,191755.0,非收支
N07,北大,113,附表三,腸病毒退費-執行率,,非收支
N07,北大,113,附表三,腸病毒退費-決算數,-44953.0,非收支
N07,北大,111,附表三,自強活動-執行率,100.0,非收支
N07,北大,112,附表三,自強活動-執行率,100.0,非收支
N07,北大,113,附表三,自強活動-執行率,93.0,非收支
N07,北大,111,附表三,自強活動-決算數,23000.0,非收支
N07,北大,112,附表三,自強活動-決算數,22986.0,非收支
N07,北大,113,附表三,自強活動-決算數,21494.0,非收支
N07,北大,110,附表三,藥品費-執行率,78.0,非收支
N07,北大,111,附表三,藥品費-執行率,110.0,非收支
N07,北大,110,附表三,藥品費-決算數,8175.0,非收支
N07,北大,111,附表三,藥品費-決算數,12993.0,非收支
N07,北大,110,附表三,行政管理費-執行率,100.0,非收支
N07,北大,111,附表三,行政管理費-執行率,100.0,非收支
N07,北大,110,附表三,行政管理費-決算數,315990.0,非收支
N07,北大,111,附表三,行政管理費-決算數,358913.0,非收支
N07,北大,111,附表三,資遣費-執行率,100.0,非收支
N07,北大,112,附表三,資遣費-執行率,100.0,非收支
N07,北大,111,附表三,資遣費-決算數,92614.0,非收支
N07,北大,112,附表三,資遣費-決算數,94756.0,非收支
N07,北大,111,附表三,轉學/轉出退費-執行率,,非收支
N07,北大,112,附表三,轉學/轉出退費-執行率,,非收支
N07,北大,113,附表三,轉學/轉出退費-執行率,,非收支
N07,北大,111,附表三,轉學/轉出退費-決算數,-20401.0,非收支
N07,北大,112,附表三,轉學/轉出退費-決算數,-24074.0,非收支
N07,北大,113,附表三,轉學/轉出退費-決算數,-25114.0,非收支
N07,北大,111,附表三,辦公文具-執行率,62.0,非收支
N07,北大,111,附表三,辦公文具-決算數,23489.0,非收支
N07,北大,110,附表三,郵資-執行率,59.0,非收支
N07,北大,111,附表三,郵資-執行率,64.0,非收支
N07,北大,110,附表三,郵資-決算數,4949.0,非收支
N07,北大,111,附表三,郵資-決算數,5757.0,非收支
N07,北大,110,附表三,雜支-執行率,95.0,非收支
N07,北大,111,附表三,雜支-執行率,44.0,非收支
N07,北大,110,附表三,雜支-決算數,51208.0,非收支
N07,北大,111,附表三,雜支-決算數,30268.0,非收支
N07,北大,111,附表三,電話費(含網路)-執行率,46.0,非收支
N07,北大,111,附表三,電話費(含網路)-決算數,28805.0,非收支
N07,北大,111,附表三,電費-執行率,55.0,非收支
N07,北大,111,附表三,電費-決算數,245591.0,非收支
N07,北大,110,附表三,餐點費-執行率,84.0,非收支
N07,北大,111,附表三,餐點費-執行率,92.0,非收支
N07,北大,110,附表三,餐點費-決算數,1513240.0,非收支
N07,北大,111,附表三,餐點費-決算數,1800703.0,非收支
N07,北大,110,附表二,事務機器耗材-差異率,102.0,非收支
N07,北大,111,附表二,事務機器耗材-差異率,4.0,非收支
N07,北大,110,附表二,事務機器耗材-決算數,66396.0,非收支
N07,北大,111,附表二,事務機器耗材-決算數,76440.0,非收支
N07,北大,110,附表二,五日未上課退費-差異率,,非收支
N07,北大,110,附表二,五日未上課退費-決算數,-128619.0,非收支
N07,北大,110,附表二,人事費-差異率,88.0,非收支
N07,北大,111,附表二,人事費-差異率,12.0,非收支
N07,北大,111,附表二,人事費-差異率,7.0,非收支
N07,北大,110,附表二,人事費-決算數,9226416.0,非收支
N07,北大,111,附表二,人事費-決算數,14516199.0,非收支
N07,北大,111,附表二,人事費-決算數,14103968.0,非收支
N07,北大,110,附表二,代課費及廚工代班費-差異率,80.0,非收支
N07,北大,110,附表二,代課費及廚工代班費-決算數,164301.0,非收支
N07,北大,110,附表二,保全-差異率,30.0,非收支
N07,北大,111,附表二,保全-差異率,80.0,非收支
N07,北大,110,附表二,保全-決算數,24000.0,非收支
N07,北大,111,附表二,保全-決算數,24000.0,非收支
N07,北大,110,附表二,保險費-差異率,92.0,非收支
N07,北大,110,附表二,保險費-決算數,14791.0,非收支
N07,北大,111,附表二,修繕購置費-差異率,11.0,非收支
N07,北大,111,附表二,修繕購置費-決算數,227960.0,非收支
N07,北大,110,附表二,健康檢查-差異率,68.0,非收支
N07,北大,110,附表二,健康檢查-決算數,1350.0,非收支
N07,北大,110,附表二,其他收入-差異率,,非收支
N07,北大,110,附表二,其他收入-決算數,1832078.0,非收支
N07,北大,110,附表二,利息收入-差異率,,非收支
N07,北大,110,附表二,利息收入-決算數,27037.0,非收支
N07,北大,110,附表二,加班費-差異率,25.0,非收支
N07,北大,111,附表二,加班費-差異率,74.0,非收支
N07,北大,110,附表二,加班費-決算數,194872.0,非收支
N07,北大,111,附表二,加班費-決算數,319617.0,非收支
N07,北大,110,附表二,勞、健保費-差異率,92.0,非收支
N07,北大,110,附表二,勞、健保費-決算數,871738.0,非收支
N07,北大,110,附表二,勞退金提撥-差異率,101.0,非收支
N07,北大,110,附表二,勞退金提撥-決算數,431155.0,非收支
N07,北大,111,附表二,合計-差異率,13.0,非收支
N07,北大,111,附表二,合計-決算數,18226488.0,非收支
N07,北大,111,附表二,園務特支-差異率,60.0,非收支
N07,北大,111,附表二,園務特支-決算數,18144.0,非收支
N07,北大,110,附表二,園長及教保服務人員薪資(含職務加給)-差異率,93.0,非收支
N07,北大,110,附表二,園長及教保服務人員薪資(含職務加給)-決算數,5938705.0,非收支
N07,北大,111,附表二,差旅費-差異率,,非收支
N07,北大,111,附表二,差旅費-決算數,,非收支
N07,北大,110,附表二,延後托育收入-差異率,,非收支
N07,北大,110,附表二,延後托育收入-決算數,188370.0,非收支
N07,北大,110,附表二,延後托育收入淨額-差異率,,非收支
N07,北大,110,附表二,延後托育收入淨額-差異率,,非收支
N07,北大,110,附表二,延後托育收入淨額-決算數,188370.0,非收支
N07,北大,110,附表二,延後托育收入淨額-決算數,188370.0,非收支
N07,北大,111,附表二,攝影照片-差異率,,非收支
N07,北大,111,附表二,攝影照片-決算數,,非收支
N07,北大,110,附表二,支出-差異率,102.0,非收支
N07,北大,110,附表二,支出-決算數,14636905.0,非收支
N07,北大,110,附表二,收入-差異率,110.0,非收支
N07,北大,110,附表二,收入-決算數,16159911.0,非收支
N07,北大,111,附表二,教保材料費-差異率,3.0,非收支
N07,北大,111,附表二,教保材料費-決算數,413117.0,非收支
N07,北大,110,附表二,教保費收入(家長繳費)-差異率,65.0,非收支
N07,北大,110,附表二,教保費收入(家長繳費)-決算數,2928961.0,非收支
N07,北大,110,附表二,教保費收入(政府學費差額補助)-差異率,111.0,非收支
N07,北大,110,附表二,教保費收入(政府學費差額補助)-決算數,11318632.0,非收支
N07,北大,110,附表二,教保費收入-差異率,97.0,非收支
N07,北大,110,附表二,教保費收入-決算數,14247593.0,非收支
N07,北大,110,附表二,教保費收入淨額-差異率,96.0,非收支
N07,北大,110,附表二,教保費收入淨額-決算數,14112426.0,非收支
N07,北大,110,附表二,教保費收入減項-差異率,,非收支
N07,北大,110,附表二,教保費收入減項-決算數,-135167.0,非收支
N07,北大,111,附表二,文宣費(一般文宣)-差異率,,非收支
N07,北大,111,附表二,文宣費(一般文宣)-決算數,,非收支
N07,北大,111,附表二,文宣費(園刊)-差異率,,非收支
N07,北大,111,附表二,文宣費(園刊)-決算數,,非收支
N07,北大,111,附表二,日常消耗用品-差異率,18.0,非收支
N07,北大,111,附表二,日常消耗用品-決算數,86129.0,非收支
N07,北大,110,附表二,會計、總務、廚工、清潔薪資-差異率,95.0,非收支
N07,北大,110,附表二,會計、總務、廚工、清潔薪資-決算數,1535215.0,非收支
N07,北大,111,附表二,材料費-差異率,6.0,非收支
N07,北大,111,附表二,材料費-決算數,2312942.0,非收支
N07,北大,110,附表二,業務費-差異率,76.0,非收支
N07,北大,111,附表二,業務費-差異率,48.0,非收支
N07,北大,110,附表二,業務費-決算數,685944.0,非收支
N07,北大,111,附表二,業務費-決算數,588451.0,非收支
N07,北大,110,附表二,水費-差異率,211.0,非收支
N07,北大,111,附表二,水費-差異率,38.0,非收支
N07,北大,110,附表二,水費-決算數,80249.0,非收支
N07,北大,111,附表二,水費-決算數,30974.0,非收支
N07,北大,110,附表二,活動費-差異率,91.0,非收支
N07,北大,111,附表二,活動費-差異率,39.0,非收支
N07,北大,110,附表二,活動費-決算數,104803.0,非收支
N07,北大,111,附表二,活動費-決算數,75791.0,非收支
N07,北大,110,附表二,瓦斯費-差異率,60.0,非收支
N07,北大,111,附表二,瓦斯費-差異率,31.0,非收支
N07,北大,110,附表二,瓦斯費-決算數,21760.0,非收支
N07,北大,111,附表二,瓦斯費-決算數,27460.0,非收支
N07,北大,110,附表二,研習、進修-差異率,100.0,非收支
N07,北大,111,附表二,研習、進修-差異率,30.0,非收支
N07,北大,110,附表二,研習、進修-決算數,32000.0,非收支
N07,北大,111,附表二,研習、進修-決算數,32000.0,非收支
N07,北大,111,附表二,維護費-差異率,1.0,非收支
N07,北大,111,附表二,維護費-決算數,191755.0,非收支
N07,北大,110,附表二,自強活動-差異率,94.0,非收支
N07,北大,110,附表二,自強活動-決算數,15000.0,非收支
N07,北大,111,附表二,藥品費-差異率,10.0,非收支
N07,北大,111,附表二,藥品費-決算數,12993.0,非收支
N07,北大,111,附表二,行政管理費-差異率,,非收支
N07,北大,111,附表二,行政管理費-決算數,358913.0,非收支
N07,北大,110,附表二,資遣費-差異率,100.0,非收支
N07,北大,111,附表二,資遣費-差異率,,非收支
N07,北大,110,附表二,資遣費-決算數,59289.0,非收支
N07,北大,111,附表二,資遣費-決算數,92614.0,非收支
N07,北大,110,附表二,轉學/轉出退費-差異率,,非收支
N07,北大,110,附表二,轉學/轉出退費-決算數,-6548.0,非收支
N07,北大,110,附表二,辦公文具-差異率,105.0,非收支
N07,北大,111,附表二,辦公文具-差異率,38.0,非收支
N07,北大,110,附表二,辦公文具-決算數,31466.0,非收支
N07,北大,111,附表二,辦公文具-決算數,23489.0,非收支
N07,北大,111,附表二,郵資-差異率,36.0,非收支
N07,北大,111,附表二,郵資-決算數,5757.0,非收支
N07,北大,111,附表二,雜支-差異率,56.0,非收支
N07,北大,111,附表二,雜支-決算數,30268.0,非收支
N07,北大,110,附表二,電話費(含網路)-差異率,55.0,非收支
N07,北大,111,附表二,電話費(含網路)-差異率,54.0,非收支
N07,北大,110,附表二,電話費(含網路)-決算數,29770.0,非收支
N07,北大,111,附表二,電話費(含網路)-決算數,28805.0,非收支
N07,北大,110,附表二,電費-差異率,77.0,非收支
N07,北大,111,附表二,電費-差異率,45.0,非收支
N07,北大,110,附表二,電費-決算數,248651.0,非收支
N07,北大,111,附表二,電費-決算數,245591.0,非收支
N07,北大,111,附表二,餐點費-差異率,8.0,非收支
N07,北大,111,附表二,餐點費-決算數,1800703.0,非收支
N07,北大,110,附表四,帳面價值總額,2003003.0,非收支
N07,北大,111,附表四,帳面價值總額,1499274.0,非收支
N07,北大,112,附表四,帳面價值總額,631945.0,非收支
N07,北大,113,附表四,帳面價值總額,652645.0,非收支
N07,北大,110,附表四,財產筆數,190.0,非收支
N07,北大,111,附表四,財產筆數,177.0,非收支
N07,北大,112,附表四,財產筆數,171.0,非收支
N07,北大,113,附表四,財產筆數,140.0,非收支
N08,鷺江,109,收支餘絀表,人事費,7007700.0,收支
N08,鷺江,110,收支餘絀表,人事費,6903487.0,收支
N08,鷺江,111,收支餘絀表,人事費,7382340.0,收支
N08,鷺江,112,收支餘絀表,人事費,6549857.0,收支
N08,鷺江,113,收支餘絀表,人事費,7810400.0,收支
N08,鷺江,109,收支餘絀表,修繕購置費,115199.0,收支
N08,鷺江,110,收支餘絀表,修繕購置費,139375.0,收支
N08,鷺江,111,收支餘絀表,修繕購置費,153431.0,收支
N08,鷺江,112,收支餘絀表,修繕購置費,135491.0,收支
N08,鷺江,113,收支餘絀表,修繕購置費,130993.0,收支
N08,鷺江,109,收支餘絀表,公共事務管理費,,收支
N08,鷺江,109,收支餘絀表,其他支出,991414.0,收支
N08,鷺江,110,收支餘絀表,其他支出,2217058.0,收支
N08,鷺江,111,收支餘絀表,其他支出,2616558.0,收支
N08,鷺江,112,收支餘絀表,其他支出,5003631.0,收支
N08,鷺江,113,收支餘絀表,其他支出,3739546.0,收支
N08,鷺江,109,收支餘絀表,其他收入,991414.0,收支
N08,鷺江,110,收支餘絀表,其他收入,2217058.0,收支
N08,鷺江,111,收支餘絀表,其他收入,2616558.0,收支
N08,鷺江,112,收支餘絀表,其他收入,5003631.0,收支
N08,鷺江,113,收支餘絀表,其他收入,3739546.0,收支
N08,鷺江,109,收支餘絀表,利息收入,746.0,收支
N08,鷺江,110,收支餘絀表,利息收入,1094.0,收支
N08,鷺江,111,收支餘絀表,利息收入,35454.0,收支
N08,鷺江,112,收支餘絀表,利息收入,107460.0,收支
N08,鷺江,113,收支餘絀表,利息收入,178840.0,收支
N08,鷺江,110,收支餘絀表,呆帳損失,11833.0,收支
N08,鷺江,109,收支餘絀表,延後托育支出,181610.0,收支
N08,鷺江,110,收支餘絀表,延後托育支出,96196.0,收支
N08,鷺江,111,收支餘絀表,延後托育支出,134092.0,收支
N08,鷺江,109,收支餘絀表,延後托育收入淨額,231060.0,收支
N08,鷺江,110,收支餘絀表,延後托育收入淨額,233235.0,收支
N08,鷺江,111,收支餘絀表,延後托育收入淨額,254145.0,收支
N08,鷺江,112,收支餘絀表,延長照顧服務支出,113754.0,收支
N08,鷺江,113,收支餘絀表,延長照顧服務支出,131674.0,收支
N08,鷺江,112,收支餘絀表,延長照顧服務收入淨額,219505.0,收支
N08,鷺江,113,收支餘絀表,延長照顧服務收入淨額,178000.0,收支
N08,鷺江,109,收支餘絀表,所得稅費用,21084.0,收支
N08,鷺江,110,收支餘絀表,所得稅費用,1927.0,收支
N08,鷺江,111,收支餘絀表,所得稅費用,,收支
N08,鷺江,112,收支餘絀表,所得稅費用,,收支
N08,鷺江,113,收支餘絀表,所得稅費用,,收支
N08,鷺江,109,收支餘絀表,支出合計,11458447.0,收支
N08,鷺江,110,收支餘絀表,支出合計,12190875.0,收支
N08,鷺江,111,收支餘絀表,支出合計,13753629.0,收支
N08,鷺江,112,收支餘絀表,支出合計,16642820.0,收支
N08,鷺江,113,收支餘絀表,支出合計,16288934.0,收支
N08,鷺江,109,收支餘絀表,收入合計,10410496.0,收支
N08,鷺江,110,收支餘絀表,收入合計,13749148.0,收支
N08,鷺江,111,收支餘絀表,收入合計,14209848.0,收支
N08,鷺江,112,收支餘絀表,收入合計,16561545.0,收支
N08,鷺江,113,收支餘絀表,收入合計,15523274.0,收支
N08,鷺江,109,收支餘絀表,教保費收入,9806351.0,收支
N08,鷺江,110,收支餘絀表,教保費收入,11370572.0,收支
N08,鷺江,111,收支餘絀表,教保費收入,11365099.0,收支
N08,鷺江,112,收支餘絀表,教保費收入,11397036.0,收支
N08,鷺江,113,收支餘絀表,教保費收入,11529155.0,收支
N08,鷺江,109,收支餘絀表,教保費收入減項,-619075.0,收支
N08,鷺江,110,收支餘絀表,教保費收入減項,-72811.0,收支
N08,鷺江,111,收支餘絀表,教保費收入減項,-61408.0,收支
N08,鷺江,112,收支餘絀表,教保費收入減項,-166087.0,收支
N08,鷺江,113,收支餘絀表,教保費收入減項,-102267.0,收支
N08,鷺江,109,收支餘絀表,本期稅前餘絀,-1047951.0,收支
N08,鷺江,110,收支餘絀表,本期稅前餘絀,1558273.0,收支
N08,鷺江,111,收支餘絀表,本期稅前餘絀,456219.0,收支
N08,鷺江,112,收支餘絀表,本期稅前餘絀,-81275.0,收支
N08,鷺江,113,收支餘絀表,本期稅前餘絀,-765660.0,收支
N08,鷺江,109,收支餘絀表,本期稅後餘絀,,收支
N08,鷺江,110,收支餘絀表,本期稅後餘絀,1556346.0,收支
N08,鷺江,111,收支餘絀表,本期稅後餘絀,456219.0,收支
N08,鷺江,112,收支餘絀表,本期稅後餘絀,,收支
N08,鷺江,113,收支餘絀表,本期稅後餘絀,,收支
N08,鷺江,109,收支餘絀表,材料費,1046905.0,收支
N08,鷺江,110,收支餘絀表,材料費,1222323.0,收支
N08,鷺江,111,收支餘絀表,材料費,1126007.0,收支
N08,鷺江,112,收支餘絀表,材料費,1263486.0,收支
N08,鷺江,113,收支餘絀表,材料費,1386265.0,收支
N08,鷺江,109,收支餘絀表,業務發展費,1566008.0,收支
N08,鷺江,110,收支餘絀表,業務發展費,836278.0,收支
N08,鷺江,111,收支餘絀表,業務發展費,1573640.0,收支
N08,鷺江,112,收支餘絀表,業務發展費,2729845.0,收支
N08,鷺江,113,收支餘絀表,業務發展費,2245150.0,收支
N08,鷺江,109,收支餘絀表,業務費,387199.0,收支
N08,鷺江,110,收支餘絀表,業務費,443209.0,收支
N08,鷺江,111,收支餘絀表,業務費,415654.0,收支
N08,鷺江,112,收支餘絀表,業務費,481885.0,收支
N08,鷺江,113,收支餘絀表,業務費,493617.0,收支
N08,鷺江,109,收支餘絀表,維護費,80856.0,收支
N08,鷺江,110,收支餘絀表,維護費,73357.0,收支
N08,鷺江,111,收支餘絀表,維護費,108915.0,收支
N08,鷺江,112,收支餘絀表,維護費,122799.0,收支
N08,鷺江,113,收支餘絀表,維護費,92427.0,收支
N08,鷺江,109,收支餘絀表,行政管理費,70849.0,收支
N08,鷺江,110,收支餘絀表,行政管理費,241682.0,收支
N08,鷺江,111,收支餘絀表,行政管理費,241682.0,收支
N08,鷺江,112,收支餘絀表,行政管理費,241682.0,收支
N08,鷺江,113,收支餘絀表,行政管理費,256640.0,收支
N08,鷺江,109,收支餘絀表,雜支,10707.0,收支
N08,鷺江,110,收支餘絀表,雜支,6077.0,收支
N08,鷺江,111,收支餘絀表,雜支,1310.0,收支
N08,鷺江,112,收支餘絀表,雜支,390.0,收支
N08,鷺江,113,收支餘絀表,雜支,2222.0,收支
N08,鷺江,110,現金流量表,其他應付款,141209.0,非收支
N08,鷺江,111,現金流量表,其他應付款,-536437.0,非收支
N08,鷺江,112,現金流量表,其他應付款,-239804.0,非收支
N08,鷺江,113,現金流量表,其他應付款,126807.0,非收支
N08,鷺江,110,現金流量表,其他應收款,-529011.0,非收支
N08,鷺江,111,現金流量表,其他應收款,353914.0,非收支
N08,鷺江,112,現金流量表,其他應收款,-59933.0,非收支
N08,鷺江,113,現金流量表,其他應收款,175514.0,非收支
N08,鷺江,110,現金流量表,其他流動負債,42875.0,非收支
N08,鷺江,111,現金流量表,其他流動負債,9562.0,非收支
N08,鷺江,112,現金流量表,其他流動負債,8740.0,非收支
N08,鷺江,113,現金流量表,其他流動負債,4909.0,非收支
N08,鷺江,110,現金流量表,應付帳款,-47998.0,非收支
N08,鷺江,111,現金流量表,應付帳款,63804.0,非收支
N08,鷺江,112,現金流量表,應付帳款,-104531.0,非收支
N08,鷺江,113,現金流量表,應付帳款,-1042.0,非收支
N08,鷺江,110,現金流量表,應收帳款淨額,280887.0,非收支
N08,鷺江,111,現金流量表,應收帳款淨額,-5461.0,非收支
N08,鷺江,112,現金流量表,應收帳款淨額,1285.0,非收支
N08,鷺江,113,現金流量表,應收帳款淨額,1496.0,非收支
N08,鷺江,112,現金流量表,投資活動之淨現金流人,,非收支
N08,鷺江,110,現金流量表,投資活動之淨現金流入,,非收支
N08,鷺江,111,現金流量表,投資活動之淨現金流入,,非收支
N08,鷺江,110,現金流量表,投資活動之現金流量：,,非收支
N08,鷺江,111,現金流量表,投資活動之現金流量：,,非收支
N08,鷺江,112,現金流量表,投資活動之現金流量：,,非收支
N08,鷺江,113,現金流量表,投資活動之現金流量：投資活動之淨現金流入,,非收支
N08,鷺江,110,現金流量表,期初現金及約當現金餘額,3399462.0,非收支
N08,鷺江,111,現金流量表,期初現金及約當現金餘額,4995159.0,非收支
N08,鷺江,112,現金流量表,期初現金及約當現金餘額,5697457.0,非收支
N08,鷺江,113,現金流量表,期初現金及約當現金餘額,5361714.0,非收支
N08,鷺江,110,現金流量表,期末現金及約當現金餘額,4995159.0,非收支
N08,鷺江,111,現金流量表,期末現金及約當現金餘額,5697457.0,非收支
N08,鷺江,112,現金流量表,期末現金及約當現金餘額,5361714.0,非收支
N08,鷺江,113,現金流量表,期末現金及約當現金餘額,4356499.0,非收支
N08,鷺江,110,現金流量表,本期支付所得稅,-1927.0,非收支
N08,鷺江,111,現金流量表,本期支付所得稅,,非收支
N08,鷺江,111,現金流量表,本期現金及約當現金增加數,702298.0,非收支
N08,鷺江,110,現金流量表,本期現金及約當現金增加（減少）數,1595697.0,非收支
N08,鷺江,112,現金流量表,本期現金及約當現金（減少）增加數,-335743.0,非收支
N08,鷺江,113,現金流量表,本期現金及約當現金（減少）數,-1005215.0,非收支
N08,鷺江,110,現金流量表,本期稅前餘絀,1558273.0,非收支
N08,鷺江,111,現金流量表,本期稅前餘絀,456219.0,非收支
N08,鷺江,112,現金流量表,本期稅前餘絀,,非收支
N08,鷺江,111,現金流量表,營業活動之淨現金流入,702298.0,非收支
N08,鷺江,110,現金流量表,營業活動之淨現金流入（出）,1595697.0,非收支
N08,鷺江,113,現金流量表,營業活動之淨現金流（出）,-1005215.0,非收支
N08,鷺江,112,現金流量表,營業活動之淨現金流（出）入,-335743.0,非收支
N08,鷺江,110,現金流量表,營業活動之現金流量：,,非收支
N08,鷺江,111,現金流量表,營業活動之現金流量：,,非收支
N08,鷺江,112,現金流量表,營業活動之現金流量：,,非收支
N08,鷺江,113,現金流量表,營業活動之現金流量：本期稅前餘絀,,非收支
N08,鷺江,110,現金流量表,營運產生之現金,1597624.0,非收支
N08,鷺江,111,現金流量表,營運產生之現金,702298.0,非收支
N08,鷺江,110,現金流量表,籌資活動之淨現金流入,,非收支
N08,鷺江,111,現金流量表,籌資活動之淨現金流入,,非收支
N08,鷺江,112,現金流量表,籌資活動之淨現金流入,,非收支
N08,鷺江,110,現金流量表,籌資活動之現金流量：,,非收支
N08,鷺江,111,現金流量表,籌資活動之現金流量：,,非收支
N08,鷺江,112,現金流量表,籌資活動之現金流量：,,非收支
N08,鷺江,113,現金流量表,籌資活動之現金流量：籌資活動之淨現金流入,,非收支
N08,鷺江,110,現金流量表,調整項目：,,非收支
N08,鷺江,111,現金流量表,調整項目：,,非收支
N08,鷺江,112,現金流量表,調整項目：,,非收支
N08,鷺江,113,現金流量表,調整項目：,,非收支
N08,鷺江,111,現金流量表,資產/負債淨變動數,,非收支
N08,鷺江,113,現金流量表,資產/負債淨變動數,,非收支
N08,鷺江,110,現金流量表,資產／負債淨變動數,,非收支
N08,鷺江,112,現金流量表,資產／負債淨變動數,,非收支
N08,鷺江,110,現金流量表,資遣費準備淨變動,-22441.0,非收支
N08,鷺江,111,現金流量表,資遣費準備淨變動,24453.0,非收支
N08,鷺江,112,現金流量表,資遣費準備淨變動,-24453.0,非收支
N08,鷺江,113,現金流量表,資遣費準備淨變動,,非收支
N08,鷺江,110,現金流量表,預付款項,-20.0,非收支
N08,鷺江,111,現金流量表,預付款項,2355.0,非收支
N08,鷺江,112,現金流量表,預付款項,7350.0,非收支
N08,鷺江,113,現金流量表,預付款項,,非收支
N08,鷺江,110,現金流量表,預收款項,173850.0,非收支
N08,鷺江,111,現金流量表,預收款項,333889.0,非收支
N08,鷺江,112,現金流量表,預收款項,156878.0,非收支
N08,鷺江,113,現金流量表,預收款項,-547239.0,非收支
N08,鷺江,110,資產負債表,代管財產,1562257.0,非收支
N08,鷺江,111,資產負債表,代管財產,1354972.0,非收支
N08,鷺江,112,資產負債表,代管財產,1079110.0,非收支
N08,鷺江,113,資產負債表,代管財產,803020.0,非收支
N08,鷺江,110,資產負債表,其他應付款,1492214.0,非收支
N08,鷺江,111,資產負債表,其他應付款,955777.0,非收支
N08,鷺江,112,資產負債表,其他應付款,715973.0,非收支
N08,鷺江,113,資產負債表,其他應付款,842780.0,非收支
N08,鷺江,110,資產負債表,其他應收款,529319.0,非收支
N08,鷺江,111,資產負債表,其他應收款,175405.0,非收支
N08,鷺江,112,資產負債表,其他應收款,235338.0,非收支
N08,鷺江,113,資產負債表,其他應收款,59824.0,非收支
N08,鷺江,110,資產負債表,其他流動負債,68695.0,非收支
N08,鷺江,111,資產負債表,其他流動負債,78257.0,非收支
N08,鷺江,112,資產負債表,其他流動負債,86997.0,非收支
N08,鷺江,113,資產負債表,其他流動負債,91906.0,非收支
N08,鷺江,110,資產負債表,存出保證金,3000.0,非收支
N08,鷺江,111,資產負債表,存出保證金,3000.0,非收支
N08,鷺江,112,資產負債表,存出保證金,3000.0,非收支
N08,鷺江,113,資產負債表,存出保證金,3000.0,非收支
N08,鷺江,110,資產負債表,應付代管財產,1562257.0,非收支
N08,鷺江,111,資產負債表,應付代管財產,1354972.0,非收支
N08,鷺江,112,資產負債表,應付代管財產,1079110.0,非收支
N08,鷺江,113,資產負債表,應付代管財產,803020.0,非收支
N08,鷺江,110,資產負債表,應付帳款,43084.0,非收支
N08,鷺江,111,資產負債表,應付帳款,106888.0,非收支
N08,鷺江,112,資產負債表,應付帳款,2357.0,非收支
N08,鷺江,113,資產負債表,應付帳款,1315.0,非收支
N08,鷺江,110,資產負債表,應付購置財產,222968.0,非收支
N08,鷺江,111,資產負債表,應付購置財產,264893.0,非收支
N08,鷺江,112,資產負債表,應付購置財產,351143.0,非收支
N08,鷺江,113,資產負債表,應付購置財產,428453.0,非收支
N08,鷺江,110,資產負債表,應收帳款淨額,19660.0,非收支
N08,鷺江,111,資產負債表,應收帳款淨額,25121.0,非收支
N08,鷺江,112,資產負債表,應收帳款淨額,23836.0,非收支
N08,鷺江,113,資產負債表,應收帳款淨額,22340.0,非收支
N08,鷺江,110,資產負債表,本期餘絀,1556346.0,非收支
N08,鷺江,111,資產負債表,本期餘絀,456219.0,非收支
N08,鷺江,112,資產負債表,本期餘絀,-81275.0,非收支
N08,鷺江,113,資產負債表,本期餘絀,-765660.0,非收支
N08,鷺江,110,資產負債表,業務發展準備,4977012.0,非收支
N08,鷺江,111,資產負債表,業務發展準備,6550652.0,非收支
N08,鷺江,112,資產負債表,業務發展準備,9280497.0,非收支
N08,鷺江,113,資產負債表,業務發展準備,11525647.0,非收支
N08,鷺江,110,資產負債表,業務發展準備金,4977012.0,非收支
N08,鷺江,111,資產負債表,業務發展準備金,6550652.0,非收支
N08,鷺江,112,資產負債表,業務發展準備金,9280497.0,非收支
N08,鷺江,113,資產負債表,業務發展準備金,11525647.0,非收支
N08,鷺江,110,資產負債表,流動負債合計,3810085.0,非收支
N08,鷺江,111,資產負債表,流動負債合計,3680903.0,非收支
N08,鷺江,112,資產負債表,流動負債合計,3502186.0,非收支
N08,鷺江,113,資產負債表,流動負債合計,3085621.0,非收支
N08,鷺江,110,資產負債表,流動資產合計,5553843.0,非收支
N08,鷺江,111,資產負債表,流動資產合計,5905333.0,非收支
N08,鷺江,112,資產負債表,流動資產合計,5620888.0,非收支
N08,鷺江,113,資產負債表,流動資產合計,4438663.0,非收支
N08,鷺江,110,資產負債表,現金及銀行存款,4995159.0,非收支
N08,鷺江,111,資產負債表,現金及銀行存款,5697457.0,非收支
N08,鷺江,112,資產負債表,現金及銀行存款,5361714.0,非收支
N08,鷺江,113,資產負債表,現金及銀行存款,4356499.0,非收支
N08,鷺江,110,資產負債表,累積餘絀,190412.0,非收支
N08,鷺江,111,資產負債表,累積餘絀,1746758.0,非收支
N08,鷺江,112,資產負債表,累積餘絀,2202977.0,非收支
N08,鷺江,113,資產負債表,累積餘絀,2121702.0,非收支
N08,鷺江,110,資產負債表,負債及餘絀總計,12511079.0,非收支
N08,鷺江,111,資產負債表,負債及餘絀總計,14295302.0,非收支
N08,鷺江,112,資產負債表,負債及餘絀總計,16625634.0,非收支
N08,鷺江,113,資產負債表,負債及餘絀總計,17541054.0,非收支
N08,鷺江,110,資產負債表,負債總額,10764321.0,非收支
N08,鷺江,111,資產負債表,負債總額,12092325.0,非收支
N08,鷺江,112,資產負債表,負債總額,14503932.0,非收支
N08,鷺江,113,資產負債表,負債總額,16185012.0,非收支
N08,鷺江,110,資產負債表,資產總計,12511079.0,非收支
N08,鷺江,111,資產負債表,資產總計,14295302.0,非收支
N08,鷺江,112,資產負債表,資產總計,16625634.0,非收支
N08,鷺江,113,資產負債表,資產總計,17541054.0,非收支
N08,鷺江,110,資產負債表,資遣費準備,191999.0,非收支
N08,鷺江,111,資產負債表,資遣費準備,240905.0,非收支
N08,鷺江,113,資產負債表,資遣費準備,342271.0,非收支
N08,鷺江,110,資產負債表,資遣費準備金,191999.0,非收支
N08,鷺江,111,資產負債表,資遣費準備金,216452.0,非收支
N08,鷺江,113,資產負債表,資遣費準備金,342271.0,非收支
N08,鷺江,112,資產負債表,資遺費準備,290996.0,非收支
N08,鷺江,112,資產負債表,資遺費準備金,290996.0,非收支
N08,鷺江,110,資產負債表,購置財產,222968.0,非收支
N08,鷺江,111,資產負債表,購置財產,264893.0,非收支
N08,鷺江,112,資產負債表,購置財產,351143.0,非收支
N08,鷺江,113,資產負債表,購置財產,428453.0,非收支
N08,鷺江,110,資產負債表,非流動負債合計,6954236.0,非收支
N08,鷺江,111,資產負債表,非流動負債合計,8411422.0,非收支
N08,鷺江,112,資產負債表,非流動負債合計,11001746.0,非收支
N08,鷺江,113,資產負債表,非流動負債合計,13099391.0,非收支
N08,鷺江,110,資產負債表,非流動資產合計,6957236.0,非收支
N08,鷺江,111,資產負債表,非流動資產合計,8389969.0,非收支
N08,鷺江,112,資產負債表,非流動資產合計,11004746.0,非收支
N08,鷺江,113,資產負債表,非流動資產合計,13102391.0,非收支
N08,鷺江,110,資產負債表,預付款項,9705.0,非收支
N08,鷺江,111,資產負債表,預付款項,7350.0,非收支
N08,鷺江,112,資產負債表,預付款項,,非收支
N08,鷺江,110,資產負債表,預收款項,2206092.0,非收支
N08,鷺江,111,資產負債表,預收款項,2539981.0,非收支
N08,鷺江,112,資產負債表,預收款項,2696859.0,非收支
N08,鷺江,113,資產負債表,預收款項,2149620.0,非收支
N08,鷺江,110,資產負債表,餘絀總額,1746758.0,非收支
N08,鷺江,111,資產負債表,餘絀總額,2202977.0,非收支
N08,鷺江,112,資產負債表,餘絀總額,2121702.0,非收支
N08,鷺江,113,資產負債表,餘絀總額,1356042.0,非收支
N08,鷺江,111,附表三,事務機器耗材-執行率,51.0,非收支
N08,鷺江,112,附表三,事務機器耗材-執行率,38.0,非收支
N08,鷺江,111,附表三,事務機器耗材-決算數,33025.0,非收支
N08,鷺江,112,附表三,事務機器耗材-決算數,24960.0,非收支
N08,鷺江,112,附表三,五日未上課退費-執行率,,非收支
N08,鷺江,113,附表三,五日未上課退費-執行率,,非收支
N08,鷺江,112,附表三,五日未上課退費-決算數,-74411.0,非收支
N08,鷺江,113,附表三,五日未上課退費-決算數,-47987.0,非收支
N08,鷺江,112,附表三,人事費-執行率,74.0,非收支
N08,鷺江,113,附表三,人事費-執行率,86.0,非收支
N08,鷺江,112,附表三,人事費-決算數,6549857.0,非收支
N08,鷺江,113,附表三,人事費-決算數,7810400.0,非收支
N08,鷺江,112,附表三,代課費及代班費-執行率,26.0,非收支
N08,鷺江,112,附表三,代課費及代班費-決算數,42605.0,非收支
N08,鷺江,111,附表三,保全-執行率,32.0,非收支
N08,鷺江,112,附表三,保全-執行率,32.0,非收支
N08,鷺江,111,附表三,保全-決算數,25200.0,非收支
N08,鷺江,112,附表三,保全-決算數,25200.0,非收支
N08,鷺江,112,附表三,保險費-執行率,173.0,非收支
N08,鷺江,113,附表三,保險費-執行率,168.0,非收支
N08,鷺江,112,附表三,保險費-決算數,22485.0,非收支
N08,鷺江,113,附表三,保險費-決算數,21836.0,非收支
N08,鷺江,111,附表三,修繕費-執行率,79.0,非收支
N08,鷺江,112,附表三,修繕費-執行率,91.0,非收支
N08,鷺江,111,附表三,修繕費-決算數,87405.0,非收支
N08,鷺江,112,附表三,修繕費-決算數,99939.0,非收支
N08,鷺江,110,附表三,修繕購置費-執行率,94.0,非收支
N08,鷺江,111,附表三,修繕購置費-執行率,103.0,非收支
N08,鷺江,112,附表三,修繕購置費-執行率,91.0,非收支
N08,鷺江,110,附表三,修繕購置費-決算數,139375.0,非收支
N08,鷺江,111,附表三,修繕購置費-決算數,153431.0,非收支
N08,鷺江,112,附表三,修繕購置費-決算數,135491.0,非收支
N08,鷺江,112,附表三,健康檢查-執行率,144.0,非收支
N08,鷺江,113,附表三,健康檢查-執行率,79.0,非收支
N08,鷺江,112,附表三,健康檢查-決算數,1442.0,非收支
N08,鷺江,113,附表三,健康檢查-決算數,10220.0,非收支
N08,鷺江,110,附表三,其他支出-執行率,,非收支
N08,鷺江,111,附表三,其他支出-執行率,,非收支
N08,鷺江,112,附表三,其他支出-執行率,,非收支
N08,鷺江,110,附表三,其他支出-決算數,2217058.0,非收支
N08,鷺江,111,附表三,其他支出-決算數,2616558.0,非收支
N08,鷺江,112,附表三,其他支出-決算數,5003631.0,非收支
N08,鷺江,112,附表三,其他收入-執行率,,非收支
N08,鷺江,113,附表三,其他收入-執行率,,非收支
N08,鷺江,112,附表三,其他收入-決算數,5003631.0,非收支
N08,鷺江,113,附表三,其他收入-決算數,3739546.0,非收支
N08,鷺江,112,附表三,利息收入-執行率,,非收支
N08,鷺江,113,附表三,利息收入-執行率,,非收支
N08,鷺江,112,附表三,利息收入-決算數,107460.0,非收支
N08,鷺江,113,附表三,利息收入-決算數,178840.0,非收支
N08,鷺江,112,附表三,加班費-執行率,14.0,非收支
N08,鷺江,113,附表三,加班費-執行率,21.0,非收支
N08,鷺江,112,附表三,加班費-決算數,91992.0,非收支
N08,鷺江,113,附表三,加班費-決算數,146791.0,非收支
N08,鷺江,112,附表三,勞、健保保費-執行率,80.0,非收支
N08,鷺江,112,附表三,勞、健保保費-決算數,642871.0,非收支
N08,鷺江,113,附表三,勞、健保費-執行率,92.0,非收支
N08,鷺江,113,附表三,勞、健保費-決算數,757082.0,非收支
N08,鷺江,112,附表三,勞退金提撥-執行率,83.0,非收支
N08,鷺江,113,附表三,勞退金提撥-執行率,95.0,非收支
N08,鷺江,112,附表三,勞退金提撥-決算數,300710.0,非收支
N08,鷺江,113,附表三,勞退金提撥-決算數,352330.0,非收支
N08,鷺江,110,附表三,呆帳損失-執行率,,非收支
N08,鷺江,111,附表三,呆帳損失-執行率,,非收支
N08,鷺江,112,附表三,呆帳損失-執行率,,非收支
N08,鷺江,110,附表三,呆帳損失-決算數,11833.0,非收支
N08,鷺江,111,附表三,呆帳損失-決算數,,非收支
N08,鷺江,112,附表三,呆帳損失-決算數,,非收支
N08,鷺江,110,附表三,園務特支-執行率,44.0,非收支
N08,鷺江,111,附表三,園務特支-執行率,83.0,非收支
N08,鷺江,112,附表三,園務特支-執行率,91.0,非收支
N08,鷺江,110,附表三,園務特支-決算數,18668.0,非收支
N08,鷺江,111,附表三,園務特支-決算數,34865.0,非收支
N08,鷺江,112,附表三,園務特支-決算數,38145.0,非收支
N08,鷺江,110,附表三,園舍消毒、清潔-執行率,34.0,非收支
N08,鷺江,111,附表三,園舍消毒、清潔-執行率,81.0,非收支
N08,鷺江,112,附表三,園舍消毒、清潔-執行率,87.0,非收支
N08,鷺江,110,附表三,園舍消毒、清潔-決算數,8465.0,非收支
N08,鷺江,111,附表三,園舍消毒、清潔-決算數,20350.0,非收支
N08,鷺江,112,附表三,園舍消毒、清潔-決算數,21700.0,非收支
N08,鷺江,112,附表三,園長及教保服務人員薪資(含職務加給)-執行率,79.0,非收支
N08,鷺江,113,附表三,園長及教保服務人員薪資(含職務加給)-執行率,89.0,非收支
N08,鷺江,112,附表三,園長及教保服務人員薪資(含職務加給)-決算數,4376320.0,非收支
N08,鷺江,113,附表三,園長及教保服務人員薪資(含職務加給)-決算數,5087722.0,非收支
N08,鷺江,113,附表三,學前特教師、社工人員、護理人員薪資-執行率,,非收支
N08,鷺江,113,附表三,學前特教師、社工人員、護理人員薪資-決算數,40480.0,非收支
N08,鷺江,110,附表三,差旅費-執行率,,非收支
N08,鷺江,111,附表三,差旅費-執行率,,非收支
N08,鷺江,112,附表三,差旅費-執行率,,非收支
N08,鷺江,110,附表三,差旅費-決算數,,非收支
N08,鷺江,111,附表三,差旅費-決算數,,非收支
N08,鷺江,112,附表三,差旅費-決算數,,非收支
N08,鷺江,110,附表三,延後托育支出-執行率,,非收支
N08,鷺江,111,附表三,延後托育支出-執行率,,非收支
N08,鷺江,110,附表三,延後托育支出-決算數,96196.0,非收支
N08,鷺江,111,附表三,延後托育支出-決算數,134092.0,非收支
N08,鷺江,112,附表三,延長照顧服務支出-執行率,,非收支
N08,鷺江,112,附表三,延長照顧服務支出-決算數,113754.0,非收支
N08,鷺江,112,附表三,延長照顧服務收入-執行率,,非收支
N08,鷺江,113,附表三,延長照顧服務收入-執行率,,非收支
N08,鷺江,112,附表三,延長照顧服務收入-決算數,229900.0,非收支
N08,鷺江,113,附表三,延長照顧服務收入-決算數,185105.0,非收支
N08,鷺江,112,附表三,延長照顧服務收入淨額-執行率,,非收支
N08,鷺江,112,附表三,延長照顧服務收入淨額-執行率,,非收支
N08,鷺江,113,附表三,延長照顧服務收入淨額-執行率,,非收支
N08,鷺江,113,附表三,延長照顧服務收入淨額-執行率,,非收支
N08,鷺江,112,附表三,延長照顧服務收入淨額-決算數,219505.0,非收支
N08,鷺江,112,附表三,延長照顧服務收入淨額-決算數,219505.0,非收支
N08,鷺江,113,附表三,延長照顧服務收入淨額-決算數,178000.0,非收支
N08,鷺江,113,附表三,延長照顧服務收入淨額-決算數,178000.0,非收支
N08,鷺江,112,附表三,延長照顧服務收入退費-執行率,,非收支
N08,鷺江,113,附表三,延長照顧服務收入退費-執行率,,非收支
N08,鷺江,112,附表三,延長照顧服務收入退費-決算數,-10395.0,非收支
N08,鷺江,113,附表三,延長照顧服務收入退費-決算數,-7105.0,非收支
N08,鷺江,110,附表三,所得稅費用-執行率,,非收支
N08,鷺江,111,附表三,所得稅費用-執行率,,非收支
N08,鷺江,112,附表三,所得稅費用-執行率,,非收支
N08,鷺江,110,附表三,所得稅費用-決算數,1927.0,非收支
N08,鷺江,111,附表三,所得稅費用-決算數,,非收支
N08,鷺江,112,附表三,所得稅費用-決算數,,非收支
N08,鷺江,110,附表三,攝影照片-執行率,,非收支
N08,鷺江,111,附表三,攝影照片-執行率,,非收支
N08,鷺江,112,附表三,攝影照片-執行率,,非收支
N08,鷺江,110,附表三,攝影照片-決算數,,非收支
N08,鷺江,111,附表三,攝影照片-決算數,,非收支
N08,鷺江,112,附表三,攝影照片-決算數,,非收支
N08,鷺江,112,附表三,支出-執行率,141.0,非收支
N08,鷺江,113,附表三,支出-執行率,133.0,非收支
N08,鷺江,112,附表三,支出-決算數,16642820.0,非收支
N08,鷺江,113,附表三,支出-決算數,16288934.0,非收支
N08,鷺江,112,附表三,收入-執行率,141.0,非收支
N08,鷺江,113,附表三,收入-執行率,135.0,非收支
N08,鷺江,112,附表三,收入-決算數,16561545.0,非收支
N08,鷺江,113,附表三,收入-決算數,15523274.0,非收支
N08,鷺江,112,附表三,政府學費差額補助退費-執行率,,非收支
N08,鷺江,113,附表三,政府學費差額補助退費-執行率,,非收支
N08,鷺江,112,附表三,政府學費差額補助退費-決算數,-25421.0,非收支
N08,鷺江,113,附表三,政府學費差額補助退費-決算數,-9227.0,非收支
N08,鷺江,110,附表三,教保材料費-執行率,43.0,非收支
N08,鷺江,111,附表三,教保材料費-執行率,65.0,非收支
N08,鷺江,112,附表三,教保材料費-執行率,77.0,非收支
N08,鷺江,110,附表三,教保材料費-決算數,108866.0,非收支
N08,鷺江,111,附表三,教保材料費-決算數,164774.0,非收支
N08,鷺江,112,附表三,教保材料費-決算數,195478.0,非收支
N08,鷺江,112,附表三,教保費收入(家長繳費)-執行率,53.0,非收支
N08,鷺江,113,附表三,教保費收入(家長繳費)-執行率,50.0,非收支
N08,鷺江,112,附表三,教保費收入(家長繳費)-決算數,1353826.0,非收支
N08,鷺江,113,附表三,教保費收入(家長繳費)-決算數,1199155.0,非收支
N08,鷺江,112,附表三,教保費收入(政府學費差額補助)-執行率,109.0,非收支
N08,鷺江,113,附表三,教保費收入(政府學費差額補助)-執行率,113.0,非收支
N08,鷺江,112,附表三,教保費收入(政府學費差額補助)-決算數,10043210.0,非收支
N08,鷺江,113,附表三,教保費收入(政府學費差額補助)-決算數,10330000.0,非收支
N08,鷺江,112,附表三,教保費收入-執行率,97.0,非收支
N08,鷺江,113,附表三,教保費收入-執行率,100.0,非收支
N08,鷺江,112,附表三,教保費收入-決算數,11397036.0,非收支
N08,鷺江,113,附表三,教保費收入-決算數,11529155.0,非收支
N08,鷺江,112,附表三,教保費收入淨額-執行率,96.0,非收支
N08,鷺江,113,附表三,教保費收入淨額-執行率,99.0,非收支
N08,鷺江,112,附表三,教保費收入淨額-決算數,11230949.0,非收支
N08,鷺江,113,附表三,教保費收入淨額-決算數,11426888.0,非收支
N08,鷺江,112,附表三,教保費收入減項-執行率,,非收支
N08,鷺江,113,附表三,教保費收入減項-執行率,,非收支
N08,鷺江,112,附表三,教保費收入減項-決算數,-166087.0,非收支
N08,鷺江,113,附表三,教保費收入減項-決算數,-102267.0,非收支
N08,鷺江,111,附表三,文宣費(一般文宣)-執行率,37.0,非收支
N08,鷺江,112,附表三,文宣費(一般文宣)-執行率,30.0,非收支
N08,鷺江,111,附表三,文宣費(一般文宣)-決算數,3710.0,非收支
N08,鷺江,112,附表三,文宣費(一般文宣)-決算數,3045.0,非收支
N08,鷺江,111,附表三,文宣費(園刊)-執行率,,非收支
N08,鷺江,112,附表三,文宣費(園刊)-執行率,24.0,非收支
N08,鷺江,111,附表三,文宣費(園刊)-決算數,,非收支
N08,鷺江,112,附表三,文宣費(園刊)-決算數,7118.0,非收支
N08,鷺江,110,附表三,文宣費（一般文宣）-執行率,98.0,非收支
N08,鷺江,110,附表三,文宣費（一般文宣）-決算數,9828.0,非收支
N08,鷺江,110,附表三,文宣費（園刊）-執行率,,非收支
N08,鷺江,110,附表三,文宣費（園刊）-決算數,,非收支
N08,鷺江,110,附表三,日常消耗用品-執行率,84.0,非收支
N08,鷺江,111,附表三,日常消耗用品-執行率,81.0,非收支
N08,鷺江,112,附表三,日常消耗用品-執行率,76.0,非收支
N08,鷺江,110,附表三,日常消耗用品-決算數,53562.0,非收支
N08,鷺江,111,附表三,日常消耗用品-決算數,51560.0,非收支
N08,鷺江,112,附表三,日常消耗用品-決算數,48191.0,非收支
N08,鷺江,112,附表三,會計、總務、廚工、清潔薪資-執行率,83.0,非收支
N08,鷺江,113,附表三,會計、總務、廚工、清潔薪資-執行率,95.0,非收支
N08,鷺江,112,附表三,會計、總務、廚工、清潔薪資-決算數,1009341.0,非收支
N08,鷺江,113,附表三,會計、總務、廚工、清潔薪資-決算數,1174551.0,非收支
N08,鷺江,110,附表三,本期稅前餘絀-執行率,499.0,非收支
N08,鷺江,111,附表三,本期稅前餘絀-執行率,477.0,非收支
N08,鷺江,112,附表三,本期稅前餘絀-執行率,84.0,非收支
N08,鷺江,110,附表三,本期稅前餘絀-決算數,1558273.0,非收支
N08,鷺江,111,附表三,本期稅前餘絀-決算數,456219.0,非收支
N08,鷺江,112,附表三,本期稅前餘絀-決算數,-81275.0,非收支
N08,鷺江,110,附表三,本期稅後餘絀-執行率,499.0,非收支
N08,鷺江,111,附表三,本期稅後餘絀-執行率,477.0,非收支
N08,鷺江,112,附表三,本期稅後餘絀-執行率,84.0,非收支
N08,鷺江,110,附表三,本期稅後餘絀-決算數,1556346.0,非收支
N08,鷺江,111,附表三,本期稅後餘絀-決算數,456219.0,非收支
N08,鷺江,112,附表三,本期稅後餘絀-決算數,,非收支
N08,鷺江,110,附表三,材料費-執行率,77.0,非收支
N08,鷺江,111,附表三,材料費-執行率,70.0,非收支
N08,鷺江,112,附表三,材料費-執行率,79.0,非收支
N08,鷺江,110,附表三,材料費-決算數,1222323.0,非收支
N08,鷺江,111,附表三,材料費-決算數,1126007.0,非收支
N08,鷺江,112,附表三,材料費-決算數,1263486.0,非收支
N08,鷺江,110,附表三,業務發展費-執行率,,非收支
N08,鷺江,111,附表三,業務發展費-執行率,,非收支
N08,鷺江,112,附表三,業務發展費-執行率,,非收支
N08,鷺江,110,附表三,業務發展費-決算數,836278.0,非收支
N08,鷺江,111,附表三,業務發展費-決算數,1573640.0,非收支
N08,鷺江,112,附表三,業務發展費-決算數,2729845.0,非收支
N08,鷺江,112,附表三,業務費-執行率,59.0,非收支
N08,鷺江,112,附表三,業務費-決算數,481885.0,非收支
N08,鷺江,111,附表三,水費-執行率,60.0,非收支
N08,鷺江,112,附表三,水費-執行率,113.0,非收支
N08,鷺江,111,附表三,水費-決算數,19256.0,非收支
N08,鷺江,112,附表三,水費-決算數,36115.0,非收支
N08,鷺江,110,附表三,水電修繕-執行率,58.0,非收支
N08,鷺江,110,附表三,水電修繕-決算數,63587.0,非收支
N08,鷺江,112,附表三,活動費-執行率,54.0,非收支
N08,鷺江,112,附表三,活動費-決算數,62027.0,非收支
N08,鷺江,110,附表三,火險-執行率,16.0,非收支
N08,鷺江,111,附表三,火險-執行率,15.0,非收支
N08,鷺江,112,附表三,火險-執行率,15.0,非收支
N08,鷺江,110,附表三,火險-決算數,1305.0,非收支
N08,鷺江,111,附表三,火險-決算數,1160.0,非收支
N08,鷺江,112,附表三,火險-決算數,1160.0,非收支
N08,鷺江,111,附表三,瓦斯費-執行率,55.0,非收支
N08,鷺江,112,附表三,瓦斯費-執行率,51.0,非收支
N08,鷺江,111,附表三,瓦斯費-決算數,18590.0,非收支
N08,鷺江,112,附表三,瓦斯費-決算數,17375.0,非收支
N08,鷺江,111,附表三,研習、進修-執行率,89.0,非收支
N08,鷺江,112,附表三,研習、進修-執行率,75.0,非收支
N08,鷺江,111,附表三,研習、進修-決算數,23055.0,非收支
N08,鷺江,112,附表三,研習、進修-決算數,19619.0,非收支
N08,鷺江,110,附表三,維護費-執行率,51.0,非收支
N08,鷺江,111,附表三,維護費-執行率,76.0,非收支
N08,鷺江,112,附表三,維護費-執行率,86.0,非收支
N08,鷺江,110,附表三,維護費-決算數,73357.0,非收支
N08,鷺江,111,附表三,維護費-決算數,108915.0,非收支
N08,鷺江,112,附表三,維護費-決算數,122799.0,非收支
N08,鷺江,112,附表三,腸病毒退費-執行率,,非收支
N08,鷺江,113,附表三,腸病毒退費-執行率,,非收支
N08,鷺江,112,附表三,腸病毒退費-決算數,-66255.0,非收支
N08,鷺江,113,附表三,腸病毒退費-決算數,-45053.0,非收支
N08,鷺江,112,附表三,自強活動-執行率,92.0,非收支
N08,鷺江,113,附表三,自強活動-執行率,100.0,非收支
N08,鷺江,112,附表三,自強活動-決算數,12000.0,非收支
N08,鷺江,113,附表三,自強活動-決算數,13000.0,非收支
N08,鷺江,110,附表三,藥品費-執行率,24.0,非收支
N08,鷺江,111,附表三,藥品費-執行率,39.0,非收支
N08,鷺江,112,附表三,藥品費-執行率,48.0,非收支
N08,鷺江,110,附表三,藥品費-決算數,1756.0,非收支
N08,鷺江,111,附表三,藥品費-決算數,2915.0,非收支
N08,鷺江,112,附表三,藥品費-決算數,3562.0,非收支
N08,鷺江,110,附表三,行政管理費-執行率,100.0,非收支
N08,鷺江,111,附表三,行政管理費-執行率,100.0,非收支
N08,鷺江,112,附表三,行政管理費-執行率,100.0,非收支
N08,鷺江,110,附表三,行政管理費-決算數,241682.0,非收支
N08,鷺江,111,附表三,行政管理費-決算數,241682.0,非收支
N08,鷺江,112,附表三,行政管理費-決算數,241682.0,非收支
N08,鷺江,112,附表三,資遣費-執行率,100.0,非收支
N08,鷺江,112,附表三,資遣費-決算數,50091.0,非收支
N08,鷺江,112,附表三,轉學/轉出退費-執行率,,非收支
N08,鷺江,113,附表三,轉學/轉出退費-執行率,,非收支
N08,鷺江,112,附表三,轉學/轉出退費-決算數,,非收支
N08,鷺江,113,附表三,轉學/轉出退費-決算數,,非收支
N08,鷺江,111,附表三,辦公文具-執行率,21.0,非收支
N08,鷺江,112,附表三,辦公文具-執行率,60.0,非收支
N08,鷺江,111,附表三,辦公文具-決算數,4932.0,非收支
N08,鷺江,112,附表三,辦公文具-決算數,14507.0,非收支
N08,鷺江,111,附表三,郵費-執行率,49.0,非收支
N08,鷺江,111,附表三,郵費-決算數,4125.0,非收支
N08,鷺江,110,附表三,郵資-執行率,118.0,非收支
N08,鷺江,112,附表三,郵資-執行率,52.0,非收支
N08,鷺江,110,附表三,郵資-決算數,9926.0,非收支
N08,鷺江,112,附表三,郵資-決算數,4385.0,非收支
N08,鷺江,110,附表三,雜支-執行率,12.0,非收支
N08,鷺江,111,附表三,雜支-執行率,3.0,非收支
N08,鷺江,112,附表三,雜支-執行率,1.0,非收支
N08,鷺江,110,附表三,雜支-決算數,6077.0,非收支
N08,鷺江,111,附表三,雜支-決算數,1310.0,非收支
N08,鷺江,112,附表三,雜支-決算數,390.0,非收支
N08,鷺江,112,附表三,電話費(含ADSL)-執行率,91.0,非收支
N08,鷺江,112,附表三,電話費(含ADSL)-決算數,49274.0,非收支
N08,鷺江,111,附表三,電話費(含網路)-執行率,83.0,非收支
N08,鷺江,111,附表三,電話費(含網路)-決算數,44912.0,非收支
N08,鷺江,110,附表三,電話費（含網路）-執行率,100.0,非收支
N08,鷺江,110,附表三,電話費（含網路）-決算數,53805.0,非收支
N08,鷺江,111,附表三,電費-執行率,64.0,非收支
N08,鷺江,112,附表三,電費-執行率,68.0,非收支
N08,鷺江,111,附表三,電費-決算數,169860.0,非收支
N08,鷺江,112,附表三,電費-決算數,180115.0,非收支
N08,鷺江,110,附表三,餐點費-執行率,83.0,非收支
N08,鷺江,111,附表三,餐點費-執行率,71.0,非收支
N08,鷺江,112,附表三,餐點費-執行率,80.0,非收支
N08,鷺江,110,附表三,餐點費-決算數,1058139.0,非收支
N08,鷺江,111,附表三,餐點費-決算數,906758.0,非收支
N08,鷺江,112,附表三,餐點費-決算數,1016255.0,非收支
N08,鷺江,110,附表二,事務機器耗材-差異率,72.0,非收支
N08,鷺江,112,附表二,事務機器耗材-差異率,-62.0,非收支
N08,鷺江,110,附表二,事務機器耗材-決算數,46998.0,非收支
N08,鷺江,112,附表二,事務機器耗材-決算數,24960.0,非收支
N08,鷺江,110,附表二,五日未上課退費-差異率,,非收支
N08,鷺江,111,附表二,五日未上課退費-差異率,,非收支
N08,鷺江,110,附表二,五日未上課退費-決算數,-59336.0,非收支
N08,鷺江,111,附表二,五日未上課退費-決算數,-55934.0,非收支
N08,鷺江,110,附表二,人事費-差異率,82.0,非收支
N08,鷺江,111,附表二,人事費-差異率,85.0,非收支
N08,鷺江,112,附表二,人事費-差異率,-26.0,非收支
N08,鷺江,112,附表二,人事費-差異率,-21.0,非收支
N08,鷺江,110,附表二,人事費-決算數,6903487.0,非收支
N08,鷺江,111,附表二,人事費-決算數,7382340.0,非收支
N08,鷺江,112,附表二,人事費-決算數,6549857.0,非收支
N08,鷺江,112,附表二,人事費-決算數,6407774.0,非收支
N08,鷺江,110,附表二,代課費及廚工代班費-差異率,14.0,非收支
N08,鷺江,111,附表二,代課費及廚工代班費-差異率,29.0,非收支
N08,鷺江,110,附表二,代課費及廚工代班費-決算數,23153.0,非收支
N08,鷺江,111,附表二,代課費及廚工代班費-決算數,47690.0,非收支
N08,鷺江,110,附表二,保全-差異率,32.0,非收支
N08,鷺江,112,附表二,保全-差異率,-69.0,非收支
N08,鷺江,110,附表二,保全-決算數,25200.0,非收支
N08,鷺江,112,附表二,保全-決算數,25200.0,非收支
N08,鷺江,110,附表二,保險費-差異率,99.0,非收支
N08,鷺江,111,附表二,保險費-差異率,101.0,非收支
N08,鷺江,110,附表二,保險費-決算數,12882.0,非收支
N08,鷺江,111,附表二,保險費-決算數,13072.0,非收支
N08,鷺江,112,附表二,修繕購置費-差異率,-9.0,非收支
N08,鷺江,112,附表二,修繕購置費-決算數,135491.0,非收支
N08,鷺江,110,附表二,健康檢查-差異率,174.0,非收支
N08,鷺江,111,附表二,健康檢查-差異率,50.0,非收支
N08,鷺江,110,附表二,健康檢查-決算數,1740.0,非收支
N08,鷺江,111,附表二,健康檢查-決算數,6442.0,非收支
N08,鷺江,110,附表二,其他收入-差異率,,非收支
N08,鷺江,111,附表二,其他收入-差異率,,非收支
N08,鷺江,110,附表二,其他收入-決算數,2217058.0,非收支
N08,鷺江,111,附表二,其他收入-決算數,2616558.0,非收支
N08,鷺江,110,附表二,利息收入-差異率,,非收支
N08,鷺江,111,附表二,利息收入-差異率,,非收支
N08,鷺江,110,附表二,利息收入-決算數,1094.0,非收支
N08,鷺江,111,附表二,利息收入-決算數,35454.0,非收支
N08,鷺江,110,附表二,加班費-差異率,7.0,非收支
N08,鷺江,111,附表二,加班費-差異率,9.0,非收支
N08,鷺江,112,附表二,加班費-差異率,-86.0,非收支
N08,鷺江,110,附表二,加班費-決算數,42914.0,非收支
N08,鷺江,111,附表二,加班費-決算數,58501.0,非收支
N08,鷺江,112,附表二,加班費-決算數,91992.0,非收支
N08,鷺江,110,附表二,勞、健保費-差異率,96.0,非收支
N08,鷺江,111,附表二,勞、健保費-差異率,94.0,非收支
N08,鷺江,110,附表二,勞、健保費-決算數,729609.0,非收支
N08,鷺江,111,附表二,勞、健保費-決算數,731855.0,非收支
N08,鷺江,110,附表二,勞退金提撥-差異率,100.0,非收支
N08,鷺江,111,附表二,勞退金提撥-差異率,98.0,非收支
N08,鷺江,110,附表二,勞退金提撥-決算數,345026.0,非收支
N08,鷺江,111,附表二,勞退金提撥-決算數,345123.0,非收支
N08,鷺江,112,附表二,合計-差異率,-26.0,非收支
N08,鷺江,112,附表二,合計-決算數,8795590.0,非收支
N08,鷺江,112,附表二,園務特支-差異率,-9.0,非收支
N08,鷺江,112,附表二,園務特支-決算數,38145.0,非收支
N08,鷺江,111,附表二,園長及教保服務人員薪資(含職務加給)-差異率,92.0,非收支
N08,鷺江,111,附表二,園長及教保服務人員薪資(含職務加給)-決算數,4977990.0,非收支
N08,鷺江,110,附表二,園長及教保服務人員薪資（含職務加給）-差異率,91.0,非收支
N08,鷺江,110,附表二,園長及教保服務人員薪資（含職務加給）-決算數,4806881.0,非收支
N08,鷺江,112,附表二,差旅費-差異率,,非收支
N08,鷺江,112,附表二,差旅費-決算數,,非收支
N08,鷺江,110,附表二,延後托育收入-差異率,,非收支
N08,鷺江,111,附表二,延後托育收入-差異率,,非收支
N08,鷺江,110,附表二,延後托育收入-決算數,240550.0,非收支
N08,鷺江,111,附表二,延後托育收入-決算數,257960.0,非收支
N08,鷺江,110,附表二,延後托育收入淨額-差異率,,非收支
N08,鷺江,110,附表二,延後托育收入淨額-差異率,,非收支
N08,鷺江,111,附表二,延後托育收入淨額-差異率,,非收支
N08,鷺江,111,附表二,延後托育收入淨額-差異率,,非收支
N08,鷺江,110,附表二,延後托育收入淨額-決算數,233235.0,非收支
N08,鷺江,110,附表二,延後托育收入淨額-決算數,233235.0,非收支
N08,鷺江,111,附表二,延後托育收入淨額-決算數,254145.0,非收支
N08,鷺江,111,附表二,延後托育收入淨額-決算數,254145.0,非收支
N08,鷺江,110,附表二,延後托育收入退費-差異率,,非收支
N08,鷺江,111,附表二,延後托育收入退費-差異率,,非收支
N08,鷺江,110,附表二,延後托育收入退費-決算數,-7315.0,非收支
N08,鷺江,111,附表二,延後托育收入退費-決算數,-3815.0,非收支
N08,鷺江,112,附表二,攝影照片-差異率,,非收支
N08,鷺江,112,附表二,攝影照片-決算數,,非收支
N08,鷺江,110,附表二,支出-差異率,107.0,非收支
N08,鷺江,111,附表二,支出-差異率,118.0,非收支
N08,鷺江,110,附表二,支出-決算數,12190875.0,非收支
N08,鷺江,111,附表二,支出-決算數,13753629.0,非收支
N08,鷺江,110,附表二,收入-差異率,117.0,非收支
N08,鷺江,111,附表二,收入-差異率,121.0,非收支
N08,鷺江,110,附表二,收入-決算數,13749148.0,非收支
N08,鷺江,111,附表二,收入-決算數,14209848.0,非收支
N08,鷺江,111,附表二,政府學費差額補助退費-差異率,,非收支
N08,鷺江,111,附表二,政府學費差額補助退費-決算數,-3421.0,非收支
N08,鷺江,112,附表二,教保材料費-差異率,-23.0,非收支
N08,鷺江,112,附表二,教保材料費-決算數,195478.0,非收支
N08,鷺江,111,附表二,教保費收入(家長繳費)-差異率,48.0,非收支
N08,鷺江,111,附表二,教保費收入(家長繳費)-決算數,1208731.0,非收支
N08,鷺江,111,附表二,教保費收入(政府學費差額補助)-差異率,110.0,非收支
N08,鷺江,111,附表二,教保費收入(政府學費差額補助)-決算數,10156368.0,非收支
N08,鷺江,110,附表二,教保費收入-差異率,97.0,非收支
N08,鷺江,111,附表二,教保費收入-差異率,97.0,非收支
N08,鷺江,110,附表二,教保費收入-決算數,11370572.0,非收支
N08,鷺江,111,附表二,教保費收入-決算數,11365099.0,非收支
N08,鷺江,110,附表二,教保費收入淨額-差異率,96.0,非收支
N08,鷺江,111,附表二,教保費收入淨額-差異率,96.0,非收支
N08,鷺江,110,附表二,教保費收入淨額-決算數,11297761.0,非收支
N08,鷺江,111,附表二,教保費收入淨額-決算數,11303691.0,非收支
N08,鷺江,110,附表二,教保費收入減項-差異率,,非收支
N08,鷺江,111,附表二,教保費收入減項-差異率,,非收支
N08,鷺江,110,附表二,教保費收入減項-決算數,-72811.0,非收支
N08,鷺江,111,附表二,教保費收入減項-決算數,-61408.0,非收支
N08,鷺江,110,附表二,教保費收入（家長繳費）-差異率,55.0,非收支
N08,鷺江,110,附表二,教保費收入（家長繳費）-決算數,1752980.0,非收支
N08,鷺江,110,附表二,教保費收入（政府學費差額補助）-差異率,112.0,非收支
N08,鷺江,110,附表二,教保費收入（政府學費差額補助）-決算數,9617592.0,非收支
N08,鷺江,112,附表二,文宣費(一般文宣)-差異率,-70.0,非收支
N08,鷺江,112,附表二,文宣費(一般文宣)-決算數,3045.0,非收支
N08,鷺江,112,附表二,文宣費(園刊)-差異率,-76.0,非收支
N08,鷺江,112,附表二,文宣費(園刊)-決算數,7118.0,非收支
N08,鷺江,112,附表二,日常消耗用品-差異率,-24.0,非收支
N08,鷺江,112,附表二,日常消耗用品-決算數,48191.0,非收支
N08,鷺江,110,附表二,會計、總務、廚工、清潔薪資-差異率,75.0,非收支
N08,鷺江,111,附表二,會計、總務、廚工、清潔薪資-差異率,96.0,非收支
N08,鷺江,110,附表二,會計、總務、廚工、清潔薪資-決算數,882719.0,非收支
N08,鷺江,111,附表二,會計、總務、廚工、清潔薪資-決算數,1143151.0,非收支
N08,鷺江,112,附表二,材料費-差異率,-21.0,非收支
N08,鷺江,112,附表二,材料費-決算數,1263486.0,非收支
N08,鷺江,110,附表二,業務費-差異率,54.0,非收支
N08,鷺江,111,附表二,業務費-差異率,51.0,非收支
N08,鷺江,112,附表二,業務費-差異率,-41.0,非收支
N08,鷺江,110,附表二,業務費-決算數,443209.0,非收支
N08,鷺江,111,附表二,業務費-決算數,415654.0,非收支
N08,鷺江,112,附表二,業務費-決算數,481885.0,非收支
N08,鷺江,110,附表二,水費-差異率,109.0,非收支
N08,鷺江,112,附表二,水費-差異率,13.0,非收支
N08,鷺江,110,附表二,水費-決算數,34905.0,非收支
N08,鷺江,112,附表二,水費-決算數,36115.0,非收支
N08,鷺江,110,附表二,活動費-差異率,32.0,非收支
N08,鷺江,111,附表二,活動費-差異率,30.0,非收支
N08,鷺江,112,附表二,活動費-差異率,-46.0,非收支
N08,鷺江,110,附表二,活動費-決算數,36846.0,非收支
N08,鷺江,111,附表二,活動費-決算數,34124.0,非收支
N08,鷺江,112,附表二,活動費-決算數,62027.0,非收支
N08,鷺江,110,附表二,瓦斯費-差異率,60.0,非收支
N08,鷺江,112,附表二,瓦斯費-差異率,-49.0,非收支
N08,鷺江,110,附表二,瓦斯費-決算數,20540.0,非收支
N08,鷺江,112,附表二,瓦斯費-決算數,17375.0,非收支
N08,鷺江,110,附表二,研習、進修-差異率,45.0,非收支
N08,鷺江,112,附表二,研習、進修-差異率,-25.0,非收支
N08,鷺江,110,附表二,研習、進修-決算數,11576.0,非收支
N08,鷺江,112,附表二,研習、進修-決算數,19619.0,非收支
N08,鷺江,112,附表二,維護費-差異率,-14.0,非收支
N08,鷺江,112,附表二,維護費-決算數,122799.0,非收支
N08,鷺江,111,附表二,腸病毒退費-差異率,,非收支
N08,鷺江,111,附表二,腸病毒退費-決算數,-2053.0,非收支
N08,鷺江,110,附表二,自強活動-差異率,83.0,非收支
N08,鷺江,111,附表二,自強活動-差異率,74.0,非收支
N08,鷺江,110,附表二,自強活動-決算數,10841.0,非收支
N08,鷺江,111,附表二,自強活動-決算數,9610.0,非收支
N08,鷺江,112,附表二,藥品費-差異率,-52.0,非收支
N08,鷺江,112,附表二,藥品費-決算數,3562.0,非收支
N08,鷺江,112,附表二,行政管理費-差異率,,非收支
N08,鷺江,112,附表二,行政管理費-決算數,241682.0,非收支
N08,鷺江,111,附表二,資遣費-差異率,100.0,非收支
N08,鷺江,112,附表二,資遣費-差異率,,非收支
N08,鷺江,111,附表二,資遣費-決算數,48906.0,非收支
N08,鷺江,112,附表二,資遣費-決算數,50091.0,非收支
N08,鷺江,110,附表二,資遺費-差異率,100.0,非收支
N08,鷺江,110,附表二,資遺費-決算數,47722.0,非收支
N08,鷺江,110,附表二,轉學/轉出退費-差異率,,非收支
N08,鷺江,111,附表二,轉學/轉出退費-差異率,,非收支
N08,鷺江,110,附表二,轉學/轉出退費-決算數,-13475.0,非收支
N08,鷺江,111,附表二,轉學/轉出退費-決算數,,非收支
N08,鷺江,110,附表二,辦公文具-差異率,58.0,非收支
N08,鷺江,112,附表二,辦公文具-差異率,-40.0,非收支
N08,鷺江,110,附表二,辦公文具-決算數,14032.0,非收支
N08,鷺江,112,附表二,辦公文具-決算數,14507.0,非收支
N08,鷺江,112,附表二,郵資-差異率,-48.0,非收支
N08,鷺江,112,附表二,郵資-決算數,4385.0,非收支
N08,鷺江,112,附表二,雜支-差異率,-99.0,非收支
N08,鷺江,112,附表二,雜支-決算數,390.0,非收支
N08,鷺江,112,附表二,電話費(含 ADSL)-差異率,-9.0,非收支
N08,鷺江,112,附表二,電話費(含 ADSL)-決算數,49274.0,非收支
N08,鷺江,110,附表二,電費-差異率,61.0,非收支
N08,鷺江,112,附表二,電費-差異率,-32.0,非收支
N08,鷺江,110,附表二,電費-決算數,160885.0,非收支
N08,鷺江,112,附表二,電費-決算數,180115.0,非收支
N08,鷺江,112,附表二,餐點費-差異率,-20.0,非收支
N08,鷺江,112,附表二,餐點費-決算數,1016255.0,非收支
N08,鷺江,110,附表四,帳面價值總額,1211518.0,非收支
N08,鷺江,111,附表四,帳面價值總額,1133978.0,非收支
N08,鷺江,112,附表四,帳面價值總額,1079110.0,非收支
N08,鷺江,113,附表四,帳面價值總額,803020.0,非收支
N08,鷺江,110,附表四,財產筆數,134.0,非收支
N08,鷺江,111,附表四,財產筆數,122.0,非收支
N08,鷺江,112,附表四,財產筆數,157.0,非收支
N08,鷺江,113,附表四,財產筆數,142.0,非收支
N09,安興,109,收支餘絀表,人事費,4400396.0,收支
N09,安興,110,收支餘絀表,人事費,4234041.0,收支
N09,安興,111,收支餘絀表,人事費,4104465.0,收支
N09,安興,112,收支餘絀表,人事費,3361395.0,收支
N09,安興,113,收支餘絀表,人事費,4817555.0,收支
N09,安興,109,收支餘絀表,修繕購置費,102495.0,收支
N09,安興,110,收支餘絀表,修繕購置費,62469.0,收支
N09,安興,111,收支餘絀表,修繕購置費,68974.0,收支
N09,安興,112,收支餘絀表,修繕購置費,67046.0,收支
N09,安興,113,收支餘絀表,修繕購置費,98986.0,收支
N09,安興,109,收支餘絀表,公共事務管理費,71860.0,收支
N09,安興,110,收支餘絀表,公共事務管理費,72360.0,收支
N09,安興,111,收支餘絀表,公共事務管理費,72360.0,收支
N09,安興,112,收支餘絀表,公共事務管理費,71860.0,收支
N09,安興,113,收支餘絀表,公共事務管理費,72360.0,收支
N09,安興,109,收支餘絀表,其他支出,1145960.0,收支
N09,安興,110,收支餘絀表,其他支出,1392098.0,收支
N09,安興,111,收支餘絀表,其他支出,1475690.0,收支
N09,安興,112,收支餘絀表,其他支出,2611976.0,收支
N09,安興,113,收支餘絀表,其他支出,1983942.0,收支
N09,安興,109,收支餘絀表,其他收入,1146360.0,收支
N09,安興,110,收支餘絀表,其他收入,1392098.0,收支
N09,安興,111,收支餘絀表,其他收入,1475690.0,收支
N09,安興,112,收支餘絀表,其他收入,2611976.0,收支
N09,安興,113,收支餘絀表,其他收入,1983942.0,收支
N09,安興,113,收支餘絀表,其他收入-其它,6724000.0,收支
N09,安興,109,收支餘絀表,利息收入,5675.0,收支
N09,安興,110,收支餘絀表,利息收入,11218.0,收支
N09,安興,111,收支餘絀表,利息收入,41897.0,收支
N09,安興,112,收支餘絀表,利息收入,77347.0,收支
N09,安興,113,收支餘絀表,利息收入,120327.0,收支
N09,安興,113,收支餘絀表,呆帳損失,7617.0,收支
N09,安興,109,收支餘絀表,延後托育支出,351559.0,收支
N09,安興,110,收支餘絀表,延後托育支出,454065.0,收支
N09,安興,111,收支餘絀表,延後托育支出,345177.0,收支
N09,安興,109,收支餘絀表,延後托育收入淨額,603180.0,收支
N09,安興,110,收支餘絀表,延後托育收入淨額,567480.0,收支
N09,安興,111,收支餘絀表,延後托育收入淨額,650220.0,收支
N09,安興,112,收支餘絀表,延長照顧服務支出,291020.0,收支
N09,安興,113,收支餘絀表,延長照顧服務支出,214470.0,收支
N09,安興,112,收支餘絀表,延長照顧服務收入淨額,481110.0,收支
N09,安興,113,收支餘絀表,延長照顧服務收入淨額,214470.0,收支
N09,安興,109,收支餘絀表,所得稅費用,,收支
N09,安興,110,收支餘絀表,所得稅費用,34386.0,收支
N09,安興,111,收支餘絀表,所得稅費用,,收支
N09,安興,112,收支餘絀表,所得稅費用,,收支
N09,安興,113,收支餘絀表,所得稅費用,1278682.0,收支
N09,安興,109,收支餘絀表,支出合計,7834724.0,收支
N09,安興,110,收支餘絀表,支出合計,8259804.0,收支
N09,安興,111,收支餘絀表,支出合計,8883790.0,收支
N09,安興,112,收支餘絀表,支出合計,9801505.0,收支
N09,安興,113,收支餘絀表,支出合計,10105038.0,收支
N09,安興,109,收支餘絀表,收入合計,7993780.0,收支
N09,安興,110,收支餘絀表,收入合計,8902973.0,收支
N09,安興,111,收支餘絀表,收入合計,9125442.0,收支
N09,安興,112,收支餘絀表,收入合計,9878078.0,收支
N09,安興,113,收支餘絀表,收入合計,15297334.0,收支
N09,安興,109,收支餘絀表,教保費收入,6779833.0,收支
N09,安興,110,收支餘絀表,教保費收入,6990138.0,收支
N09,安興,111,收支餘絀表,教保費收入,6981806.0,收支
N09,安興,112,收支餘絀表,教保費收入,6873638.0,收支
N09,安興,113,收支餘絀表,教保費收入,6342600.0,收支
N09,安興,109,收支餘絀表,教保費收入減項,-541268.0,收支
N09,安興,110,收支餘絀表,教保費收入減項,-57961.0,收支
N09,安興,111,收支餘絀表,教保費收入減項,-24171.0,收支
N09,安興,112,收支餘絀表,教保費收入減項,-165993.0,收支
N09,安興,113,收支餘絀表,教保費收入減項,-88005.0,收支
N09,安興,109,收支餘絀表,本期稅前餘絀,159056.0,收支
N09,安興,110,收支餘絀表,本期稅前餘絀,643169.0,收支
N09,安興,111,收支餘絀表,本期稅前餘絀,241652.0,收支
N09,安興,112,收支餘絀表,本期稅前餘絀,76573.0,收支
N09,安興,113,收支餘絀表,本期稅前餘絀,5192296.0,收支
N09,安興,109,收支餘絀表,本期稅後餘絀,159056.0,收支
N09,安興,110,收支餘絀表,本期稅後餘絀,608783.0,收支
N09,安興,111,收支餘絀表,本期稅後餘絀,241652.0,收支
N09,安興,112,收支餘絀表,本期稅後餘絀,76573.0,收支
N09,安興,113,收支餘絀表,本期稅後餘絀,3913614.0,收支
N09,安興,109,收支餘絀表,材料費,631215.0,收支
N09,安興,110,收支餘絀表,材料費,708169.0,收支
N09,安興,111,收支餘絀表,材料費,798212.0,收支
N09,安興,112,收支餘絀表,材料費,868837.0,收支
N09,安興,113,收支餘絀表,材料費,850077.0,收支
N09,安興,109,收支餘絀表,業務發展費,540000.0,收支
N09,安興,110,收支餘絀表,業務發展費,820000.0,收支
N09,安興,111,收支餘絀表,業務發展費,1375000.0,收支
N09,安興,112,收支餘絀表,業務發展費,1930000.0,收支
N09,安興,113,收支餘絀表,業務發展費,1419000.0,收支
N09,安興,109,收支餘絀表,業務費,302092.0,收支
N09,安興,110,收支餘絀表,業務費,257048.0,收支
N09,安興,111,收支餘絀表,業務費,356779.0,收支
N09,安興,112,收支餘絀表,業務費,356119.0,收支
N09,安興,113,收支餘絀表,業務費,345000.0,收支
N09,安興,109,收支餘絀表,維護費,220535.0,收支
N09,安興,110,收支餘絀表,維護費,111992.0,收支
N09,安興,111,收支餘絀表,維護費,136426.0,收支
N09,安興,112,收支餘絀表,維護費,87109.0,收支
N09,安興,113,收支餘絀表,維護費,116894.0,收支
N09,安興,109,收支餘絀表,行政管理費,59996.0,收支
N09,安興,110,收支餘絀表,行政管理費,147220.0,收支
N09,安興,111,收支餘絀表,行政管理費,147220.0,收支
N09,安興,112,收支餘絀表,行政管理費,147220.0,收支
N09,安興,113,收支餘絀表,行政管理費,150144.0,收支
N09,安興,109,收支餘絀表,雜支,8616.0,收支
N09,安興,110,收支餘絀表,雜支,342.0,收支
N09,安興,111,收支餘絀表,雜支,3487.0,收支
N09,安興,112,收支餘絀表,雜支,8923.0,收支
N09,安興,113,收支餘絀表,雜支,28993.0,收支
N09,安興,110,現金流量表,其他應付款,429892.0,非收支
N09,安興,111,現金流量表,其他應付款,-67608.0,非收支
N09,安興,112,現金流量表,其他應付款,-61084.0,非收支
N09,安興,113,現金流量表,其他應付款,418207.0,非收支
N09,安興,111,現金流量表,其他應收款,-2077.0,非收支
N09,安興,112,現金流量表,其他應收款,2077.0,非收支
N09,安興,113,現金流量表,其他應收款,,非收支
N09,安興,112,現金流量表,其他流動資產,-3306.0,非收支
N09,安興,113,現金流量表,其他流動資產,3306.0,非收支
N09,安興,110,現金流量表,存出保證金減少,3600.0,非收支
N09,安興,110,現金流量表,應付帳款,-302944.0,非收支
N09,安興,111,現金流量表,應付帳款,-76740.0,非收支
N09,安興,112,現金流量表,應付帳款,-5938.0,非收支
N09,安興,113,現金流量表,應付帳款,157618.0,非收支
N09,安興,110,現金流量表,應收帳款淨額,-214660.0,非收支
N09,安興,112,現金流量表,應收帳款淨額,439980.0,非收支
N09,安興,113,現金流量表,應收帳款淨額,-16223.0,非收支
N09,安興,110,現金流量表,投資活動之淨現金流入,3600.0,非收支
N09,安興,111,現金流量表,投資活動之淨現金流入,,非收支
N09,安興,112,現金流量表,投資活動之淨現金流入,,非收支
N09,安興,113,現金流量表,投資活動之淨現金流入,,非收支
N09,安興,110,現金流量表,投資活動之現金流量：,,非收支
N09,安興,112,現金流量表,投資活動之現金流量：,,非收支
N09,安興,113,現金流量表,投資活動之現金流量：,,非收支
N09,安興,111,現金流量表,"投資活動之現金流量：
存出保證金減少",,非收支
N09,安興,110,現金流量表,期初現金及約當現金餘額,3345960.0,非收支
N09,安興,111,現金流量表,期初現金及約當現金餘額,3960631.0,非收支
N09,安興,112,現金流量表,期初現金及約當現金餘額,3830890.0,非收支
N09,安興,113,現金流量表,期初現金及約當現金餘額,4398152.0,非收支
N09,安興,110,現金流量表,期末現金及約當現金餘額,3960631.0,非收支
N09,安興,111,現金流量表,期末現金及約當現金餘額,3830890.0,非收支
N09,安興,112,現金流量表,期末現金及約當現金餘額,4398152.0,非收支
N09,安興,113,現金流量表,期末現金及約當現金餘額,8589308.0,非收支
N09,安興,110,現金流量表,本期支付所得稅,-34386.0,非收支
N09,安興,111,現金流量表,本期支付所得稅,,非收支
N09,安興,110,現金流量表,本期現金及約當現金增加數,614671.0,非收支
N09,安興,113,現金流量表,本期現金及約當現金增加數,4191156.0,非收支
N09,安興,112,現金流量表,本期現金及約當現金增加（減少）數,567262.0,非收支
N09,安興,111,現金流量表,本期現金及約當現金（減少）增加數,-129741.0,非收支
N09,安興,110,現金流量表,本期稅前餘絀,643169.0,非收支
N09,安興,113,現金流量表,本期稅前餘絀,5192296.0,非收支
N09,安興,112,現金流量表,本期稅前餘額,76573.0,非收支
N09,安興,110,現金流量表,營業活動之淨現金流入,611071.0,非收支
N09,安興,113,現金流量表,營業活動之淨現金流入,4191156.0,非收支
N09,安興,112,現金流量表,營業活動之淨現金流入（出）,567262.0,非收支
N09,安興,111,現金流量表,營業活動之淨現金流（出）入,-129741.0,非收支
N09,安興,110,現金流量表,營業活動之現金流量：,,非收支
N09,安興,112,現金流量表,營業活動之現金流量：,,非收支
N09,安興,113,現金流量表,營業活動之現金流量：,,非收支
N09,安興,111,現金流量表,"營業活動之現金流量：
本期稅前餘絀",241652.0,非收支
N09,安興,110,現金流量表,營運產生之現金,645457.0,非收支
N09,安興,111,現金流量表,營運產生之現金,-129741.0,非收支
N09,安興,110,現金流量表,籌資活動之淨現金流入,,非收支
N09,安興,112,現金流量表,籌資活動之淨現金流入,,非收支
N09,安興,113,現金流量表,籌資活動之淨現金流入,,非收支
N09,安興,110,現金流量表,籌資活動之現金流量：,,非收支
N09,安興,112,現金流量表,籌資活動之現金流量：,,非收支
N09,安興,113,現金流量表,籌資活動之現金流量：,,非收支
N09,安興,111,現金流量表,"籌資活動之現金流量：
籌資活動之淨現金流入",,非收支
N09,安興,110,現金流量表,調整項目：,,非收支
N09,安興,112,現金流量表,調整項目：,,非收支
N09,安興,113,現金流量表,調整項目：,,非收支
N09,安興,111,現金流量表,"調整項目：
資產／負債淨變動數
應收帳款淨額",-286576.0,非收支
N09,安興,112,現金流量表,資產/負債淨變動數,,非收支
N09,安興,110,現金流量表,資產／負債淨變動數,,非收支
N09,安興,113,現金流量表,資產／負債淨變動數,,非收支
N09,安興,110,現金流量表,資遣費準備淨變動,,非收支
N09,安興,111,現金流量表,預付款項,-39820.0,非收支
N09,安興,112,現金流量表,預付款項,7394.0,非收支
N09,安興,113,現金流量表,預付款項,32426.0,非收支
N09,安興,110,現金流量表,預收款項,90000.0,非收支
N09,安興,111,現金流量表,預收款項,101428.0,非收支
N09,安興,112,現金流量表,預收款項,111566.0,非收支
N09,安興,113,現金流量表,預收款項,-1596474.0,非收支
N09,安興,110,資產負債表,代管財產,1416752.0,非收支
N09,安興,111,資產負債表,代管財產,1220512.0,非收支
N09,安興,112,資產負債表,代管財產,958198.0,非收支
N09,安興,113,資產負債表,代管財產,766730.0,非收支
N09,安興,110,資產負債表,其他應付款,1228124.0,非收支
N09,安興,111,資產負債表,其他應付款,1160516.0,非收支
N09,安興,112,資產負債表,其他應付款,1099432.0,非收支
N09,安興,113,資產負債表,其他應付款,1517639.0,非收支
N09,安興,111,資產負債表,其他應收款,2077.0,非收支
N09,安興,112,資產負債表,其他應收款,,非收支
N09,安興,112,資產負債表,其他流動資產,3306.0,非收支
N09,安興,113,資產負債表,其他流動資產,,非收支
N09,安興,110,資產負債表,存出保證金,,非收支
N09,安興,110,資產負債表,應付代管財產,1416752.0,非收支
N09,安興,111,資產負債表,應付代管財產,1220512.0,非收支
N09,安興,112,資產負債表,應付代管財產,958198.0,非收支
N09,安興,113,資產負債表,應付代管財產,766730.0,非收支
N09,安興,110,資產負債表,應付帳款,114851.0,非收支
N09,安興,111,資產負債表,應付帳款,38111.0,非收支
N09,安興,112,資產負債表,應付帳款,32173.0,非收支
N09,安興,113,資產負債表,應付帳款,189791.0,非收支
N09,安興,113,資產負債表,應付所得稅,1278682.0,非收支
N09,安興,110,資產負債表,應付購置財產,126700.0,非收支
N09,安興,111,資產負債表,應付購置財產,126700.0,非收支
N09,安興,112,資產負債表,應付購置財產,126700.0,非收支
N09,安興,113,資產負債表,應付購置財產,126700.0,非收支
N09,安興,110,資產負債表,應收帳款淨額,214660.0,非收支
N09,安興,111,資產負債表,應收帳款淨額,501236.0,非收支
N09,安興,112,資產負債表,應收帳款淨額,61256.0,非收支
N09,安興,113,資產負債表,應收帳款淨額,77479.0,非收支
N09,安興,110,資產負債表,本期餘絀,608783.0,非收支
N09,安興,111,資產負債表,本期餘絀,241652.0,非收支
N09,安興,112,資產負債表,本期餘絀,76573.0,非收支
N09,安興,113,資產負債表,本期餘絀,3913614.0,非收支
N09,安興,111,資產負債表,業務發展準備,3375000.0,非收支
N09,安興,112,資產負債表,業務發展準備,5305000.0,非收支
N09,安興,113,資產負債表,業務發展準備,,非收支
N09,安興,110,資產負債表,業務發展準備金,2000000.0,非收支
N09,安興,110,資產負債表,業務發展準備金,2000000.0,非收支
N09,安興,111,資產負債表,業務發展準備金,3375000.0,非收支
N09,安興,112,資產負債表,業務發展準備金,5305000.0,非收支
N09,安興,113,資產負債表,業務發展準備金,,非收支
N09,安興,110,資產負債表,流動負債,,非收支
N09,安興,110,資產負債表,流動負債合計,2726455.0,非收支
N09,安興,111,資產負債表,流動負債合計,2683535.0,非收支
N09,安興,112,資產負債表,流動負債合計,2728079.0,非收支
N09,安興,113,資產負債表,流動負債合計,2986112.0,非收支
N09,安興,110,資產負債表,流動資產,,非收支
N09,安興,110,資產負債表,流動資產合計,4175291.0,非收支
N09,安興,111,資產負債表,流動資產合計,4374023.0,非收支
N09,安興,112,資產負債表,流動資產合計,4495140.0,非收支
N09,安興,113,資產負債表,流動資產合計,8666787.0,非收支
N09,安興,110,資產負債表,現金及銀行存款,3960631.0,非收支
N09,安興,111,資產負債表,現金及銀行存款,3830890.0,非收支
N09,安興,112,資產負債表,現金及銀行存款,4398152.0,非收支
N09,安興,113,資產負債表,現金及銀行存款,8589308.0,非收支
N09,安興,110,資產負債表,累積餘絀,840053.0,非收支
N09,安興,111,資產負債表,累積餘絀,1448836.0,非收支
N09,安興,112,資產負債表,累積餘絀,1690488.0,非收支
N09,安興,113,資產負債表,累積餘絀,1767061.0,非收支
N09,安興,110,資產負債表,負債及餘絀總計,7824765.0,非收支
N09,安興,111,資產負債表,負債及餘絀總計,9231968.0,非收支
N09,安興,112,資產負債表,負債及餘絀總計,11035497.0,非收支
N09,安興,113,資產負債表,負債及餘絀總計,9560217.0,非收支
N09,安興,110,資產負債表,負債總額,6375929.0,非收支
N09,安興,111,資產負債表,負債總額,7541480.0,非收支
N09,安興,112,資產負債表,負債總額,9268436.0,非收支
N09,安興,113,資產負債表,負債總額,3879542.0,非收支
N09,安興,110,資產負債表,資產總計,7824765.0,非收支
N09,安興,111,資產負債表,資產總計,9231968.0,非收支
N09,安興,112,資產負債表,資產總計,11035497.0,非收支
N09,安興,113,資產負債表,資產總計,9560217.0,非收支
N09,安興,112,資產負債表,資產費準備,150459.0,非收支
N09,安興,112,資產負債表,資產費準備金,150459.0,非收支
N09,安興,110,資產負債表,資遣費準備,106022.0,非收支
N09,安興,111,資產負債表,資遣費準備,135733.0,非收支
N09,安興,113,資產負債表,資遣費準備,,非收支
N09,安興,110,資產負債表,資遣費準備金,106022.0,非收支
N09,安興,111,資產負債表,資遣費準備金,135733.0,非收支
N09,安興,113,資產負債表,資遣費準備金,,非收支
N09,安興,110,資產負債表,購置財產,126700.0,非收支
N09,安興,111,資產負債表,購置財產,126700.0,非收支
N09,安興,112,資產負債表,購置財產,126700.0,非收支
N09,安興,113,資產負債表,購置財產,126700.0,非收支
N09,安興,110,資產負債表,非流動負債,,非收支
N09,安興,110,資產負債表,非流動負債合計,3649474.0,非收支
N09,安興,111,資產負債表,非流動負債合計,4857945.0,非收支
N09,安興,112,資產負債表,非流動負債合計,6540357.0,非收支
N09,安興,113,資產負債表,非流動負債合計,893430.0,非收支
N09,安興,110,資產負債表,非流動資產,,非收支
N09,安興,110,資產負債表,非流動資產合計,3649474.0,非收支
N09,安興,111,資產負債表,非流動資產合計,4857945.0,非收支
N09,安興,112,資產負債表,非流動資產合計,6540357.0,非收支
N09,安興,113,資產負債表,非流動資產合計,893430.0,非收支
N09,安興,111,資產負債表,預付款項,39820.0,非收支
N09,安興,112,資產負債表,預付款項,32426.0,非收支
N09,安興,113,資產負債表,預付款項,,非收支
N09,安興,110,資產負債表,預收款項,1383480.0,非收支
N09,安興,111,資產負債表,預收款項,1484908.0,非收支
N09,安興,112,資產負債表,預收款項,1596474.0,非收支
N09,安興,113,資產負債表,預收款項,,非收支
N09,安興,110,資產負債表,餘絀,,非收支
N09,安興,110,資產負債表,餘絀總額,1448836.0,非收支
N09,安興,111,資產負債表,餘絀總額,1690488.0,非收支
N09,安興,112,資產負債表,餘絀總額,1767061.0,非收支
N09,安興,113,資產負債表,餘絀總額,5680675.0,非收支
N09,安興,110,附表三,事務機器耗材-執行率,26.0,非收支
N09,安興,111,附表三,事務機器耗材-執行率,35.0,非收支
N09,安興,112,附表三,事務機器耗材-執行率,63.0,非收支
N09,安興,110,附表三,事務機器耗材-決算數,14354.0,非收支
N09,安興,111,附表三,事務機器耗材-決算數,19522.0,非收支
N09,安興,112,附表三,事務機器耗材-決算數,34698.0,非收支
N09,安興,111,附表三,五日未上課退費-執行率,,非收支
N09,安興,112,附表三,五日未上課退費-執行率,,非收支
N09,安興,113,附表三,五日未上課退費-執行率,,非收支
N09,安興,111,附表三,五日未上課退費-決算數,-24171.0,非收支
N09,安興,112,附表三,五日未上課退費-決算數,-40528.0,非收支
N09,安興,113,附表三,五日未上課退費-決算數,-61703.0,非收支
N09,安興,111,附表三,人事費-執行率,79.0,非收支
N09,安興,112,附表三,人事費-執行率,64.0,非收支
N09,安興,113,附表三,人事費-執行率,90.0,非收支
N09,安興,111,附表三,人事費-決算數,4104465.0,非收支
N09,安興,112,附表三,人事費-決算數,3361395.0,非收支
N09,安興,113,附表三,人事費-決算數,4817555.0,非收支
N09,安興,112,附表三,代課費及代班費-執行率,30.0,非收支
N09,安興,112,附表三,代課費及代班費-決算數,29025.0,非收支
N09,安興,111,附表三,代課費及廚工代班費-執行率,22.0,非收支
N09,安興,111,附表三,代課費及廚工代班費-決算數,15051.0,非收支
N09,安興,111,附表三,保全-執行率,24.0,非收支
N09,安興,112,附表三,保全-執行率,26.0,非收支
N09,安興,111,附表三,保全-決算數,18900.0,非收支
N09,安興,112,附表三,保全-決算數,20790.0,非收支
N09,安興,111,附表三,保險費-執行率,83.0,非收支
N09,安興,112,附表三,保險費-執行率,67.0,非收支
N09,安興,113,附表三,保險費-執行率,165.0,非收支
N09,安興,111,附表三,保險費-決算數,6650.0,非收支
N09,安興,112,附表三,保險費-決算數,5354.0,非收支
N09,安興,113,附表三,保險費-決算數,13178.0,非收支
N09,安興,112,附表三,修繕費-執行率,101.0,非收支
N09,安興,112,附表三,修繕費-決算數,60803.0,非收支
N09,安興,110,附表三,修繕購置費-執行率,74.0,非收支
N09,安興,111,附表三,修繕購置費-執行率,82.0,非收支
N09,安興,112,附表三,修繕購置費-執行率,80.0,非收支
N09,安興,110,附表三,修繕購置費-決算數,62469.0,非收支
N09,安興,111,附表三,修繕購置費-決算數,68974.0,非收支
N09,安興,112,附表三,修繕購置費-決算數,67046.0,非收支
N09,安興,111,附表三,健康檢查-執行率,22.0,非收支
N09,安興,112,附表三,健康檢查-執行率,100.0,非收支
N09,安興,113,附表三,健康檢查-執行率,20.0,非收支
N09,安興,111,附表三,健康檢查-決算數,1720.0,非收支
N09,安興,112,附表三,健康檢查-決算數,1000.0,非收支
N09,安興,113,附表三,健康檢查-決算數,1580.0,非收支
N09,安興,110,附表三,公共事務管理費-執行率,60.0,非收支
N09,安興,111,附表三,公共事務管理費-執行率,60.0,非收支
N09,安興,112,附表三,公共事務管理費-執行率,60.0,非收支
N09,安興,110,附表三,公共事務管理費-決算數,72360.0,非收支
N09,安興,111,附表三,公共事務管理費-決算數,72360.0,非收支
N09,安興,112,附表三,公共事務管理費-決算數,71860.0,非收支
N09,安興,110,附表三,其他支出-執行率,,非收支
N09,安興,111,附表三,其他支出-執行率,,非收支
N09,安興,112,附表三,其他支出-執行率,,非收支
N09,安興,110,附表三,其他支出-決算數,1392098.0,非收支
N09,安興,111,附表三,其他支出-決算數,1475690.0,非收支
N09,安興,112,附表三,其他支出-決算數,2611976.0,非收支
N09,安興,113,附表三,其他收入-其它-執行率,,非收支
N09,安興,113,附表三,其他收入-其它-決算數,6724000.0,非收支
N09,安興,111,附表三,其他收入-執行率,,非收支
N09,安興,112,附表三,其他收入-執行率,,非收支
N09,安興,113,附表三,其他收入-執行率,,非收支
N09,安興,111,附表三,其他收入-決算數,1475690.0,非收支
N09,安興,112,附表三,其他收入-決算數,2611976.0,非收支
N09,安興,113,附表三,其他收入-決算數,1983942.0,非收支
N09,安興,111,附表三,利息收入-執行率,,非收支
N09,安興,112,附表三,利息收入-執行率,,非收支
N09,安興,113,附表三,利息收入-執行率,,非收支
N09,安興,111,附表三,利息收入-決算數,41897.0,非收支
N09,安興,112,附表三,利息收入-決算數,77347.0,非收支
N09,安興,113,附表三,利息收入-決算數,120327.0,非收支
N09,安興,111,附表三,加班費-執行率,50.0,非收支
N09,安興,112,附表三,加班費-執行率,14.0,非收支
N09,安興,113,附表三,加班費-執行率,23.0,非收支
N09,安興,111,附表三,加班費-決算數,198381.0,非收支
N09,安興,112,附表三,加班費-決算數,57186.0,非收支
N09,安興,113,附表三,加班費-決算數,93188.0,非收支
N09,安興,111,附表三,勞、健保保費-執行率,81.0,非收支
N09,安興,111,附表三,勞、健保保費-決算數,385239.0,非收支
N09,安興,112,附表三,勞、健保費-執行率,74.0,非收支
N09,安興,113,附表三,勞、健保費-執行率,95.0,非收支
N09,安興,112,附表三,勞、健保費-決算數,351737.0,非收支
N09,安興,113,附表三,勞、健保費-決算數,459814.0,非收支
N09,安興,111,附表三,勞退金提撥-執行率,80.0,非收支
N09,安興,112,附表三,勞退金提撥-執行率,61.0,非收支
N09,安興,113,附表三,勞退金提撥-執行率,86.0,非收支
N09,安興,111,附表三,勞退金提撥-決算數,171781.0,非收支
N09,安興,112,附表三,勞退金提撥-決算數,132026.0,非收支
N09,安興,113,附表三,勞退金提撥-決算數,187315.0,非收支
N09,安興,110,附表三,園務特支-執行率,60.0,非收支
N09,安興,111,附表三,園務特支-執行率,44.0,非收支
N09,安興,112,附表三,園務特支-執行率,38.0,非收支
N09,安興,110,附表三,園務特支-決算數,21656.0,非收支
N09,安興,111,附表三,園務特支-決算數,16000.0,非收支
N09,安興,112,附表三,園務特支-決算數,13740.0,非收支
N09,安興,110,附表三,園舍消毒、清潔-執行率,60.0,非收支
N09,安興,111,附表三,園舍消毒、清潔-執行率,91.0,非收支
N09,安興,112,附表三,園舍消毒、清潔-執行率,98.0,非收支
N09,安興,110,附表三,園舍消毒、清潔-決算數,15000.0,非收支
N09,安興,111,附表三,園舍消毒、清潔-決算數,22800.0,非收支
N09,安興,112,附表三,園舍消毒、清潔-決算數,24450.0,非收支
N09,安興,112,附表三,園長及教保服務人員薪資(含職務加給)-執行率,69.0,非收支
N09,安興,112,附表三,園長及教保服務人員薪資(含職務加給)-決算數,1951484.0,非收支
N09,安興,111,附表三,園長及教保服務人員薪資(含職務加给)-執行率,77.0,非收支
N09,安興,111,附表三,園長及教保服務人員薪資(含職務加给)-決算數,2165622.0,非收支
N09,安興,113,附表三,園長及教保服務人員薪資（含職務加給）-執行率,90.0,非收支
N09,安興,113,附表三,園長及教保服務人員薪資（含職務加給）-決算數,2578884.0,非收支
N09,安興,110,附表三,差旅費-執行率,,非收支
N09,安興,111,附表三,差旅費-執行率,,非收支
N09,安興,112,附表三,差旅費-執行率,,非收支
N09,安興,110,附表三,差旅費-決算數,,非收支
N09,安興,111,附表三,差旅費-決算數,,非收支
N09,安興,112,附表三,差旅費-決算數,,非收支
N09,安興,110,附表三,延後托育支出-執行率,,非收支
N09,安興,111,附表三,延後托育支出-執行率,,非收支
N09,安興,110,附表三,延後托育支出-決算數,454065.0,非收支
N09,安興,111,附表三,延後托育支出-決算數,345177.0,非收支
N09,安興,111,附表三,延後托育收入-執行率,,非收支
N09,安興,111,附表三,延後托育收入-決算數,681840.0,非收支
N09,安興,111,附表三,延後托育收入淨額-執行率,,非收支
N09,安興,111,附表三,延後托育收入淨額-執行率,,非收支
N09,安興,111,附表三,延後托育收入淨額-決算數,650220.0,非收支
N09,安興,111,附表三,延後托育收入淨額-決算數,650220.0,非收支
N09,安興,111,附表三,延後托育收入退費-執行率,,非收支
N09,安興,111,附表三,延後托育收入退費-決算數,-31620.0,非收支
N09,安興,112,附表三,延長照顧服務支出-執行率,,非收支
N09,安興,112,附表三,延長照顧服務支出-決算數,291020.0,非收支
N09,安興,112,附表三,延長照顧服務收入-執行率,,非收支
N09,安興,113,附表三,延長照顧服務收入-執行率,,非收支
N09,安興,112,附表三,延長照顧服務收入-決算數,501420.0,非收支
N09,安興,113,附表三,延長照顧服務收入-決算數,228690.0,非收支
N09,安興,112,附表三,延長照顧服務收入淨額-執行率,,非收支
N09,安興,112,附表三,延長照顧服務收入淨額-執行率,,非收支
N09,安興,113,附表三,延長照顧服務收入淨額-執行率,,非收支
N09,安興,113,附表三,延長照顧服務收入淨額-執行率,,非收支
N09,安興,112,附表三,延長照顧服務收入淨額-決算數,481110.0,非收支
N09,安興,112,附表三,延長照顧服務收入淨額-決算數,481110.0,非收支
N09,安興,113,附表三,延長照顧服務收入淨額-決算數,214470.0,非收支
N09,安興,113,附表三,延長照顧服務收入淨額-決算數,214470.0,非收支
N09,安興,112,附表三,延長照顧服務收入退費-執行率,,非收支
N09,安興,113,附表三,延長照顧服務收入退費-執行率,,非收支
N09,安興,112,附表三,延長照顧服務收入退費-決算數,-20310.0,非收支
N09,安興,113,附表三,延長照顧服務收入退費-決算數,-14220.0,非收支
N09,安興,110,附表三,所得稅費用-執行率,,非收支
N09,安興,111,附表三,所得稅費用-執行率,,非收支
N09,安興,112,附表三,所得稅費用-執行率,,非收支
N09,安興,110,附表三,所得稅費用-決算數,34386.0,非收支
N09,安興,111,附表三,所得稅費用-決算數,,非收支
N09,安興,112,附表三,所得稅費用-決算數,,非收支
N09,安興,110,附表三,攝影照片-執行率,,非收支
N09,安興,111,附表三,攝影照片-執行率,100.0,非收支
N09,安興,112,附表三,攝影照片-執行率,100.0,非收支
N09,安興,110,附表三,攝影照片-決算數,,非收支
N09,安興,111,附表三,攝影照片-決算數,8000.0,非收支
N09,安興,112,附表三,攝影照片-決算數,8000.0,非收支
N09,安興,111,附表三,支出-執行率,124.0,非收支
N09,安興,112,附表三,支出-執行率,136.0,非收支
N09,安興,113,附表三,支出-執行率,138.0,非收支
N09,安興,111,附表三,支出-決算數,8883790.0,非收支
N09,安興,112,附表三,支出-決算數,9801505.0,非收支
N09,安興,113,附表三,支出-決算數,10105038.0,非收支
N09,安興,111,附表三,收入-執行率,127.0,非收支
N09,安興,112,附表三,收入-執行率,137.0,非收支
N09,安興,113,附表三,收入-執行率,219.0,非收支
N09,安興,111,附表三,收入-決算數,9125442.0,非收支
N09,安興,112,附表三,收入-決算數,9878078.0,非收支
N09,安興,113,附表三,收入-決算數,15297334.0,非收支
N09,安興,112,附表三,政府學費差額補助退費-執行率,,非收支
N09,安興,113,附表三,政府學費差額補助退費-執行率,,非收支
N09,安興,112,附表三,政府學費差額補助退費-決算數,-98761.0,非收支
N09,安興,113,附表三,政府學費差額補助退費-決算數,-8090.0,非收支
N09,安興,110,附表三,教保材料費-執行率,13.0,非收支
N09,安興,111,附表三,教保材料費-執行率,42.0,非收支
N09,安興,112,附表三,教保材料費-執行率,89.0,非收支
N09,安興,110,附表三,教保材料費-決算數,18478.0,非收支
N09,安興,111,附表三,教保材料費-決算數,60949.0,非收支
N09,安興,112,附表三,教保材料費-決算數,127721.0,非收支
N09,安興,111,附表三,教保費收入(家長繳費)-執行率,77.0,非收支
N09,安興,112,附表三,教保費收入(家長繳費)-執行率,73.0,非收支
N09,安興,111,附表三,教保費收入(家長繳費)-決算數,1105700.0,非收支
N09,安興,112,附表三,教保費收入(家長繳費)-決算數,1055520.0,非收支
N09,安興,111,附表三,教保費收入(政府學費差額補助)-執行率,102.0,非收支
N09,安興,112,附表三,教保費收入(政府學費差額補助)-執行率,101.0,非收支
N09,安興,111,附表三,教保費收入(政府學費差額補助)-決算數,5876106.0,非收支
N09,安興,112,附表三,教保費收入(政府學費差額補助)-決算數,5818118.0,非收支
N09,安興,111,附表三,教保費收入-執行率,97.0,非收支
N09,安興,112,附表三,教保費收入-執行率,96.0,非收支
N09,安興,113,附表三,教保費收入-執行率,91.0,非收支
N09,安興,111,附表三,教保費收入-決算數,6981806.0,非收支
N09,安興,112,附表三,教保費收入-決算數,6873638.0,非收支
N09,安興,113,附表三,教保費收入-決算數,6342600.0,非收支
N09,安興,111,附表三,教保費收入淨額-執行率,97.0,非收支
N09,安興,112,附表三,教保費收入淨額-執行率,93.0,非收支
N09,安興,113,附表三,教保費收入淨額-執行率,89.0,非收支
N09,安興,111,附表三,教保費收入淨額-決算數,6957635.0,非收支
N09,安興,112,附表三,教保費收入淨額-決算數,6707645.0,非收支
N09,安興,113,附表三,教保費收入淨額-決算數,6254595.0,非收支
N09,安興,111,附表三,教保費收入減項-執行率,,非收支
N09,安興,112,附表三,教保費收入減項-執行率,,非收支
N09,安興,113,附表三,教保費收入減項-執行率,,非收支
N09,安興,111,附表三,教保費收入減項-決算數,-24171.0,非收支
N09,安興,112,附表三,教保費收入減項-決算數,-165993.0,非收支
N09,安興,113,附表三,教保費收入減項-決算數,-88005.0,非收支
N09,安興,113,附表三,教保費收入（家長繳費）-執行率,61.0,非收支
N09,安興,113,附表三,教保費收入（家長繳費）-決算數,762600.0,非收支
N09,安興,113,附表三,教保費收入（政府學費差額補助）-執行率,97.0,非收支
N09,安興,113,附表三,教保費收入（政府學費差額補助）-決算數,5580000.0,非收支
N09,安興,111,附表三,文宣費(一般文宣)-執行率,30.0,非收支
N09,安興,112,附表三,文宣費(一般文宣)-執行率,85.0,非收支
N09,安興,111,附表三,文宣費(一般文宣)-決算數,3000.0,非收支
N09,安興,112,附表三,文宣費(一般文宣)-決算數,8500.0,非收支
N09,安興,111,附表三,文宣費(園刊)-執行率,44.0,非收支
N09,安興,111,附表三,文宣費(園刊)-決算數,11000.0,非收支
N09,安興,112,附表三,文宣費(期刊)-執行率,56.0,非收支
N09,安興,112,附表三,文宣費(期刊)-決算數,14087.0,非收支
N09,安興,110,附表三,文宣費（一般文宣）-執行率,,非收支
N09,安興,110,附表三,文宣費（一般文宣）-決算數,,非收支
N09,安興,110,附表三,文宣費（園刊）-執行率,,非收支
N09,安興,110,附表三,文宣費（園刊）-決算數,,非收支
N09,安興,110,附表三,日常消耗用品-執行率,38.0,非收支
N09,安興,111,附表三,日常消耗用品-執行率,74.0,非收支
N09,安興,112,附表三,日常消耗用品-執行率,72.0,非收支
N09,安興,110,附表三,日常消耗用品-決算數,13688.0,非收支
N09,安興,111,附表三,日常消耗用品-決算數,26705.0,非收支
N09,安興,112,附表三,日常消耗用品-決算數,26047.0,非收支
N09,安興,111,附表三,會計、總務、廚工、清潔薪資-執行率,95.0,非收支
N09,安興,112,附表三,會計、總務、廚工、清潔薪資-執行率,66.0,非收支
N09,安興,113,附表三,會計、總務、廚工、清潔薪資-執行率,99.0,非收支
N09,安興,111,附表三,會計、總務、廚工、清潔薪資-決算數,1120408.0,非收支
N09,安興,112,附表三,會計、總務、廚工、清潔薪資-決算數,795717.0,非收支
N09,安興,113,附表三,會計、總務、廚工、清潔薪資-決算數,1210639.0,非收支
N09,安興,110,附表三,本期稅前餘絀-執行率,468.0,非收支
N09,安興,111,附表三,本期稅前餘絀-執行率,1625.0,非收支
N09,安興,112,附表三,本期稅前餘絀-執行率,-237.0,非收支
N09,安興,110,附表三,本期稅前餘絀-決算數,643169.0,非收支
N09,安興,111,附表三,本期稅前餘絀-決算數,241652.0,非收支
N09,安興,112,附表三,本期稅前餘絀-決算數,76573.0,非收支
N09,安興,110,附表三,本期稅後餘絀-執行率,443.0,非收支
N09,安興,111,附表三,本期稅後餘絀-執行率,1625.0,非收支
N09,安興,112,附表三,本期稅後餘絀-執行率,-237.0,非收支
N09,安興,110,附表三,本期稅後餘絀-決算數,608783.0,非收支
N09,安興,111,附表三,本期稅後餘絀-決算數,241652.0,非收支
N09,安興,112,附表三,本期稅後餘絀-決算數,76573.0,非收支
N09,安興,110,附表三,材料費-執行率,78.0,非收支
N09,安興,111,附表三,材料費-執行率,88.0,非收支
N09,安興,112,附表三,材料費-執行率,96.0,非收支
N09,安興,110,附表三,材料費-決算數,708169.0,非收支
N09,安興,111,附表三,材料費-決算數,798212.0,非收支
N09,安興,112,附表三,材料費-決算數,868837.0,非收支
N09,安興,110,附表三,業務發展費-執行率,,非收支
N09,安興,111,附表三,業務發展費-執行率,,非收支
N09,安興,112,附表三,業務發展費-執行率,,非收支
N09,安興,110,附表三,業務發展費-決算數,820000.0,非收支
N09,安興,111,附表三,業務發展費-決算數,1375000.0,非收支
N09,安興,112,附表三,業務發展費-決算數,1930000.0,非收支
N09,安興,111,附表三,業務費-執行率,63.0,非收支
N09,安興,112,附表三,業務費-執行率,63.0,非收支
N09,安興,111,附表三,業務費-決算數,356779.0,非收支
N09,安興,112,附表三,業務費-決算數,356119.0,非收支
N09,安興,111,附表三,水費-執行率,23.0,非收支
N09,安興,112,附表三,水費-執行率,22.0,非收支
N09,安興,111,附表三,水費-決算數,4614.0,非收支
N09,安興,112,附表三,水費-決算數,4485.0,非收支
N09,安興,110,附表三,水電修繕-執行率,158.0,非收支
N09,安興,111,附表三,水電修繕-執行率,186.0,非收支
N09,安興,110,附表三,水電修繕-決算數,94933.0,非收支
N09,安興,111,附表三,水電修繕-決算數,111770.0,非收支
N09,安興,111,附表三,活動費-執行率,110.0,非收支
N09,安興,112,附表三,活動費-執行率,45.0,非收支
N09,安興,111,附表三,活動費-決算數,82418.0,非收支
N09,安興,112,附表三,活動費-決算數,33509.0,非收支
N09,安興,110,附表三,火險-執行率,26.0,非收支
N09,安興,111,附表三,火險-執行率,23.0,非收支
N09,安興,112,附表三,火險-執行率,23.0,非收支
N09,安興,110,附表三,火險-決算數,2059.0,非收支
N09,安興,111,附表三,火險-決算數,1856.0,非收支
N09,安興,112,附表三,火險-決算數,1856.0,非收支
N09,安興,111,附表三,瓦斯費-執行率,49.0,非收支
N09,安興,112,附表三,瓦斯費-執行率,36.0,非收支
N09,安興,111,附表三,瓦斯費-決算數,14775.0,非收支
N09,安興,112,附表三,瓦斯費-決算數,10845.0,非收支
N09,安興,111,附表三,研習、進修-執行率,25.0,非收支
N09,安興,112,附表三,研習、進修-執行率,69.0,非收支
N09,安興,111,附表三,研習、進修-決算數,4000.0,非收支
N09,安興,112,附表三,研習、進修-決算數,11000.0,非收支
N09,安興,110,附表三,維護費-執行率,120.0,非收支
N09,安興,111,附表三,維護費-執行率,147.0,非收支
N09,安興,112,附表三,維護費-執行率,94.0,非收支
N09,安興,110,附表三,維護費-決算數,111992.0,非收支
N09,安興,111,附表三,維護費-決算數,136426.0,非收支
N09,安興,112,附表三,維護費-決算數,87109.0,非收支
N09,安興,112,附表三,腸病毒退費-執行率,,非收支
N09,安興,113,附表三,腸病毒退費-執行率,,非收支
N09,安興,112,附表三,腸病毒退費-決算數,-22704.0,非收支
N09,安興,113,附表三,腸病毒退費-決算數,-18212.0,非收支
N09,安興,111,附表三,自強活動-執行率,124.0,非收支
N09,安興,112,附表三,自強活動-執行率,100.0,非收支
N09,安興,113,附表三,自強活動-執行率,100.0,非收支
N09,安興,111,附表三,自強活動-決算數,9902.0,非收支
N09,安興,112,附表三,自強活動-決算數,8000.0,非收支
N09,安興,113,附表三,自強活動-決算數,8000.0,非收支
N09,安興,110,附表三,藥品費-執行率,101.0,非收支
N09,安興,111,附表三,藥品費-執行率,45.0,非收支
N09,安興,112,附表三,藥品費-執行率,52.0,非收支
N09,安興,110,附表三,藥品費-決算數,4235.0,非收支
N09,安興,111,附表三,藥品費-決算數,1879.0,非收支
N09,安興,112,附表三,藥品費-決算數,2202.0,非收支
N09,安興,110,附表三,行政管理費-執行率,100.0,非收支
N09,安興,111,附表三,行政管理費-執行率,100.0,非收支
N09,安興,112,附表三,行政管理費-執行率,100.0,非收支
N09,安興,110,附表三,行政管理費-決算數,147220.0,非收支
N09,安興,111,附表三,行政管理費-決算數,147220.0,非收支
N09,安興,112,附表三,行政管理費-決算數,147220.0,非收支
N09,安興,111,附表三,資遣費-執行率,100.0,非收支
N09,安興,112,附表三,資遣費-執行率,100.0,非收支
N09,安興,111,附表三,資遣費-決算數,29711.0,非收支
N09,安興,112,附表三,資遣費-決算數,29866.0,非收支
N09,安興,111,附表三,轉學/轉出退費-執行率,,非收支
N09,安興,112,附表三,轉學/轉出退費-執行率,,非收支
N09,安興,113,附表三,轉學/轉出退費-執行率,,非收支
N09,安興,111,附表三,轉學/轉出退費-決算數,,非收支
N09,安興,112,附表三,轉學/轉出退費-決算數,-4000.0,非收支
N09,安興,113,附表三,轉學/轉出退費-決算數,,非收支
N09,安興,111,附表三,辦公文具-執行率,,非收支
N09,安興,112,附表三,辦公文具-執行率,52.0,非收支
N09,安興,111,附表三,辦公文具-決算數,,非收支
N09,安興,112,附表三,辦公文具-決算數,6233.0,非收支
N09,安興,110,附表三,郵資-執行率,77.0,非收支
N09,安興,111,附表三,郵資-執行率,78.0,非收支
N09,安興,112,附表三,郵資-執行率,46.0,非收支
N09,安興,110,附表三,郵資-決算數,4644.0,非收支
N09,安興,111,附表三,郵資-決算數,4652.0,非收支
N09,安興,112,附表三,郵資-決算數,2762.0,非收支
N09,安興,110,附表三,雜支-執行率,1.0,非收支
N09,安興,111,附表三,雜支-執行率,10.0,非收支
N09,安興,112,附表三,雜支-執行率,26.0,非收支
N09,安興,110,附表三,雜支-決算數,342.0,非收支
N09,安興,111,附表三,雜支-決算數,3487.0,非收支
N09,安興,112,附表三,雜支-決算數,8923.0,非收支
N09,安興,112,附表三,電話費(含ADSL)-執行率,102.0,非收支
N09,安興,112,附表三,電話費(含ADSL)-決算數,36609.0,非收支
N09,安興,111,附表三,電話費(含網路)-執行率,100.0,非收支
N09,安興,111,附表三,電話費(含網路)-決算數,35971.0,非收支
N09,安興,110,附表三,電話費（含網路）-執行率,102.0,非收支
N09,安興,110,附表三,電話費（含網路）-決算數,36883.0,非收支
N09,安興,111,附表三,電費-執行率,93.0,非收支
N09,安興,112,附表三,電費-執行率,105.0,非收支
N09,安興,111,附表三,電費-決算數,133927.0,非收支
N09,安興,112,附表三,電費-決算數,150861.0,非收支
N09,安興,110,附表三,餐點費-執行率,93.0,非收支
N09,安興,111,附表三,餐點費-執行率,98.0,非收支
N09,安興,112,附表三,餐點費-執行率,99.0,非收支
N09,安興,110,附表三,餐點費-決算數,671768.0,非收支
N09,安興,111,附表三,餐點費-決算數,708679.0,非收支
N09,安興,112,附表三,餐點費-決算數,712867.0,非收支
N09,安興,111,附表二,事務機器耗材-差異率,65.0,非收支
N09,安興,112,附表二,事務機器耗材-差異率,37.0,非收支
N09,安興,111,附表二,事務機器耗材-決算數,19522.0,非收支
N09,安興,112,附表二,事務機器耗材-決算數,34698.0,非收支
N09,安興,110,附表二,五日未上課退費-差異率,,非收支
N09,安興,110,附表二,五日未上課退費-決算數,-51961.0,非收支
N09,安興,110,附表二,人事費-差異率,83.0,非收支
N09,安興,111,附表二,人事費-差異率,21.0,非收支
N09,安興,111,附表二,人事費-差異率,19.0,非收支
N09,安興,112,附表二,人事費-差異率,36.0,非收支
N09,安興,112,附表二,人事費-差異率,32.0,非收支
N09,安興,110,附表二,人事費-決算數,4234041.0,非收支
N09,安興,111,附表二,人事費-決算數,4104465.0,非收支
N09,安興,111,附表二,人事費-決算數,3876373.0,非收支
N09,安興,112,附表二,人事費-決算數,3361395.0,非收支
N09,安興,112,附表二,人事費-決算數,3274343.0,非收支
N09,安興,110,附表二,代課費及廚工代班費-差異率,69.0,非收支
N09,安興,110,附表二,代課費及廚工代班費-決算數,47504.0,非收支
N09,安興,110,附表二,保全-差異率,26.0,非收支
N09,安興,111,附表二,保全-差異率,76.0,非收支
N09,安興,112,附表二,保全-差異率,74.0,非收支
N09,安興,110,附表二,保全-決算數,20790.0,非收支
N09,安興,111,附表二,保全-決算數,18900.0,非收支
N09,安興,112,附表二,保全-決算數,20790.0,非收支
N09,安興,110,附表二,保險費-差異率,83.0,非收支
N09,安興,110,附表二,保險費-決算數,6650.0,非收支
N09,安興,111,附表二,修繕購置費-差異率,18.0,非收支
N09,安興,112,附表二,修繕購置費-差異率,20.0,非收支
N09,安興,111,附表二,修繕購置費-決算數,68974.0,非收支
N09,安興,112,附表二,修繕購置費-決算數,67046.0,非收支
N09,安興,110,附表二,健康檢查-差異率,84.0,非收支
N09,安興,110,附表二,健康檢查-決算數,840.0,非收支
N09,安興,111,附表二,公共事務管理費-差異率,40.0,非收支
N09,安興,112,附表二,公共事務管理費-差異率,40.0,非收支
N09,安興,111,附表二,公共事務管理費-決算數,72360.0,非收支
N09,安興,112,附表二,公共事務管理費-決算數,71860.0,非收支
N09,安興,110,附表二,其他收入-差異率,,非收支
N09,安興,110,附表二,其他收入-決算數,1392098.0,非收支
N09,安興,110,附表二,利息收入-差異率,,非收支
N09,安興,110,附表二,利息收入-決算數,11218.0,非收支
N09,安興,110,附表二,加班費-差異率,11.0,非收支
N09,安興,111,附表二,加班費-差異率,50.0,非收支
N09,安興,112,附表二,加班費-差異率,86.0,非收支
N09,安興,110,附表二,加班費-決算數,43250.0,非收支
N09,安興,111,附表二,加班費-決算數,198381.0,非收支
N09,安興,112,附表二,加班費-決算數,57186.0,非收支
N09,安興,110,附表二,勞、健保費-差異率,87.0,非收支
N09,安興,110,附表二,勞、健保費-決算數,406457.0,非收支
N09,安興,110,附表二,勞退金提撥-差異率,86.0,非收支
N09,安興,110,附表二,勞退金提撥-決算數,179045.0,非收支
N09,安興,111,附表二,合 計-差異率,21.0,非收支
N09,安興,111,附表二,合 計-決算數,5687923.0,非收支
N09,安興,112,附表二,合計-差異率,31.0,非收支
N09,安興,112,附表二,合計-決算數,4968509.0,非收支
N09,安興,111,附表二,園務特支-差異率,56.0,非收支
N09,安興,112,附表二,園務特支-差異率,62.0,非收支
N09,安興,111,附表二,園務特支-決算數,16000.0,非收支
N09,安興,112,附表二,園務特支-決算數,13740.0,非收支
N09,安興,110,附表二,園長及教保服務人員薪資 (含職務加給)-差異率,86.0,非收支
N09,安興,110,附表二,園長及教保服務人員薪資 (含職務加給)-決算數,2370674.0,非收支
N09,安興,111,附表二,差旅費-差異率,,非收支
N09,安興,112,附表二,差旅費-差異率,,非收支
N09,安興,111,附表二,差旅費-決算數,,非收支
N09,安興,112,附表二,差旅費-決算數,,非收支
N09,安興,110,附表二,延後托育收入-差異率,,非收支
N09,安興,110,附表二,延後托育收入-決算數,639660.0,非收支
N09,安興,110,附表二,延後托育收入淨額-差異率,,非收支
N09,安興,110,附表二,延後托育收入淨額-差異率,,非收支
N09,安興,110,附表二,延後托育收入淨額-決算數,567480.0,非收支
N09,安興,110,附表二,延後托育收入淨額-決算數,567480.0,非收支
N09,安興,110,附表二,延後托育收入退費-差異率,,非收支
N09,安興,110,附表二,延後托育收入退費-決算數,-72180.0,非收支
N09,安興,111,附表二,攝影照片-差異率,,非收支
N09,安興,112,附表二,攝影照片-差異率,,非收支
N09,安興,111,附表二,攝影照片-決算數,8000.0,非收支
N09,安興,112,附表二,攝影照片-決算數,8000.0,非收支
N09,安興,110,附表二,支出-差異率,117.0,非收支
N09,安興,110,附表二,支出-決算數,8259804.0,非收支
N09,安興,110,附表二,收入-差異率,124.0,非收支
N09,安興,110,附表二,收入-決算數,8902973.0,非收支
N09,安興,111,附表二,教保材料費-差異率,58.0,非收支
N09,安興,112,附表二,教保材料費-差異率,11.0,非收支
N09,安興,111,附表二,教保材料費-決算數,60949.0,非收支
N09,安興,112,附表二,教保材料費-決算數,127721.0,非收支
N09,安興,110,附表二,教保費收入 (家長繳費)-差異率,76.0,非收支
N09,安興,110,附表二,教保費收入 (家長繳費)-決算數,1376439.0,非收支
N09,安興,110,附表二,教保費收入 (政府學費差額補助)-差異率,104.0,非收支
N09,安興,110,附表二,教保費收入 (政府學費差額補助)-決算數,5613699.0,非收支
N09,安興,110,附表二,教保費收入-差異率,97.0,非收支
N09,安興,110,附表二,教保費收入-決算數,6990138.0,非收支
N09,安興,110,附表二,教保費收入淨額-差異率,96.0,非收支
N09,安興,110,附表二,教保費收入淨額-決算數,6932177.0,非收支
N09,安興,110,附表二,教保費收入減項-差異率,,非收支
N09,安興,110,附表二,教保費收入減項-決算數,-57961.0,非收支
N09,安興,111,附表二,文宣費(一般文宣)-差異率,70.0,非收支
N09,安興,112,附表二,文宣費(一般文宣)-差異率,15.0,非收支
N09,安興,111,附表二,文宣費(一般文宣)-決算數,3000.0,非收支
N09,安興,112,附表二,文宣費(一般文宣)-決算數,8500.0,非收支
N09,安興,111,附表二,文宣費(園刊)-差異率,56.0,非收支
N09,安興,112,附表二,文宣費(園刊)-差異率,44.0,非收支
N09,安興,111,附表二,文宣費(園刊)-決算數,11000.0,非收支
N09,安興,112,附表二,文宣費(園刊)-決算數,14087.0,非收支
N09,安興,111,附表二,日常消耗用品-差異率,26.0,非收支
N09,安興,112,附表二,日常消耗用品-差異率,28.0,非收支
N09,安興,111,附表二,日常消耗用品-決算數,26705.0,非收支
N09,安興,112,附表二,日常消耗用品-決算數,26047.0,非收支
N09,安興,110,附表二,會計、總務、廚工、清潔薪資-差異率,97.0,非收支
N09,安興,110,附表二,會計、總務、廚工、清潔薪資-決算數,1132099.0,非收支
N09,安興,111,附表二,材料費-差異率,12.0,非收支
N09,安興,112,附表二,材料費-差異率,4.0,非收支
N09,安興,111,附表二,材料費-決算數,798212.0,非收支
N09,安興,112,附表二,材料費-決算數,868837.0,非收支
N09,安興,110,附表二,業務費-差異率,45.0,非收支
N09,安興,111,附表二,業務費-差異率,37.0,非收支
N09,安興,112,附表二,業務費-差異率,37.0,非收支
N09,安興,110,附表二,業務費-決算數,257048.0,非收支
N09,安興,111,附表二,業務費-決算數,356779.0,非收支
N09,安興,112,附表二,業務費-決算數,356119.0,非收支
N09,安興,110,附表二,水費-差異率,42.0,非收支
N09,安興,111,附表二,水費-差異率,77.0,非收支
N09,安興,112,附表二,水費-差異率,78.0,非收支
N09,安興,110,附表二,水費-決算數,8338.0,非收支
N09,安興,111,附表二,水費-決算數,4614.0,非收支
N09,安興,112,附表二,水費-決算數,4485.0,非收支
N09,安興,110,附表二,活動費-差異率,59.0,非收支
N09,安興,111,附表二,活動費-差異率,10.0,非收支
N09,安興,112,附表二,活動費-差異率,55.0,非收支
N09,安興,110,附表二,活動費-決算數,44386.0,非收支
N09,安興,111,附表二,活動費-決算數,82418.0,非收支
N09,安興,112,附表二,活動費-決算數,33509.0,非收支
N09,安興,110,附表二,瓦斯費-差異率,46.0,非收支
N09,安興,111,附表二,瓦斯費-差異率,51.0,非收支
N09,安興,112,附表二,瓦斯費-差異率,64.0,非收支
N09,安興,110,附表二,瓦斯費-決算數,13888.0,非收支
N09,安興,111,附表二,瓦斯費-決算數,14775.0,非收支
N09,安興,112,附表二,瓦斯費-決算數,10845.0,非收支
N09,安興,110,附表二,研習、進修-差異率,6.0,非收支
N09,安興,111,附表二,研習、進修-差異率,75.0,非收支
N09,安興,112,附表二,研習、進修-差異率,31.0,非收支
N09,安興,110,附表二,研習、進修-決算數,1000.0,非收支
N09,安興,111,附表二,研習、進修-決算數,4000.0,非收支
N09,安興,112,附表二,研習、進修-決算數,11000.0,非收支
N09,安興,111,附表二,維護費-差異率,47.0,非收支
N09,安興,112,附表二,維護費-差異率,6.0,非收支
N09,安興,111,附表二,維護費-決算數,136426.0,非收支
N09,安興,112,附表二,維護費-決算數,87109.0,非收支
N09,安興,110,附表二,自強活動-差異率,231.0,非收支
N09,安興,110,附表二,自強活動-決算數,18480.0,非收支
N09,安興,111,附表二,藥品費-差異率,55.0,非收支
N09,安興,112,附表二,藥品費-差異率,48.0,非收支
N09,安興,111,附表二,藥品費-決算數,1879.0,非收支
N09,安興,112,附表二,藥品費-決算數,2202.0,非收支
N09,安興,111,附表二,行政管理費-差異率,,非收支
N09,安興,112,附表二,行政管理費-差異率,,非收支
N09,安興,111,附表二,行政管理費-決算數,147220.0,非收支
N09,安興,112,附表二,行政管理費-決算數,147220.0,非收支
N09,安興,110,附表二,資遣費-差異率,100.0,非收支
N09,安興,111,附表二,資遣費-差異率,,非收支
N09,安興,112,附表二,資遣費-差異率,,非收支
N09,安興,110,附表二,資遣費-決算數,29042.0,非收支
N09,安興,111,附表二,資遣費-決算數,29711.0,非收支
N09,安興,112,附表二,資遣費-決算數,29866.0,非收支
N09,安興,110,附表二,轉學/轉出退費-差異率,,非收支
N09,安興,110,附表二,轉學/轉出退費-決算數,-6000.0,非收支
N09,安興,110,附表二,辦公文具-差異率,8.0,非收支
N09,安興,111,附表二,辦公文具-差異率,,非收支
N09,安興,112,附表二,辦公文具-差異率,48.0,非收支
N09,安興,110,附表二,辦公文具-決算數,950.0,非收支
N09,安興,111,附表二,辦公文具-決算數,,非收支
N09,安興,112,附表二,辦公文具-決算數,6233.0,非收支
N09,安興,111,附表二,郵資-差異率,22.0,非收支
N09,安興,112,附表二,郵資-差異率,54.0,非收支
N09,安興,111,附表二,郵資-決算數,4652.0,非收支
N09,安興,112,附表二,郵資-決算數,2762.0,非收支
N09,安興,111,附表二,雜支-差異率,90.0,非收支
N09,安興,112,附表二,雜支-差異率,74.0,非收支
N09,安興,111,附表二,雜支-決算數,3487.0,非收支
N09,安興,112,附表二,雜支-決算數,8923.0,非收支
N09,安興,112,附表二,電話費(含ADSL)-差異率,2.0,非收支
N09,安興,112,附表二,電話費(含ADSL)-決算數,36609.0,非收支
N09,安興,111,附表二,電話費(含網路)-差異率,,非收支
N09,安興,111,附表二,電話費(含網路)-決算數,35971.0,非收支
N09,安興,110,附表二,電費-差異率,63.0,非收支
N09,安興,111,附表二,電費-差異率,7.0,非收支
N09,安興,112,附表二,電費-差異率,5.0,非收支
N09,安興,110,附表二,電費-決算數,90159.0,非收支
N09,安興,111,附表二,電費-決算數,133927.0,非收支
N09,安興,112,附表二,電費-決算數,150861.0,非收支
N09,安興,111,附表二,餐點費-差異率,2.0,非收支
N09,安興,112,附表二,餐點費-差異率,1.0,非收支
N09,安興,111,附表二,餐點費-決算數,708679.0,非收支
N09,安興,112,附表二,餐點費-決算數,712867.0,非收支
N09,安興,110,附表四,帳面價值總額,1128884.0,非收支
N09,安興,111,附表四,帳面價值總額,1557980.0,非收支
N09,安興,112,附表四,帳面價值總額,1084898.0,非收支
N09,安興,113,附表四,帳面價值總額,736050.0,非收支
N09,安興,110,附表四,財產筆數,132.0,非收支
N09,安興,111,附表四,財產筆數,164.0,非收支
N09,安興,112,附表四,財產筆數,166.0,非收支
N09,安興,113,附表四,財產筆數,147.0,非收支
N10,大觀,109,收支餘絀表,人事費,7297681.0,收支
N10,大觀,110,收支餘絀表,人事費,8041532.0,收支
N10,大觀,111,收支餘絀表,人事費,8970981.0,收支
N10,大觀,112,收支餘絀表,人事費,8924216.0,收支
N10,大觀,113,收支餘絀表,人事費,9314356.0,收支
N10,大觀,109,收支餘絀表,修繕購置費,90369.0,收支
N10,大觀,110,收支餘絀表,修繕購置費,221493.0,收支
N10,大觀,111,收支餘絀表,修繕購置費,145300.0,收支
N10,大觀,112,收支餘絀表,修繕購置費,136372.0,收支
N10,大觀,113,收支餘絀表,修繕購置費,162717.0,收支
N10,大觀,109,收支餘絀表,其他支出,1178639.0,收支
N10,大觀,110,收支餘絀表,其他支出,2285746.0,收支
N10,大觀,111,收支餘絀表,其他支出,2400857.0,收支
N10,大觀,112,收支餘絀表,其他支出,3996023.0,收支
N10,大觀,113,收支餘絀表,其他支出,4052931.0,收支
N10,大觀,109,收支餘絀表,其他收入,1178639.0,收支
N10,大觀,110,收支餘絀表,其他收入,2285746.0,收支
N10,大觀,111,收支餘絀表,其他收入,2400857.0,收支
N10,大觀,112,收支餘絀表,其他收入,3996023.0,收支
N10,大觀,113,收支餘絀表,其他收入,4052931.0,收支
N10,大觀,109,收支餘絀表,利息收入,1431.0,收支
N10,大觀,110,收支餘絀表,利息收入,25941.0,收支
N10,大觀,111,收支餘絀表,利息收入,53302.0,收支
N10,大觀,112,收支餘絀表,利息收入,84148.0,收支
N10,大觀,113,收支餘絀表,利息收入,101241.0,收支
N10,大觀,109,收支餘絀表,延後托育支出,385711.0,收支
N10,大觀,110,收支餘絀表,延後托育支出,325602.0,收支
N10,大觀,111,收支餘絀表,延後托育支出,320239.0,收支
N10,大觀,109,收支餘絀表,延後托育收入淨額,394110.0,收支
N10,大觀,110,收支餘絀表,延後托育收入淨額,365880.0,收支
N10,大觀,111,收支餘絀表,延後托育收入淨額,332815.0,收支
N10,大觀,112,收支餘絀表,延長照顧服務支出,334160.0,收支
N10,大觀,113,收支餘絀表,延長照顧服務支出,180695.0,收支
N10,大觀,112,收支餘絀表,延長照顧服務收入淨額,334160.0,收支
N10,大觀,113,收支餘絀表,延長照顧服務收入淨額,180695.0,收支
N10,大觀,109,收支餘絀表,所得稅費用,,收支
N10,大觀,110,收支餘絀表,所得稅費用,21399.0,收支
N10,大觀,111,收支餘絀表,所得稅費用,,收支
N10,大觀,112,收支餘絀表,所得稅費用,,收支
N10,大觀,113,收支餘絀表,所得稅費用,,收支
N10,大觀,109,收支餘絀表,支出合計,11772047.0,收支
N10,大觀,110,收支餘絀表,支出合計,13109480.0,收支
N10,大觀,111,收支餘絀表,支出合計,14918437.0,收支
N10,大觀,112,收支餘絀表,支出合計,16015406.0,收支
N10,大觀,113,收支餘絀表,支出合計,18076343.0,收支
N10,大觀,109,收支餘絀表,收入合計,11614245.0,收支
N10,大觀,110,收支餘絀表,收入合計,13298222.0,收支
N10,大觀,111,收支餘絀表,收入合計,15112403.0,收支
N10,大觀,112,收支餘絀表,收入合計,16776062.0,收支
N10,大觀,113,收支餘絀表,收入合計,17552976.0,收支
N10,大觀,109,收支餘絀表,教保費收入,11887312.0,收支
N10,大觀,110,收支餘絀表,教保費收入,10711120.0,收支
N10,大觀,111,收支餘絀表,教保費收入,12450187.0,收支
N10,大觀,112,收支餘絀表,教保費收入,12476283.0,收支
N10,大觀,113,收支餘絀表,教保費收入,13254220.0,收支
N10,大觀,109,收支餘絀表,教保費收入減項,-1847247.0,收支
N10,大觀,110,收支餘絀表,教保費收入減項,-90465.0,收支
N10,大觀,111,收支餘絀表,教保費收入減項,-124758.0,收支
N10,大觀,112,收支餘絀表,教保費收入減項,-114552.0,收支
N10,大觀,113,收支餘絀表,教保費收入減項,-36111.0,收支
N10,大觀,109,收支餘絀表,本期稅前餘絀,-157802.0,收支
N10,大觀,110,收支餘絀表,本期稅前餘絀,188742.0,收支
N10,大觀,111,收支餘絀表,本期稅前餘絀,193966.0,收支
N10,大觀,112,收支餘絀表,本期稅前餘絀,760656.0,收支
N10,大觀,113,收支餘絀表,本期稅前餘絀,-523367.0,收支
N10,大觀,109,收支餘絀表,本期稅後餘絀,,收支
N10,大觀,110,收支餘絀表,本期稅後餘絀,167343.0,收支
N10,大觀,111,收支餘絀表,本期稅後餘絀,193966.0,收支
N10,大觀,112,收支餘絀表,本期稅後餘絀,760656.0,收支
N10,大觀,113,收支餘絀表,本期稅後餘絀,,收支
N10,大觀,109,收支餘絀表,材料費,1324734.0,收支
N10,大觀,110,收支餘絀表,材料費,1402811.0,收支
N10,大觀,111,收支餘絀表,材料費,1596789.0,收支
N10,大觀,112,收支餘絀表,材料費,1539261.0,收支
N10,大觀,113,收支餘絀表,材料費,1664885.0,收支
N10,大觀,109,收支餘絀表,業務發展費,800000.0,收支
N10,大觀,110,收支餘絀表,業務發展費,116000.0,收支
N10,大觀,111,收支餘絀表,業務發展費,570000.0,收支
N10,大觀,112,收支餘絀表,業務發展費,176650.0,收支
N10,大觀,113,收支餘絀表,業務發展費,1709900.0,收支
N10,大觀,109,收支餘絀表,業務費,536715.0,收支
N10,大觀,110,收支餘絀表,業務費,584686.0,收支
N10,大觀,111,收支餘絀表,業務費,607365.0,收支
N10,大觀,112,收支餘絀表,業務費,628248.0,收支
N10,大觀,113,收支餘絀表,業務費,610060.0,收支
N10,大觀,109,收支餘絀表,維護費,41208.0,收支
N10,大觀,110,收支餘絀表,維護費,38191.0,收支
N10,大觀,111,收支餘絀表,維護費,62802.0,收支
N10,大觀,112,收支餘絀表,維護費,38812.0,收支
N10,大觀,113,收支餘絀表,維護費,111706.0,收支
N10,大觀,109,收支餘絀表,行政管理費,84736.0,收支
N10,大觀,110,收支餘絀表,行政管理費,84736.0,收支
N10,大觀,111,收支餘絀表,行政管理費,239682.0,收支
N10,大觀,112,收支餘絀表,行政管理費,239682.0,收支
N10,大觀,113,收支餘絀表,行政管理費,254640.0,收支
N10,大觀,109,收支餘絀表,雜支,32254.0,收支
N10,大觀,110,收支餘絀表,雜支,8683.0,收支
N10,大觀,111,收支餘絀表,雜支,4422.0,收支
N10,大觀,112,收支餘絀表,雜支,1982.0,收支
N10,大觀,113,收支餘絀表,雜支,14453.0,收支
N10,大觀,110,現金流量表,其他應付款,-953197.0,非收支
N10,大觀,111,現金流量表,其他應付款,253354.0,非收支
N10,大觀,112,現金流量表,其他應付款,-25720.0,非收支
N10,大觀,113,現金流量表,其他應付款,265240.0,非收支
N10,大觀,110,現金流量表,其他應收款,-162850.0,非收支
N10,大觀,111,現金流量表,其他應收款,-245360.0,非收支
N10,大觀,112,現金流量表,其他應收款,-33505.0,非收支
N10,大觀,113,現金流量表,其他應收款,391715.0,非收支
N10,大觀,110,現金流量表,其他流動負債,,非收支
N10,大觀,111,現金流量表,其他流動負債,867.0,非收支
N10,大觀,112,現金流量表,其他流動負債,97130.0,非收支
N10,大觀,113,現金流量表,其他流動負債,-97112.0,非收支
N10,大觀,110,現金流量表,應付帳款,6000.0,非收支
N10,大觀,111,現金流量表,應付帳款,9350.0,非收支
N10,大觀,112,現金流量表,應付帳款,-10674.0,非收支
N10,大觀,113,現金流量表,應付帳款,-4676.0,非收支
N10,大觀,110,現金流量表,應收帳款淨額,-69229.0,非收支
N10,大觀,111,現金流量表,應收帳款淨額,69229.0,非收支
N10,大觀,112,現金流量表,應收帳款淨額,-8000.0,非收支
N10,大觀,113,現金流量表,應收帳款淨額,-16220.0,非收支
N10,大觀,110,現金流量表,投資活動之淨現金流入,,非收支
N10,大觀,111,現金流量表,投資活動之淨現金流入,,非收支
N10,大觀,112,現金流量表,投資活動之淨現金流入,,非收支
N10,大觀,113,現金流量表,投資活動之淨現金流入,,非收支
N10,大觀,110,現金流量表,投資活動之現金流量：,,非收支
N10,大觀,111,現金流量表,投資活動之現金流量：,,非收支
N10,大觀,112,現金流量表,投資活動之現金流量：,,非收支
N10,大觀,113,現金流量表,投資活動之現金流量：,,非收支
N10,大觀,110,現金流量表,期初現金及約當現金餘額,6373688.0,非收支
N10,大觀,111,現金流量表,期初現金及約當現金餘額,5235310.0,非收支
N10,大觀,112,現金流量表,期初現金及約當現金餘額,5877595.0,非收支
N10,大觀,113,現金流量表,期初現金及約當現金餘額,7036258.0,非收支
N10,大觀,110,現金流量表,期末現金及約當現金餘額,5235310.0,非收支
N10,大觀,111,現金流量表,期末現金及約當現金餘額,5877595.0,非收支
N10,大觀,112,現金流量表,期末現金及約當現金餘額,7036258.0,非收支
N10,大觀,113,現金流量表,期末現金及約當現金餘額,6479455.0,非收支
N10,大觀,110,現金流量表,本期支付所得稅,-21399.0,非收支
N10,大觀,111,現金流量表,本期支付所得稅,,非收支
N10,大觀,112,現金流量表,本期現金及約當現金增加數,1158663.0,非收支
N10,大觀,111,現金流量表,本期現金及約當現金增加（減少）數,642285.0,非收支
N10,大觀,113,現金流量表,本期現金及約當現金（減少）增加數,-556803.0,非收支
N10,大觀,110,現金流量表,本期現金及約當現金（減少）數,-1138378.0,非收支
N10,大觀,110,現金流量表,本期稅前餘絀,188742.0,非收支
N10,大觀,112,現金流量表,本期稅前餘絀,760656.0,非收支
N10,大觀,111,現金流量表,本期稅前餘結,193966.0,非收支
N10,大觀,113,現金流量表,本期稅前餘額,,非收支
N10,大觀,112,現金流量表,業務發展準備淨變動,176650.0,非收支
N10,大觀,113,現金流量表,業務發展準備淨變動,-176650.0,非收支
N10,大觀,112,現金流量表,營業活動之淨現金流入,1158663.0,非收支
N10,大觀,111,現金流量表,營業活動之淨現金流入（出）,642285.0,非收支
N10,大觀,110,現金流量表,營業活動之淨現金流（出）,-1138378.0,非收支
N10,大觀,113,現金流量表,營業活動之淨現金（出）入,-556803.0,非收支
N10,大觀,110,現金流量表,營業活動之現金流量：,,非收支
N10,大觀,111,現金流量表,營業活動之現金流量：,,非收支
N10,大觀,112,現金流量表,營業活動之現金流量：,,非收支
N10,大觀,113,現金流量表,營業活動之現金流量：,,非收支
N10,大觀,110,現金流量表,營運產生之現金,-1116979.0,非收支
N10,大觀,111,現金流量表,營運產生之現金,642285.0,非收支
N10,大觀,110,現金流量表,籌資活動之淨現金流入,,非收支
N10,大觀,111,現金流量表,籌資活動之淨現金流入,,非收支
N10,大觀,112,現金流量表,籌資活動之淨現金流入,,非收支
N10,大觀,113,現金流量表,籌資活動之淨現金流入,,非收支
N10,大觀,110,現金流量表,籌資活動之現金流量：,,非收支
N10,大觀,111,現金流量表,籌資活動之現金流量：,,非收支
N10,大觀,112,現金流量表,籌資活動之現金流量：,,非收支
N10,大觀,113,現金流量表,籌資活動之現金流量：,,非收支
N10,大觀,110,現金流量表,調整項目：,,非收支
N10,大觀,111,現金流量表,調整項目：,,非收支
N10,大觀,112,現金流量表,調整項目：,,非收支
N10,大觀,113,現金流量表,調整項目：,,非收支
N10,大觀,111,現金流量表,資產/負債淨變動數,,非收支
N10,大觀,110,現金流量表,資產／負債淨變動數,,非收支
N10,大觀,112,現金流量表,資產／負債淨變動數,,非收支
N10,大觀,113,現金流量表,資產／負債淨變動數,,非收支
N10,大觀,110,現金流量表,資遣費準備淨變動,-47426.0,非收支
N10,大觀,111,現金流量表,資遣費準備淨變動,,非收支
N10,大觀,112,現金流量表,資遣費準備淨變動,55694.0,非收支
N10,大觀,113,現金流量表,資遣費準備淨變動,-55694.0,非收支
N10,大觀,110,現金流量表,預付款項,,非收支
N10,大觀,112,現金流量表,預付款項,-41298.0,非收支
N10,大觀,113,現金流量表,預付款項,39548.0,非收支
N10,大觀,110,現金流量表,預收款項,-79019.0,非收支
N10,大觀,111,現金流量表,預收款項,360879.0,非收支
N10,大觀,112,現金流量表,預收款項,187730.0,非收支
N10,大觀,113,現金流量表,預收款項,-379587.0,非收支
N10,大觀,110,資產負債表,代管財產,1541530.0,非收支
N10,大觀,111,資產負債表,代管財產,1254618.0,非收支
N10,大觀,112,資產負債表,代管財產,1380766.0,非收支
N10,大觀,113,資產負債表,代管財產,1260719.0,非收支
N10,大觀,110,資產負債表,其他應付款,1461310.0,非收支
N10,大觀,111,資產負債表,其他應付款,1714664.0,非收支
N10,大觀,112,資產負債表,其他應付款,1688944.0,非收支
N10,大觀,113,資產負債表,其他應付款,1954184.0,非收支
N10,大觀,110,資產負債表,其他應收款,162850.0,非收支
N10,大觀,111,資產負債表,其他應收款,408210.0,非收支
N10,大觀,112,資產負債表,其他應收款,441715.0,非收支
N10,大觀,113,資產負債表,其他應收款,50000.0,非收支
N10,大觀,111,資產負債表,其他流動負債,867.0,非收支
N10,大觀,112,資產負債表,其他流動負債,97997.0,非收支
N10,大觀,113,資產負債表,其他流動負債,885.0,非收支
N10,大觀,110,資產負債表,應付代管財產,1541530.0,非收支
N10,大觀,111,資產負債表,應付代管財產,1254618.0,非收支
N10,大觀,112,資產負債表,應付代管財產,1380766.0,非收支
N10,大觀,113,資產負債表,應付代管財產,1260719.0,非收支
N10,大觀,110,資產負債表,應付帳款,6000.0,非收支
N10,大觀,111,資產負債表,應付帳款,15350.0,非收支
N10,大觀,112,資產負債表,應付帳款,4676.0,非收支
N10,大觀,113,資產負債表,應付帳款,,非收支
N10,大觀,110,資產負債表,應付購置財產,315730.0,非收支
N10,大觀,111,資產負債表,應付購置財產,343730.0,非收支
N10,大觀,112,資產負債表,應付購置財產,393010.0,非收支
N10,大觀,113,資產負債表,應付購置財產,475505.0,非收支
N10,大觀,110,資產負債表,應收帳款淨額,69229.0,非收支
N10,大觀,111,資產負債表,應收帳款淨額,,非收支
N10,大觀,112,資產負債表,應收帳款淨額,8000.0,非收支
N10,大觀,113,資產負債表,應收帳款淨額,24220.0,非收支
N10,大觀,110,資產負債表,本期餘絀,167343.0,非收支
N10,大觀,111,資產負債表,本期餘絀,193966.0,非收支
N10,大觀,112,資產負債表,本期餘絀,760656.0,非收支
N10,大觀,113,資產負債表,本期餘絀,-523367.0,非收支
N10,大觀,110,資產負債表,業務發展準備,3116000.0,非收支
N10,大觀,111,資產負債表,業務發展準備,3686000.0,非收支
N10,大觀,112,資產負債表,業務發展準備,3862650.0,非收支
N10,大觀,113,資產負債表,業務發展準備,5572550.0,非收支
N10,大觀,110,資產負債表,業務發展準備金,3116000.0,非收支
N10,大觀,111,資產負債表,業務發展準備金,3686000.0,非收支
N10,大觀,112,資產負債表,業務發展準備金,3686000.0,非收支
N10,大觀,113,資產負債表,業務發展準備金,5572550.0,非收支
N10,大觀,110,資產負債表,流動負債合計,4636886.0,非收支
N10,大觀,111,資產負債表,流動負債合計,5261336.0,非收支
N10,大觀,112,資產負債表,流動負債合計,5509802.0,非收支
N10,大觀,113,資產負債表,流動負債合計,5293667.0,非收支
N10,大觀,110,資產負債表,流動資產合計,5467389.0,非收支
N10,大觀,111,資產負債表,流動資產合計,6285805.0,非收支
N10,大觀,112,資產負債表,流動資產合計,7527271.0,非收支
N10,大觀,113,資產負債表,流動資產合計,6555425.0,非收支
N10,大觀,110,資產負債表,現金及銀行存款,5235310.0,非收支
N10,大觀,111,資產負債表,現金及銀行存款,5877595.0,非收支
N10,大觀,112,資產負債表,現金及銀行存款,7036258.0,非收支
N10,大觀,113,資產負債表,現金及銀行存款,6479455.0,非收支
N10,大觀,110,資產負債表,累積餘絀,663160.0,非收支
N10,大觀,111,資產負債表,累積餘絀,830503.0,非收支
N10,大觀,112,資產負債表,累積餘絀,1024469.0,非收支
N10,大觀,113,資產負債表,累積餘絀,1785125.0,非收支
N10,大觀,110,資產負債表,負債及餘絀總計,10628680.0,非收支
N10,大觀,111,資產負債表,負債及餘絀總計,11812646.0,非收支
N10,大觀,112,資產負債表,負債及餘絀總計,13229540.0,非收支
N10,大觀,113,資產負債表,負債及餘絀總計,14199205.0,非收支
N10,大觀,110,資產負債表,負債總額,9798177.0,非收支
N10,大觀,111,資產負債表,負債總額,10788177.0,非收支
N10,大觀,112,資產負債表,負債總額,11444415.0,非收支
N10,大觀,113,資產負債表,負債總額,12937447.0,非收支
N10,大觀,110,資產負債表,資產總計,10628680.0,非收支
N10,大觀,111,資產負債表,資產總計,11812646.0,非收支
N10,大觀,112,資產負債表,資產總計,13229540.0,非收支
N10,大觀,113,資產負債表,資產總計,14199205.0,非收支
N10,大觀,110,資產負債表,資遣費準備,188031.0,非收支
N10,大觀,111,資產負債表,資遣費準備,242493.0,非收支
N10,大觀,112,資產負債表,資遣費準備,298187.0,非收支
N10,大觀,113,資產負債表,資遣費準備,335006.0,非收支
N10,大觀,110,資產負債表,資遣費準備金,188031.0,非收支
N10,大觀,111,資產負債表,資遣費準備金,242493.0,非收支
N10,大觀,112,資產負債表,資遣費準備金,242493.0,非收支
N10,大觀,113,資產負債表,資遣費準備金,335006.0,非收支
N10,大觀,110,資產負債表,購置財產,315730.0,非收支
N10,大觀,111,資產負債表,購置財產,343730.0,非收支
N10,大觀,112,資產負債表,購置財產,393010.0,非收支
N10,大觀,113,資產負債表,購置財產,475505.0,非收支
N10,大觀,110,資產負債表,非流動負債合計,5161291.0,非收支
N10,大觀,111,資產負債表,非流動負債合計,5526841.0,非收支
N10,大觀,112,資產負債表,非流動負債合計,5934613.0,非收支
N10,大觀,113,資產負債表,非流動負債合計,7643780.0,非收支
N10,大觀,110,資產負債表,非流動資產合計,5161291.0,非收支
N10,大觀,111,資產負債表,非流動資產合計,5526841.0,非收支
N10,大觀,112,資產負債表,非流動資產合計,5702269.0,非收支
N10,大觀,113,資產負債表,非流動資產合計,7643780.0,非收支
N10,大觀,112,資產負債表,預付款項,41298.0,非收支
N10,大觀,113,資產負債表,預付款項,1750.0,非收支
N10,大觀,110,資產負債表,預收款項,3169576.0,非收支
N10,大觀,111,資產負債表,預收款項,3530455.0,非收支
N10,大觀,112,資產負債表,預收款項,3718185.0,非收支
N10,大觀,113,資產負債表,預收款項,3338598.0,非收支
N10,大觀,110,資產負債表,餘絀總額,830503.0,非收支
N10,大觀,111,資產負債表,餘絀總額,1024469.0,非收支
N10,大觀,112,資產負債表,餘絀總額,1785125.0,非收支
N10,大觀,113,資產負債表,餘絀總額,1261758.0,非收支
N10,大觀,110,附表三,事務機器耗材-執行率,103.0,非收支
N10,大觀,111,附表三,事務機器耗材-執行率,73.0,非收支
N10,大觀,112,附表三,事務機器耗材-執行率,100.0,非收支
N10,大觀,110,附表三,事務機器耗材-決算數,72263.0,非收支
N10,大觀,111,附表三,事務機器耗材-決算數,47755.0,非收支
N10,大觀,112,附表三,事務機器耗材-決算數,64906.0,非收支
N10,大觀,111,附表三,五日未上課退費-執行率,,非收支
N10,大觀,112,附表三,五日未上課退費-執行率,,非收支
N10,大觀,113,附表三,五日未上課退費-執行率,,非收支
N10,大觀,111,附表三,五日未上課退費-決算數,-99408.0,非收支
N10,大觀,112,附表三,五日未上課退費-決算數,-84658.0,非收支
N10,大觀,113,附表三,五日未上課退費-決算數,-22668.0,非收支
N10,大觀,111,附表三,人事費-執行率,93.0,非收支
N10,大觀,112,附表三,人事費-執行率,90.0,非收支
N10,大觀,113,附表三,人事費-執行率,92.0,非收支
N10,大觀,111,附表三,人事費-決算數,8970981.0,非收支
N10,大觀,112,附表三,人事費-決算數,8924216.0,非收支
N10,大觀,113,附表三,人事費-決算數,9314356.0,非收支
N10,大觀,112,附表三,代課費及代班費-執行率,42.0,非收支
N10,大觀,113,附表三,代課費及代班費-執行率,74.0,非收支
N10,大觀,112,附表三,代課費及代班費-決算數,73613.0,非收支
N10,大觀,113,附表三,代課費及代班費-決算數,128159.0,非收支
N10,大觀,110,附表三,代課費及廚工代班費-執行率,108.0,非收支
N10,大觀,111,附表三,代課費及廚工代班費-執行率,154.0,非收支
N10,大觀,110,附表三,代課費及廚工代班費-決算數,154077.0,非收支
N10,大觀,111,附表三,代課費及廚工代班費-決算數,266388.0,非收支
N10,大觀,110,附表三,保全-執行率,84.0,非收支
N10,大觀,111,附表三,保全-執行率,100.0,非收支
N10,大觀,112,附表三,保全-執行率,100.0,非收支
N10,大觀,110,附表三,保全-決算數,50400.0,非收支
N10,大觀,111,附表三,保全-決算數,60000.0,非收支
N10,大觀,112,附表三,保全-決算數,59955.0,非收支
N10,大觀,111,附表三,保險費-執行率,86.0,非收支
N10,大觀,112,附表三,保險費-執行率,64.0,非收支
N10,大觀,113,附表三,保險費-執行率,70.0,非收支
N10,大觀,111,附表三,保險費-決算數,11200.0,非收支
N10,大觀,112,附表三,保險費-決算數,8352.0,非收支
N10,大觀,113,附表三,保險費-決算數,9099.0,非收支
N10,大觀,111,附表三,修繕費-執行率,32.0,非收支
N10,大觀,112,附表三,修繕費-執行率,11.0,非收支
N10,大觀,111,附表三,修繕費-決算數,35220.0,非收支
N10,大觀,112,附表三,修繕費-決算數,12480.0,非收支
N10,大觀,110,附表三,修繕購置費-執行率,149.0,非收支
N10,大觀,111,附表三,修繕購置費-執行率,98.0,非收支
N10,大觀,112,附表三,修繕購置費-執行率,92.0,非收支
N10,大觀,110,附表三,修繕購置費-決算數,221493.0,非收支
N10,大觀,111,附表三,修繕購置費-決算數,145300.0,非收支
N10,大觀,112,附表三,修繕購置費-決算數,136372.0,非收支
N10,大觀,111,附表三,健康檢查-執行率,113.0,非收支
N10,大觀,112,附表三,健康檢查-執行率,37.0,非收支
N10,大觀,113,附表三,健康檢查-執行率,400.0,非收支
N10,大觀,111,附表三,健康檢查-決算數,1130.0,非收支
N10,大觀,112,附表三,健康檢查-決算數,4800.0,非收支
N10,大觀,113,附表三,健康檢查-決算數,4000.0,非收支
N10,大觀,110,附表三,其他支出-執行率,,非收支
N10,大觀,111,附表三,其他支出-執行率,,非收支
N10,大觀,112,附表三,其他支出-執行率,,非收支
N10,大觀,110,附表三,其他支出-決算數,2285746.0,非收支
N10,大觀,111,附表三,其他支出-決算數,2400857.0,非收支
N10,大觀,112,附表三,其他支出-決算數,3996023.0,非收支
N10,大觀,111,附表三,其他收入-執行率,,非收支
N10,大觀,112,附表三,其他收入-執行率,,非收支
N10,大觀,113,附表三,其他收入-執行率,,非收支
N10,大觀,111,附表三,其他收入-決算數,2400857.0,非收支
N10,大觀,112,附表三,其他收入-決算數,3996023.0,非收支
N10,大觀,113,附表三,其他收入-決算數,101241.0,非收支
N10,大觀,111,附表三,利息收入-執行率,,非收支
N10,大觀,112,附表三,利息收入-執行率,,非收支
N10,大觀,113,附表三,利息收入-執行率,,非收支
N10,大觀,111,附表三,利息收入-決算數,53302.0,非收支
N10,大觀,112,附表三,利息收入-決算數,84148.0,非收支
N10,大觀,113,附表三,利息收入-決算數,101241.0,非收支
N10,大觀,111,附表三,加班費-執行率,45.0,非收支
N10,大觀,112,附表三,加班費-執行率,44.0,非收支
N10,大觀,113,附表三,加班費-執行率,66.0,非收支
N10,大觀,111,附表三,加班費-決算數,330120.0,非收支
N10,大觀,112,附表三,加班費-決算數,331326.0,非收支
N10,大觀,113,附表三,加班費-決算數,501810.0,非收支
N10,大觀,111,附表三,勞、健保費-執行率,85.0,非收支
N10,大觀,112,附表三,勞、健保費-執行率,85.0,非收支
N10,大觀,113,附表三,勞、健保費-執行率,87.0,非收支
N10,大觀,111,附表三,勞、健保費-決算數,788883.0,非收支
N10,大觀,112,附表三,勞、健保費-決算數,807029.0,非收支
N10,大觀,113,附表三,勞、健保費-決算數,843294.0,非收支
N10,大觀,111,附表三,勞退金提撥-執行率,100.0,非收支
N10,大觀,112,附表三,勞退金提撥-執行率,95.0,非收支
N10,大觀,113,附表三,勞退金提撥-執行率,92.0,非收支
N10,大觀,111,附表三,勞退金提撥-決算數,393012.0,非收支
N10,大觀,112,附表三,勞退金提撥-決算數,380150.0,非收支
N10,大觀,113,附表三,勞退金提撥-決算數,376679.0,非收支
N10,大觀,110,附表三,園務特支-執行率,88.0,非收支
N10,大觀,111,附表三,園務特支-執行率,118.0,非收支
N10,大觀,112,附表三,園務特支-執行率,89.0,非收支
N10,大觀,110,附表三,園務特支-決算數,36983.0,非收支
N10,大觀,111,附表三,園務特支-決算數,49611.0,非收支
N10,大觀,112,附表三,園務特支-決算數,37502.0,非收支
N10,大觀,110,附表三,園舍消毒、清潔-執行率,71.0,非收支
N10,大觀,111,附表三,園舍消毒、清潔-執行率,105.0,非收支
N10,大觀,112,附表三,園舍消毒、清潔-執行率,100.0,非收支
N10,大觀,110,附表三,園舍消毒、清潔-決算數,17750.0,非收支
N10,大觀,111,附表三,園舍消毒、清潔-決算數,26250.0,非收支
N10,大觀,112,附表三,園舍消毒、清潔-決算數,25000.0,非收支
N10,大觀,112,附表三,園長及教保服務人員薪資(含職務加給)-執行率,96.0,非收支
N10,大觀,113,附表三,園長及教保服務人員薪資(含職務加給)-執行率,95.0,非收支
N10,大觀,112,附表三,園長及教保服務人員薪資(含職務加給)-決算數,5946584.0,非收支
N10,大觀,113,附表三,園長及教保服務人員薪資(含職務加給)-決算數,6050836.0,非收支
N10,大觀,111,附表三,園長及教保服務人員薪資（含職務加給）-執行率,97.0,非收支
N10,大觀,111,附表三,園長及教保服務人員薪資（含職務加給）-決算數,5855222.0,非收支
N10,大觀,110,附表三,差旅費-執行率,,非收支
N10,大觀,111,附表三,差旅費-執行率,,非收支
N10,大觀,112,附表三,差旅費-執行率,1.0,非收支
N10,大觀,110,附表三,差旅費-決算數,,非收支
N10,大觀,111,附表三,差旅費-決算數,90.0,非收支
N10,大觀,112,附表三,差旅費-決算數,320.0,非收支
N10,大觀,110,附表三,延後托育支出-執行率,,非收支
N10,大觀,111,附表三,延後托育支出-執行率,,非收支
N10,大觀,110,附表三,延後托育支出-決算數,325602.0,非收支
N10,大觀,111,附表三,延後托育支出-決算數,320239.0,非收支
N10,大觀,111,附表三,延後托育收入-執行率,,非收支
N10,大觀,111,附表三,延後托育收入-決算數,332815.0,非收支
N10,大觀,111,附表三,延後托育收入淨額-執行率,,非收支
N10,大觀,111,附表三,延後托育收入淨額-執行率,,非收支
N10,大觀,111,附表三,延後托育收入淨額-決算數,332815.0,非收支
N10,大觀,111,附表三,延後托育收入淨額-決算數,332815.0,非收支
N10,大觀,112,附表三,延長照顧服務支出-執行率,,非收支
N10,大觀,112,附表三,延長照顧服務支出-決算數,334160.0,非收支
N10,大觀,112,附表三,延長照顧服務收入-執行率,,非收支
N10,大觀,113,附表三,延長照顧服務收入-執行率,,非收支
N10,大觀,112,附表三,延長照顧服務收入-決算數,355755.0,非收支
N10,大觀,113,附表三,延長照顧服務收入-決算數,186155.0,非收支
N10,大觀,112,附表三,延長照顧服務收入淨額-執行率,,非收支
N10,大觀,112,附表三,延長照顧服務收入淨額-執行率,,非收支
N10,大觀,113,附表三,延長照顧服務收入淨額-執行率,,非收支
N10,大觀,113,附表三,延長照顧服務收入淨額-執行率,,非收支
N10,大觀,112,附表三,延長照顧服務收入淨額-決算數,334160.0,非收支
N10,大觀,112,附表三,延長照顧服務收入淨額-決算數,334160.0,非收支
N10,大觀,113,附表三,延長照顧服務收入淨額-決算數,180695.0,非收支
N10,大觀,113,附表三,延長照顧服務收入淨額-決算數,180695.0,非收支
N10,大觀,112,附表三,延長照顧服務收入退費-執行率,,非收支
N10,大觀,113,附表三,延長照顧服務收入退費-執行率,,非收支
N10,大觀,112,附表三,延長照顧服務收入退費-決算數,-21595.0,非收支
N10,大觀,113,附表三,延長照顧服務收入退費-決算數,-5460.0,非收支
N10,大觀,110,附表三,所得稅費用-執行率,,非收支
N10,大觀,111,附表三,所得稅費用-執行率,,非收支
N10,大觀,112,附表三,所得稅費用-執行率,,非收支
N10,大觀,110,附表三,所得稅費用-決算數,21399.0,非收支
N10,大觀,111,附表三,所得稅費用-決算數,,非收支
N10,大觀,112,附表三,所得稅費用-決算數,,非收支
N10,大觀,110,附表三,攝影照片-執行率,,非收支
N10,大觀,111,附表三,攝影照片-執行率,,非收支
N10,大觀,112,附表三,攝影照片-執行率,100.0,非收支
N10,大觀,110,附表三,攝影照片-決算數,,非收支
N10,大觀,111,附表三,攝影照片-決算數,,非收支
N10,大觀,112,附表三,攝影照片-決算數,10000.0,非收支
N10,大觀,111,附表三,支出-執行率,118.0,非收支
N10,大觀,112,附表三,支出-執行率,125.0,非收支
N10,大觀,113,附表三,支出-執行率,137.0,非收支
N10,大觀,111,附表三,支出-決算數,14918437.0,非收支
N10,大觀,112,附表三,支出-決算數,16015406.0,非收支
N10,大觀,113,附表三,支出-決算數,18076343.0,非收支
N10,大觀,111,附表三,收入-執行率,117.0,非收支
N10,大觀,112,附表三,收入-執行率,129.0,非收支
N10,大觀,113,附表三,收入-執行率,132.0,非收支
N10,大觀,111,附表三,收入-決算數,15112403.0,非收支
N10,大觀,112,附表三,收入-決算數,16776062.0,非收支
N10,大觀,113,附表三,收入-決算數,17552976.0,非收支
N10,大觀,111,附表三,政府學費差額補助退費-執行率,,非收支
N10,大觀,112,附表三,政府學費差額補助退費-執行率,,非收支
N10,大觀,113,附表三,政府學費差額補助退費-執行率,,非收支
N10,大觀,111,附表三,政府學費差額補助退費-決算數,-15350.0,非收支
N10,大觀,112,附表三,政府學費差額補助退費-決算數,-4676.0,非收支
N10,大觀,113,附表三,政府學費差額補助退費-決算數,,非收支
N10,大觀,110,附表三,教保材料費-執行率,59.0,非收支
N10,大觀,111,附表三,教保材料費-執行率,85.0,非收支
N10,大觀,112,附表三,教保材料費-執行率,54.0,非收支
N10,大觀,110,附表三,教保材料費-決算數,150945.0,非收支
N10,大觀,111,附表三,教保材料費-決算數,215060.0,非收支
N10,大觀,112,附表三,教保材料費-決算數,138595.0,非收支
N10,大觀,112,附表三,教保費收入(家長繳費)-執行率,60.0,非收支
N10,大觀,113,附表三,教保費收入(家長繳費)-執行率,50.0,非收支
N10,大觀,112,附表三,教保費收入(家長繳費)-決算數,1537467.0,非收支
N10,大觀,113,附表三,教保費收入(家長繳費)-決算數,1200000.0,非收支
N10,大觀,112,附表三,教保費收入(政府學費差額補助)-執行率,105.0,非收支
N10,大觀,113,附表三,教保費收入(政府學費差額補助)-執行率,111.0,非收支
N10,大觀,112,附表三,教保費收入(政府學費差額補助)-決算數,10938816.0,非收支
N10,大觀,113,附表三,教保費收入(政府學費差額補助)-決算數,12054220.0,非收支
N10,大觀,111,附表三,教保費收入-執行率,96.0,非收支
N10,大觀,112,附表三,教保費收入-執行率,96.0,非收支
N10,大觀,113,附表三,教保費收入-執行率,100.0,非收支
N10,大觀,111,附表三,教保費收入-決算數,12450187.0,非收支
N10,大觀,112,附表三,教保費收入-決算數,12476283.0,非收支
N10,大觀,113,附表三,教保費收入-決算數,13254220.0,非收支
N10,大觀,111,附表三,教保費收入淨額-執行率,95.0,非收支
N10,大觀,112,附表三,教保費收入淨額-執行率,95.0,非收支
N10,大觀,113,附表三,教保費收入淨額-執行率,99.0,非收支
N10,大觀,111,附表三,教保費收入淨額-決算數,12325429.0,非收支
N10,大觀,112,附表三,教保費收入淨額-決算數,12361731.0,非收支
N10,大觀,113,附表三,教保費收入淨額-決算數,13218109.0,非收支
N10,大觀,111,附表三,教保費收入減項-執行率,,非收支
N10,大觀,112,附表三,教保費收入減項-執行率,,非收支
N10,大觀,113,附表三,教保費收入減項-執行率,,非收支
N10,大觀,111,附表三,教保費收入減項-決算數,-124758.0,非收支
N10,大觀,112,附表三,教保費收入減項-決算數,-114552.0,非收支
N10,大觀,113,附表三,教保費收入減項-決算數,-36111.0,非收支
N10,大觀,111,附表三,教保費收入（家長繳費）-執行率,63.0,非收支
N10,大觀,111,附表三,教保費收入（家長繳費）-決算數,1608547.0,非收支
N10,大觀,111,附表三,教保費收入（政府學費差額補助）-執行率,104.0,非收支
N10,大觀,111,附表三,教保費收入（政府學費差額補助）-決算數,10841640.0,非收支
N10,大觀,110,附表三,文宣費(一般文宣)-執行率,100.0,非收支
N10,大觀,112,附表三,文宣費(一般文宣)-執行率,100.0,非收支
N10,大觀,110,附表三,文宣費(一般文宣)-決算數,10000.0,非收支
N10,大觀,112,附表三,文宣費(一般文宣)-決算數,10000.0,非收支
N10,大觀,112,附表三,文宣費(園刊)-執行率,100.0,非收支
N10,大觀,112,附表三,文宣費(園刊)-決算數,30000.0,非收支
N10,大觀,110,附表三,文宣費(圖刊)-執行率,100.0,非收支
N10,大觀,110,附表三,文宣費(圖刊)-決算數,35035.0,非收支
N10,大觀,111,附表三,文宣費（一般文宣）-執行率,67.0,非收支
N10,大觀,111,附表三,文宣費（一般文宣）-決算數,6712.0,非收支
N10,大觀,111,附表三,文宣費（園刊）-執行率,80.0,非收支
N10,大觀,111,附表三,文宣費（園刊）-決算數,24130.0,非收支
N10,大觀,110,附表三,日常消耗用品-執行率,56.0,非收支
N10,大觀,111,附表三,日常消耗用品-執行率,61.0,非收支
N10,大觀,112,附表三,日常消耗用品-執行率,74.0,非收支
N10,大觀,110,附表三,日常消耗用品-決算數,35619.0,非收支
N10,大觀,111,附表三,日常消耗用品-決算數,39086.0,非收支
N10,大觀,112,附表三,日常消耗用品-決算數,47060.0,非收支
N10,大觀,111,附表三,會計、總務、廚工、清潔薪資-執行率,98.0,非收支
N10,大觀,112,附表三,會計、總務、廚工、清潔薪資-執行率,99.0,非收支
N10,大觀,113,附表三,會計、總務、廚工、清潔薪資-執行率,100.0,非收支
N10,大觀,111,附表三,會計、總務、廚工、清潔薪資-決算數,1257564.0,非收支
N10,大觀,112,附表三,會計、總務、廚工、清潔薪資-決算數,1303668.0,非收支
N10,大觀,113,附表三,會計、總務、廚工、清潔薪資-決算數,1330553.0,非收支
N10,大觀,110,附表三,本期稅前餘絀-執行率,-45.0,非收支
N10,大觀,111,附表三,本期稅前餘絀-執行率,59.0,非收支
N10,大觀,112,附表三,本期稅前餘絀-執行率,755.0,非收支
N10,大觀,110,附表三,本期稅前餘絀-決算數,188742.0,非收支
N10,大觀,111,附表三,本期稅前餘絀-決算數,193966.0,非收支
N10,大觀,112,附表三,本期稅前餘絀-決算數,760656.0,非收支
N10,大觀,110,附表三,本期稅後餘絀-執行率,-40.0,非收支
N10,大觀,111,附表三,本期稅後餘絀-執行率,59.0,非收支
N10,大觀,112,附表三,本期稅後餘絀-執行率,755.0,非收支
N10,大觀,110,附表三,本期稅後餘絀-決算數,167343.0,非收支
N10,大觀,111,附表三,本期稅後餘絀-決算數,193966.0,非收支
N10,大觀,112,附表三,本期稅後餘絀-決算數,760656.0,非收支
N10,大觀,110,附表三,材料費-執行率,85.0,非收支
N10,大觀,111,附表三,材料費-執行率,100.0,非收支
N10,大觀,112,附表三,材料費-執行率,96.0,非收支
N10,大觀,110,附表三,材料費-決算數,1402811.0,非收支
N10,大觀,111,附表三,材料費-決算數,1596789.0,非收支
N10,大觀,112,附表三,材料費-決算數,1539261.0,非收支
N10,大觀,110,附表三,業務發展費-執行率,,非收支
N10,大觀,111,附表三,業務發展費-執行率,,非收支
N10,大觀,112,附表三,業務發展費-執行率,,非收支
N10,大觀,110,附表三,業務發展費-決算數,116000.0,非收支
N10,大觀,111,附表三,業務發展費-決算數,570000.0,非收支
N10,大觀,112,附表三,業務發展費-決算數,176650.0,非收支
N10,大觀,110,附表三,業務費-執行率,73.0,非收支
N10,大觀,111,附表三,業務費-執行率,76.0,非收支
N10,大觀,112,附表三,業務費-執行率,79.0,非收支
N10,大觀,113,附表三,業務費-執行率,76.0,非收支
N10,大觀,110,附表三,業務費-決算數,584686.0,非收支
N10,大觀,111,附表三,業務費-決算數,607365.0,非收支
N10,大觀,112,附表三,業務費-決算數,628248.0,非收支
N10,大觀,113,附表三,業務費-決算數,610060.0,非收支
N10,大觀,110,附表三,水費-執行率,89.0,非收支
N10,大觀,111,附表三,水費-執行率,38.0,非收支
N10,大觀,112,附表三,水費-執行率,39.0,非收支
N10,大觀,110,附表三,水費-決算數,32023.0,非收支
N10,大觀,111,附表三,水費-決算數,12299.0,非收支
N10,大觀,112,附表三,水費-決算數,12403.0,非收支
N10,大觀,110,附表三,水電修繕-執行率,17.0,非收支
N10,大觀,110,附表三,水電修繕-決算數,18965.0,非收支
N10,大觀,110,附表三,活動費-執行率,84.0,非收支
N10,大觀,111,附表三,活動費-執行率,107.0,非收支
N10,大觀,112,附表三,活動費-執行率,101.0,非收支
N10,大觀,113,附表三,活動費-執行率,106.0,非收支
N10,大觀,110,附表三,活動費-決算數,100978.0,非收支
N10,大觀,111,附表三,活動費-決算數,123186.0,非收支
N10,大觀,112,附表三,活動費-決算數,115741.0,非收支
N10,大觀,113,附表三,活動費-決算數,122048.0,非收支
N10,大觀,110,附表三,火險-執行率,18.0,非收支
N10,大觀,111,附表三,火險-執行率,17.0,非收支
N10,大觀,112,附表三,火險-執行率,17.0,非收支
N10,大觀,110,附表三,火險-決算數,1476.0,非收支
N10,大觀,111,附表三,火險-決算數,1332.0,非收支
N10,大觀,112,附表三,火險-決算數,1332.0,非收支
N10,大觀,110,附表三,瓦斯費-執行率,56.0,非收支
N10,大觀,111,附表三,瓦斯費-執行率,48.0,非收支
N10,大觀,112,附表三,瓦斯費-執行率,44.0,非收支
N10,大觀,110,附表三,瓦斯費-決算數,19199.0,非收支
N10,大觀,111,附表三,瓦斯費-決算數,16195.0,非收支
N10,大觀,112,附表三,瓦斯費-決算數,14835.0,非收支
N10,大觀,110,附表三,研習、進修-執行率,102.0,非收支
N10,大觀,111,附表三,研習、進修-執行率,100.0,非收支
N10,大觀,112,附表三,研習、進修-執行率,100.0,非收支
N10,大觀,110,附表三,研習、進修-決算數,26630.0,非收支
N10,大觀,111,附表三,研習、進修-決算數,26000.0,非收支
N10,大觀,112,附表三,研習、進修-決算數,26000.0,非收支
N10,大觀,110,附表三,維護費-執行率,27.0,非收支
N10,大觀,111,附表三,維護費-執行率,44.0,非收支
N10,大觀,112,附表三,維護費-執行率,27.0,非收支
N10,大觀,110,附表三,維護費-決算數,38191.0,非收支
N10,大觀,111,附表三,維護費-決算數,62802.0,非收支
N10,大觀,112,附表三,維護費-決算數,38812.0,非收支
N10,大觀,111,附表三,自強活動-執行率,100.0,非收支
N10,大觀,112,附表三,自強活動-執行率,100.0,非收支
N10,大觀,113,附表三,自強活動-執行率,100.0,非收支
N10,大觀,111,附表三,自強活動-決算數,13000.0,非收支
N10,大觀,112,附表三,自強活動-決算數,13000.0,非收支
N10,大觀,113,附表三,自強活動-決算數,13000.0,非收支
N10,大觀,110,附表三,藥品費-執行率,107.0,非收支
N10,大觀,111,附表三,藥品費-執行率,88.0,非收支
N10,大觀,112,附表三,藥品費-執行率,91.0,非收支
N10,大觀,110,附表三,藥品費-決算數,7905.0,非收支
N10,大觀,111,附表三,藥品費-決算數,6518.0,非收支
N10,大觀,112,附表三,藥品費-決算數,6770.0,非收支
N10,大觀,110,附表三,行政管理費-執行率,100.0,非收支
N10,大觀,111,附表三,行政管理費-執行率,100.0,非收支
N10,大觀,112,附表三,行政管理費-執行率,100.0,非收支
N10,大觀,110,附表三,行政管理費-決算數,84736.0,非收支
N10,大觀,111,附表三,行政管理費-決算數,239682.0,非收支
N10,大觀,112,附表三,行政管理費-決算數,239682.0,非收支
N10,大觀,112,附表三,資產費-執行率,100.0,非收支
N10,大觀,112,附表三,資產費-決算數,55694.0,非收支
N10,大觀,110,附表三,資遣費-執行率,100.0,非收支
N10,大觀,111,附表三,資遣費-執行率,100.0,非收支
N10,大觀,110,附表三,資遣費-決算數,48907.0,非收支
N10,大觀,111,附表三,資遣費-決算數,54462.0,非收支
N10,大觀,113,附表三,資遺費-執行率,100.0,非收支
N10,大觀,113,附表三,資遺費-決算數,56926.0,非收支
N10,大觀,111,附表三,轉學/轉出退費-執行率,,非收支
N10,大觀,112,附表三,轉學/轉出退費-執行率,,非收支
N10,大觀,113,附表三,轉學/轉出退費-執行率,,非收支
N10,大觀,111,附表三,轉學/轉出退費-決算數,-10000.0,非收支
N10,大觀,112,附表三,轉學/轉出退費-決算數,-25218.0,非收支
N10,大觀,113,附表三,轉學/轉出退費-決算數,-13443.0,非收支
N10,大觀,110,附表三,辦公文具-執行率,68.0,非收支
N10,大觀,111,附表三,辦公文具-執行率,81.0,非收支
N10,大觀,112,附表三,辦公文具-執行率,100.0,非收支
N10,大觀,110,附表三,辦公文具-決算數,16286.0,非收支
N10,大觀,111,附表三,辦公文具-決算數,19398.0,非收支
N10,大觀,112,附表三,辦公文具-決算數,24013.0,非收支
N10,大觀,110,附表三,郵資-執行率,42.0,非收支
N10,大觀,111,附表三,郵資-執行率,41.0,非收支
N10,大觀,112,附表三,郵資-執行率,40.0,非收支
N10,大觀,110,附表三,郵資-決算數,3491.0,非收支
N10,大觀,111,附表三,郵資-決算數,3480.0,非收支
N10,大觀,112,附表三,郵資-決算數,3346.0,非收支
N10,大觀,110,附表三,雜支-執行率,18.0,非收支
N10,大觀,111,附表三,雜支-執行率,9.0,非收支
N10,大觀,112,附表三,雜支-執行率,4.0,非收支
N10,大觀,110,附表三,雜支-決算數,8683.0,非收支
N10,大觀,111,附表三,雜支-決算數,4422.0,非收支
N10,大觀,112,附表三,雜支-決算數,1982.0,非收支
N10,大觀,112,附表三,電話費(含ADSL)-執行率,82.0,非收支
N10,大觀,112,附表三,電話費(含ADSL)-決算數,44363.0,非收支
N10,大觀,110,附表三,電話費(含網路)-執行率,82.0,非收支
N10,大觀,110,附表三,電話費(含網路)-決算數,44027.0,非收支
N10,大觀,111,附表三,電話費（含網路）-執行率,73.0,非收支
N10,大觀,111,附表三,電話費（含網路）-決算數,39313.0,非收支
N10,大觀,110,附表三,電費-執行率,57.0,非收支
N10,大觀,111,附表三,電費-執行率,68.0,非收支
N10,大觀,112,附表三,電費-執行率,66.0,非收支
N10,大觀,110,附表三,電費-決算數,137371.0,非收支
N10,大觀,111,附表三,電費-決算數,179196.0,非收支
N10,大觀,112,附表三,電費-決算數,174864.0,非收支
N10,大觀,110,附表三,餐點費-執行率,91.0,非收支
N10,大觀,111,附表三,餐點費-執行率,105.0,非收支
N10,大觀,112,附表三,餐點費-執行率,106.0,非收支
N10,大觀,110,附表三,餐點費-決算數,1208342.0,非收支
N10,大觀,111,附表三,餐點費-決算數,1336125.0,非收支
N10,大觀,112,附表三,餐點費-決算數,1346836.0,非收支
N10,大觀,111,附表二,事務機器耗材-差異率,-27.0,非收支
N10,大觀,112,附表二,事務機器耗材-差異率,,非收支
N10,大觀,111,附表二,事務機器耗材-決算數,47755.0,非收支
N10,大觀,112,附表二,事務機器耗材-決算數,64906.0,非收支
N10,大觀,110,附表二,五日未上課退費-差異率,,非收支
N10,大觀,110,附表二,五日未上課退費-決算數,-72520.0,非收支
N10,大觀,110,附表二,人事費-差異率,98.0,非收支
N10,大觀,111,附表二,人事費-差異率,-7.0,非收支
N10,大觀,111,附表二,人事費-差異率,-3.0,非收支
N10,大觀,112,附表二,人事費-差異率,-10.0,非收支
N10,大觀,112,附表二,人事費-差異率,-6.0,非收支
N10,大觀,110,附表二,人事費-決算數,8041532.0,非收支
N10,大觀,111,附表二,人事費-決算數,8970981.0,非收支
N10,大觀,111,附表二,人事費-決算數,8586399.0,非收支
N10,大觀,112,附表二,人事費-決算數,8924216.0,非收支
N10,大觀,112,附表二,人事費-決算數,8537196.0,非收支
N10,大觀,111,附表二,保全-差異率,,非收支
N10,大觀,112,附表二,保全-差異率,,非收支
N10,大觀,111,附表二,保全-決算數,60000.0,非收支
N10,大觀,112,附表二,保全-決算數,59955.0,非收支
N10,大觀,110,附表二,保險費-差異率,86.0,非收支
N10,大觀,110,附表二,保險費-決算數,11200.0,非收支
N10,大觀,111,附表二,修繕購置費-差異率,-2.0,非收支
N10,大觀,112,附表二,修繕購置費-差異率,-8.0,非收支
N10,大觀,111,附表二,修繕購置費-決算數,145300.0,非收支
N10,大觀,112,附表二,修繕購置費-決算數,136372.0,非收支
N10,大觀,110,附表二,健康檢查-差異率,,非收支
N10,大觀,110,附表二,健康檢查-決算數,,非收支
N10,大觀,113,附表二,全期招生人數-差異率,,非收支
N10,大觀,113,附表二,全期招生人數-決算數,,非收支
N10,大觀,113,附表二,全期核准招生人數-差異率,,非收支
N10,大觀,113,附表二,全期核准招生人數-決算數,,非收支
N10,大觀,110,附表二,其他收入-差異率,,非收支
N10,大觀,110,附表二,其他收入-決算數,2285746.0,非收支
N10,大觀,113,附表二,其他收支淨額-差異率,,非收支
N10,大觀,113,附表二,其他收支淨額-決算數,,非收支
N10,大觀,110,附表二,利息收入-差異率,,非收支
N10,大觀,113,附表二,利息收入-差異率,,非收支
N10,大觀,110,附表二,利息收入-決算數,25941.0,非收支
N10,大觀,113,附表二,利息收入-決算數,,非收支
N10,大觀,110,附表二,加班費-差異率,82.0,非收支
N10,大觀,111,附表二,加班費-差異率,-55.0,非收支
N10,大觀,112,附表二,加班費-差異率,-56.0,非收支
N10,大觀,110,附表二,加班費-決算數,267745.0,非收支
N10,大觀,111,附表二,加班費-決算數,330120.0,非收支
N10,大觀,112,附表二,加班費-決算數,331326.0,非收支
N10,大觀,110,附表二,勞、健保費-差異率,100.0,非收支
N10,大觀,110,附表二,勞、健保費-決算數,712879.0,非收支
N10,大觀,110,附表二,勞退金提撥-差異率,100.0,非收支
N10,大觀,110,附表二,勞退金提撥-決算數,355521.0,非收支
N10,大觀,113,附表二,合 計-差異率,,非收支
N10,大觀,113,附表二,合 計-決算數,,非收支
N10,大觀,111,附表二,合計-差異率,-8.0,非收支
N10,大觀,112,附表二,合計-差異率,-10.0,非收支
N10,大觀,111,附表二,合計-決算數,11627341.0,非收支
N10,大觀,112,附表二,合計-決算數,11508573.0,非收支
N10,大觀,111,附表二,園務特支-差異率,18.0,非收支
N10,大觀,112,附表二,園務特支-差異率,-11.0,非收支
N10,大觀,111,附表二,園務特支-決算數,49611.0,非收支
N10,大觀,112,附表二,園務特支-決算數,37502.0,非收支
N10,大觀,110,附表二,園長及教保服務人員薪資（含職務加給）-差異率,99.0,非收支
N10,大觀,110,附表二,園長及教保服務人員薪資（含職務加給）-決算數,4945244.0,非收支
N10,大觀,110,附表二,學前特教師、社工人員、護理人員薪資-差異率,79.0,非收支
N10,大觀,110,附表二,學前特教師、社工人員、護理人員薪資-決算數,378404.0,非收支
N10,大觀,111,附表二,差旅費-差異率,-100.0,非收支
N10,大觀,112,附表二,差旅費-差異率,-99.0,非收支
N10,大觀,111,附表二,差旅費-決算數,90.0,非收支
N10,大觀,112,附表二,差旅費-決算數,320.0,非收支
N10,大觀,110,附表二,延後托育收入-差異率,,非收支
N10,大觀,110,附表二,延後托育收入-決算數,399960.0,非收支
N10,大觀,110,附表二,延後托育收入淨額-差異率,,非收支
N10,大觀,110,附表二,延後托育收入淨額-差異率,,非收支
N10,大觀,110,附表二,延後托育收入淨額-決算數,365880.0,非收支
N10,大觀,110,附表二,延後托育收入淨額-決算數,365880.0,非收支
N10,大觀,110,附表二,延後托育收入退費-差異率,,非收支
N10,大觀,110,附表二,延後托育收入退費-決算數,-34080.0,非收支
N10,大觀,113,附表二,延長照顧服務收支淨額-差異率,,非收支
N10,大觀,113,附表二,延長照顧服務收支淨額-決算數,,非收支
N10,大觀,113,附表二,所得稅費用-差異率,,非收支
N10,大觀,113,附表二,所得稅費用-決算數,,非收支
N10,大觀,113,附表二,招收比率-差異率,,非收支
N10,大觀,113,附表二,招收比率-決算數,,非收支
N10,大觀,111,附表二,攝影照片-差異率,,非收支
N10,大觀,112,附表二,攝影照片-差異率,,非收支
N10,大觀,111,附表二,攝影照片-決算數,,非收支
N10,大觀,112,附表二,攝影照片-決算數,10000.0,非收支
N10,大觀,110,附表二,支出-差異率,118.0,非收支
N10,大觀,110,附表二,支出-決算數,13109480.0,非收支
N10,大觀,110,附表二,收入-差異率,124.0,非收支
N10,大觀,110,附表二,收入-決算數,13298222.0,非收支
N10,大觀,110,附表二,政府學費差額補助退費-差異率,,非收支
N10,大觀,110,附表二,政府學費差額補助退費-決算數,,非收支
N10,大觀,111,附表二,教保材料費-差異率,-15.0,非收支
N10,大觀,112,附表二,教保材料費-差異率,-46.0,非收支
N10,大觀,111,附表二,教保材料費-決算數,215060.0,非收支
N10,大觀,112,附表二,教保材料費-決算數,138595.0,非收支
N10,大觀,110,附表二,教保費收入-差異率,100.0,非收支
N10,大觀,113,附表二,教保費收入-差異率,,非收支
N10,大觀,110,附表二,教保費收入-決算數,10711120.0,非收支
N10,大觀,113,附表二,教保費收入-決算數,,非收支
N10,大觀,110,附表二,教保費收入淨額-差異率,99.0,非收支
N10,大觀,113,附表二,教保費收入淨額-差異率,,非收支
N10,大觀,110,附表二,教保費收入淨額-決算數,10620655.0,非收支
N10,大觀,113,附表二,教保費收入淨額-決算數,,非收支
N10,大觀,110,附表二,教保費收入減項-差異率,,非收支
N10,大觀,113,附表二,教保費收入減項-差異率,,非收支
N10,大觀,110,附表二,教保費收入減項-決算數,-90465.0,非收支
N10,大觀,113,附表二,教保費收入減項-決算數,,非收支
N10,大觀,113,附表二,教保費收入預決算差異金額-差異率,,非收支
N10,大觀,113,附表二,教保費收入預決算差異金額-決算數,,非收支
N10,大觀,110,附表二,教保費收入（家長繳費）-差異率,74.0,非收支
N10,大觀,110,附表二,教保費收入（家長繳費）-決算數,2346116.0,非收支
N10,大觀,110,附表二,教保費收入（政府學費差額補助）-差異率,111.0,非收支
N10,大觀,110,附表二,教保費收入（政府學費差額補助）-決算數,8365004.0,非收支
N10,大觀,113,附表二,教保費收支淨額-差異率,,非收支
N10,大觀,113,附表二,教保費收支淨額-決算數,,非收支
N10,大觀,113,附表二,教保費收支預算差額-差異率,,非收支
N10,大觀,113,附表二,教保費收支預算差額-決算數,,非收支
N10,大觀,111,附表二,文宣費(一般文宣)-差異率,-33.0,非收支
N10,大觀,112,附表二,文宣費(一般文宣)-差異率,,非收支
N10,大觀,111,附表二,文宣費(一般文宣)-決算數,6712.0,非收支
N10,大觀,112,附表二,文宣費(一般文宣)-決算數,10000.0,非收支
N10,大觀,111,附表二,文宣費(園刊)-差異率,-20.0,非收支
N10,大觀,112,附表二,文宣費(園刊)-差異率,,非收支
N10,大觀,111,附表二,文宣費(園刊)-決算數,24130.0,非收支
N10,大觀,112,附表二,文宣費(園刊)-決算數,30000.0,非收支
N10,大觀,111,附表二,日常消耗用品-差異率,-39.0,非收支
N10,大觀,112,附表二,日常消耗用品-差異率,-26.0,非收支
N10,大觀,111,附表二,日常消耗用品-決算數,39086.0,非收支
N10,大觀,112,附表二,日常消耗用品-決算數,47060.0,非收支
N10,大觀,110,附表二,會計、總務、廚工、清潔薪資-差異率,102.0,非收支
N10,大觀,110,附表二,會計、總務、廚工、清潔薪資-決算數,1154555.0,非收支
N10,大觀,113,附表二,本期稅前餘絀-差異率,,非收支
N10,大觀,113,附表二,本期稅前餘絀-決算數,,非收支
N10,大觀,113,附表二,本期稅後餘絀-差異率,,非收支
N10,大觀,113,附表二,本期稅後餘絀-決算數,,非收支
N10,大觀,111,附表二,材料費-差異率,,非收支
N10,大觀,112,附表二,材料費-差異率,-4.0,非收支
N10,大觀,111,附表二,材料費-決算數,1596789.0,非收支
N10,大觀,112,附表二,材料費-決算數,1539261.0,非收支
N10,大觀,113,附表二,核准招收人數-差異率,,非收支
N10,大觀,113,附表二,核准招收人數-決算數,,非收支
N10,大觀,113,附表二,業務發展費-差異率,,非收支
N10,大觀,113,附表二,業務發展費-決算數,,非收支
N10,大觀,111,附表二,業務費-差異率,-24.0,非收支
N10,大觀,112,附表二,業務費-差異率,-21.0,非收支
N10,大觀,111,附表二,業務費-決算數,607365.0,非收支
N10,大觀,112,附表二,業務費-決算數,628248.0,非收支
N10,大觀,111,附表二,水費-差異率,-62.0,非收支
N10,大觀,112,附表二,水費-差異率,-61.0,非收支
N10,大觀,111,附表二,水費-決算數,12299.0,非收支
N10,大觀,112,附表二,水費-決算數,12403.0,非收支
N10,大觀,111,附表二,活動費-差異率,7.0,非收支
N10,大觀,112,附表二,活動費-差異率,1.0,非收支
N10,大觀,111,附表二,活動費-決算數,123186.0,非收支
N10,大觀,112,附表二,活動費-決算數,115741.0,非收支
N10,大觀,113,附表二,營運成本-差異率,,非收支
N10,大觀,113,附表二,營運成本-決算數,,非收支
N10,大觀,113,附表二,營運支出預決算差異金額-差異率,,非收支
N10,大觀,113,附表二,營運支出預決算差異金額-決算數,,非收支
N10,大觀,113,附表二,營運月數-差異率,,非收支
N10,大觀,113,附表二,營運月數-決算數,,非收支
N10,大觀,111,附表二,瓦斯費-差異率,-52.0,非收支
N10,大觀,112,附表二,瓦斯費-差異率,-56.0,非收支
N10,大觀,111,附表二,瓦斯費-決算數,16195.0,非收支
N10,大觀,112,附表二,瓦斯費-決算數,14835.0,非收支
N10,大觀,111,附表二,研習、進修-差異率,,非收支
N10,大觀,112,附表二,研習、進修-差異率,,非收支
N10,大觀,111,附表二,研習、進修-決算數,26000.0,非收支
N10,大觀,112,附表二,研習、進修-決算數,26000.0,非收支
N10,大觀,111,附表二,維護費-差異率,-56.0,非收支
N10,大觀,112,附表二,維護費-差異率,-73.0,非收支
N10,大觀,111,附表二,維護費-決算數,62802.0,非收支
N10,大觀,112,附表二,維護費-決算數,38812.0,非收支
N10,大觀,110,附表二,腸病毒退費-差異率,,非收支
N10,大觀,110,附表二,腸病毒退費-決算數,,非收支
N10,大觀,110,附表二,自強活動-差異率,100.0,非收支
N10,大觀,110,附表二,自強活動-決算數,13000.0,非收支
N10,大觀,111,附表二,藥品費-差異率,-12.0,非收支
N10,大觀,112,附表二,藥品費-差異率,-9.0,非收支
N10,大觀,111,附表二,藥品費-決算數,6518.0,非收支
N10,大觀,112,附表二,藥品費-決算數,6770.0,非收支
N10,大觀,111,附表二,行政管理費-差異率,,非收支
N10,大觀,112,附表二,行政管理費-差異率,,非收支
N10,大觀,111,附表二,行政管理費-決算數,239682.0,非收支
N10,大觀,112,附表二,行政管理費-決算數,239682.0,非收支
N10,大觀,111,附表二,資遣費-差異率,,非收支
N10,大觀,112,附表二,資遣費-差異率,,非收支
N10,大觀,111,附表二,資遣費-決算數,54462.0,非收支
N10,大觀,112,附表二,資遣費-決算數,55694.0,非收支
N10,大觀,110,附表二,轉學/轉出退費-差異率,,非收支
N10,大觀,110,附表二,轉學/轉出退費-決算數,-17945.0,非收支
N10,大觀,111,附表二,辦公文具-差異率,-19.0,非收支
N10,大觀,112,附表二,辦公文具-差異率,,非收支
N10,大觀,111,附表二,辦公文具-決算數,19398.0,非收支
N10,大觀,112,附表二,辦公文具-決算數,24013.0,非收支
N10,大觀,111,附表二,郵資-差異率,-59.0,非收支
N10,大觀,112,附表二,郵資-差異率,-60.0,非收支
N10,大觀,111,附表二,郵資-決算數,3480.0,非收支
N10,大觀,112,附表二,郵資-決算數,3346.0,非收支
N10,大觀,111,附表二,雜支-差異率,-91.0,非收支
N10,大觀,112,附表二,雜支-差異率,-96.0,非收支
N10,大觀,111,附表二,雜支-決算數,4422.0,非收支
N10,大觀,112,附表二,雜支-決算數,1982.0,非收支
N10,大觀,112,附表二,電話費(含 ADSL)-差異率,-18.0,非收支
N10,大觀,112,附表二,電話費(含 ADSL)-決算數,44363.0,非收支
N10,大觀,111,附表二,電話費(含網路)-差異率,-27.0,非收支
N10,大觀,111,附表二,電話費(含網路)-決算數,39313.0,非收支
N10,大觀,111,附表二,電費-差異率,-32.0,非收支
N10,大觀,112,附表二,電費-差異率,-34.0,非收支
N10,大觀,111,附表二,電費-決算數,179196.0,非收支
N10,大觀,112,附表二,電費-決算數,174864.0,非收支
N10,大觀,111,附表二,餐點費-差異率,5.0,非收支
N10,大觀,112,附表二,餐點費-差異率,6.0,非收支
N10,大觀,111,附表二,餐點費-決算數,1336125.0,非收支
N10,大觀,112,附表二,餐點費-決算數,1346836.0,非收支
N10,大觀,110,附表四,帳面價值總額,1106538.0,非收支
N10,大觀,111,附表四,帳面價值總額,1254618.0,非收支
N10,大觀,112,附表四,帳面價值總額,943753.0,非收支
N10,大觀,113,附表四,帳面價值總額,774135.0,非收支
N10,大觀,110,附表四,財產筆數,79.0,非收支
N10,大觀,111,附表四,財產筆數,105.0,非收支
N10,大觀,112,附表四,財產筆數,169.0,非收支
N10,大觀,113,附表四,財產筆數,141.0,非收支
